﻿<?xml version="1.0" encoding="utf-8" standalone="no"?>
<modDesc descVersion="63">
    <author>Ramazan</author>
    <version>1.0.0.0</version>
    <title>
        <en>Harrow</en>
    </title>
    <description>
        <en>
            <![CDATA[Price: 10500 €
Max. working speed: 14 kph
Required power: 20 hp
Working width: 3.0 m
The mod has a color configuration
]]>
        </en>
        <de>
            <![CDATA[Preis: 10500 €
Arbeitsgeschwindigkeit: 14 km/h
Benötigte Leistung: 20 PS
Arbeitsbreite: 3.0 m
Der Mod hat eine Farbkonfiguration
]]>
        </de>
        <fr>
            <![CDATA[Prix: 10500 €
Vitesse de travail: 14 km/h
Puissance requise: 20 ch
Largeur de travail: 3.0 m
Le mod a une configuration de couleur
]]>
        </fr>
		<pl>
            <![CDATA[Cena: 10500 €
Maksymalna prędkość robocza: 14 km/h
Zapotrzebowanie mocy: 20 km
Szerokość robocza: 3.0 m
Mod posiada konfigurację kolorów
]]>
        </pl>
    </description>
	
	<l10n>
		<text name="Blue"> 
		    <en>Blue</en>
			<de>Blau</de>
            <pl>Niebieski</pl>	
		</text>
		<text name="Red"> 
		    <en>Red</en>
			<de>Rot</de>
            <pl>Czerwony</pl>	
		</text>	
		<text name="Black"> 
		    <en>Black</en>
			<de>Schwarz</de>
            <pl>Czarny</pl>	
		</text>	
		<text name="Green"> 
		    <en>Green</en>
			<de>Grün</de>
            <pl>Zielony</pl>	
		</text>	
		<text name="Gray"> 
		    <en>Gray</en>
			<de>Grau</de>
            <pl>Szary</pl>	
		</text>	
    </l10n>
	
	
    <iconFilename>icon.png</iconFilename>
    <multiplayer supported="true" />

    <storeItems>
        <storeItem xmlFilename="sam.xml"/>
    </storeItems>
	
	
</modDesc>
