﻿<?xml version="1.0" encoding="utf-8" standalone="no"?>
<vehicle type="cultivator" xmlns:xsi="http://www.w3.org/2001/XMLSchema-instance" xsi:noNamespaceSchemaLocation="../../../../shared/xml/schema/vehicle.xsd">
    <annotation>Copyright (C) GIANTS Software GmbH, All Rights Reserved.</annotation>

    <storeData>
        <name>Harrow</name>
        <specs>
            <neededPower>20</neededPower>
            <workingWidth>3.0</workingWidth>          
        </specs>
        <functions>
            <function>$l10n_function_cultivator</function>
        </functions>
        <storePacks>
            <storePack>STARTER_SUGARBEET</storePack>
        </storePacks>
        <image>store.png</image>
        <price>10500</price>
        <lifetime>600</lifetime>
        <rotation>0</rotation>
        <brand>LIZARD</brand>
        <category>cultivators</category>
        <shopTranslationOffset>0 0.011 0</shopTranslationOffset>
        <shopRotationOffset>-1.814 -0.014 0</shopRotationOffset>      
        <vertexBufferMemoryUsage>327680</vertexBufferMemoryUsage>
        <indexBufferMemoryUsage>41216</indexBufferMemoryUsage>
        <textureMemoryUsage>655360</textureMemoryUsage>
        <audioMemoryUsage>0</audioMemoryUsage>
        <instanceVertexBufferMemoryUsage>0</instanceVertexBufferMemoryUsage>
        <instanceIndexBufferMemoryUsage>0</instanceIndexBufferMemoryUsage>
    </storeData>

    <base>
        <typeDesc>$l10n_typeDesc_cultivator</typeDesc>
        <filename>sam.i3d</filename>
        <size width="3.0" length="4"/>
        <speedLimit value="14"/>
        <components>
            <component centerOfMass="0.00 0.69 0.02" solverIterationCount="10" mass="325" />
        </components>
        <schemaOverlay attacherJointPosition="0 0" name="IMPLEMENT" />
    </base>

    <attachable>
        <inputAttacherJoints>
            <inputAttacherJoint node="attacherJoint" jointType="implement" topReferenceNode="topRefNode">
                <distanceToGround lower="0.65" upper="1.1"/>
            </inputAttacherJoint>
        </inputAttacherJoints>
        <support animationName="moveSupport"/>
        <brakeForce force="0.2"/>
    </attachable>

    <attacherJoints>
        <attacherJoint node="0>0|4|1" jointType="trailer" lowerRotLimit="10 70 70" upperRotationOffset="0" allowsJointLimitMovement="false" canTurnOnImplement="false">
            <schema position="1 0" rotation="0" invertX="false"/>
        </attacherJoint>
        <attacherJoint node="0>0|4|1" jointType="trailerLow" lowerRotLimit="10 70 70" upperRotationOffset="0" allowsJointLimitMovement="false" canTurnOnImplement="false">
            <schema position="1 0" rotation="0" invertX="false"/>
        </attacherJoint>
        <sounds>
            <attach template="ATTACH_01" linkNode="0>"/>
        </sounds>
    </attacherJoints>

    <powerConsumer forceNode="rama_main_component1" maxForce="0"/>

    <groundReferenceNodes>
        <groundReferenceNode node="groundReferenceNode" forceFactor="1" threshold="0.1" depthNode="depthNode" chargeValue="1" />
    </groundReferenceNodes>

    <workAreas>
        <workArea type="cultivator" functionName="processCultivatorArea" needsSetIsTurnedOn="false">
            <area startNode="workAreaStart" widthNode="workAreaWidth" heightNode="workAreaHeight" />
            <groundReferenceNode index="1" />
            <onlyActiveWhenLowered value="true"/>
        </workArea>
    </workAreas>

    <workParticles>
        <effect workAreaIndex="1">
            <effectNode effectClass="CultivatorMotionPathEffect" effectType="CULTIVATOR" linkNode="sweepEffectLinkNode01">
                <motionPathEffect textureFilename="$data/effects/cultivator/arrays/sharedCultivatorSweepArray01.dds" numRows="20" rowLength="18" minFade="0.07" isCultivatorSweepEffect="true" />
            </effectNode>
            <effectNode effectClass="CultivatorMotionPathEffect" effectType="CULTIVATOR" linkNode="sweepEffectLinkNode02">
                <motionPathEffect textureFilename="$data/effects/cultivator/arrays/sharedCultivatorSweepArray01.dds" numRows="20" rowLength="18" minFade="0.07" isCultivatorSweepEffect="true" />
            </effectNode>
            <effectNode effectClass="CultivatorMotionPathEffect" effectType="CULTIVATOR" linkNode="sweepEffectLinkNode03">
                <motionPathEffect textureFilename="$data/effects/cultivator/arrays/sharedCultivatorSweepArray01.dds" numRows="20" rowLength="18" minFade="0.07" isCultivatorSweepEffect="true" />
            </effectNode>
            <effectNode effectClass="CultivatorMotionPathEffect" effectType="CULTIVATOR" linkNode="sweepEffectLinkNode04">
                <motionPathEffect textureFilename="$data/effects/cultivator/arrays/sharedCultivatorSweepArray01.dds" numRows="20" rowLength="18" minFade="0.07" isCultivatorSweepEffect="true" />
            </effectNode>
            <effectNode effectClass="CultivatorMotionPathEffect" effectType="CULTIVATOR" linkNode="sweepEffectLinkNode05">
                <motionPathEffect textureFilename="$data/effects/cultivator/arrays/sharedCultivatorSweepArray01.dds" numRows="20" rowLength="18" minFade="0.07" isCultivatorSweepEffect="true" />
            </effectNode>
            <effectNode effectClass="CultivatorMotionPathEffect" effectType="CULTIVATOR" linkNode="sweepEffectLinkNode06">
                <motionPathEffect textureFilename="$data/effects/cultivator/arrays/sharedCultivatorSweepArray01.dds" numRows="20" rowLength="18" minFade="0.07" isCultivatorSweepEffect="true" />
            </effectNode>
            <effectNode effectClass="CultivatorMotionPathEffect" effectType="CULTIVATOR" linkNode="sweepEffectLinkNode07">
                <motionPathEffect textureFilename="$data/effects/cultivator/arrays/sharedCultivatorSweepArray01.dds" numRows="20" rowLength="18" minFade="0.07" isCultivatorSweepEffect="true" />
            </effectNode>
            <effectNode effectClass="CultivatorMotionPathEffect" effectType="CULTIVATOR" linkNode="sweepEffectLinkNode08">
                <motionPathEffect textureFilename="$data/effects/cultivator/arrays/sharedCultivatorSweepArray01.dds" numRows="20" rowLength="18" minFade="0.07" isCultivatorSweepEffect="true" />
            </effectNode>
            <effectNode effectClass="CultivatorMotionPathEffect" effectType="CULTIVATOR" linkNode="sweepEffectLinkNode09">
                <motionPathEffect textureFilename="$data/effects/cultivator/arrays/sharedCultivatorSweepArray01.dds" numRows="20" rowLength="18" minFade="0.07" isCultivatorSweepEffect="true" maxVariationState="0.5"/>
            </effectNode>
            <effectNode effectClass="CultivatorMotionPathEffect" effectType="CULTIVATOR" linkNode="sweepEffectLinkNode10">
                <motionPathEffect textureFilename="$data/effects/cultivator/arrays/sharedCultivatorSweepArray01.dds" numRows="20" rowLength="18" minFade="0.07" isCultivatorSweepEffect="true" maxVariationState="0.5"/>
            </effectNode>
            <effectNode effectClass="CultivatorMotionPathEffect" effectType="CULTIVATOR" linkNode="sweepEffectLinkNode11">
                <motionPathEffect textureFilename="$data/effects/cultivator/arrays/sharedCultivatorSweepArray01.dds" numRows="20" rowLength="18" minFade="0.07" isCultivatorSweepEffect="true" maxVariationState="0.5"/>
            </effectNode>
            <effectNode effectClass="CultivatorMotionPathEffect" effectType="CULTIVATOR" linkNode="sweepEffectLinkNode12">
                <motionPathEffect textureFilename="$data/effects/cultivator/arrays/sharedCultivatorSweepArray01.dds" numRows="20" rowLength="18" minFade="0.07" isCultivatorSweepEffect="true" maxVariationState="0.5"/>
            </effectNode>
            <effectNode effectClass="CultivatorMotionPathEffect" effectType="CULTIVATOR" linkNode="sweepEffectLinkNode13">
                <motionPathEffect textureFilename="$data/effects/cultivator/arrays/sharedCultivatorSweepArray01.dds" numRows="20" rowLength="18" minFade="0.07" isCultivatorSweepEffect="true" maxVariationState="0.5"/>
            </effectNode>   
            <effectNode effectClass="CultivatorMotionPathEffect" effectType="CULTIVATOR" linkNode="sweepEffectLinkNode14">
                <motionPathEffect textureFilename="$data/effects/cultivator/arrays/sharedCultivatorSweepArray01.dds" numRows="20" rowLength="18" minFade="0.07" isCultivatorSweepEffect="true" maxVariationState="0.5"/>
            </effectNode>  			
        </effect>

        <particle>
            <node node="smokeEmitter" refNodeIndex="1" particleType="SOIL_SMOKE" emitCountScale="2.5"/>
        </particle>
    </workParticles>

    <sprayer>
        <usageScales workingWidth="5" scale="1"/>
    </sprayer>

    <cultivator useDeepMode="true">
        <sounds>
            <work template="DEFAULT_CULTIVATOR_WORK" linkNode="0>" />
        </sounds>
        <directionNode node="rama_main_component1" />
        <onlyActiveWhenLowered value="true"/>
    </cultivator>

    <ai>
        <needsLowering value="true"/>
        <areaMarkers leftNode="aiMarkerLeft" rightNode="aiMarkerRight" backNode="aiMarkerBack"/>
        <sizeMarkers leftNode="sizeMarkerLeft" rightNode="sizeMarkerRight" backNode="sizeMarkerBack"/>
        <collisionTrigger node="aiCollisionNode" width="5.6" height="1.8"/>
        <agentAttachment width="3" height="3.25" length="3.8" lengthOffset="0.2"/>
    </ai>

    <foliageBending>
        <bendingNode minX="-1.45" maxX="1.45" minZ="-0.8" maxZ="0.8" yOffset="0.1" />
    </foliageBending>

    <baseMaterial>
        <material name="Tirmik" baseNode="0>0|4">
            <shaderParameter name="colorMat0" value="1 0.09 0 0"/>
        </material>
    </baseMaterial>
     <baseMaterialConfigurations title="Tirmik" price="750" useDefaultColors="true" defaultColorIndex="0">
        <baseMaterialConfiguration name="Orjinal" color="1 0.09 0 0"/>
        <material name="Tirmik" shaderParameter="colorMat0"/>
    </baseMaterialConfigurations>

    <wearable wearDuration="480" workMultiplier="5" fieldMultiplier="2"/>
    <washable dirtDuration="90" washDuration="1" workMultiplier="6" fieldMultiplier="2"/>

    <i3dMappings>
        <i3dMapping id="rama_main_component1" node="0>" />
        <i3dMapping id="attacherJoint" node="0>0|0|0" />
        <i3dMapping id="topRefNode" node="0>0|0|1" />       
        <i3dMapping id="sweepEffectLinkNode01" node="0>0|3|1" />
        <i3dMapping id="sweepEffectLinkNode02" node="0>0|3|2" />
        <i3dMapping id="sweepEffectLinkNode03" node="0>0|3|3" />
        <i3dMapping id="sweepEffectLinkNode04" node="0>0|3|4" />
        <i3dMapping id="sweepEffectLinkNode05" node="0>0|3|5" />
        <i3dMapping id="sweepEffectLinkNode06" node="0>0|3|6" />
        <i3dMapping id="sweepEffectLinkNode07" node="0>0|3|7" />
        <i3dMapping id="sweepEffectLinkNode08" node="0>0|3|8" />
        <i3dMapping id="sweepEffectLinkNode09" node="0>0|3|9" />
        <i3dMapping id="sweepEffectLinkNode10" node="0>0|3|10" />
        <i3dMapping id="sweepEffectLinkNode11" node="0>0|3|11" />
        <i3dMapping id="sweepEffectLinkNode12" node="0>0|3|12" />
        <i3dMapping id="sweepEffectLinkNode13" node="0>0|3|13" />
		<i3dMapping id="sweepEffectLinkNode14" node="0>0|3|14" />
        <i3dMapping id="workAreaStart" node="0>0|1|0" />
        <i3dMapping id="workAreaWidth" node="0>0|1|1" />
        <i3dMapping id="workAreaHeight" node="0>0|1|2" />
        <i3dMapping id="groundReferenceNode" node="0>0|1|3" />
        <i3dMapping id="depthNode" node="00>0|1|4" />
        <i3dMapping id="aiMarkerLeft" node="0>0|2|0" />
        <i3dMapping id="aiMarkerRight" node="0>0|2|1" />
        <i3dMapping id="aiMarkerBack" node="0>0|2|2" />
        <i3dMapping id="sizeMarkerLeft" node="0>0|2|3" />
        <i3dMapping id="sizeMarkerRight" node="0>0|2|4" />
        <i3dMapping id="sizeMarkerBack" node="0>0|2|5" />
        <i3dMapping id="aiCollisionNode" node="0>0|2|6" />
        <i3dMapping id="smokeEmitter" node="0>0|3|0" />
        <i3dMapping id="rama_vis" node="0>0" />
    </i3dMappings>
</vehicle>
