﻿<?xml version="1.0" encoding="utf-8" standalone="no"?>
<modDesc descVersion="61">
    <author>RİGBY</author>
    <version>1.0.0.0</version>
    <title>
        <en>Köksal 4 ton tanker</en>
        <de>Köksal 4 ton tanker</de>
    </title>
    <description>
        <en>Köksal 4 ton tanker</en>
        <de>Köksal 4 ton tanker</de>
    </description>
    <iconFilename>tanker.dds</iconFilename>
    <multiplayer supported="true"/>
    <storeItems>
        <storeItem xmlFilename="tanker.xml" rootNode="vehicle"/>
    </storeItems>
    <brands>
        <brand name="KOKSAL" title="KOKSAL" image="1.png"/>
    </brands>
</modDesc>
