﻿<?xml version="1.0" encoding="utf-8" standalone="no" ?>
<vehicle type="waterTrailer">
    <annotation>BU MOD MEHMET EMİN KAHRAMAN TARAFINDAN YAPILMIŞTIR</annotation>

    <storeData>
        <name>Köksal 4 ton</name>
        <functions>
            <function>$l10n_function_tank</function>
        </functions>
        <image>tanker.png</image>
        <price>7200</price>
        <lifetime>600</lifetime>
        <rotation>0</rotation>
        <brand>KOKSAL</brand>
        <category>animals</category>
        <shopTranslationOffset>0 -0.028 0</shopTranslationOffset>
        <shopRotationOffset>1.075 0 0</shopRotationOffset>
        <vertexBufferMemoryUsage>516184</vertexBufferMemoryUsage>
        <indexBufferMemoryUsage>91434</indexBufferMemoryUsage>
        <textureMemoryUsage>6990712</textureMemoryUsage>
        <instanceVertexBufferMemoryUsage>0</instanceVertexBufferMemoryUsage>
        <instanceIndexBufferMemoryUsage>0</instanceIndexBufferMemoryUsage>
    </storeData>

    <base>
        <typeDesc>$l10n_typeDesc_waterTrailer</typeDesc>
        <filename>tanker.i3d</filename>
        <size width="2.5" length="7"/>
        <components>
            <component centerOfMass="0 0.65 -0.75" solverIterationCount="10" mass="1100" />
        </components>
        <schemaOverlay attacherJointPosition="0 0">
            <default name="DEFAULT_IMPLEMENT"/>
            <selected name="DEFAULT_IMPLEMENT_SELECTED"/>
        </schemaOverlay>
    </base>

    <wheels>
        <wheelConfigurations>
            <wheelConfiguration name="Teker" price="0">
                <wheels>
                    <wheel filename="wheels/wheels.xml" isLeft="true" hasTireTracks="true" hasParticles="true">
                        <physics tipOcclusionAreaGroupId="1" rotSpeed="0" restLoad="0.5" repr="0>0|0|0" forcePointRatio="0.3" initialCompression="10" suspTravel="0.5" spring="30" damper="50"/>
                    </wheel>
                    <wheel filename="wheels/wheels.xml" isLeft="false" hasTireTracks="true" hasParticles="true">
                        <physics tipOcclusionAreaGroupId="1" rotSpeed="0" restLoad="0.5" repr="0>0|0|1" forcePointRatio="0.3" initialCompression="10" suspTravel="0.5" spring="30" damper="50"/>
                    </wheel>
                </wheels>
            </wheelConfiguration>
			<wheelConfiguration name="Teker1" price="50">
                <wheels>
                    <wheel filename="wheels/wheels01.xml" isLeft="true" hasTireTracks="true" hasParticles="true">
                        <physics tipOcclusionAreaGroupId="1" rotSpeed="0" restLoad="0.5" repr="0>0|0|0" forcePointRatio="0.3" initialCompression="10" suspTravel="0.5" spring="30" damper="50"/>
                    </wheel>
                    <wheel filename="wheels/wheels01.xml" isLeft="false" hasTireTracks="true" hasParticles="true">
                        <physics tipOcclusionAreaGroupId="1" rotSpeed="0" restLoad="0.5" repr="0>0|0|1" forcePointRatio="0.3" initialCompression="10" suspTravel="0.5" spring="30" damper="50"/>
                    </wheel>
                </wheels>
            </wheelConfiguration>
			<wheelConfiguration name="Teker2" price="50">
                <wheels>
                    <wheel filename="wheels/wheels2.xml" isLeft="true" hasTireTracks="true" hasParticles="true">
                        <physics tipOcclusionAreaGroupId="1" rotSpeed="0" restLoad="0.5" repr="0>0|0|0" forcePointRatio="0.3" initialCompression="10" suspTravel="0.5" spring="30" damper="50"/>
                    </wheel>
                    <wheel filename="wheels/wheels2.xml" isLeft="false" hasTireTracks="true" hasParticles="true">
                        <physics tipOcclusionAreaGroupId="1" rotSpeed="0" restLoad="0.5" repr="0>0|0|1" forcePointRatio="0.3" initialCompression="10" suspTravel="0.5" spring="30" damper="50"/>
                    </wheel>
                </wheels>
            </wheelConfiguration>
        </wheelConfigurations>
    </wheels>	
	
	<designConfigurations text="ŞERİT">
        <designConfiguration name="Yok" price="0" vehicleType="waterTrailer">
		    <objectChange node="0>0|8|5" visibilityActive="false"/>
			<objectChange node="0>0|8|6" visibilityActive="true"/>
        </designConfiguration>
		<designConfiguration name="OLSUN" price="0" vehicleType="waterTrailer">
		    <objectChange node="0>0|8|5" visibilityActive="true"/>
			<objectChange node="0>0|8|6" visibilityActive="false"/>
        </designConfiguration>
    </designConfigurations>
	<design2Configurations text="boru">
        <design2Configuration name="Yok" price="0" vehicleType="waterTrailer">
		    <objectChange node="0>0|8|2" visibilityActive="false"/>
			<objectChange node="0>0|8|3" visibilityActive="false"/>
        </design2Configuration>
		<design2Configuration name="OLSUN" price="0" vehicleType="waterTrailer">
		    <objectChange node="0>0|8|2" visibilityActive="true"/>
			<objectChange node="0>0|8|3" visibilityActive="true"/>
        </design2Configuration>
    </design2Configurations>
	<design3Configurations text="şişeler">
        <design3Configuration name="Yok" price="0" vehicleType="waterTrailer">
		    <objectChange node="0>0|8|0|5" visibilityActive="false"/>
        </design3Configuration>
		<design3Configuration name="OLSUN" price="0" vehicleType="waterTrailer">
		    <objectChange node="0>0|8|0|5" visibilityActive="true"/>
        </design3Configuration>
    </design3Configurations>
	
    <dynamicallyLoadedParts>
        <dynamicallyLoadedPart node="0" linkNode="chockSupport01" filename="$data/shared/assets/wheelChocks/wheelChockSupport01.i3d"/>
        <dynamicallyLoadedPart node="0" linkNode="chockSupport02" filename="$data/shared/assets/wheelChocks/wheelChockSupport01.i3d"/>
    </dynamicallyLoadedParts>

    <attachable>
        <inputAttacherJoints>
            <inputAttacherJoint node="attacherJoint" jointType="trailer" attacherHeight="0.6" />
        </inputAttacherJoints>
        <brakeForce>0.4</brakeForce>
        <support animationName="moveSupport" />
    </attachable>
	
    <animations>
        <animation name="moveSupport">
            <part node="supportArm" startTime="0" duration="0.15" startTrans="0.131 0.591 1.505" endTrans="0.131 0.361 1.499" />
        </animation>
    </animations>

    <fillUnit>
        <fillUnitConfigurations>
            <fillUnitConfiguration name="$l10n_configuration_valueDefault" price="0" >
                <fillUnits>
                    <fillUnit unit="$l10n_unit_literShort" fillTypes="water" capacity="4000" >
                        <exactFillRootNode node="exactFillRootNode" />
                    </fillUnit>
                </fillUnits>
            </fillUnitConfiguration>
        </fillUnitConfigurations>
    </fillUnit>

    <dischargeable>
        <dischargeNode node="dischargeNode" emptySpeed="400" fillUnitIndex="1" canDischargeToGround="false">
            <info width="1.0" length="0.5" zOffset="0.4" />
            <trigger node="dischargeTrigger" />
        </dischargeNode>
    </dischargeable>

    <waterTrailer fillUnitIndex="1" fillLitersPerSecond="400" fillNode="aquaTrans_main_component1">
        <sounds>
            <refill template="DEFAULT_REFUEL_SOUND" linkNode="0>" />
        </sounds>
    </waterTrailer>

    <foliageBending>
        <bendingNode minX="-1.05" maxX="1.05" minZ="-2.8" maxZ="-1.0 " yOffset="0.6" />
        <bendingNode minX="-0.50" maxX="0.50" minZ="-1.1" maxZ="1.6 " yOffset="0.6" />
        <bendingNode minX="-0.90" maxX="0.90" minZ="-1.1" maxZ="1.6 " yOffset="1.6" />
    </foliageBending>

    <baseMaterial>
        <material name="ana" baseNode="0>0|8|4">
			<shaderParameter name="colorMat0" value="0.16 0.02 0.02 1"/>
        </material>
		<material name="SASE" baseNode="0>0">
			<shaderParameter name="colorMat1" value="0.05 0.05 0.05 11"/>
        </material>
		<material name="s" baseNode="0>0|8|5">
			<shaderParameter name="colorMat0" value="0.05 0.05 0.05 11"/>
        </material>
    </baseMaterial>
	
    <baseMaterialConfigurations> 
	    <baseMaterialConfiguration name="RED"   color="1 0 0 1"/>
        <baseMaterialConfiguration name="GREEN" color="0.0 0.15 0.10 1" price="500" />
		<baseMaterialConfiguration name="BLUE"  color="0.0 0.15 0.40 1" price="500"/>
		<baseMaterialConfiguration name="Copper" color="0.5 0.3 0.08" price="500"/>
		<baseMaterialConfiguration name="Orange" color="0.7372 0.1963 0.0004 1" price="500" />
		<baseMaterialConfiguration name="Yellow" color="0.548 0.254 0.017 1" price="500"/>
		<baseMaterialConfiguration name="Black" color="0.04 0.04 0.04 1" price="500"/>
		<baseMaterialConfiguration name="White" color="0.6 0.73 0.73" price="500"/>
	    <baseMaterialConfiguration name="Red Metallic" color="FLIEGL_RED1" material="32" price="2500"/>
		<baseMaterialConfiguration name="RED METALLIC"		color="CASEIH_RED1"			material="3" price="2500"/>
		<baseMaterialConfiguration name="GREY METALLIC"		color="SHARED_WHITE2"		material="3" price="2500"/>
		<baseMaterialConfiguration name="GOLD METALLIC"		color="KRONE_YELLOW1"		material="3" price="2500"/>
		<baseMaterialConfiguration name="BLACK METALLIC"	color="SHARED_BLACK2"		material="3" price="2500"/>
		<baseMaterialConfiguration name="BLUE METALLIC"		color="NEWHOLLAND_BLUE1"	material="3" price="2500"/>
		<baseMaterialConfiguration name="GREEN METALLIC"	color="KRONE_GREEN1"		material="3" price="2500"/>
		<baseMaterialConfiguration name="YELLOW METALLIC"	color="JOHNDEERE_YELLOW1"	material="3" price="2500"/>
		<baseMaterialConfiguration name="ORANGE METALLIC"	color="STARA_ORANGE"		material="3" price="2500"/>
		<baseMaterialConfiguration name="RED MATTE"		color="CASEIH_RED1"			material="1" price="2500"/>	
		<baseMaterialConfiguration name="WHITE MATTE"	color="SHARED_WHITE2"		material="1" price="2500"/>
		<baseMaterialConfiguration name="TAN MATTE"		color="KRONE_YELLOW1"		material="1" price="2500"/>
		<baseMaterialConfiguration name="BLACK MATTE"	color="SHARED_BLACK2"		material="1" price="2500"/>
		<baseMaterialConfiguration name="BLUE MATTE"	color="NEWHOLLAND_BLUE1"	material="1" price="2500"/>
		<baseMaterialConfiguration name="GREEN MATTE"	color="KRONE_GREEN1"		material="1" price="2500"/>
		<baseMaterialConfiguration name="YELLOW MATTE"	color="JOHNDEERE_YELLOW1"	material="1" price="2500"/>
		<baseMaterialConfiguration name="ORANGE MATTE"	color="STARA_ORANGE"		material="1" price="2500"/>
		<baseMaterialConfiguration name="RED SATIN"		color="CASEIH_RED1"			material="27" price="2500"/>		
		<baseMaterialConfiguration name="WHITE SATIN"	color="SHARED_WHITE2"		material="27" price="2500"/>
		<baseMaterialConfiguration name="TAN SATIN"		color="KRONE_YELLOW1"		material="27" price="2500"/>
		<baseMaterialConfiguration name="BLACK SATIN"	color="SHARED_BLACK2"		material="27" price="2500"/>
		<baseMaterialConfiguration name="BLUE SATIN"	color="NEWHOLLAND_BLUE1"	material="27" price="2500"/>
		<baseMaterialConfiguration name="GREEN SATIN"	color="KRONE_GREEN1"		material="27" price="2500"/>
		<baseMaterialConfiguration name="YELLOW SATIN"	color="JOHNDEERE_YELLOW1"	material="27" price="2500"/>
		<baseMaterialConfiguration name="ORANGE SATIN"	color="STARA_ORANGE"		material="27" price="2500"/>
		<baseMaterialConfiguration name="New Blue" color="0 0.05 0.5" material="27" price="2500"/>
		<baseMaterialConfiguration name="New Silver" color="SHARED_GREY2" material="27" price="2500"/>
		<baseMaterialConfiguration name="Scarlet Red" color="CASEIH_RED1" material="27" price="2500"/>
		<baseMaterialConfiguration name="Pearl White" color="STOLL_WHITE2" material="27" price="2500"/>
        <baseMaterialConfiguration name="Gun Metal" color="SHARED_GREY5" material="27" price="2500"/>
		<baseMaterialConfiguration name="Blaze Orange" color="FLIEGL_ORANGE1" material="27" price="2500"/>
		<baseMaterialConfiguration name="Nitro Blue" color="NEWHOLLAND_BLUE1" material="27" price="2500"/>
		<baseMaterialConfiguration name="Deep Blue" color="HATZENBICHLER_DARKBLUE1" material="27" price="2500"/>
		<baseMaterialConfiguration name="Deer Green" color="JOHNDEERE_GREEN1" material="27" price="2500"/>
		<baseMaterialConfiguration name="Deer Yellow" color="JOHNDEERE_YELLOW1" material="27" price="2500"/>
		<baseMaterialConfiguration name="Old Silver" color="SHARED_GREY2" material="6" price="2500"/>
		<baseMaterialConfiguration name="Old Red" color="CASEIH_RED1" material="6" price="2500"/>
		<baseMaterialConfiguration name="Old White" color="STOLL_WHITE2" material="6" price="2500"/>
        <baseMaterialConfiguration name="Old Grey" color="SHARED_GREY5" material="6" price="2500"/>
		<baseMaterialConfiguration name="Old Orange" color="FLIEGL_ORANGE1" material="6" price="2500"/>
		<baseMaterialConfiguration name="Old Blue" color="NEWHOLLAND_BLUE1" material="6" price="2500"/>
		<baseMaterialConfiguration name="Old Dark Blue" color="HATZENBICHLER_DARKBLUE1" material="6" price="2500"/>
		<baseMaterialConfiguration name="Old Deer Green" color="JOHNDEERE_GREEN1" material="6" price="2500"/>
		<baseMaterialConfiguration name="Old Deer Yellow" color="JOHNDEERE_YELLOW1" material="6" price="2500"/>
		<baseMaterialConfiguration name="Dark Steel" color="0.35 0.35 0.40" material="8" price="2500"/>
		<baseMaterialConfiguration name="Stainless Steel" color="0.92 0.92 0.92" material="8" price="2500"/>
		<baseMaterialConfiguration name="Aluminum" color="0.65 0.65 0.75" material="3" price="2500"/>
		<baseMaterialConfiguration name="Polished" color="0.95 0.95 1" material="3" price="2500"/>
        <baseMaterialConfiguration name="New Silver" color="SHARED_GREY2" material="32" price="2500"/>
		<baseMaterialConfiguration name="Scarlet Red" color="CASEIH_RED1" material="32" price="2500"/>
		<baseMaterialConfiguration name="Pearl White" color="STOLL_WHITE2" material="27" price="2500"/>
        <baseMaterialConfiguration name="Gun Metal" color="SHARED_GREY5" material="32" price="2500"/>
		<baseMaterialConfiguration name="Blaze Orange" color="FLIEGL_ORANGE1" material="32" price="2500"/>
		<baseMaterialConfiguration name="Nitro Blue" color="NEWHOLLAND_BLUE1" material="32" price="2500"/>
		<baseMaterialConfiguration name="brown silver" color="0.403 0.309 0.239" material="32" price="2500"/>
		<baseMaterialConfiguration name="GREEN3" color="ZUNHAMMER_GREEN3" material="32" price="2500"/>
		<baseMaterialConfiguration name="OLIVE1" color="URSUS_OLIVE1" material="27" price="2500"/>
		<baseMaterialConfiguration name="Black Chrome" color="SHARED_BLACK2" material="2" price="2500"/>
		<baseMaterialConfiguration name="Chrome" color="SHARED_WHITE2" material="2" price="2500"/>
		<baseMaterialConfiguration name="Blue Metallic" color="FLIEGL_BLUE1" material="32" price="2500" />
        <baseMaterialConfiguration name="Purple Metallic" color="LIZARD_PURPLE1" material="32" price="2500"/>
        <baseMaterialConfiguration name="Orange Metallic" color="FIAT_ORANGEPAINT" material="27" price="2500"/>
        <baseMaterialConfiguration name="Black Metallic" color="FIAT_BLACKPAINT" material="32" price="2500"/>
        <baseMaterialConfiguration name="Green Metallic" color="FIAT_GREENPAINT" material="32" price="2500"/>
		<baseMaterialConfiguration name="Claas Monster Metallic" color="0.4 0.6 0.02 " material="32" price="2500"/>
        <baseMaterialConfiguration name="Red Metallic" color="FLIEGL_RED1" material="32" price="2500"/>
        <baseMaterialConfiguration name="Yellow Metallic" color="BEDNAR_YELLOW1" material="32" price="2500"/>
        <baseMaterialConfiguration name="Brown Metallic" color="FLIEGL_BROWN1" material="32" price="2500"/>
		<baseMaterialConfiguration name="Midnight Purple Metallic" color="0.001 0 0.015 " material="27" price="2500" />
		<baseMaterialConfiguration name="Black Cherry Metallic" color="0.010 0 0 " material="27" price="2500"/>
		<baseMaterialConfiguration name="Pearl White" color="FIAT_WHITEPAINT" material="32" price="2500"/>
        <baseMaterialConfiguration name="Stainless Steel" color="SHARED_WHITE2" material="32" price="2500"/>
		<baseMaterialConfiguration name="Exley Fav" color="0.041 0.245 0.223 1.0" material="32" price="2500" />
		<baseMaterialConfiguration name="Ice" color="0.455 0.855 1 1.0" material="32" price="2500"/>
		<baseMaterialConfiguration name="Midnight Purple" color="0.001 0 0.015 1" material="32" price="2500"/>
		<baseMaterialConfiguration name="Black Cherry" color="0.010 0 0 1" material="32" price="2500" />
		<baseMaterialConfiguration name="Claas" color="0.4 0.6 0.02 1.0" material="32" price="2500"/>
        <baseMaterialConfiguration name="Claas Cat" color="0.800 0.443 0.008 1.0" material="32" price="2500"/>
        <baseMaterialConfiguration name="Claas Monster" color="0.4 0.6 0.02 1.0" material="32" price="2500"/>
        <baseMaterialConfiguration name="KRONE YELLOW" color="KRONE_YELLOW1" material="32" price="2500"/>
        <baseMaterialConfiguration name="KRONE GREEN" color="KRONE_GREEN1" material="32" price="2500"/>
		<baseMaterialConfiguration name="STARA ORANGE" color="STARA_ORANGE" material="32" price="2500"/>
        <baseMaterialConfiguration name="STARA GREEN" color="STARA_GREEN" material="32" price="2500" />
        <baseMaterialConfiguration name="BERGMANN GREEN" color="BERGMANN_GREEN1" material="32"  price="2500"/>
        <baseMaterialConfiguration name="BERGMANN WHITE" color="ITRUNNER_WHITE1" material="32" price="2500"/>
		<baseMaterialConfiguration name="JOSKIN GREEN" color="JOSKIN_GREEN1" material="32" price="2500"/>
        <baseMaterialConfiguration name="JOSKIN YELLOW" color="JOSKIN_YELLOW1" material="32" price="2500" />
		<baseMaterialConfiguration name="STRAUTMANN GREEN" color="STRAUTMANN_GREEN1" material="32" price="2500"/>
        <baseMaterialConfiguration name="STRAUTMANN RED" color="STRAUTMANN_RED1" material="32" price="2500" />
		<baseMaterialConfiguration name="HAWE GREEN" color="0.0697 0.1541 0.0545 32" price="2500"/>
        <baseMaterialConfiguration name="HAWE GREY" color="0.0962 0.0962 0.0962 27" price="2500"/>
		<baseMaterialConfiguration name="TEBBE GREEN" color="0.0008 0.3685 0.1449 32" price="2500" />
        <baseMaterialConfiguration name="TEBBE GREY" color="0.6940 0.6940 0.6940 32" price="2500"/>
		<baseMaterialConfiguration name="MENGELE RED" color="0.7372 0.0151 0.0265 27" price="2500"/>
        <baseMaterialConfiguration name="MENGELE BLUE" color="0.0759 0.3392 0.4205 32" price="2500"/>
		<baseMaterialConfiguration name="ANNABURGER RED" color="ANNABURGER_RED1" material="32" price="2500"/>
        <baseMaterialConfiguration name="ANNABURGER WHITE" color="ANNABURGER_WHITE1" material="32" price="2500"/>
		<baseMaterialConfiguration name="KAWECO GREEN" color="0.4 0.6 0.05 27" price="2500"/>
        <baseMaterialConfiguration name="KAWECO ORANGE" color="0.98 0.31 0.02 32" price="2500"/>
        <baseMaterialConfiguration name="KAWECO GREY" color="0.8671 0.7893 0.6253 32" price="2500"/>
		<baseMaterialConfiguration name="BRIRI GREEN" color="0.0461 0.0600 0.0414 32" price="2500" />
		<baseMaterialConfiguration name="BRIRI GREY" color="0.4423 0.4423 0.4534 32" price="2500"/>
        <baseMaterialConfiguration name="VICON RED" color="VICON_RED1" price="2500"/>		
        <baseMaterialConfiguration name="VICON DARKBLUE" color="VICON_DARKBLUE" material="32"price="2500" />		
        <baseMaterialConfiguration name="MAN BEIGE" color="MAN_BEIGECLASSIC" material="32" price="2500"/>		
        <baseMaterialConfiguration name="MAN OLDGREEN" color="MAN_OLDGREEN" material="32" price="2500"/>		
        <baseMaterialConfiguration name="MAN BLUE" color="MAN_BLUE6" material="32" price="2500"/>		
		<baseMaterialConfiguration color="LEMKEN_BLUE1" price="2500"/>
	    <baseMaterialConfiguration name="Silver Metallic" color="ITRUNNER_WHITE1" material="27" price="2500"/>
	    <baseMaterialConfiguration name="Blue Metallic" color="FLIEGL_BLUE1" material="27" price="2500" />
        <baseMaterialConfiguration name="Purple Metallic" color="LIZARD_PURPLE1" material="27" price="2500"/>
        <baseMaterialConfiguration name="Orange Metallic" color="FIAT_ORANGEPAINT" material="27" price="2500"/>
        <baseMaterialConfiguration name="Black Metallic" color="FIAT_BLACKPAINT"  material="27" price="2500"/>
        <baseMaterialConfiguration name="Green Metallic" color="FIAT_GREENPAINT" material="27" price="2500" />
	    <baseMaterialConfiguration name="Claas Monster Metallic" color="0.4 0.6 0.02 1.0" material="27" price="2500" />
        <baseMaterialConfiguration name="Red Metallic" color="FLIEGL_RED1" material="27" price="2500"/>
        <baseMaterialConfiguration name="Yellow Metallic" color="BEDNAR_YELLOW1" material="27" price="2500"/>
        <baseMaterialConfiguration name="Brown Metallic" color="FLIEGL_BROWN1" material="27" price="2500" />
     	<baseMaterialConfiguration name="Midnight Purple Metallic" color="0.001 0 0.015 1" material="27" price="2500" />
	    <baseMaterialConfiguration name="Black Cherry Metallic" color="0.010 0 0 1" material="27" price="2500" />
	    <baseMaterialConfiguration name="Pearl White" color="FIAT_WHITEPAINT" material="18" price="2500" />
        <baseMaterialConfiguration name="Stainless Steel" color="SHARED_WHITE2" material="35"price="2500"/>
	    <baseMaterialConfiguration name="Exley Fav" color="0.041 0.245 0.223 1.0" material="27" price="2500"/>
    	<baseMaterialConfiguration name="Ice" color="0.455 0.855 1 1.0" material="18" price="2500" />
	    <baseMaterialConfiguration name="RED"   color="0.16 0.02 0.02 1"/>
        <baseMaterialConfiguration name="GREEN" color="0.0 0.15 0.10 1" price="500" />
		<baseMaterialConfiguration name="BLUE"  color="0.0 0.15 0.40 1" price="500"/>
		<baseMaterialConfiguration name="Copper" color="0.5 0.3 0.08" price="500"/>
		<baseMaterialConfiguration name="Orange" color="0.7372 0.1963 0.0004 1" price="500" />
		<baseMaterialConfiguration name="Yellow" color="0.548 0.254 0.017 1" price="500"/>
		<baseMaterialConfiguration name="Black" color="0.04 0.04 0.04 1" price="500"/>
		<baseMaterialConfiguration name="White" color="0.6 0.73 0.73" price="500"/>
			<material name="ana" shaderParameter="colorMat0"/>
    </baseMaterialConfigurations>
	
	<designMaterialConfigurations> 
	    <designMaterialConfiguration name="GARA" color="0.05 0.05 0.05 11"/>
		<designMaterialConfiguration name="GRİ"  color="0.13 0.13 0.13 13" price="500"/>
		<designMaterialConfiguration name="RED"   color="1 0 0 1" price="500"/>
		<designMaterialConfiguration name="beyaz"   color="1 1 1 1"/>
        <designMaterialConfiguration name="GREEN" color="0.0 0.15 0.10 1" price="500"/>
		<designMaterialConfiguration name="BLUE"  color="0.0 0.15 0.40 1" price="500"/>
		<designMaterialConfiguration name="Copper" color="0.5 0.3 0.08" price="500"/>
		<designMaterialConfiguration name="Orange" color="0.7372 0.1963 0.0004 1" price="500"/>
		<designMaterialConfiguration name="Yellow" color="0.548 0.254 0.017 1" price="500"/>
		<designMaterialConfiguration name="Black" color="0.04 0.04 0.04 1" price="500"/>
		<designMaterialConfiguration name="White" color="0.6 0.73 0.73" price="500"/>
        <designMaterialConfiguration name="Black Metallic" color="FIAT_BLACKPAINT"  material="27" price="1500"/>
		<designMaterialConfiguration name="RED METALLIC"		color="CASEIH_RED1"			material="3" price="1500"/>
		<designMaterialConfiguration name="GREY METALLIC"		color="SHARED_WHITE2"		material="3" price="1500"/>
		<designMaterialConfiguration name="GOLD METALLIC"		color="KRONE_YELLOW1"		material="3" price="1500"/>
		<designMaterialConfiguration name="BLACK METALLIC"	color="SHARED_BLACK2"		material="3" price="1500"/>
		<designMaterialConfiguration name="BLUE METALLIC"		color="NEWHOLLAND_BLUE1"	material="3" price="1500"/>
		<designMaterialConfiguration name="GREEN METALLIC"	color="KRONE_GREEN1"		material="3" price="1500"/>
		<designMaterialConfiguration name="YELLOW METALLIC"	color="JOHNDEERE_YELLOW1"	material="3" price="1500"/>
		<designMaterialConfiguration name="ORANGE METALLIC"	color="STARA_ORANGE"		material="3" price="1500"/>
		<designMaterialConfiguration name="RED MATTE"		color="CASEIH_RED1"			material="1" price="1500"/>	
		<designMaterialConfiguration name="WHITE MATTE"	color="SHARED_WHITE2"		material="1" price="1500"/>
		<designMaterialConfiguration name="TAN MATTE"		color="KRONE_YELLOW1"		material="1" price="1500"/>
		<designMaterialConfiguration name="BLACK MATTE"	color="SHARED_BLACK2"		material="1" price="1500"/>
		<designMaterialConfiguration name="BLUE MATTE"	color="NEWHOLLAND_BLUE1"	material="1" price="1500"/>
		<designMaterialConfiguration name="GREEN MATTE"	color="KRONE_GREEN1"		material="1" price="1500"/>
		<designMaterialConfiguration name="YELLOW MATTE"	color="JOHNDEERE_YELLOW1"	material="1" price="1500"/>
		<designMaterialConfiguration name="ORANGE MATTE"	color="STARA_ORANGE"		material="1" price="1500"/>
		<designMaterialConfiguration name="RED SATIN"		color="CASEIH_RED1"			material="27" price="1500"/>		
		<designMaterialConfiguration name="WHITE SATIN"	color="SHARED_WHITE2"		material="27" price="1500"/>
		<designMaterialConfiguration name="TAN SATIN"		color="KRONE_YELLOW1"		material="27" price="1500"/>
		<designMaterialConfiguration name="BLACK SATIN"	color="SHARED_BLACK2"		material="27" price="1500"/>
		<designMaterialConfiguration name="BLUE SATIN"	color="NEWHOLLAND_BLUE1"	material="27" price="1500"/>
		<designMaterialConfiguration name="GREEN SATIN"	color="KRONE_GREEN1"		material="27" price="1500"/>
		<designMaterialConfiguration name="YELLOW SATIN"	color="JOHNDEERE_YELLOW1"	material="27" price="1500"/>
		<designMaterialConfiguration name="ORANGE SATIN"	color="STARA_ORANGE"		material="27" price="1500"/>
		<designMaterialConfiguration name="New Blue" color="0 0.05 0.5" material="27" price="1500"/>
		<designMaterialConfiguration name="New Silver" color="SHARED_GREY2" material="27" price="1500"/>
		<designMaterialConfiguration name="Scarlet Red" color="CASEIH_RED1" material="27" price="1500"/>
		<designMaterialConfiguration name="Pearl White" color="STOLL_WHITE2" material="27" price="1500"/>
        <designMaterialConfiguration name="Gun Metal" color="SHARED_GREY5" material="27" price="1500"/>
		<designMaterialConfiguration name="Blaze Orange" color="FLIEGL_ORANGE1" material="27" price="1500"/>
		<designMaterialConfiguration name="Nitro Blue" color="NEWHOLLAND_BLUE1" material="27" price="1500"/>
		<designMaterialConfiguration name="Deep Blue" color="HATZENBICHLER_DARKBLUE1" material="27" price="1500"/>
		<designMaterialConfiguration name="Deer Green" color="JOHNDEERE_GREEN1" material="27" price="1500"/>
		<designMaterialConfiguration name="Deer Yellow" color="JOHNDEERE_YELLOW1" material="27" price="1500"/>
		<designMaterialConfiguration name="Old Silver" color="SHARED_GREY2" material="6" price="1500"/>
		<designMaterialConfiguration name="Old Red" color="CASEIH_RED1" material="6" price="1500"/>
		<designMaterialConfiguration name="Old White" color="STOLL_WHITE2" material="6" price="1500"/>
        <designMaterialConfiguration name="Old Grey" color="SHARED_GREY5" material="6" price="1500"/>
		<designMaterialConfiguration name="Old Orange" color="FLIEGL_ORANGE1" material="6" price="1500"/>
		<designMaterialConfiguration name="Old Blue" color="NEWHOLLAND_BLUE1" material="6" price="1500"/>
		<designMaterialConfiguration name="Old Dark Blue" color="HATZENBICHLER_DARKBLUE1" material="6" price="1500"/>
		<designMaterialConfiguration name="Old Deer Green" color="JOHNDEERE_GREEN1" material="6" price="1500"/>
		<designMaterialConfiguration name="Old Deer Yellow" color="JOHNDEERE_YELLOW1" material="6" price="1500"/>
		<designMaterialConfiguration name="Dark Steel" color="0.35 0.35 0.40" material="8" price="1500"/>
		<designMaterialConfiguration name="Stainless Steel" color="0.92 0.92 0.92" material="8" price="1500"/>
		<designMaterialConfiguration name="Aluminum" color="0.65 0.65 0.75" material="3" price="1500"/>
		<designMaterialConfiguration name="Polished" color="0.95 0.95 1" material="3" price="1500"/>
        <designMaterialConfiguration name="New Silver" color="SHARED_GREY2" material="32" price="1500"/>
		<designMaterialConfiguration name="Scarlet Red" color="CASEIH_RED1" material="32" price="1500"/>
		<designMaterialConfiguration name="Pearl White" color="STOLL_WHITE2" material="27" price="1500"/>
        <designMaterialConfiguration name="Gun Metal" color="SHARED_GREY5" material="32" price="1500"/>
		<designMaterialConfiguration name="Blaze Orange" color="FLIEGL_ORANGE1" material="32" price="1500"/>
		<designMaterialConfiguration name="Nitro Blue" color="NEWHOLLAND_BLUE1" material="32" price="1500"/>
		<designMaterialConfiguration name="brown silver" color="0.403 0.309 0.239" material="32" price="1500"/>
		<designMaterialConfiguration name="GREEN3" color="ZUNHAMMER_GREEN3" material="32" price="1500"/>
		<designMaterialConfiguration name="OLIVE1" color="URSUS_OLIVE1" material="27" price="1500"/>
		<designMaterialConfiguration name="Black Chrome" color="SHARED_BLACK2" material="2" price="1500"/>
		<designMaterialConfiguration name="Chrome" color="SHARED_WHITE2" material="2" price="1500"/>
		<designMaterialConfiguration name="Blue Metallic" color="FLIEGL_BLUE1" material="32" price="1500" />
        <designMaterialConfiguration name="Purple Metallic" color="LIZARD_PURPLE1" material="32" price="1500"/>
        <designMaterialConfiguration name="Orange Metallic" color="FIAT_ORANGEPAINT" material="27" price="1500"/>
        <designMaterialConfiguration name="Black Metallic" color="FIAT_BLACKPAINT" material="32" price="1500"/>
        <designMaterialConfiguration name="Green Metallic" color="FIAT_GREENPAINT" material="32" price="1500"/>
		<designMaterialConfiguration name="Claas Monster Metallic" color="0.4 0.6 0.02 " material="32" price="1500"/>
        <designMaterialConfiguration name="Red Metallic" color="FLIEGL_RED1" material="32" price="1500"/>
        <designMaterialConfiguration name="Yellow Metallic" color="BEDNAR_YELLOW1" material="32" price="1500"/>
        <designMaterialConfiguration name="Brown Metallic" color="FLIEGL_BROWN1" material="32" price="100"/>
		<designMaterialConfiguration name="Midnight Purple Metallic" color="0.001 0 0.015 " material="27" price="1500" />
		<designMaterialConfiguration name="Black Cherry Metallic" color="0.010 0 0 " material="27" price="1500"/>
		<designMaterialConfiguration name="Pearl White" color="FIAT_WHITEPAINT" material="32" price="1500"/>
        <designMaterialConfiguration name="Stainless Steel" color="SHARED_WHITE2" material="32" price="1500"/>
		<designMaterialConfiguration name="Exley Fav" color="0.041 0.245 0.223 1.0" material="32" price="1500" />
		<designMaterialConfiguration name="Ice" color="0.455 0.855 1 1.0" material="32" price="1500"/>
		<designMaterialConfiguration name="Midnight Purple" color="0.001 0 0.015 1" material="32" price="1500"/>
		<designMaterialConfiguration name="Black Cherry" color="0.010 0 0 1" material="32" price="1500" />
		<designMaterialConfiguration name="Claas" color="0.4 0.6 0.02 1.0" material="32" price="1500"/>
        <designMaterialConfiguration name="Claas Cat" color="0.800 0.443 0.008 1.0" material="32" price="1500"/>
        <designMaterialConfiguration name="Claas Monster" color="0.4 0.6 0.02 1.0" material="32" price="1500"/>
        <designMaterialConfiguration name="KRONE YELLOW" color="KRONE_YELLOW1" material="32" price="1500"/>
        <designMaterialConfiguration name="KRONE GREEN" color="KRONE_GREEN1" material="32" price="1500"/>
		<designMaterialConfiguration name="STARA ORANGE" color="STARA_ORANGE" material="32" price="1500"/>
        <designMaterialConfiguration name="STARA GREEN" color="STARA_GREEN" material="32" price="1500" />
        <designMaterialConfiguration name="BERGMANN GREEN" color="BERGMANN_GREEN1" material="32"  price="1500"/>
        <designMaterialConfiguration name="BERGMANN WHITE" color="ITRUNNER_WHITE1" material="32" price="1500"/>
		<designMaterialConfiguration name="JOSKIN GREEN" color="JOSKIN_GREEN1" material="32" price="1500"/>
        <designMaterialConfiguration name="JOSKIN YELLOW" color="JOSKIN_YELLOW1" material="32" price="1500" />
		<designMaterialConfiguration name="STRAUTMANN GREEN" color="STRAUTMANN_GREEN1" material="32" price="1500"/>
        <designMaterialConfiguration name="STRAUTMANN RED" color="STRAUTMANN_RED1" material="32" price="1500" />
		<designMaterialConfiguration name="HAWE GREEN" color="0.0697 0.1541 0.0545 32" price="1500"/>
        <designMaterialConfiguration name="HAWE GREY" color="0.0962 0.0962 0.0962 27" price="1500"/>
		<designMaterialConfiguration name="TEBBE GREEN" color="0.0008 0.3685 0.1449 32" price="1500" />
        <designMaterialConfiguration name="TEBBE GREY" color="0.6940 0.6940 0.6940 32" price="1500"/>
		<designMaterialConfiguration name="MENGELE RED" color="0.7372 0.0151 0.0265 27" price="1500"/>
        <designMaterialConfiguration name="MENGELE BLUE" color="0.0759 0.3392 0.4205 32" price="1500"/>
		<designMaterialConfiguration name="ANNABURGER RED" color="ANNABURGER_RED1" material="32" price="1500"/>
        <designMaterialConfiguration name="ANNABURGER WHITE" color="ANNABURGER_WHITE1" material="32" price="1500"/>
		<designMaterialConfiguration name="KAWECO GREEN" color="0.4 0.6 0.05 27" price="1500"/>
        <designMaterialConfiguration name="KAWECO ORANGE" color="0.98 0.31 0.02 32" price="1500"/>
        <designMaterialConfiguration name="KAWECO GREY" color="0.8671 0.7893 0.6253 32" price="1500"/>
		<designMaterialConfiguration name="BRIRI GREEN" color="0.0461 0.0600 0.0414 32" price="1500" />
		<designMaterialConfiguration name="BRIRI GREY" color="0.4423 0.4423 0.4534 32" price="1500"/>
        <designMaterialConfiguration name="VICON RED" color="VICON_RED1" price="1500"/>		
        <designMaterialConfiguration name="VICON DARKBLUE" color="VICON_DARKBLUE" material="32"price="1500" />		
        <designMaterialConfiguration name="MAN BEIGE" color="MAN_BEIGECLASSIC" material="32" price="1500"/>		
        <designMaterialConfiguration name="MAN OLDGREEN" color="MAN_OLDGREEN" material="32" price="1500"/>		
        <designMaterialConfiguration name="MAN BLUE" color="MAN_BLUE6" material="32" price="1500"/>		
	    <designMaterialConfiguration name="Silver Metallic" color="ITRUNNER_WHITE1" material="27" price="1500"/>
	    <designMaterialConfiguration name="Blue Metallic" color="FLIEGL_BLUE1" material="27" price="1500" />
        <designMaterialConfiguration name="Purple Metallic" color="LIZARD_PURPLE1" material="27" price="1500"/>
        <designMaterialConfiguration name="Orange Metallic" color="FIAT_ORANGEPAINT" material="27" price="1500"/>
        <designMaterialConfiguration name="Black Metallic" color="FIAT_BLACKPAINT"  material="27" price="1500"/>
        <designMaterialConfiguration name="Green Metallic" color="FIAT_GREENPAINT" material="27" price="1500" />
	    <designMaterialConfiguration name="Claas Monster Metallic" color="0.4 0.6 0.02 1.0" material="27" price="1500" />
        <designMaterialConfiguration name="Red Metallic" color="FLIEGL_RED1" material="27" price="1500"/>
        <designMaterialConfiguration name="Yellow Metallic" color="BEDNAR_YELLOW1" material="27" price="1500"/>
        <designMaterialConfiguration name="Brown Metallic" color="FLIEGL_BROWN1" material="27" price="1500" />
     	<designMaterialConfiguration name="Midnight Purple Metallic" color="0.001 0 0.015 1" material="27" price="1500" />
	    <designMaterialConfiguration name="Black Cherry Metallic" color="0.010 0 0 1" material="27" price="1500" />
	    <designMaterialConfiguration name="Pearl White" color="FIAT_WHITEPAINT" material="18" price="1500" />
        <designMaterialConfiguration name="Stainless Steel" color="SHARED_WHITE2" material="35"price="1500"/>
	    <designMaterialConfiguration name="Exley Fav" color="0.041 0.245 0.223 1.0" material="27" price="1500"/>
    	<designMaterialConfiguration name="Ice" color="0.455 0.855 1 1.0" material="18" price="1500" />
	    <designMaterialConfiguration name="RED"   color="0.16 0.02 0.02 1"/>
        <designMaterialConfiguration name="GREEN" color="0.0 0.15 0.10 1" price="500"/>
		<designMaterialConfiguration name="BLUE"  color="0.0 0.15 0.40 1" price="500"/>
		<designMaterialConfiguration name="Copper" color="0.5 0.3 0.08" price="500"/>
		<designMaterialConfiguration name="Orange" color="0.7372 0.1963 0.0004 1" price="500"/>
		<designMaterialConfiguration name="Yellow" color="0.548 0.254 0.017 1" price="500"/>
		<designMaterialConfiguration name="Black" color="0.04 0.04 0.04 1" price="500"/>
		<designMaterialConfiguration name="White" color="0.6 0.73 0.73" price="500"/>
		<material name="SASE" shaderParameter="colorMat1"/>
		<material name="s" shaderParameter="colorMat0"/>
    </designMaterialConfigurations>

    <wearable wearDuration="480" workMultiplier="5" fieldMultiplier="2"/>
    <washable dirtDuration="90" washDuration="1" workMultiplier="2" fieldMultiplier="2"/>

    <i3dMappings>
        <i3dMapping id="aquaTrans_main_component1" node="0>" />
        <i3dMapping id="aquaTrans7300XL_vis" node="0>0" />
        <i3dMapping id="wheelLeft" node="0>0|0|0" />
        <i3dMapping id="wheelRight" node="0>0|0|1" />
        <i3dMapping id="chockSupport01" node="0>0|1|0" />
        <i3dMapping id="chockSupport02" node="0>0|1|1" />
        <i3dMapping id="wheelChock01" node="0>0|1|2" />
        <i3dMapping id="wheelChock02" node="0>0|1|3" />
        <i3dMapping id="attacherJoint" node="0>0|2" />
        <i3dMapping id="backLightsHigh" node="0>0|3|0|0" />
        <i3dMapping id="turnLightLeftBack" node="0>0|3|1|0|0" />
        <i3dMapping id="turnLightRightBack" node="0>0|3|1|1|0" />
        <i3dMapping id="reverseLight" node="0>0|3|2|0" />
        <i3dMapping id="rearLightMultiPoint5Left" node="0>0|3|3|0" />
        <i3dMapping id="rearLightMultiPoint5Right" node="0>0|3|3|1" />
        <i3dMapping id="sideMarker4Orange" node="0>0|3|3|2" />
        <i3dMapping id="sideMarker4Orange1" node="0>0|3|3|3" />
        <i3dMapping id="sideMarker4Orange2" node="0>0|3|3|4" />
        <i3dMapping id="sideMarker4Orange3" node="0>0|3|3|5" />
        <i3dMapping id="bigTriangle" node="0>0|3|3|6" />
        <i3dMapping id="exactFillRootNode" node="0>0|4" />
        <i3dMapping id="supportArm" node="0>0|5" />
        <i3dMapping id="waterTrigger" node="0>0|6" />
        <i3dMapping id="dischargeNode" node="0>0|7|0" />
        <i3dMapping id="dischargeTrigger" node="0>0|7|1" />
    </i3dMappings>
</vehicle>
