<?xml version="1.0" encoding="utf-8" standalone="no" ?>
<wheel xmlns:xsi="http://www.w3.org/2001/XMLSchema-instance" xsi:noNamespaceSchemaLocation="../../../../../../shared/xml/schema/wheel.xsd">
    <brand>MITAS</brand>
    <name>TD-02</name>
    <default>
        <physics radius="0.82" width="0.467" mass="0.189" tireType="mud" frictionScale="1.60" maxLongStiffness="8" maxLatStiffness="100" maxLatStiffnessLoad="2" />
        <tire filename="$data/shared/wheels/tires/mitas/TD02/_34_TD02.i3d" nodeLeft="1|0" nodeRight="1|0" maxDeformation="0.078" isCareWheel="false" tireTrackAtlasIndex="0" />
        <innerRim filename="wheels/Rims/Jant.i3d" nodeLeft="0|4" nodeRight="0|5" offset="" scale="1.12 1.02 1.02"/>
    </default>
</wheel>
