<?xml version="1.0" encoding="utf-8" standalone="no"?>
<bale>
    <filename>squarebales/strawbaleBalerSmall.i3d</filename>
    <size isRoundbale="false" width="0.69" height="0.35" length="0.49"/>
    <mountableObject triggerNode="0" forceAcceleration="5" forceLimitScale="1" axisFreeY="false" axisFreeX="false"/>

    <uvId>DEFAULT</uvId>

    <baleMeshes>
        <baleMesh node="1" supportsWrapping="true" isTensionBeltMesh="true"/>
        <baleMesh node="1|0" supportsWrapping="true" isTensionBeltMesh="false"/>
    </baleMeshes>

    <fillTypes>
        <fillType name="grass_windrow" capacity="250" mass="30" forceAcceleration="5" supportsWrapping="false">
            <diffuse filename="$data/objects/squarebales/squarebale120/squarebaleGrass120_diffuse.dds"/>
            <normal filename="$data/objects/squarebales/squarebale120/squarebale120_normal.dds"/>
            <specular filename="$data/objects/squarebales/squarebale120/squarebale120_specular.dds"/>
            <alpha filename="$data/objects/squarebales/squarebale120/squarebale120_alpha.dds"/>
        </fillType>
        <fillType name="dryGrass_windrow" capacity="300" mass="15" forceAcceleration="10" supportsWrapping="false">
            <diffuse filename="$data/objects/squarebales/squarebale120/squarebaleHay120_diffuse.dds"/>
            <normal filename="$data/objects/squarebales/squarebale120/squarebale120_normal.dds"/>
            <specular filename="$data/objects/squarebales/squarebale120/squarebale120_specular.dds"/>
            <alpha filename="$data/objects/squarebales/squarebale120/squarebale120_alpha.dds"/>
        </fillType>
        <fillType name="straw" capacity="400" mass="10" forceAcceleration="10" supportsWrapping="false">
            <diffuse filename="$data/objects/squarebales/squarebale120/squarebaleStraw120_diffuse.dds"/>
            <normal filename="$data/objects/squarebales/squarebale120/squarebale120_normal.dds"/>
            <specular filename="$data/objects/squarebales/squarebale120/squarebale120_specular.dds"/>
            <alpha filename="$data/objects/squarebales/squarebale120/squarebale120_alpha.dds"/>
        </fillType>
    </fillTypes>
</bale>
