<?xml version="1.0" encoding="utf-8" standalone="no" ?>
<vehicle type="tractor">
    <annotation>Copyright (C) GIANTS Software GmbH, All Rights Reserved.</annotation>

    <storeData>
        <name>1.240s</name>
        <specs>
            <power>50</power>
            <maxSpeed>35</maxSpeed>
        </specs>
        <functions>
            <function>$l10n_function_tractor</function>
        </functions>
        <image>store_MF255T.dds</image>
        <price>23500</price>
        <lifetime>600</lifetime>
        <rotation>0</rotation>
        <brand>MASSEYFERGUSON</brand>
        <category>tractorsS</category>
    </storeData>

    <base>
    	<typeDesc>$l10n_typeDesc_tractor</typeDesc>
    	<filename>MF255T.i3d</filename>
        <size width="2" length="4" lengthOffset="0.0"/>
        <sounds filename="sounds/MF1000.xml"/>
    	<components>
        	<component centerOfMass="0 0.57 0.05" solverIterationCount="10" mass="3500"/>
            <component centerOfMass="0 0 0" solverIterationCount="20" mass="1100"/>
            <joint component1="1" component2="2" node="0>0|2" rotLimit="0 0 10" transLimit="0 0 0"/>
			<collisionPair component1="1" component2="2" enabled="false"/>
    	</components>
        <schemaOverlay attacherJointPosition="0.5 0">
            <default name="DEFAULT_VEHICLE"/>
            <selected name="DEFAULT_VEHICLE_SELECTED"/>
        </schemaOverlay>
    </base>
	
	<design2Configurations title="Kare">
	<design2Configuration name="Kare Far" price="0">
            <objectChange node="0>2|0|6" visibilityActive="true"/>
            <objectChange node="0>2|0|5" visibilityActive="false"/>
        </design2Configuration>
			<design2Configuration name="Yuvarlak" price="1500">
            <objectChange node="0>2|0|6" visibilityActive="false"/>
            <objectChange node="0>2|0|5" visibilityActive="true"/>
        </design2Configuration>
	</design2Configurations>
	
	<design3Configurations title="Tente">
	<design3Configuration name="Yok" price="0">
            <objectChange node="0>13|2|14" visibilityActive="false"/>
            <objectChange node="0>13|2|15" visibilityActive="false"/>
        </design3Configuration>
    <design3Configuration name="Tente" price="500">
            <objectChange node="0>13|2|14" visibilityActive="true"/>
            <objectChange node="0>13|2|15" visibilityActive="false"/>
        </design3Configuration>
            <design3Configuration name="Kabin" price="1500">
            <objectChange node="0>13|2|14" visibilityActive="false"/>
            <objectChange node="0>13|2|15" visibilityActive="true"/>
        </design3Configuration>
    </design3Configurations>

    <wheels>
        <wheelConfigurations>
            <wheelConfiguration name="$l10n_configuration_valueDefault" price="0" >
                <wheels autoRotateBackSpeed="1.7" >
                    <wheel hasTireTracks="true" rotMin="-34" rotMax="39">
                        <physics rotSpeed="1" restLoad="1.0" repr="1>0|0" driveNode="1>0|0|0|0" radius="0.37" width="0.2" mass="0.200" initialCompression="50" suspTravel="0.1" spring="25" damper="30" tireTrackAtlasIndex="0"/>
                    </wheel>
                    <wheel hasTireTracks="true" rotMin="-34" rotMax="39">
                        <physics rotSpeed="1" restLoad="1.0" repr="1>1|0" driveNode="1>1|0|0|0" radius="0.37" width="0.2" mass="0.200" initialCompression="50" suspTravel="0.1" spring="25" damper="30" tireTrackAtlasIndex="0"/>
                    </wheel>
                    <wheel filename="$data/shared/wheels/tires/Trelleborg/TM600/420_85R28.xml" isLeft="true" hasTireTracks="true" hasParticles="true">
                        <physics rotSpeed="0" restLoad="0.8" repr="0>0|0" forcePointRatio="0.3" initialCompression="20" suspTravel="0.12" spring="16" damper="40"/>
						<innerRim filename="$data/shared/wheels/rims/rim006.i3d" node="0|1"/>
                    </wheel>
                    <wheel filename="$data/shared/wheels/tires/Trelleborg/TM600/420_85R28.xml" isLeft="false" hasTireTracks="true" hasParticles="true">
                        <physics rotSpeed="0" restLoad="0.8" repr="0>0|1" forcePointRatio="0.3" initialCompression="20" suspTravel="0.12" spring="16" damper="40"/>
						<innerRim filename="$data/shared/wheels/rims/rim006.i3d" node="0|0"/>
                    </wheel>
					<foliageBendingModifier index="1" minX="-1.05" maxX="1.05"/>
                    <foliageBendingModifier index="2" minX="-1.2" maxX="1.2"/>
                </wheels>
            </wheelConfiguration>
        </wheelConfigurations>

        <ackermannSteeringConfigurations>
            <ackermannSteering rotSpeed="50" rotMax="37" rotCenterWheel1="3" rotCenterWheel2="4"/>
            <ackermannSteering rotSpeed="50" rotMax="35" rotCenterWheel1="3" rotCenterWheel2="4"/>
        </ackermannSteeringConfigurations>
		<hubs>
            <color0>SHARED_GREY5</color0>
            <hub linkNode="0>0|0" filename="$data/shared/wheels/hubs/hub_n10_14.xml" isLeft="true" scale="0.65 0.25 0.25"/>
            <hub linkNode="0>0|1" filename="$data/shared/wheels/hubs/hub_n10_14.xml" isLeft="false" scale="0.65 0.25 0.25"/>
        </hubs>
    </wheels>

        <attacherJoints>
        <attacherJoint node="0>5|0|0|0|0|0|0" upperRotationOffset="0.82" moveTime="2.5">
            <rotationNode node="0>5|0|0|0" upperRotation="21 0 0" lowerRotation="-14 0 0"/>
            <rotationNode2 node="0>5|0|0|0|0|0"/>
            <bottomArm rotationNode="0>5|0|0|1" translationNode="0>5|0|0|1|0" referenceNode="0>5|0|0|1|0|0" zScale="-1" startRotation="17 0 0"/>
            <topArm baseNode="0>5|0|1" filename="upperLink.i3d" zScale="-1"/>
            <schema position="1 0" rotation="0" invertX="false"/>
            <objectChange node="0>5|0|0|1|0|3" visibilityActive="false" visibilityInactive="true"/>
            <objectChange node="0>13|0|3" rotationActive="-90 0 0" rotationInactive="-30 0 10"/>
        </attacherJoint>
		<attacherJoint node="0>5|1|0" jointType="trailer" lowerRotLimit="10 50 50" comboTime="0" allowsJointLimitMovement="false">
            <schema position="0 0" rotation="0" invertX="true"/>
        </attacherJoint>
		<attacherJoint node="0>5|1|2|1" jointType="trailer" lowerRotLimit="10 80 80" upperRotationOffset="0" allowsJointLimitMovement="false">
            <transNode node="0>5|1|3" minY="0.62" maxY="1.1"/>
            <schema position="0 0" rotation="0" invertX="true"/>
			<objectChange node="0>5|1|1" translationActive="0 0.897 -1.315" translationinActive="0 0.5 -1.315"/>
			<objectChange node="0>5|1|1" visibilityActive="true" visibilityInactive="false"/>
			<objectChange node="0>5|0|0|1|0|3" visibilityActive="false" visibilityInactive="true"/>
        </attacherJoint>
        <attacherJoint node="0>5|1|2|0" jointType="trailerLow" lowerRotLimit="10 50 50" upperRotationOffset="0" allowsJointLimitMovement="false">
            <schema position="1 0" rotation="0" invertX="false"/>
			<objectChange node="0>5|1|1" translationActive="0 0.5 -1.315" translationinActive="0 0.897 -1.315"/>
			<objectChange node="0>5|1|1" visibilityActive="true" visibilityInactive="false"/>
			<objectChange node="0>5|0|0|1|0|3" visibilityActive="false" visibilityInactive="true"/>
        </attacherJoint>
        <sounds>
            <attach template="ATTACH_01" linkNode="0>"/>
            <hydraulic template="DEFAULT_HYDRAULIC_SOUND" linkNode="0>"/>
        </sounds>
    </attacherJoints>

	<powerTakeOffs>
        <output attacherJointIndices="1 2 3" outputNode="0>11" />
    </powerTakeOffs>
	<lights>
        <states>
            <state lightTypes="0"/>
            <state lightTypes="0 1 "/>
        </states>
        <realLights>
            <low>
                <light node="0>2|1|0" lightTypes="0" excludedLightTypes="3"/>
                <light node="0>2|1|1" lightTypes="1"/>
            </low>
            <high>
                <light node="0>2|3|0" lightTypes="0"/>
                <light node="0>2|1|2" lightTypes="0" excludedLightTypes="3"/>
                <light node="0>2|1|3" lightTypes="1"/>
                <brakeLight node="0>2|3|0"/>
                <turnLightLeft node="0>2|2|0"/>
                <turnLightRight node="0>2|0|2|2"/>
            </high>
        </realLights>
        <defaultLights>
            <defaultLight shaderNode="0>2|0|4|1" lightTypes="0"/>
            <defaultLight shaderNode="0>2|0|5|1" lightTypes="0"/>
            <defaultLight shaderNode="0>2|0|0|1" lightTypes="0 3"/>
            <defaultLight shaderNode="0>2|0|1|1" lightTypes="0 3"/>
            <defaultLight shaderNode="0>2|0|3|0" lightTypes="0"/>
            <defaultLight shaderNode="0>2|0|2|0" lightTypes="0"/>
            <defaultLight shaderNode="0>2|0|6|0|1" lightTypes="1"/>
            <defaultLight shaderNode="0>2|0|0|0" lightTypes="0"/>
            <defaultLight shaderNode="0>2|0|1|0" lightTypes="0"/>
            <defaultLight shaderNode="0>2|1|2|1" lightTypes="0"/>
            <defaultLight shaderNode="0>2|0|4|0" lightTypes="0"/>
            <defaultLight shaderNode="0>2|0|5|0" lightTypes="0"/>
			<defaultLight shaderNode="0>2|0|7|0" lightTypes="0"/>
			<defaultLight shaderNode="0>2|0|8|0" lightTypes="0"/>
			<defaultLight shaderNode="0>2|0|6|0|0" lightTypes="0"/>
			<defaultLight shaderNode="0>2|0|6|1|0" lightTypes="0"/>
			<defaultLight shaderNode="0>2|0|4|0|0" lightTypes="2"/>
        </defaultLights>
        <brakeLights>
            <brakeLight shaderNode="0>2|0|2|1"/>
            <brakeLight shaderNode="0>2|0|3|1"/>
        </brakeLights>

        <beaconLights>
            <beaconLight node="0>2|5" filename="$data/shared/assets/beaconLights/lizard/beaconLight02.xml"/>
        </beaconLights>
        <turnLights>
            <turnLightLeft shaderNode="0>2|0|3|2"/>
            <turnLightLeft shaderNode="0>2|0|3|2"/>
            <turnLightRight shaderNode="0>2|0|2|2"/>
            <turnLightRight shaderNode="0>2|0|2|2"/>
        </turnLights>
        <sounds>
            <switchLight template="SWITCH_01" linkNode="0>"/>
			<turnLight template="SWITCH_TURNLIGHT" linkNode="0>"/>
        </sounds>
		<dashboards>            
            <dashboard displayType="EMITTER" valueType="lightState" node="0>2|4|0" lightTypes="0" baseColor="GREY" emitColor="GREY" groups="MOTOR_ACTIVE"/>            
        </dashboards>
    </lights>

	<enterable>
        <exitPoint node="0>3"/>
        <enterReferenceNode node="0>"/>
        <characterNode node="0>6|0" cameraMinDistance="1.5" spineRotation="-90 0 90">
            <target ikChain="rightFoot" targetNode="0>6|1"/>
            <target ikChain="leftFoot" targetNode="0>12|5|2|0"/>
            <target ikChain="rightArm" targetNode="0>4|0"/>
            <target ikChain="leftArm" targetNode="0>4|1"/>
        </characterNode>
		<characterTargetNodeModifier node="0>6|1" transitionTime="0.1">
            <state node="0>12|4|3" referenceNode="0>12|4|0" directionReferenceNode="0>12|4|0|0"/>
            <state node="0>12|4|2|0" referenceNode="0>12|4|2"/>
        </characterTargetNodeModifier>
        <cameras>
            <camera node="0>1|0|0" rotatable="true" rotateNode="0>1|0" limit="true" useWorldXZRotation="true" rotMinX="-1.4" rotMaxX="1" transMin="3" transMax="35">
                <raycastNode node="0>1|2"/>
                <raycastNode node="0>1|3"/>
            </camera>
            <camera node="0>1|1" rotatable="true" limit="true" rotMinX="-1.1" rotMaxX="0.4" transMin="0" transMax="0" useMirror="true" isInside="true"/>
        </cameras>
    </enterable>

    <motorized>
        <consumerConfigurations>
            <consumerConfiguration>
                <consumer fillUnitIndex="1" usage="33"  fillType="diesel" />  <!-- usage is per hour at max load and max rpm -->
                <consumer fillUnitIndex="2" usage="200" fillType="air" permanentConsumption="false" refillLitersPerSecond="300" refillCapacityPercentage="0.5" /> <!-- usage per second at full brake power -->
            </consumerConfiguration>
        </consumerConfigurations>

        <differentialConfigurations>
            <differentialConfiguration>
                <differentials>
                    <differential torqueRatio="0.5" maxSpeedRatio="1.8" wheelIndex1="1" wheelIndex2="2" /> <!-- front left-right -->
                    <differential torqueRatio="0.5" maxSpeedRatio="1.8" wheelIndex1="3" wheelIndex2="4" /> <!-- back left-right -->
                    <differential torqueRatio="0.5" maxSpeedRatio="1.8" differentialIndex1="1" differentialIndex2="2" /> <!-- front-back -->
                </differentials>
            </differentialConfiguration>
        </differentialConfigurations>

        <motorConfigurations>
            <motorConfiguration hp="50" >
                <motor torqueScale="0.9" minRpm="800" maxRpm="2600" maxForwardSpeed="35" maxBackwardSpeed="16" brakeForce="5" lowBrakeForceScale="0.22" rotInertia="0.004" >
                    <torque normRpm="0.45" torque="0.9"/>
                    <torque normRpm="0.5" torque="0.97"/>
                    <torque normRpm="0.59" torque="1"/>
                    <torque normRpm="0.72" torque="1"/>
                    <torque normRpm="0.86" torque="0.88"/>
                    <torque normRpm="1" torque="0.72"/>
                </motor>
                <transmission autoGearChangeTime="0.5" gearChangeTime="0.4" name="$l10n_info_transmission_manual">
                    <directionChange useGear="true" reverseGearIndex="1" changeTime="0.5"/>
                    <groups type="DEFAULT" changeTime="0.5">
                        <group ratio="0.3658"  name="|" />
                        <group ratio="0.5"  name="||" />
                        <group ratio="1"       name="|||" />
                    </groups>

                    <forwardGear maxSpeed="12.2" name="1" />
                    <forwardGear maxSpeed="20.0" name="2" />
                    <forwardGear maxSpeed="28.0" name="3" />
                    <forwardGear maxSpeed="35.0" name="4" />

                    <backwardGear maxSpeed="15.0" name="R" />
                </transmission>
            </motorConfiguration>
        </motorConfigurations>
	
	    <exhaustEffects>
            <exhaustEffect node="0>12|8|0" filename="$data/effects/exhaust/exhaust.i3d" minRpmColor="0.9 0.9 0.9 0.2" maxRpmColor="0.9 0.9 0.9 0.9" minRpmScale="0.05" maxRpmScale="0.7" xzRotationsOffset="-180 0" xzRotationsForward="0 300" xzRotationsBackward="150 0" xzRotationsLeft="20 80" xzRotationsRight="40 -200" />
        </exhaustEffects>

		<dashboards>
            <dashboard displayType="NUMBER" valueType="speed" numbers="numbersSpeed1" precision="1" numberColor="0 0 0 0" groups="MOTOR_ACTIVE"/>
			<dashboard displayType="ANIMATION" valueType="rpm" animName="rpmDisplay" minValueAnim="0" maxValueAnim="2200" groups="MOTOR_ACTIVE"/>
        </dashboards>

        <motorStartDuration>2700</motorStartDuration>
        <sounds externalSoundFile="sounds/ursus3512.xml" />
		<animationNodes>
            <animationNode node="0>13|0|6" rotAxis="3" rotSpeed="1200" turnOnFadeTime="4" turnOffFadeTime="3"/>
        </animationNodes>
    </motorized>
		
	<drivable>
        <sounds>
            <waterSplash template="WATER_SPLASH_01" />
        </sounds>

        <steeringWheel node="0>4|3" indoorRotation="540" outdoorRotation="45" />
		<dashboards>
            <dashboard displayType="ROT" valueType="accelerationAxis" node="00>12|4|0" minRot="90 0 0" maxRot="98 0 0" doInterpolation="true" groups="MOTOR_ACTIVE"/>
            <dashboard displayType="ROT" valueType="decelerationAxis" node="0>12|4|2" minRot="-5 0 0" maxRot="-15 0 0" doInterpolation="true" groups="MOTOR_ACTIVE"/>
            <dashboard displayType="ROT" valueType="accelerationAxis" node="0>12|4|0" minRot="-17 0 0" maxRot="-9 0 0" doInterpolation="true" groups="MOTOR_ACTIVE"/>
        </dashboards>
    </drivable>
	<dashboard>
        <groups>
            <group name="MOTOR_STARTING" isMotorStarting="true"/>
            <group name="MOTOR_ACTIVE" isMotorStarting="true" isMotorRunning="true"/>
        </groups>
		<default>
            <dashboard displayType="EMITTER" node="0>2|4|4" baseColor="GREY" emitColor="RED" groups="MOTOR_STARTING"/>
			<dashboard displayType="EMITTER" node="0>2|4|3" baseColor="GREY" emitColor="RED" groups="MOTOR_STARTING"/>
			<dashboard displayType="EMITTER" node="0>2|4|2" baseColor="GREY" emitColor="RED" groups="MOTOR_STARTING"/>
			<dashboard displayType="EMITTER" node="0>2|4|1" baseColor="GREY" emitColor="RED" groups="MOTOR_STARTING"/>
                        <dashboard displayType="EMITTER" node="0>2|4|4" baseColor="GREY" emitColor="RED" groups="MOTOR_STARTING"/>
                        <dashboard displayType="EMITTER" node="0>2|4|5" baseColor="GREY" emitColor="RED" groups="MOTOR_STARTING"/>
                        <dashboard displayType="EMITTER" node="0>2|4|6" baseColor="GREY" emitColor="RED" groups="MOTOR_STARTING"/>
                        <dashboard displayType="EMITTER" node="0>2|4|7" baseColor="GREY" emitColor="RED" groups="MOTOR_STARTING"/>
                        <dashboard displayType="EMITTER" node="0>2|4|8" baseColor="GREY" emitColor="RED" groups="MOTOR_STARTING"/>
                        <dashboard displayType="EMITTER" node="0>2|4|9" baseColor="GREY" emitColor="RED" groups="MOTOR_STARTING"/>
        </default>
    </dashboard>

	<connectionHoses>
        <target attacherJointIndices="1 3 4" type="electric" node="0>5|3|0"/>
        <target attacherJointIndices="1 3 4" type="hydraulicIn" node="0>5|2|0">
            <!-- <objectChange node="..." rotationActive="0 0 -90" rotationInactive="0 0 0"/> -->
        </target>
        <target attacherJointIndices="1 3 4" type="hydraulicOut" node="0>5|2|1">
            <!-- <objectChange node="..." rotationActive="0 0 90" rotationInactive="0 0 0"/> -->
        </target>
        <target attacherJointIndices="1 3 4" type="hydraulicIn" node="0>5|2|2">
            <!-- <objectChange node="..." rotationActive="0 0 -90" rotationInactive="0 0 0"/> -->
        </target>
        <target attacherJointIndices="1 3 4" type="hydraulicOut" node="0>5|2|3">
            <!-- <objectChange node="..." rotationActive="0 0 90" rotationInactive="0 0 0"/> -->
        </target>
    </connectionHoses>

    <honk>
        <sound file="$data/sounds/vehicles/horn/mf_small_tractor_horn_loop.wav" innerRadius="10">
            <volume indoor="1.00" outdoor="1.00"/>
            <pitch outdoor="1.00"/>
            <lowpassGain indoor="0.95"/>
        </sound>
    </honk>
    
	<cylindered>
        <movingTools>
            <movingTool node="0>5|0|0|1">
                <dependentPart node="0>9|0"/>
            </movingTool>
            <movingTool node="0>0|2"/>
        </movingTools>
        <movingParts>
            <movingPart node="0>9|0" referencePoint="0>5|0|0|1|0|1" localReferencePoint="0>9|0|0" referenceFrame="0>5|0|0|1|0" invertZ="true">
                <dependentPart node="0>9|0|0"/>
                <dependentPart node="0>9|1"/>
                <dependentPart node="0>5|1|1|1"/>
                <dependentPart node="0>5|1|1|2"/>
            </movingPart>
            <movingPart node="0>5|1|1|1" referencePoint="0>9|0|2|0" referenceFrame="0>9|0|2|0"/>
            <movingPart node="0>5|1|1|2" referencePoint="0>9|0|2|1" referenceFrame="0>9|0|2|1"/>
            <movingPart node="0>9|0|0" referencePoint="0>5|0|0|1|0|1" referenceFrame="0>9|0|1" invertZ="true"/>
            <movingPart node="0>9|1" referencePoint="0>5|0|0|1|0|2" referenceFrame="0>5|0|0|1|0" scaleZ="true" invertZ="true"/>
            <movingPart node="1>0|0|2" referencePoint="1>1|0|2" referenceFrame="1>" isActiveDirty="true" scaleZ="true"/>
            <movingPart node="1>2|0|0" referencePoint="1>0|0|3" referenceFrame="1>" isActiveDirty="true">
                <translatingPart node="1>2|0|0|0"/>
            </movingPart>
            <movingPart node="1>2|0|1" referencePoint="1>1|0|3" referenceFrame="1>" isActiveDirty="true">
                <translatingPart node="1>2|0|1|0"/>
            </movingPart>
            <movingPart node="1>3|2|0" referencePoint="1>3|0|1" referenceFrame="1>" isActiveDirty="true" scaleZ="true"/>
            <movingPart node="1>3|2|1" referencePoint="1>3|1|1" referenceFrame="1>" isActiveDirty="true" scaleZ="true"/>
        </movingParts>
    </cylindered>	

    <animations>
        <animation name="rpmDisplay">
            <part node="0>10|0|0" startTime="0" endTime="1" startRot="0 -85 0" endRot="0 -300 0"/>
        </animation>
        <animation name="fuelDisplay">
            <part node="0>10|1|0" startTime="0" endTime="1" startRot="0 0 0" endRot="0 -80 0"/>
        </animation>
        <animation name="liftArmsLever">
            <part node="0>13|0|1" startTime="0" endTime="0.75" startRot="60 0 0" endRot="0 0 0"/>
        </animation>
        <animation name="PTOlever">
            <part node="0>13|0|2" startTime="0" endTime="0.2" startRot="0 0 0" endRot="12 0 0"/>
        </animation>
        <animation name="ignitionAnim">
            <part node="0>13|1|0" startTime="0" endTime="0.15" startRot="0 0 0" endRot="0 0 30"/>
            <part node="0>13|1|0|0" startTime="0" endTime="0.15" startRot="0 0 0" endRot="0 0 -30"/>
        </animation>
    </animations>

    <fillUnit>
        <fillUnitConfigurations>
            <fillUnitConfiguration>
                <fillUnits>
                    <fillUnit unit="$l10n_unit_literShort" showOnHud="false" showInShop="false" fillTypes="diesel" capacity="66" >
                        <dashboard displayType="ANIMATION" valueType="fillLevel" animName="fuelDisplay" groups="MOTOR_ACTIVE"/>
                    </fillUnit>
                    <fillUnit unit="$l10n_unit_literShort" showOnHud="false" showInShop="false" fillTypes="air" capacity="2000" />
                </fillUnits>
            </fillUnitConfiguration>
        </fillUnitConfigurations>
    </fillUnit>
	
	<ai>
        <collisionTrigger node="0>7|0" />
    </ai>
	
	<foliageBending>
        <bendingNode minX="-1.15" maxX="1.15" minZ="-0.2" maxZ="2.3" yOffset="0.6" />
        <bendingNode minX="-1.05" maxX="1.05" minZ="-2.2" maxZ="-0.2" yOffset="0.6" />
    </foliageBending>

    <wearable wearDuration="480" workMultiplier="5" fieldMultiplier="2"/>
	<washable dirtDuration="60" washDuration="1" workMultiplier="8"/>
	
</vehicle>
