<?xml version="1.0" encoding="utf-8" standalone="no" ?>
<wheel xmlns:xsi="http://www.w3.org/2001/XMLSchema-instance" xsi:noNamespaceSchemaLocation="../../../../../../shared/xml/schema/wheel.xsd">
    <brand>TRELLEBORG</brand>
    <name>TM600</name>
    <default>
        <physics radius="0.594" width="0.34" mass="0.1" tireType="mud" frictionScale="1.60" maxLongStiffness="8" maxLatStiffness="100" maxLatStiffnessLoad="2" />
        <tire filename="$data/shared/wheels/tires/trelleborg/TM600/R24_TM600.i3d" nodeLeft="3|0" nodeRight="3|0" maxDeformation="0.058" sideDeformOffset="0.950" isCareWheel="false" tireTrackAtlasIndex="0" />
        <innerRim filename="wheels/rims/Rims.i3d" nodeLeft="2" nodeRight="3" widthAndDiam="44 39" />
   </default>
</wheel>
