<?xml version="1.0" encoding="utf-8" standalone="no"?>
<GUIProfiles>
    <Presets>
        <Preset name="colorTransparent" value="0 0 0 0" />

        <Preset name="colorGlass" value="0.018 0.016 0.015 0.6" />
        <Preset name="colorGlass_50" value="0.018 0.016 0.015 0.25" />

        <Preset name="colorGlassVeryLight" value="0.718 0.716 0.715 0.04" />
        <Preset name="colorGlassExtremelyLight" value="0.918 0.916 0.915 0.15" />
        <Preset name="colorGlassMedium" value="0.118 0.116 0.115 0.20" />
        <Preset name="colorGlassDark" value="0.018 0.016 0.015 0.65" />
        <Preset name="colorGlassLight" value="0.718 0.716 0.715 0.25" />
        <Preset name="colorGlassLight_50" value="0.718 0.716 0.715 0.0625" />
        <Preset name="colorGlassLight_75" value="0.718 0.716 0.715 0.09375" />

        <Preset name="colorMainUI" value="0.9910 0.3865 0.0100 1" />
        <Preset name="colorMainUIAlt" value="0.9900 0.4640 0.0010 1" />
        <Preset name="colorDisabled" value="0.4 0.4 0.4 1" />

        <Preset name="colorWhite" value="1 1 1 1" />
        <Preset name="colorWhite_90" value="1 1 1 0.9" />
        <Preset name="colorWhite_50" value="1 1 1 0.5" />
        <Preset name="colorWhite_25" value="1 1 1 0.25" />
        <Preset name="colorRed" value="0.8069 0.0097 0.0097 1" />
        <Preset name="colorDarkRed" value="0.2832 0.0091 0.0091 1" />
        <Preset name="colorBlue" value="0.0742 0.4341 0.6939 1" />
        <Preset name="colorGreen" value="0.3763 0.6038 0.0782 1" />
        <Preset name="colorGreen2" value="0.2122 0.5271 0.0307 1" />

        <Preset name="colorBlack" value="0 0 0 1" />
        <Preset name="colorBlack2" value="0.0075 0.0075 0.0075 1" />
        <Preset name="colorBlack3" value="0.013 0.013 0.013 1" />
        <Preset name="colorBlack3_97" value="0.013 0.013 0.013 0.97" />
        <Preset name="colorBlack3_90" value="0.013 0.013 0.013 0.9" />
        <Preset name="colorBlack3_70" value="0.013 0.013 0.013 0.7" />
        <Preset name="colorBlack3_0" value="0.013 0.013 0.013 0" />

        <Preset name="colorDarkGrey" value="0.0284 0.0284 0.0284 1" />
        <Preset name="colorDarkGrey_0" value="0.0284 0.0284 0.0284 0" />
        <Preset name="colorDarkGrey2" value="0.0630 0.0630 0.0630 1" />
        <Preset name="colorDarkGrey2_50" value="0.0630 0.0630 0.0630 0.5" />
        <Preset name="colorDarkGrey2_70" value="0.0630 0.0630 0.0630 0.7" />
        <Preset name="colorDarkGrey3" value="0.0194 0.0194 0.0194 1" />
        <Preset name="colorDarkGrey4" value="0.0723 0.0723 0.0723 1" />
        <Preset name="colorDarkGrey5" value="0.1356 0.1356 0.1356 1" />
        <Preset name="colorDarkGrey6" value="0.03 0.03 0.03 1" />
        <Preset name="colorDarkGrey7" value="0.0212 0.0212 0.0212 1" />

        <Preset name="colorLightGrey" value="0.0482 0.0482 0.0482 1" />
        <Preset name="colorDescriptionText" value="0.2918 0.2918 0.2918 1" />
        <Preset name="colorDescriptionText2" value="0.6 0.6 0.6 1" />
        <Preset name="colorDescriptionText3" value="0.1845 0.1845 0.1845 1" />
        <Preset name="colorDescriptionText4" value="0.6307 0.6307 0.6307 1" />

        <Preset name="colorListRowBackground" value="$preset_colorGlassLight_50" />
        <Preset name="colorListRowAlternateBackground" value="$preset_colorGlassMedium" />
        <Preset name="colorListHeaderBackground" value="$preset_colorGlassLight_75" />
        <Preset name="colorSliderBackground" value="$preset_colorGlassLight_50" />
        <Preset name="colorSlider" value="$preset_colorGlassLight" />
        <Preset name="colorSliderHighlight" value="$preset_colorGlassMedium" />
        <Preset name="colorSliderKnob" value="$preset_colorWhite" />
        <Preset name="colorDialogBackdrop" value="$preset_colorBlack3_70" />

        <Preset name="colorUVs" value="10px 1010px 4px 4px" />
        <Preset name="glassEdgeIconUVs" value="5px 53px 4px 8px" />

        <Preset name="colorTextShadow" value="0.0630 0.0630 0.0630 0.7" />

        <Preset name="keyBoardKeyUVs" value="96px 96px 48px 48px" />
        <Preset name="xbox_A_ButtonUVs" value="537px 345px 29px 29px" />
        <Preset name="ps4_X_ButtonUVs" value="586px 345px 29px 29px" />
        <Preset name="ps4_O_ButtonUVs" value="922px 393px 29px 29px" />
        <Preset name="arrowIconUVs" value="294px 342px 24px 36px" />
        <Preset name="diskIconUVs" value="48px 96px 48px 48px" />
        <Preset name="achievementIconUVs" value="0px 96px 48px 48px" />
    </Presets>

    <Traits>
        <Trait name="ccDebugging">
            <Value name="debugEnabled" value="true" />
        </Trait>
    </Traits>

    <Profile name="mohIngameMenuSettingsBox" extends="emptyPanel" with="anchorTopLeft defaultGameFrame">
        <Value name="screenAlign" value="topLeft" />
        <Value name="positionOrigin" value="topLeft" />
        <Value name="size" value="1660px 828px" />
        <Value name="position" value="0px 0px" />
    </Profile>

    <Profile name="mohListBox" extends="emptyPanel" with="lightFrame">
        <Value name="size" value="528px 772px" />
        <Value name="position" value="5px 30px" />
        <Value name="screenAlign" value="topLeft" />
        <Value name="positionOrigin" value="topLeft" />
    </Profile>

    <Profile name="mohList" extends="list">
        <Value name="size" value="500px 770px" />
        <Value name="position" value="1px -1px" />
        <Value name="selectOnScroll" value="true" />
        <Value name="screenAlign" value="topLeft" />
        <Value name="positionOrigin" value="topLeft" />
        <Value name="isHorizontalList" value="false" />
        <Value name="itemsPerCol" value="14" />
        <Value name="listItemHeight" value="55px" />
        <Value name="listItemWidth" value="500px" />
        <Value name="rowBackgroundProfile" value="mohListItem" />
        <Value name="rowBackgroundProfileAlternate" value="mohListItemAlternate" />
    </Profile>

    <Profile name="mohListSliderBackground" extends="horizontalGlassListSliderBackground">
        <Value name="positionOrigin" value="topRight" />
        <Value name="screenAlign" value="topRight" />
        <Value name="size" value="26px 770px" />
        <Value name="position" value="-1px -1px" />
    </Profile>

    <Profile name="mohListSlider" extends="horizontalGlassListSlider">
        <Value name="screenAlign" value="topRight" />
        <Value name="positionOrigin" value="topRight" />
        <Value name="direction" value="y" />
        <Value name="position" value="-5px -5px" />
        <Value name="sliderSize" value="16px 100px" />
        <Value name="handleFocus" value="false" />
        <Value name="size" value="16px 760px" />
    </Profile>

    <Profile name="mohListItem" extends="listItem">
        <Value name="imageColor" value="$preset_colorListRowBackground" />
        <Value name="imageFocusedColor" value="$preset_colorMainUI" />
        <Value name="imageSelectedColor" value="$preset_colorMainUI" />
        <Value name="size" value="500px 55px" />
        <Value name="position" value="0px 0px" />
    </Profile>

    <Profile name="mohListItemAlternate" extends="mohListItem" with="alternateRow" />

    <Profile name="mohObjectNameText" extends="textDefault" with="anchorMiddleLeft">
        <Value name="textSize" value="20px" />
        <Value name="textBold" value="true" />
        <Value name="size" value="285px 30px" />
        <Value name="textAlignment" value="left" />
        <Value name="position" value="10px 2px" />
    </Profile>

    <Profile name="mohDateText" extends="textDefault" with="anchorTopRight">
        <Value name="textSize" value="15px" />
        <Value name="textBold" value="false" />
        <Value name="size" value="185px 20px" />
        <Value name="textAlignment" value="right" />
        <Value name="position" value="-10px -7px" />
    </Profile>

    <Profile name="mohPlayerText" extends="textDefault" with="anchorBottomRight">
        <Value name="textSize" value="15px" />
        <Value name="textBold" value="false" />
        <Value name="size" value="185px 20px" />
        <Value name="textAlignment" value="right" />
        <Value name="position" value="-10px 7px" />
    </Profile>

    <Profile name="mohListEmptyBox" with="anchorMiddleCenter">
        <Value name="position" value="-13px 30px" />
        <Value name="size" value="490px 100px" />
    </Profile>

    <Profile name="mohListEmptyBoxText" extends="ingameMenuContractsEmptyText">
        <Value name="textSize" value="22px" />
    </Profile>

    <Profile name="mohCameraBox" extends="emptyPanel" with="lightFrame">
        <Value name="size" value="1057px 772px" />
        <Value name="position" value="600px 30px" />
        <Value name="screenAlign" value="topRight" />
        <Value name="positionOrigin" value="topRight" />
    </Profile>

    <Profile name="mohCamera">
        <Value name="size" value="1055px 770px" />
        <Value name="position" value="-1px -1px" />
        <Value name="screenAlign" value="topRight" />
        <Value name="positionOrigin" value="topRight" />
    </Profile>
</GUIProfiles>
