<?xml version="1.0" encoding="utf-8" standalone="no"?>
<GUI onOpen="onOpen" onClose="onClose" onCreate="onCreate">
    <GuiElement type="bitmap" profile="uiFullInGameBackground" />
    <!-- Body - Central -->
    <GuiElement type="bitmap" profile="uiElementContainerFullScreen">
	  <GuiElement type="bitmap" profile="uiElementCenter" size="1660px 828px">
        <GuiElement type="bitmap" profile="headerBoxDocked">
            <GuiElement type="text" profile="headerText" text="$l10n_moh_gui_title" />
        </GuiElement>

        <GuiElement type="empty" profile="mohIngameMenuSettingsBox">
            <GuiElement type="empty" profile="mohListBox">
                <GuiElement type="list" profile="mohList" onSelectionChanged="onSelectionChanged" id="mohList">
                    <GuiElement type="listItem" profile="mohListItem" id="mohListItemTemplate">
                        <GuiElement type="text" profile="mohObjectNameText" text="Name of the object" />
                        <GuiElement type="text" profile="mohDateText" text="08/04/2021 15:43:29" />
                        <GuiElement type="text" profile="mohPlayerText" text="TyKonKet" />
                    </GuiElement>
                </GuiElement>

                <GuiElement type="threePartBitmap" profile="verticalListSliderRightDocked">
                    <GuiElement type="slider" profile="verticalListSliderBar" dataElementId="mohList" handleFocus="false" />
                </GuiElement>

                <GuiElement type="bitmap" profile="mohListEmptyBox" id="mohLHOBox">
                    <GuiElement type="text" profile="ingameMenuContractsEmptyText" text="$l10n_moh_gui_loading_text" />
                </GuiElement>

                <GuiElement type="bitmap" profile="mohListEmptyBox" visible="false" id="mohNOHBox">
                    <GuiElement type="text" profile="mohListEmptyBoxText" text="$l10n_moh_gui_no_objects_text" />
                </GuiElement>
            </GuiElement>
            <GuiElement type="empty" profile="mohCameraBox">
                <GuiElement type="camera" profile="mohCamera" id="mohCamera" />
            </GuiElement>
        </GuiElement>
      </GuiElement>
    </GuiElement>

    <GuiElement type="flowLayout" profile="buttonBoxDocked" screenAlign="bottomLeft" positionOrigin="bottomLeft" position="130px 77px">
        <GuiElement type="button" profile="buttonBack" text="$l10n_button_back" onClick="onClickBack" />
        <GuiElement type="button" profile="buttonCancel" text="$l10n_moh_gui_button_restore" onClick="onClickCancel" id="mohRestoreButton" />
    </GuiElement>
</GUI>