<?xml version="1.0" encoding="utf-8" standalone="no" ?>
<wheel xmlns:xsi="http://www.w3.org/2001/XMLSchema-instance" xsi:noNamespaceSchemaLocation="../../../../../../shared/xml/schema/wheel.xsd">
    <brand>NOKIAN</brand>
    <name>TRI 2</name>
    <default>
        <physics radius="0.676" width="0.4" mass="0.133" tireType="street" frictionScale="1.60" maxLongStiffness="8" maxLatStiffness="100" maxLatStiffnessLoad="2" />
        <tire filename="$data/shared/wheels/tires/nokian/TRI2/R28_TRI2.i3d" nodeLeft="2|0" nodeRight="2|0" maxDeformation="0.064" sideDeformOffset="0.961" isCareWheel="false" tireTrackAtlasIndex="8" />
        <outerRim filename="$data/shared/wheels/rims/rim001.i3d" node="1|0" widthAndDiam="13 28" />
        <innerRim filename="$data/shared/wheels/rims/rim010.i3d" nodeLeft="0|0" nodeRight="0|1" scale="1 1 1" />
    </default>
    <configurations>
        <configuration id="rim013" >
            <innerRim filename="wheels/rims/rim013.i3d" nodeLeft="0|0|0" nodeRight="0|0|1" offset="0.05"/>
        </configuration>
    </configurations>
</wheel>
