﻿<?xml version="1.0" encoding="utf-8" standalone="no" ?>
<prefabDesc descVersion="1">
<author>FSSA Modding Team</author>
<contributors>
azzajess (Model, Textures)
MAC (Textures, in Game, PREFAB)
</contributors>
<version>1.0.0.0</version>
<title>
<en>Fire Extinguisher</en>
<de>Feuerlöscher</de>
<ru>Огнетушитель</ru>
</title>
	<description>
<en>
<![CDATA[This is a Fire Extinguisher, you can install it in vehicles and also install it in other models]]>
</en>
<de>
<![CDATA[Dies ist ein Feuerlöscher, Sie können ihn in Fahrzeuge und auch in andere Modelle einbauen.]]>
</de>
<ru>
<![CDATA[Огнетушитель, вы можете установить его в транспортные средства.]]>
 </ru>	  
    </description>
	<categories>
        <category>others</category>
    </categories>
    <iconFilename>modIcon.dds</iconFilename>
	<prefabs>
		<prefab name="Fire Extinguisher" i3dFilename="Fire_Extinguisher.i3d" />
    </prefabs>
</prefabDesc>
