<?xml version="1.0" encoding="utf-8" standalone="no" ?>
<wheel xmlns:xsi="http://www.w3.org/2001/XMLSchema-instance" xsi:noNamespaceSchemaLocation="../../../../../../shared/xml/schema/wheel.xsd">
    <brand>TRELLEBORG</brand>
    <name>TM100</name>
    <default>
        <physics radius="0.875" width="0.27" mass="0.146" tireType="mud" frictionScale="1.60" maxLongStiffness="8" maxLatStiffness="100" maxLatStiffnessLoad="2" />
        <tire filename="$data/shared/wheels/tires/trelleborg/TM100/R48_TM100.i3d" nodeLeft="1|0" nodeRight="1|0" maxDeformation="0.053" sideDeformOffset="0.988" isCareWheel="true" tireTrackAtlasIndex="0" />
        <outerRim filename="$data/shared/wheels/rims/rim001.i3d" node="0|0" widthAndDiam="8 48" />
        <innerRim filename="$data/shared/wheels/rims/rim004.i3d" nodeLeft="2|1" nodeRight="2|0" widthAndDiam="8 48" scale="0.5 1 1" />
    </default>
    <configurations>
        <configuration id="dual" >
            <innerRim filename="-" />
        </configuration>
        <configuration id="rim3" >
            <innerRim filename="$data/shared/wheels/rims/rim003.i3d" nodeLeft="0|1" nodeRight="0|0" />
        </configuration>
    </configurations>
</wheel>
