﻿<?xml version="1.0" encoding="utf-8" standalone="no" ?>
<prefabDesc descVersion="1">
    <author>WolfRamXX</author>
    <version>1.1.0.0</version>

	<title>
        <en>Custom Air-Horn Pack</en>
		<de>Custom Air-Horn Paket</de>
    </title>

	<description>
        <en>
            <![CDATA[Custom air-horns for vehicles.

Includes modular set of horns with 3 lengths and basic accessories.

Changelog 1.1.0.0:
- added decorative cap.
- model improved and adapted for colorable materials, material and color can be changed in i3d and via design color configurations in game.]]>
		</en>
		<de>
			<![CDATA[Kundenspezifische Drucklufthörner für Fahrzeuge.

Inklusive modularem Hörnerset mit 3 Längen und grundlegendem Zubehör.

Änderungsprotokoll 1.1.0.0:
- Zierkappe hinzugefügt.
- Modell verbessert und für färbbare Materialien angepasst, Material und Farbe können über Design-Farbkonfigurationen im Spiel geändert werden.]]>
		</de>
	</description>

	<categories>
        <category>others</category>
    </categories>

	<iconFilename>icon.dds</iconFilename>

	<prefabs>
		<prefab name="customAirHorns" i3dFilename="customAirHorns.i3d" />
    </prefabs>
</prefabDesc>
