﻿<?xml version="1.0" encoding="utf-8" standalone="no"?>
<vehicle type="tractor">
    <annotation>Copyright (C) GIANTS Software GmbH, All Rights Reserved.</annotation>
    <storeData>
        <name>
            <en>5556s</en>
	</name>

	<!-- Youtube= HüdaiAydın , Tiktok=hudai.aydin (Abone Mabone oluver be knk,modu indirmişin o kadar bak ne güzel kullanıyorsun abone ol da benim de yüzüm gülsün) -->

        <specs>
            <power>70</power>
            <maxSpeed>60</maxSpeed>
        </specs>
        <functions>
            <function>$l10n_function_tractor</function>
            <function>$l10n_function_tractorFrontloader</function>
        </functions>
        <image>store_7056.dds</image>
        <price>10000</price>
        <lifetime>600</lifetime>
        <rotation>0</rotation>
        <brand>FIAT</brand>
        <category>tractorsS</category>
        <vertexBufferMemoryUsage>2253496</vertexBufferMemoryUsage>
        <indexBufferMemoryUsage>381792</indexBufferMemoryUsage>
        <textureMemoryUsage>18175720</textureMemoryUsage>
        <instanceVertexBufferMemoryUsage>0</instanceVertexBufferMemoryUsage>
        <instanceIndexBufferMemoryUsage>0</instanceIndexBufferMemoryUsage>
    </storeData>
    <base>
        <typeDesc>$l10n_typeDesc_tractor</typeDesc>
        <filename>fiat_7056.i3d</filename>
        <sounds filename="sounds/fiat_7056.xml"/>
        <size width="3.5" length="5"/>
        <components>
            <component centerOfMass="0 0.8 -0.4" solverIterationCount="20" mass="3500"/>
            <component centerOfMass="0 0.0 0"  solverIterationCount="20" mass="3000"/>
            <joint component1="1" component2="2" node="1>0|6" rotLimit="0 0 17" rotLimitSpring="0 0 4000" rotLimitDamping="0 0 75" maxRotDriveForce="0 0 10" rotDriveRotation="0 0 0" rotDriveSpring="0 0 20" rotDriveDamping="0 0 15" breakable="false"/>
        </components>
        <schemaOverlay attacherJointPosition="0 0" name="VEHICLE"/>
        <mapHotspot type="TRACTOR"/>
    </base>
    <wheels>
        <wheelConfigurations>
            <wheelConfiguration name="Klasik" price="0">
                <wheels autoRotateBackSpeed="2.0">
                    <wheel filename="wheels/on/7_50__18.xml" isLeft="true" hasTireTracks="true" hasParticles="true">
                        <physics rotSpeed="1" restLoad="1.5" repr="1>0|0|0" driveNode="1>0|0|0|0" forcePointRatio="0.2" initialCompression="20" suspTravel="0.20" spring="34" damper="40"/>
                    </wheel>
                    <wheel filename="wheels/on/7_50__18.xml" isLeft="false" hasTireTracks="true" hasParticles="true">
                        <physics rotSpeed="1" restLoad="1.5" repr="1>0|1|0" driveNode="1>0|1|0|0|0" forcePointRatio="0.2" initialCompression="20" suspTravel="0.20" spring="34" damper="40"/>
                    </wheel>
                    <wheel filename="wheels/on/7_50__16.xml" isLeft="true" hasTireTracks="true" hasParticles="true">
                        <physics rotSpeed="0" restLoad="1.3" repr="0>0|0" forcePointRatio="0.3" initialCompression="20" suspTravel="0.14" spring="38" damper="50"/>
                    </wheel>
                    <wheel filename="wheels/on/7_50__16.xml" isLeft="false" hasTireTracks="true" hasParticles="true">
                        <physics rotSpeed="0" restLoad="1.3" repr="0>0|1" forcePointRatio="0.3" initialCompression="20" suspTravel="0.14" spring="38" damper="50"/>
                    </wheel>
                    <foliageBendingModifier index="2" minX="-1.2" maxX="1.2"/>
                </wheels>
            </wheelConfiguration>
        </wheelConfigurations>
        <ackermannSteeringConfigurations>
            <ackermannSteering rotSpeed="70" rotMax="54" rotCenterWheel1="3" rotCenterWheel2="4"/>
        </ackermannSteeringConfigurations>
    </wheels>
    <licensePlates>
        <licensePlate node="licensePlateNodeFront" position="FRONT" preferedType="SQUARISH" placementArea="0.1 0.2 0.1 0.2"/>
        <licensePlate node="licensePlateNodeBack" position="BACK" preferedType="SQUARISH" placementArea="0.09 0.27 0.075 0.27"/>
    </licensePlates>

    <lights>
        <sharedLight linkNode="0>2|0|0" filename="$data/shared/assets/lights/lizard/frontLight07_left.xml"/>
        <sharedLight linkNode="0>2|0|1" filename="$data/shared/assets/lights/lizard/frontLight07_right.xml"/>
        <sharedLight linkNode="0>11|3|2|0|1" filename="$data/shared/assets/lights/lizard/frontLightRectangle_02_left.xml"/>
        <sharedLight linkNode="0>11|3|2|0|2" filename="$data/shared/assets/lights/lizard/frontLightRectangle_02_right.xml"/>
        <sharedLight linkNode="0>2|0|2" filename="$data/shared/assets/lights/lizard/rearLight12_left.xml"/>
        <sharedLight linkNode="0>2|0|3" filename="$data/shared/assets/lights/lizard/rearLight12_right.xml"/>
        <sharedLight linkNode="0>11|3|2|0|3" filename="lights/frontLights.xml"/>
        <sharedLight linkNode="0>11|3|2|0|4" filename="lights/frontLights.xml"/>
        <sharedLight linkNode="0>11|3|2|0|5" filename="lights/backLights.xml"/>
        <sharedLight linkNode="0>11|3|2|0|6" filename="lights/backLights.xml"/>
        <states>
            <state lightTypes="0"/>
            <state lightTypes="0 1"/>
            <state lightTypes="0 1 2"/>
			<state lightTypes="0 1 2 3"/>
        </states>
        <realLights>
            <low>
                <light node="frontLightLow"       lightTypes="0" excludedLightTypes="2 3" />
                <light node="workLightBackLow"    lightTypes="1"/>
                <light node="workLightFrontLow"   lightTypes="2"/>
                <light node="highBeamLow"         lightTypes="3" />
				<light node="0>2|13" lightTypes="0"/>
                <light node="0>11|1|1|5"          lightTypes="1 3"/>
                <light node="0>11|3|0|3"          lightTypes="1 3"/>
            </low>
            <high>
                <light node="frontLightHigh"        lightTypes="0 3"/>
                <light node="workLightBackHigh"    lightTypes="1"/>
				<light node="workLightBackHighth"    lightTypes="3"/>
				<light node="workLightBackHighth2"    lightTypes="3"/>
                <light node="workLightFrontHigh"   lightTypes="2"/>
                <light node="highBeamHigh"          lightTypes="3"/>
                <brakeLight node="0>2|3|0"/>
                <turnLightLeft node="0>2|4|0" />
                <turnLightRight node="0>2|4|1" />
                <turnLightLeft node="0>11|3|2|3|0" />
                <turnLightRight node="0>11|3|2|3|1" />
            
            </high>
        </realLights>
        <defaultLights>
            <defaultLight shaderNode="0>2|1|0" lightTypes="0 3" intensity="30"/>
            <defaultLight shaderNode="0>2|7|0" lightTypes="1" intensity="100"/>
            <defaultLight shaderNode="0>2|8|0" lightTypes="1" intensity="100"/>
            <defaultLight shaderNode="0>2|7|1" lightTypes="1" intensity="100"/>
            <defaultLight shaderNode="0>2|7|2" lightTypes="1" intensity="100"/>
            <defaultLight shaderNode="0>2|7|3" lightTypes="1" intensity="100"/>
            <defaultLight shaderNode="0>2|7|4" lightTypes="1" intensity="100"/>
            <defaultLight shaderNode="0>2|7|5" lightTypes="1" intensity="100"/>
            <defaultLight shaderNode="0>2|7|0" lightTypes="2 3" intensity="100"/>
            <defaultLight shaderNode="0>11|1|1|6" lightTypes="2 3" intensity="100"/>
            <defaultLight shaderNode="0>11|1|1|7" lightTypes="2 3" intensity="100"/>
            <defaultLight shaderNode="0>11|1|1|8" lightTypes="1 3" intensity="100"/>
            <defaultLight shaderNode="0>11|1|1|9" lightTypes="1 3" intensity="100"/>
            <defaultLight shaderNode="0>11|1|1|10" lightTypes="1 3" intensity="100"/>
            <defaultLight shaderNode="0>11|3|0|4" lightTypes="1 3" intensity="100"/>
            <defaultLight shaderNode="0>11|3|0|5" lightTypes="1 3" intensity="100"/>
            <defaultLight shaderNode="0>11|3|0|3" lightTypes="2 3" intensity="100"/>
            <defaultLight shaderNode="0>11|1|1|5" lightTypes="2 3" intensity="100"/>
        </defaultLights>

        <beaconLights>
            <beaconLight node="0>11|3|0|2" filename="$data/shared/assets/beaconLights/lizard/beaconLight03.xml" />
            <beaconLight node="0>11|1|0" filename="$data/shared/assets/beaconLights/lizard/beaconLight03.xml" />
            <beaconLight node="0>2|5|0" filename="cakarlar/FBK2.0_Frontblitz.xml"/>
            <beaconLight node="0>11|3|0|1|2" filename="prefabs/FS19_smallBeaconBar_prefab/rotator.xml"/>
            <beaconLight node="0>11|3|0|1|3" filename="prefabs/FS19_smallBeaconBar_prefab/rotator.xml"/>
            <beaconLight node="cakarlar2" filename="cakarlar/FBK2.1_Frontblitz.xml"/>
        </beaconLights>
        <dashboards>
            <dashboard displayType="EMITTER" valueType="lightState" node="0>9|0|0|4|4|0" baseColor="BLACK" emitColor="GREEN" intensity="10" lightTypes="0" excludedLightTypes="4" groups="MOTOR_ACTIVE"/>
            <dashboard displayType="EMITTER" valueType="lightState" node="0>9|0|0|4|5|0" baseColor="BLACK" emitColor="0.13 0.2 0.9 1" intensity="10" lightTypes="1" excludedLightTypes="4" groups="MOTOR_ACTIVE"/>
            <dashboard displayType="emitter" valueType="turnLightLeft" node="0>9|0|0|4|2|0" baseColor="BLACK" emitColor="GREEN" groups="MOTOR_ACTIVE"/>
            <dashboard displayType="emitter" valueType="turnLightRight" node="0>9|0|0|4|3|0" baseColor="BLACK" emitColor="GREEN" groups="MOTOR_ACTIVE"/>
            <dashboard displayType="emitter" valueType="turnLightAny" node="0>9|0|0|4|0|1" baseColor="BLACK" emitColor="GREEN" groups="MOTOR_ACTIVE FRONT_ATTACHMENT"/>
            <dashboard displayType="emitter" valueType="turnLightLeft" node="0>9|0|0|4|0|0" baseColor="BLACK" emitColor="GREEN" groups="MOTOR_ACTIVE FRONT_ATTACHMENT"/>
            <dashboard displayType="emitter" valueType="turnLightRight" node="0>9|0|0|4|0|2" baseColor="BLACK" emitColor="GREEN" groups="MOTOR_ACTIVE FRONT_ATTACHMENT"/>
            <dashboard displayType="emitter" valueType="turnLightAny" node="0>9|0|0|4|1|0" baseColor="BLACK" emitColor="GREEN" groups="MOTOR_ACTIVE BACK_ATTACHMENT"/>
            <dashboard displayType="emitter" valueType="turnLightLeft" node="0>9|0|0|4|1|1" baseColor="BLACK" emitColor="GREEN" groups="MOTOR_ACTIVE BACK_ATTACHMENT"/>
            <dashboard displayType="emitter" valueType="turnLightRight" node="0>9|0|0|4|1|2" baseColor="BLACK" emitColor="GREEN" groups="MOTOR_ACTIVE BACK_ATTACHMENT"/>
        </dashboards>
    </lights>
    <dashboard>
        <groups>
            <group name="MOTOR_STARTING" isMotorStarting="true"/>
            <group name="MOTOR_ACTIVE" isMotorStarting="true" isMotorRunning="true"/>
            <group name="FRONT_ATTACHMENT" attacherJointIndices="2 5"/>
            <group name="BACK_ATTACHMENT" attacherJointIndices="1 3 4"/>
        </groups>
        <default>
            <dashboard displayType="EMITTER" node="0>9|0|0|4|6|0" baseColor="GREY" emitColor="RED" intensity="1" groups="MOTOR_STARTING"/>
            <dashboard displayType="EMITTER" node="0>9|0|0|4|6|1" baseColor="GREY" emitColor="RED" intensity="1" groups="MOTOR_STARTING"/>
            <dashboard displayType="EMITTER" node="0>9|0|0|4|6|2" baseColor="GREY" emitColor="RED" intensity="1" groups="MOTOR_STARTING"/>
            <dashboard displayType="EMITTER" node="0>9|0|0|4|6|3" baseColor="GREY" emitColor="RED" intensity="1" groups="MOTOR_STARTING"/>
            <dashboard displayType="EMITTER" node="0>9|0|0|4|6|4" baseColor="BLACK" emitColor="RED" intensity="1" groups="MOTOR_ACTIVE"/>
            <dashboard displayType="EMITTER" node="0>9|0|0|4|7|1" baseColor="BLACK" emitColor="RED" intensity="1" groups="MOTOR_STARTING"/>
            <dashboard displayType="EMITTER" node="0>9|0|0|4|7|2" baseColor="BLACK" emitColor="RED" intensity="1" groups="MOTOR_STARTING"/>
            <dashboard displayType="EMITTER" node="0>9|0|0|4|7|0" baseColor="BLACK" emitColor="RED" intensity="1" groups="MOTOR_STARTING"/>
            <dashboard displayType="EMITTER" node="0>9|0|0|4|6|5" baseColor="BLACK" emitColor="RED" intensity="1" groups="MOTOR_STARTING"/>
        </default>
    </dashboard>
    <vehicleTypeConfigurations>
        <vehicleTypeConfiguration name="$l10n_rien" price="0" vehicleType="tractor">
            <objectChange node="0>11|1" visibilityActive="false"/>
            <objectChange node="0>11|3|0" visibilityActive="false"/>
            <objectChange node="0>11|3|1" visibilityActive="false"/>
            <objectChange node="0>11|3|0|0" visibilityActive="false"/>
            <objectChange node="0>11|3|1|0" visibilityActive="false"/>
            <objectChange node="0>11|3|2" visibilityActive="false"/>
            <objectChange node="0>2|0|0" visibilityActive="true"/>
            <objectChange node="0>2|0|1" visibilityActive="true"/>
            <objectChange node="0>11|3|2|0|1" visibilityActive="false"/>
            <objectChange node="0>11|3|2|0|2" visibilityActive="false"/>
            <objectChange node="0>11|3|2|0|3" visibilityActive="false"/>
            <objectChange node="0>11|3|2|0|4" visibilityActive="false"/>
            <objectChange node="0>11|3|2|0|5" visibilityActive="false"/>
            <objectChange node="0>11|3|2|0|6" visibilityActive="false"/>
            <objectChange node="0>11|3|2|3" visibilityActive="false"/>
            <objectChange node="0>2|4" visibilityActive="true"/>
        </vehicleTypeConfiguration>
        <vehicleTypeConfiguration name="$l10n_Gyro" price="50" vehicleType="tractor">
            <objectChange node="0>11|1" visibilityActive="true"/>
            <objectChange node="0>11|3|0" visibilityActive="false"/>
            <objectChange node="0>11|3|1" visibilityActive="false"/>
            <objectChange node="0>11|3|0|0" visibilityActive="false"/>
            <objectChange node="0>11|3|1|0" visibilityActive="false"/>
            <objectChange node="0>11|3|2" visibilityActive="false"/>
            <objectChange node="0>2|0|0" visibilityActive="true"/>
            <objectChange node="0>2|0|1" visibilityActive="true"/>
            <objectChange node="0>11|3|2|0|1" visibilityActive="false"/>
            <objectChange node="0>11|3|2|0|2" visibilityActive="false"/>
            <objectChange node="0>11|3|2|0|3" visibilityActive="false"/>
            <objectChange node="0>11|3|2|0|4" visibilityActive="false"/>
            <objectChange node="0>11|3|2|0|5" visibilityActive="false"/>
            <objectChange node="0>11|3|2|0|6" visibilityActive="false"/>
            <objectChange node="0>11|3|2|3" visibilityActive="false"/>
            <objectChange node="0>2|4" visibilityActive="true"/>
        </vehicleTypeConfiguration>
        <vehicleTypeConfiguration name="$l10n_cabintype1" price="450" vehicleType="tractor">
            <objectChange node="0>11|1" visibilityActive="false"/>
            <objectChange node="0>11|3|0" visibilityActive="true"/>
            <objectChange node="0>11|3|1" visibilityActive="false"/>
            <objectChange node="0>11|3|0|0" visibilityActive="true"/>
            <objectChange node="0>11|3|1|0" visibilityActive="false"/>
            <objectChange node="0>11|3|2" visibilityActive="false"/>
            <objectChange node="0>2|0|0" visibilityActive="true"/>
            <objectChange node="0>2|0|1" visibilityActive="true"/>
            <objectChange node="0>11|3|2|0|1" visibilityActive="false"/>
            <objectChange node="0>11|3|2|0|2" visibilityActive="false"/>
            <objectChange node="0>11|3|2|0|3" visibilityActive="false"/>
            <objectChange node="0>11|3|2|0|4" visibilityActive="false"/>
            <objectChange node="0>11|3|2|0|5" visibilityActive="false"/>
            <objectChange node="0>11|3|2|0|6" visibilityActive="false"/>
            <objectChange node="0>11|3|2|3" visibilityActive="false"/>
            <objectChange node="0>2|4" visibilityActive="true"/>
        </vehicleTypeConfiguration>
        <vehicleTypeConfiguration name="$l10n_cabintype2" price="500" vehicleType="tractor">
            <objectChange node="0>11|1" visibilityActive="false"/>
            <objectChange node="0>11|3|0" visibilityActive="true"/>
            <objectChange node="0>11|3|1" visibilityActive="true"/>
            <objectChange node="0>11|3|0|0" visibilityActive="false"/>
            <objectChange node="0>11|3|1|0" visibilityActive="true"/>
            <objectChange node="0>11|3|2" visibilityActive="false"/>
            <objectChange node="0>2|0|0" visibilityActive="true"/>
            <objectChange node="0>2|0|1" visibilityActive="true"/>
            <objectChange node="0>11|3|2|0|1" visibilityActive="false"/>
            <objectChange node="0>11|3|2|0|2" visibilityActive="false"/>
            <objectChange node="0>11|3|2|0|3" visibilityActive="false"/>
            <objectChange node="0>11|3|2|0|4" visibilityActive="false"/>
            <objectChange node="0>11|3|0|3" visibilityActive="true"/>
            <objectChange node="0>11|3|0|4" visibilityActive="true"/>
            <objectChange node="0>11|3|0|5" visibilityActive="true"/>
            <objectChange node="0>2|4" visibilityActive="true"/>
        </vehicleTypeConfiguration>
    </vehicleTypeConfigurations>
    <configurationSets>
        <configurationSet name="$l10n_configuration_valueDefault" isDefault="true">
            <configuration name="design" index="1"/>
        </configurationSet>
        <configurationSet name="$l10n_configuration_frontWeightX" params="175">
            <configuration name="design" index="2"/>
        </configurationSet>
        <configurationSet name="$l10n_configuration_frontWeightX" params="325">
            <configuration name="design" index="3"/>
        </configurationSet>
        <configurationSet name="$l10n_configuration_frontWeightX" params="475">
            <configuration name="design" index="4"/>
        </configurationSet>
        <configurationSet name="$l10n_configuration_frontWeightX" params="575">
            <configuration name="design" index="5"/>
        </configurationSet>
    </configurationSets>
    <designConfigurations>
        <designConfiguration name="0">
            <objectChange node="0>11|0" visibilityActive="false"/>
            <objectChange node="0>11|0|0" visibilityActive="false"/>
            <objectChange node="0>11|0|1" visibilityActive="false"/>
            <objectChange node="0>11|0|2" visibilityActive="false"/>
            <objectChange node="0>11|0|3" visibilityActive="false"/>
        </designConfiguration>
        <designConfiguration name="175" price="150">
            <objectChange node="0>" massActive="2916"/>
            <objectChange node="0>11|0" visibilityActive="true"/>
            <objectChange node="0>11|0|0" visibilityActive="true"/>
            <objectChange node="0>11|0|1" visibilityActive="false"/>
            <objectChange node="0>11|0|2" visibilityActive="false"/>
            <objectChange node="0>11|0|3" visibilityActive="false"/>
        </designConfiguration>
        <designConfiguration name="325" price="200">
            <objectChange node="0>" massActive="3091"/>
            <objectChange node="0>11|0" visibilityActive="true"/>
            <objectChange node="0>11|0|1" visibilityActive="true"/>
            <objectChange node="0>11|0|2" visibilityActive="false"/>
            <objectChange node="0>11|0|3" visibilityActive="false"/>
        </designConfiguration>
        <designConfiguration name="475" price="250">
            <objectChange node="0>" massActive="3241"/>
            <objectChange node="0>11|0" visibilityActive="true"/>
            <objectChange node="0>11|0|2" visibilityActive="true"/>
            <objectChange node="0>11|0|3" visibilityActive="false"/>
        </designConfiguration>
        <designConfiguration name="575" price="300">
            <objectChange node="0>" massActive="3341"/>
            <objectChange node="0>11|0" visibilityActive="true"/>
            <objectChange node="0>11|0|3" visibilityActive="true"/>
        </designConfiguration>
    </designConfigurations>
    <frontloaderConfigurations>
        <frontloaderConfiguration name="$l10n_ui_no" price="0">
            <objectChange node="0>11|2|0|0" visibilityActive="false"/>
        </frontloaderConfiguration>
        <frontloaderConfiguration name="$l10n_ui_yes" price="1500">
            <objectChange node="0>11|2|0|0" visibilityActive="true" visibilityInactive="false"/>
            <attacherJoint node="0>11|2|0|0|0" jointType="attachableFrontloader" lowerTransLimit="0 0 0" lowerRotLimit="0 0 0" moveTime="2" frontAxisLimitJoint="false">
                <schema position="1 0.4" rotation="0" invertX="true"/>
            </attacherJoint>
        </frontloaderConfiguration>
    </frontloaderConfigurations>
    <attacherJoints comboDuration="2">
        <attacherJoint node="0>5|0|0|0|0" upperRotationOffset="0.47" moveTime="2.5" comboTime="1">
            <distanceToGround lower="0.29" upper="1.12"/>
            <rotationNode node="0>5|0|0" lowerRotation="-21 0 0" upperRotation="37 0 0"/>
            <rotationNode2 node="0>5|0|0|0"/>
            <bottomArm rotationNode="0>5|0|1|0" translationNode="0>5|0|1|0|0" referenceNode="0>5|0|1|0|0|3" zScale="-1" startRotation="-10 0 0"/>
            <topArm baseNode="0>5|0|2" filename="upperLink/upperLink.i3d" zScale="-1"/>
            <schema position="1 0" rotation="0" invertX="false"/>
            <objectChange node="0>5|1|0" visibilityActive="false" visibilityInactive="true"/>
        </attacherJoint>
        <attacherJoint node="0>5|1|0|0" jointType="trailer" lowerRotLimit="10 50 50" upperRotRotationOffset="0" allowsJointLimitMovement="false" comboTime="1">
            <distanceToGround lower="0.54" upper="1.04"/>
            <schema position="1 0" rotation="0" invertX="false"/>
            <transNode node="0>5|1|0" minY="0.90" maxY="0.93"/>
        </attacherJoint>
        <attacherJoint node="0>5|1|0|0" jointType="trailerLow" lowerRotLimit="10 50 50" lowerTransLimit="0 0 0" upperRotRotationOffset="0" allowsJointLimitMovement="false" comboTime="1">
            <distanceToGround lower="0.47" upper="0.67"/>
            <schema position="1 0" rotation="0" invertX="false"/>
            <transNode node="0>5|1|0" minY="0.48" maxY="0.75"/>
        </attacherJoint>
        <attacherJoint node="0>5|1|1" jointType="trailer" lowerRotLimit="10 55 50" lowerTransLimit="0 0 0" upperRotRotationOffset="0" allowsJointLimitMovement="false" comboTime="0">
            <schema position="1 0" rotation="0" invertX="true"/>
        </attacherJoint>
    </attacherJoints>
    <powerTakeOffs>
        <output outputNode="0>5|2" attacherJointIndices="1 2 3"/>
    </powerTakeOffs>
    <connectionHoses>
        <target attacherJointIndices="1 2 3" type="hydraulicIn" node="0>5|3|0"/>
        <target attacherJointIndices="1 2 3" type="hydraulicOut" node="0>5|3|1"/>
        <target attacherJointIndices="1 2 3" type="hydraulicIn" node="0>5|3|2"/>
        <target attacherJointIndices="1 2 3" type="hydraulicOut" node="0>5|3|3"/>
        <target attacherJointIndices="1 2 3" type="electric" node="0>5|3|4"/>
    </connectionHoses>
    <enterable isTabbable="true">
        <enterReferenceNode node="0>"/>
        <exitPoint node="0>3"/>
        <cameras>
            <camera node="0>1|0|0" rotatable="true" rotateNode="0>1|0" limit="true" useWorldXZRotation="true" rotMinX="-1.4" rotMaxX="1" transMin="3.5" transMax="40" translation="0 0 5" rotation="-20 180 0">
                <raycastNode node="0>1|2"/>
                <raycastNode node="0>1|3"/>
            </camera>
            <camera node="0>1|1" rotatable="true" limit="true" rotMinX="-1.1" rotMaxX="0.4" transMin="0" transMax="0" useMirror="true" isInside="true"/>
        </cameras>
        <mirrors>
            <mirror node="0>11|1|1|3" prio="1"/>
            <mirror node="0>11|1|1|4" prio="1"/>
        </mirrors>
        <characterNode node="0>4|1|0" cameraMinDistance="1.5" spineRotation="-90 0 90">
            <target ikChain="rightFoot" targetNode="0>4|3"/>
            <target ikChain="leftFoot" targetNode="0>4|2"/>
            <target ikChain="rightArm" targetNode="0>4|0|0|0"/>
            <target ikChain="leftArm" targetNode="0>4|0|0|1"/>
        </characterNode>
        <characterTargetNodeModifier node="0>4|3" transitionTime="0.1">
            <state node="0>4|5|0" referenceNode="0>4|5"/>
            <state node="0>4|4|0" referenceNode="0>4|4"/>
        </characterTargetNodeModifier>
        <dashboards>
            <dashboard displayType="TEXT" valueType="operatingTime" node="numbersOperatingTime" textColor="0.4508 0.6307 0.7157 1" textSize="0.005" textMask="000000.0" font="DIGIT" groups="MOTOR_ACTIVE"/>
        </dashboards>
    </enterable>
    <motorized>
        <consumerConfigurations>
            <consumerConfiguration>
                <consumer fillUnitIndex="1" usage="45" fillType="diesel"/>
                <!-- usage is per hour at max load and max rpm -->
            </consumerConfiguration>
        </consumerConfigurations>
        <differentialConfigurations>
            <differentialConfiguration>
                <differentials>
                    <differential torqueRatio="0.5" maxSpeedRatio="1.3" wheelIndex1="3" wheelIndex2="4"/>
                    <!-- back left-right -->
                </differentials>
            </differentialConfiguration>
        </differentialConfigurations>
        <motorConfigurations>
            <motorConfiguration name="5556" hp="55" price="0">
                <motor torqueScale="0.635" minRpm="1050" maxRpm="3400" maxForwardSpeed="51" maxBackwardSpeed="21" brakeForce="7" lowBrakeForceScale="0.22" dampingRateScale="0.6">
                    <torque rpm="850" torque="0.7"/>
                    <torque rpm="1100" torque="0.5.1"/>
                    <torque rpm="1298" torque="0.9"/>
                    <torque rpm="1584" torque="0.7"/>
                    <torque rpm="1892" torque="0.7"/>
                    <torque rpm="2200" torque="0.8"/>
                    <torque rpm="2700" torque="0.8"/>
                    <torque rpm="3200" torque="0.5"/>
                    <torque rpm="3400" torque="0.8"/>
                </motor>
                <!-- 4 vites, 2 adet vites grubu(takviye,seri), Youtube= HüdaiAydın (Abone oluver be knk,modu indirmişin o kadar bak ne güzel kullanıyorsun) -->

                <transmission autoGearChangeTime="0.5" gearChangeTime="0.4" name="$l10n_info_transmission_manual">

                    <directionChange useGear="true" reverseGearIndex="1" changeTime="0.5"/>
                    <groups type="DEFAULT" changeTime="0.5">
                        <group ratio="0.358" name="Takviye"/>
                        <group ratio="1.000" name="Seri"/>
                    </groups>

                    <forwardGear maxSpeed="12.82" name="1"/>
                    <forwardGear maxSpeed="24.25" name="2"/>
                    <forwardGear maxSpeed="40.26" name="3"/>
                    <forwardGear maxSpeed="51.10" name="4"/>

                    <backwardGear maxSpeed="18.4" name="R"/>
                </transmission>
            </motorConfiguration>
        </motorConfigurations>
        <exhaustEffects>
            <exhaustEffect node="0>7" filename="$data/effects/exhaust/exhaust.i3d" minRpmColor="0 0 0 10" maxRpmColor="0 0 0 10" minRpmScale="0.05" maxRpmScale="0.5" xzRotationsOffset="0 0" xzRotationsForward="-250 0" xzRotationsBackward="50 0" xzRotationsLeft="0 100" xzRotationsRight="0 -100"/>
        </exhaustEffects>
        <motorStartDuration>3000</motorStartDuration>
        <dashboards>
            <dashboard displayType="ANIMATION" valueType="rpm" animName="rpmDisplay" minValueAnim="0" maxValueAnim="3600" groups="MOTOR_ACTIVE"/>
            <dashboard displayType="ANIMATION" valueType="motorTemperature" animName="temperatureDisplay" minValueAnim="20" maxValueAnim="120" groups="MOTOR_ACTIVE"/>
        </dashboards>
    </motorized>
    <animations>
        <animation name="wiperFrontAnimation">
            <part node="wiper" startTime="0.0" endTime="0.7" startRot="0 0 0" endRot="0 0 -100"/>
            <sound template="wiper1" startTime="0" endTime="0.7" direction="1" volumeScale="1.0" pitchScale="0.8" fadeOut="0.1" linkNode="wiper"/>
            <sound template="wiper2" startTime="0" endTime="0.7" direction="-1" volumeScale="1.0" pitchScale="0.8" fadeOut="0.1" linkNode="wiper"/>
        </animation>
        <animation name="rpmDisplay">
            <part node="0>9|0|0|1|0" startTime="0" endTime="0.3" startRot="0 30 0" endRot="0 -245 0"/>
        </animation>
        <animation name="fuelDisplay">
            <part node="0>9|0|0|2|0" startTime="0" endTime="1" startRot="0 0 0" endRot="0 -75 0"/>
        </animation>
        <animation name="temperatureDisplay">
            <part node="0>9|0|0|5|0" startTime="0" endTime="1" startRot="0 0 0" endRot="0 -55 0"/>
        </animation>
    </animations>
    <cylindered>
        <movingTools>
            <movingTool node="0>5|0|1|0">
                <dependentPart node="0>8|0"/>
                <dependentPart node="0>8|1"/>
                <dependentPart node="0>8|2"/>
            </movingTool>
        </movingTools>
        <movingParts>
            <movingPart node="0>8|0" referencePoint="0>5|0|1|0|0|0|2" localReferencePoint="0>8|0|0" referenceFrame="0>5|0|0">
                <dependentPart node="0>8|0|0"/>
                <dependentPart node="0>10|1"/>
            </movingPart>
            <movingPart node="0>8|0|0" referencePoint="0>5|0|1|0|0|0|2" referenceFrame="0>5|0|1|0|0|0|2">
                <dependentPart node="0>8|1"/>
                <dependentPart node="0>8|2"/>
            </movingPart>
            <movingPart node="0>8|1" referencePoint="0>5|0|1|0|0|2" referenceFrame="0>5|0|1|0|0|2"/>
            <movingPart node="0>8|2" referencePoint="0>5|0|1|0|0|1" referenceFrame="0>5|0|1|0|0|1"/>
            <movingPart node="0>10|1" referencePoint="0>8|0|1" referenceFrame="0>8|0|1" scaleZ="true" isActiveDirty="true"/>
            <!-- Flexibles -->
            <!-- 2WD -->
            <movingPart node="0>10|0" referencePoint="1>0|4|1" referenceFrame="1>0|4|2" scaleZ="False" isActiveDirty="true"/>
            <!-- Barre traction -->
            <movingPart node="0>12|9" referencePoint="1>1|3" referenceFrame="1>1|3" scaleZ="true" isActiveDirty="true"/>
            <!-- Verin direction -->
            <movingPart node="1>0|4|0" referencePoint="1>0|1|0|2|1" referenceFrame="1>0|1|0|2|1" isActiveDirty="true">
                <translatingPart node="1>0|4|0|0"/>
            </movingPart>
            <!-- Directions -->
            <!-- 2WD -->
            <movingPart node="1>0|0|0|1" referencePoint="1>0|1|0|1" referenceFrame="1>0|1|0|1" scaleZ="true" isActiveDirty="true"/>
        </movingParts>
    </cylindered>
    <fillUnit>
        <fillUnitConfigurations>
            <fillUnitConfiguration>
                <fillUnits>
                    <fillUnit unit="$l10n_unit_literShort" showOnHud="false" showInShop="false" fillTypes="diesel" capacity="80">
                        <dashboard displayType="ANIMATION" valueType="fillLevel" animName="fuelDisplay" groups="MOTOR_ACTIVE"/>
                    </fillUnit>
                </fillUnits>
            </fillUnitConfiguration>
        </fillUnitConfigurations>
    </fillUnit>
    <drivable>
        <sounds>
            <waterSplash template="WATER_SPLASH_01" linkNode="fiat1300dt_main_component1"/>
        </sounds>
        <steeringWheel node="0>4|0|0" indoorRotation="540" outdoorRotation="50"/>
        <dashboards>
            <dashboard displayType="ROT" valueType="accelerationAxis" node="0>4|4" minRot="0 -25.853 0" maxRot="25 -25.853 0" doInterpolation="true" groups="MOTOR_ACTIVE"/>
            <dashboard displayType="ROT" valueType="decelerationAxis" node="0>4|5" minRot="0 0 0" maxRot="18.1 0 0" doInterpolation="true" groups="MOTOR_ACTIVE"/>
        </dashboards>
    </drivable>
    <suspensions>
        <suspension node="0>4|1" weight="2000" minTranslation="0 -0.01 0.0" maxTranslation="0 0.01 0.0" suspensionParametersX="20 4" suspensionParametersY="5 1" suspensionParametersZ="20 4"/>
        <suspension useCharacterTorso="true" weight="4000" minRotation="0 -5 -5" maxRotation="0 5 5" suspensionParametersY="7 1" suspensionParametersZ="7 1"/>
    </suspensions>
    <ai>
        <agent width="2.5" length="4.65" height="3.0" lengthOffset="1.12" frontOffset="2.795"/>
        <collisionTrigger node="0>6|0" width="2.7" height="2.8"/>
    </ai>
    <baseMaterial>
        <material name="fiat_6566_mat" baseNode="0>12|0">
            <shaderParameter name="colorMat0" value="0.157 0.024 0.008 1"/>
        </material>
    </baseMaterial>
    <foliageBending>
        <bendingNode minX="-1.0" maxX="1.0" minZ="-2.0" maxZ="2.25" yOffset="0.6"/>
        <bendingNode minX="-1.0" maxX="1.0" minZ="-2.0" maxZ="-0.3" yOffset="0.6"/>
    </foliageBending>
    <wearable wearDuration="480" workMultiplier="5" fieldMultiplier="2"/>
    <washable dirtDuration="90" washDuration="1" workMultiplier="3" fieldMultiplier="2"/>
    <i3dMappings>
        <i3dMapping id="frontLightLow" node="0>2|9" />
        <i3dMapping id="workLightBackLow" node="0>2|14|2" />
        <i3dMapping id="workLightFrontLow" node="0>2|14|3" />
        <i3dMapping id="highBeamLow" node="0>2|10" />
        <i3dMapping id="frontLightHigh" node="0>2|11" />
        <i3dMapping id="workLightBackHigh" node="0>2|14|1" />
		<i3dMapping id="workLightBackHighth2" node="0>0|9|2|12-" />
        <i3dMapping id="workLightFrontHigh" node="0>2|14|0" />
        <i3dMapping id="highBeamHigh" node="0>2|12" />
        <i3dMapping id="numbersOperatingTime" node="0>9|0|0|3" />
        <i3dMapping id="fren" node="0>2|3|0" />
        <i3dMapping id="on-sol" node="0>2|4|0" />
        <i3dMapping id="on-sag" node="0>2|4|1" />
        <i3dMapping id="ledler" node="0>11|1|1|5" />
    </i3dMappings>
</vehicle>
