﻿<?xml version="1.0" encoding="utf-8" standalone="no" ?>
<modDesc descVersion="60">
    <author>Hüdai Aydın,Selim Türkmen</author>
    <version>3.0.0.0</version>
    <title>
        <en>TürkFiat 5556</en>
    </title>
    <description>
        <en>
	Turk Fiat 55 56S,
	 Youtube HüdaiAydın kanalında mod'un tanıtım videosunu bulabilirsiniz keyifli oyunlar
	</en>

        <de>
	Turk Fiat 55 56S,
	 Youtube HüdaiAydın kanalında mod'un tanıtım videosunu bulabilirsiniz keyifli oyunlar
	</de>

        <fr>
	Turk Fiat 55 56S,
	 Youtube HüdaiAydın kanalında mod'un tanıtım videosunu bulabilirsiniz keyifli oyunlar
	</fr>
    </description>
    <iconFilename>icon.dds</iconFilename>
    <multiplayer supported="true"/>
    <storeItems>
        <storeItem xmlFilename="fiat7056.xml"/>
    </storeItems>
    <l10n>
        <text name="configuration_LZ">
            <en>Lizard</en>
        </text>
        <text name="configuration_valueTR">
            <en>R34_TM600/R15_3_AW305</en>
        </text>
        <text name="configuration_valueTR1">
            <en>R34_TM600/R15_T510</en>
        </text>
        <text name="configuration_valueTR2">
            <en>R34_TM600/R15_T421</en>
        </text>
        <text name="configuration_valueTR3">
            <en>R30_TM600/R20_TH400</en>
        </text>
        <text name="configuration_valueTR4">
            <en>R28_TM600/R20_TM600</en>
        </text>
        <text name="configuration_valueMC">
            <en>R30_agriBib2/R20_agriBib2</en>
        </text>
        <text name="rien">
            <en>Standard</en>
        </text>
        <text name="Gyro">
            <en>With beacon</en>
            <de>Mit Rundumleuchte</de>
            <fr>Avec gyrophare</fr>
        </text>
        <text name="cabintype1">
            <en>Cabin type 1</en>
            <de>Kabine Typ 1</de>
        </text>
        <text name="cabintype2">
            <en>Cabin type 2</en>
            <de>Kabine Typ 2</de>
        </text>
        <text name="cabintype3">
            <en>Cabin type 3</en>
            <de>Kabine Typ 3</de>
        </text>
        <text name="configuration_weights">
            <en>Frontweight</en>
            <de>Frontgewicht</de>
            <fr>Masses frontale</fr>
        </text>
    </l10n>
</modDesc>
