<?xml version="1.0" encoding="utf-8" standalone="no" ?>
<wheel>
    <default>
        <physics radius="0.560" width="0.34" mass="0.113" tireType="mud" frictionScale="1.60" maxLongStiffness="8" maxLatStiffness="100" maxLatStiffnessLoad="2" />
       <tire filename="$data/shared/wheels/tires/trelleborg/TM600/R24_TM600.i3d" nodeLeft="3|0" nodeRight="3|0" maxDeformation="0.058" sideDeformOffset="0.950" isCareWheel="false" tireTrackAtlasIndex="0" />
        <outerRim filename="$data/shared/wheels/rims/rim001.i3d" node="0|0" widthAndDiam="12 24" />
        <innerRim filename="shared/wheels/rims/mf5400_rims.i3d" nodeLeft="0|0" nodeRight="0|1" scale="1 0.7 0.7" widthAndDiam="12 33" />
    </default>
	<configurations>
        <configuration id="weight1" >
            <additional filename="shared/wheels/weights/wheelweight.i3d" nodeLeft="0|0|0|0" nodeRight="0|1|0|0" scale="1 1.3 1.3" mass="0.5" />
        </configuration>
    </configurations>
</wheel>
