<?xml version="1.0" encoding="utf-8" standalone="no" ?>
<wheel>
    <default>
        <physics radius="0.678" width="0.38" mass="0.129" tireType="mud" frictionScale="1.60" maxLongStiffness="8" maxLatStiffness="100" maxLatStiffnessLoad="2" />
        <tire filename="$data/shared/wheels/tires/trelleborg/TM600/R28_TM600.i3d" nodeLeft="3|0" nodeRight="3|0" maxDeformation="0.065" isCareWheel="false" tireTrackAtlasIndex="0" />
        <outerRim filename="$data/shared/wheels/rims/rim001.i3d" node="0|0" widthAndDiam="13 28" />
        <innerRim filename="shared/wheels/rims/mf5400_rims.i3d" nodeLeft="0|0" nodeRight="0|1" scale="1 0.7 0.7" widthAndDiam="13 40" />
    </default>
	<configurations>
        <configuration id="weight1" >
            <additional filename="shared/wheels/weights/wheelweight.i3d" nodeLeft="0|0|0|0" nodeRight="0|1|0|0" scale="1 1.3 1.3" mass="0.5" />
        </configuration>
    </configurations>
</wheel>
