<?xml version="1.0" encoding="utf-8" standalone="no" ?>
<wheel>
    <default>
        <physics radius="0.79" width="0.42" mass="0.186" tireType="mud" frictionScale="1.60" maxLongStiffness="8" maxLatStiffness="100" maxLatStiffnessLoad="2" />
        <tire filename="$data/shared/wheels/tires/trelleborg/TM600/R34_TM600.i3d" nodeLeft="1|0" nodeRight="1|0" maxDeformation="0.071" sideDeformOffset="0.952" isCareWheel="false" tireTrackAtlasIndex="0" />
        <outerRim filename="$data/shared/wheels/rims/rim001.i3d" node="0|0" widthAndDiam="15 34" />
        <innerRim filename="shared/wheels/rims/mf5400_rims.i3d" nodeLeft="1|1" nodeRight="1|0" scale="1 0.9 0.9" widthAndDiam="16 39" />
    </default>
    <configurations>
        <configuration id="weight1" >
            <additional filename="shared/wheels/weights/wheelweight.i3d" nodeLeft="0|0" nodeRight="0|1" offset="-0.02" scale="1 1.3 1.3" mass="0.5" />
        </configuration>
    </configurations>
</wheel>
