<?xml version="1.0" encoding="utf-8" standalone="no" ?>
<wheel xmlns:xsi="http://www.w3.org/2001/XMLSchema-instance" xsi:noNamespaceSchemaLocation="../../../../../../shared/xml/schema/wheel.xsd">
    <brand>MICHELIN</brand>
    <name>AGRIBIB2</name>
    <default>
        <physics radius="0.596" width="0.28" mass="0.09" tireType="mud" frictionScale="1.60" maxLongStiffness="8" maxLatStiffness="100" maxLatStiffnessLoad="2" />
        <tire filename="$data/shared/wheels/tires/michelin/agriBib2/R28_agriBib2.i3d" nodeLeft="0|0" nodeRight="0|0" maxDeformation="0.048" sideDeformOffset="0.975" isCareWheel="false" tireTrackAtlasIndex="0" />
        <innerRim filename="wheels/rims/Rims.i3d" nodeLeft="2" nodeRight="3" widthAndDiam="35 44" />
   </default>
</wheel>
