﻿<?xml version="1.0" encoding="utf-8" standalone="no" ?>
<vehicle type="plowPacker" xmlns:xsi="http://www.w3.org/2001/XMLSchema-instance" xsi:noNamespaceSchemaLocation="../../../../shared/xml/schema/vehicle.xsd">
    <annotation>Copyright (C) GIANTS Software GmbH, All Rights Reserved.</annotation>

    <storeData>
        <name>GAICR 24x28 com palanque</name>
        <specs>
            <neededPower>170</neededPower>
            <workingWidth>4</workingWidth>
        </specs>
        <functions>
            <function>$l10n_function_plow</function>
        </functions>
        <image>GAICR_com_Palanque.dds</image>
        <price>24000</price>
        <lifetime>600</lifetime>
        <rotation>0</rotation>
        <brand>TATU</brand>
        <category>plows</category>
        <shopTranslationOffset>0 0 0</shopTranslationOffset>
        <shopRotationOffset>0 0 0</shopRotationOffset> 
        <shopFoldingState>1</shopFoldingState>       
        <vertexBufferMemoryUsage>1781504</vertexBufferMemoryUsage>
        <indexBufferMemoryUsage>281600</indexBufferMemoryUsage>
        <textureMemoryUsage>2818048</textureMemoryUsage>
        <audioMemoryUsage>0</audioMemoryUsage>
        <instanceVertexBufferMemoryUsage>0</instanceVertexBufferMemoryUsage>
        <instanceIndexBufferMemoryUsage>0</instanceIndexBufferMemoryUsage>
    </storeData>

    <base>
        <typeDesc>$l10n_typeDesc_plow</typeDesc>
        <filename>GAICR_com_pau.dds</filename>
        <size width="4.8" length="6" lengthOffset="0.15"/>
        <speedLimit value="13" />
        <components>
            <component centerOfMass="0.1 0 0" solverIterationCount="30" mass="3000" />
			<component centerOfMass="0 0 -3.246" solverIterationCount="4" mass="10"/>
			
			<joint component1="1" component2="2" node="0>0|11|0" rotLimit="0 0 0" transLimit="0 0 0"  />
        </components>
        <schemaOverlay attacherJointPosition="0 0" name="IMPLEMENT" />
        <sounds volumeFactor="0.5"/>
    </base>

    <wheels>
        <wheelConfigurations>          
			<wheelConfiguration name="$l10n_configuration_valueDefault" price="0" brand="CONTINENTAL" saveId="CONTINENTAL_DEFAULT">
                <wheels>
                    <wheel filename="Wheels/500_50R17.xml" isLeft="true" hasTireTracks="true" hasParticles="true" >
                         <physics tipOcclusionAreaGroupId="1" restLoad="3.1" repr="0>0|1|0|0|2|1|0" forcePointRatio="0.25"  mass="0.05" initialCompression="25" suspTravel="0.1" spring="42" damper="30" brakeFactor="0.01"/>
                    </wheel>
                    <wheel filename="Wheels/500_50R17.xml" isLeft="false" hasTireTracks="true" hasParticles="true" >
                         <physics tipOcclusionAreaGroupId="1" restLoad="3.1" repr="0>0|1|0|0|2|1|1" forcePointRatio="0.25"  mass="0.05" initialCompression="25" suspTravel="0.1" spring="42" damper="30" brakeFactor="0.01"/>
                    </wheel>

                    <wheel>
                        <physics restLoad="2.3" repr="0>0|6|0" forcePointRatio="0.2" radius="0.2" width="0.25" mass="0.05" initialCompression="60" suspTravel="0.1" spring="60" damper="5" isSynchronized="false"/>
                    </wheel>
                    <wheel>
                        <physics restLoad="2.3" repr="0>0|6|1" forcePointRatio="0.2" radius="0.3" width="0.25" mass="0.05" initialCompression="60" suspTravel="0.1" spring="60" damper="5" isSynchronized="false"/>
                    </wheel>
                    <wheel>
                        <physics restLoad="2.3" repr="0>0|6|2" forcePointRatio="0.2" radius="0.2" width="0.25" mass="0.05" initialCompression="60" suspTravel="0.1" spring="60" damper="5" isSynchronized="false"/>
                    </wheel>
                    <wheel>
                        <physics restLoad="2.3" repr="0>0|6|3" forcePointRatio="0.2" radius="0.3" width="0.25" mass="0.05" initialCompression="60" suspTravel="0.1" spring="60" damper="5" isSynchronized="false"/>
                    </wheel>	
                </wheels>
            </wheelConfiguration>
			
			<wheelConfiguration name="$l10n_configuration_valueTwinWheelsBack" price="0" brand="CONTINENTAL" saveId="CONTINENTAL_DEFAULT">
                <wheels>
                    <wheel filename="$data/shared/wheels/tires/continental/contiHybridHT3/245_70R19_5.xml" isLeft="true" hasTireTracks="true" hasParticles="true" >
                        <physics tipOcclusionAreaGroupId="1" restLoad="1.6" repr="0>0|1|0|0|2|1|0"   forcePointRatio="0.5" initialCompression="10" suspTravel="0.09" spring="160" damper="80" frictionScale="2" brakeFactor="0.01"/>
                        <tire isCareWheel="false"/>
                        <additionalWheel filename="$data/shared/wheels/tires/continental/contiHybridHT3/245_70R19_5.xml" isLeft="true" offset="-0.14" />
                        <innerRim filename="$data/shared/wheels/hubs/hubTrucks.i3d" nodeLeft="7|0" widthAndDiam="15 18" offset="0.16" />
                    </wheel>
                    <wheel filename="$data/shared/wheels/tires/continental/contiHybridHT3/245_70R19_5.xml" isLeft="false" hasTireTracks="true" hasParticles="true" >
                        <physics tipOcclusionAreaGroupId="1" restLoad="1.6" repr="0>0|1|0|0|2|1|1"  forcePointRatio="0.5" initialCompression="10" suspTravel="0.09" spring="160" damper="80" frictionScale="2" brakeFactor="0.01"/>
                        <tire isCareWheel="false"/>
                        <additionalWheel filename="$data/shared/wheels/tires/continental/contiHybridHT3/245_70R19_5.xml" isLeft="false" offset="-0.14" />
                        <innerRim filename="$data/shared/wheels/hubs/hubTrucks.i3d" nodeRight="7|1" widthAndDiam="15 18" offset="0.16" />
                    </wheel>
                    <wheel>
                        <physics restLoad="2.3" repr="0>0|6|0" forcePointRatio="0.2" radius="0.2" width="0.25" mass="0.05" initialCompression="60" suspTravel="0.1" spring="60" damper="5" isSynchronized="false"/>
                    </wheel>
                    <wheel>
                        <physics restLoad="2.3" repr="0>0|6|1" forcePointRatio="0.2" radius="0.3" width="0.25" mass="0.05" initialCompression="60" suspTravel="0.1" spring="60" damper="5" isSynchronized="false"/>
                    </wheel>
                    <wheel>
                        <physics restLoad="2.3" repr="0>0|6|2" forcePointRatio="0.2" radius="0.2" width="0.25" mass="0.05" initialCompression="60" suspTravel="0.1" spring="60" damper="5" isSynchronized="false"/>
                    </wheel>
                    <wheel>
                        <physics restLoad="2.3" repr="0>0|6|3" forcePointRatio="0.2" radius="0.3" width="0.25" mass="0.05" initialCompression="60" suspTravel="0.1" spring="60" damper="5" isSynchronized="false"/>
                    </wheel>
                </wheels>

				<objectChange node="0>0|1|0|0|2|0|0|0" 	translationActive="0.883 0.423 -0.35"/> 
				<objectChange node="0>0|1|0|0|2|0|0|1" 	translationActive="-0.883 0.423 -0.35"/>                  
            </wheelConfiguration>
        </wheelConfigurations>

        
    </wheels>

    <rimColorConfigurations useDefaultColors="false" price="100" >
	    <rimColorConfiguration name="$l10n_ui_colorBlack" color="0.03 0.03 0.03" material="27" price="0" />
		<rimColorConfiguration name="$l10n_ui_colorBlack" color="FIAT_BLACKPAINT" material="27"/>
		<rimColorConfiguration name="$l10n_ui_colorBlack" color="FIAT_BLACKPAINT" material="40"/>	    
    </rimColorConfigurations>

    <workParticles>
        <effect groundReferenceNodeIndex="1" speedThreshold="0">
            <effectNode effectClass="PlowMotionPathEffect" effectType="PLOW" linkNode="0>0|7|0">
                <motionPathEffect textureFilename="$data/vehicles/kverneland/ecomat/ecomatBottomShareArray.dds" numRows="6" rowLength="23" minFade="0.08" speedScale="0.5" />
            </effectNode>
            <effectNode effectClass="PlowMotionPathEffect" effectType="PLOW" linkNode="0>0|7|1">
                <motionPathEffect textureFilename="$data/vehicles/kverneland/ecomat/ecomatBottomShareArray.dds" numRows="6" rowLength="23" minFade="0.08" speedScale="0.5" />
            </effectNode>
            <effectNode effectClass="PlowMotionPathEffect" effectType="PLOW" linkNode="0>0|7|2">
                <motionPathEffect textureFilename="$data/vehicles/kverneland/ecomat/ecomatBottomShareArray.dds" numRows="6" rowLength="23" minFade="0.08" speedScale="0.5" />
            </effectNode>
            <effectNode effectClass="PlowMotionPathEffect" effectType="PLOW" linkNode="0>0|7|3">
                <motionPathEffect textureFilename="$data/vehicles/kverneland/ecomat/ecomatBottomShareArray.dds" numRows="6" rowLength="23" minFade="0.08" speedScale="0.5" />
            </effectNode>
            <effectNode effectClass="PlowMotionPathEffect" effectType="PLOW" linkNode="0>0|7|4">
                <motionPathEffect textureFilename="$data/vehicles/kverneland/ecomat/ecomatBottomShareArray.dds" numRows="6" rowLength="23" minFade="0.08" speedScale="0.5" />
            </effectNode>
            <effectNode effectClass="PlowMotionPathEffect" effectType="PLOW" linkNode="0>0|7|5">
                <motionPathEffect textureFilename="$data/vehicles/kverneland/ecomat/ecomatBottomShareArray.dds" numRows="6" rowLength="23" minFade="0.08" speedScale="0.5" />
            </effectNode>
            <effectNode effectClass="PlowMotionPathEffect" effectType="PLOW" linkNode="0>0|7|6">
                <motionPathEffect textureFilename="$data/vehicles/kverneland/ecomat/ecomatBottomShareArray.dds" numRows="6" rowLength="23" minFade="0.08" speedScale="0.5" />
            </effectNode>
            <effectNode effectClass="PlowMotionPathEffect" effectType="PLOW" linkNode="0>0|7|7">
                <motionPathEffect textureFilename="$data/vehicles/kverneland/ecomat/ecomatBottomShareArray.dds" numRows="6" rowLength="23" minFade="0.08" speedScale="0.5" />
            </effectNode>
            <effectNode effectClass="PlowMotionPathEffect" effectType="PLOW" linkNode="0>0|7|8">
                <motionPathEffect textureFilename="$data/vehicles/kverneland/ecomat/ecomatBottomShareArray.dds" numRows="6" rowLength="23" minFade="0.08" speedScale="0.5" />
            </effectNode>
            <effectNode effectClass="PlowMotionPathEffect" effectType="PLOW" linkNode="0>0|7|9">
                <motionPathEffect textureFilename="$data/vehicles/kverneland/ecomat/ecomatBottomShareArray.dds" numRows="6" rowLength="23" minFade="0.08" speedScale="0.5" />
            </effectNode>
            <effectNode effectClass="PlowMotionPathEffect" effectType="PLOW" linkNode="0>0|7|10">
                <motionPathEffect textureFilename="$data/vehicles/kverneland/ecomat/ecomatBottomShareArray.dds" numRows="6" rowLength="23" minFade="0.08" speedScale="0.5" />
            </effectNode>
            <effectNode effectClass="PlowMotionPathEffect" effectType="PLOW" linkNode="0>0|7|11">
                <motionPathEffect textureFilename="$data/vehicles/kverneland/ecomat/ecomatBottomShareArray.dds" numRows="6" rowLength="23" minFade="0.08" speedScale="0.5" />
            </effectNode>

            <effectNode effectClass="PlowMotionPathEffect" effectType="PLOW" linkNode="0>0|7|12">
                <motionPathEffect textureFilename="$data/vehicles/kverneland/ecomat/ecomatTopShareArray.dds" numRows="6" rowLength="23" minFade="0.08" speedScale="0.5" />
            </effectNode> 
            <effectNode effectClass="PlowMotionPathEffect" effectType="PLOW" linkNode="0>0|7|13">
                <motionPathEffect textureFilename="$data/vehicles/kverneland/ecomat/ecomatTopShareArray.dds" numRows="6" rowLength="23" minFade="0.08" speedScale="0.5" />
            </effectNode> 
            <effectNode effectClass="PlowMotionPathEffect" effectType="PLOW" linkNode="0>0|7|14">
                <motionPathEffect textureFilename="$data/vehicles/kverneland/ecomat/ecomatTopShareArray.dds" numRows="6" rowLength="23" minFade="0.08" speedScale="0.5" />
            </effectNode> 
            <effectNode effectClass="PlowMotionPathEffect" effectType="PLOW" linkNode="0>0|7|15">
                <motionPathEffect textureFilename="$data/vehicles/kverneland/ecomat/ecomatTopShareArray.dds" numRows="6" rowLength="23" minFade="0.08" speedScale="0.5" />
            </effectNode> 
            <effectNode effectClass="PlowMotionPathEffect" effectType="PLOW" linkNode="0>0|7|16">
                <motionPathEffect textureFilename="$data/vehicles/kverneland/ecomat/ecomatTopShareArray.dds" numRows="6" rowLength="23" minFade="0.08" speedScale="0.5" />
            </effectNode> 
            <effectNode effectClass="PlowMotionPathEffect" effectType="PLOW" linkNode="0>0|7|17">
                <motionPathEffect textureFilename="$data/vehicles/kverneland/ecomat/ecomatTopShareArray.dds" numRows="6" rowLength="23" minFade="0.08" speedScale="0.5" />
            </effectNode> 
            <effectNode effectClass="PlowMotionPathEffect" effectType="PLOW" linkNode="0>0|7|18">
                <motionPathEffect textureFilename="$data/vehicles/kverneland/ecomat/ecomatTopShareArray.dds" numRows="6" rowLength="23" minFade="0.08" speedScale="0.5" />
            </effectNode> 
            <effectNode effectClass="PlowMotionPathEffect" effectType="PLOW" linkNode="0>0|7|19">
                <motionPathEffect textureFilename="$data/vehicles/kverneland/ecomat/ecomatTopShareArray.dds" numRows="6" rowLength="23" minFade="0.08" speedScale="0.5" />
            </effectNode> 
            <effectNode effectClass="PlowMotionPathEffect" effectType="PLOW" linkNode="0>0|7|20">
                <motionPathEffect textureFilename="$data/vehicles/kverneland/ecomat/ecomatTopShareArray.dds" numRows="6" rowLength="23" minFade="0.08" speedScale="0.5" />
            </effectNode> 
            <effectNode effectClass="PlowMotionPathEffect" effectType="PLOW" linkNode="0>0|7|21">
                <motionPathEffect textureFilename="$data/vehicles/kverneland/ecomat/ecomatTopShareArray.dds" numRows="6" rowLength="23" minFade="0.08" speedScale="0.5" />
            </effectNode> 
            <effectNode effectClass="PlowMotionPathEffect" effectType="PLOW" linkNode="0>0|7|22">
                <motionPathEffect textureFilename="$data/vehicles/kverneland/ecomat/ecomatTopShareArray.dds" numRows="6" rowLength="23" minFade="0.08" speedScale="0.5" />
            </effectNode> 
            <effectNode effectClass="PlowMotionPathEffect" effectType="PLOW" linkNode="0>0|7|23">
                <motionPathEffect textureFilename="$data/vehicles/kverneland/ecomat/ecomatTopShareArray.dds" numRows="6" rowLength="23" minFade="0.08" speedScale="0.5" />
            </effectNode> 

			<effectNode effectClass="CultivatorMotionPathEffect" effectType="CULTIVATOR" linkNode="1>2|0|0">
                <motionPathEffect textureFilename="$data/vehicles/dalbo/powerRoll1230/rollerEffect01Array.dds" numRows="20" rowLength="18" density="1" densityScale="1" />
            </effectNode>
			<effectNode effectClass="CultivatorMotionPathEffect" effectType="CULTIVATOR" linkNode="1>2|0|1">
                <motionPathEffect textureFilename="$data/vehicles/dalbo/powerRoll1230/rollerEffect01Array.dds" numRows="20" rowLength="18" density="1" densityScale="1"/>
            </effectNode>
			<effectNode effectClass="CultivatorMotionPathEffect" effectType="CULTIVATOR" linkNode="1>2|0|2">
                <motionPathEffect textureFilename="$data/vehicles/dalbo/powerRoll1230/rollerEffect01Array.dds" numRows="20" rowLength="18" density="1" densityScale="1"/>
            </effectNode>
        </effect>
        <particle>
            <node node="0>0|8|0" refNodeIndex="1" particleType="SOIL_SMOKE" emitCountScale="3"/>
            <node node="0>0|8|1" refNodeIndex="1" particleType="SOIL_SMOKE" emitCountScale="3"/>
        </particle>        
    </workParticles>

   <speedRotatingParts>
        <speedRotatingPart node="0>0|2|0|0"      radius="0.73"  foldMinLimit="0" foldMaxLimit="0.02" groundReferenceNodeIndex="1"/>
        <speedRotatingPart node="0>0|2|1|0"      radius="0.73"  foldMinLimit="0" foldMaxLimit="0.02" groundReferenceNodeIndex="1"/>
    </speedRotatingParts> 

    <attachable allowFoldingWhileAttached="false">
        <inputAttacherJoints>
            <inputAttacherJoint node="0>0|1|1|0|0|0|0" jointType="trailerLow" attacherHeight="0.55"/>
        </inputAttacherJoints>
        <brakeForce force="100"/>        
        <support animationName="engate"/>
    </attachable>   

    <powerConsumer forceNode="0>" maxForce="21" neededMaxPtoPower="0"/>

   <connectionHoses>
       <hose inputAttacherJointIndices="1" type="hydraulicIn"  node="0>0|1|1|0|0|2|1|0"  length="1.7" diameter="0.035" straighteningFactor="1">
            <objectChange node="0>0|1|1|0|0|2|0" visibilityActive="false" visibilityInactive="true"/>
        </hose>
        <hose inputAttacherJointIndices="1" type="hydraulicOut" node="0>0|1|1|0|0|2|1|1" length="1.6" diameter="0.035" straighteningFactor="1">
        </hose>
    </connectionHoses>

    <groundReferenceNodes>
        <groundReferenceNode node="0>0|3|2" forceFactor="1" threshold="0.05" depthNode="0>0|3|2"/> 
		<groundReferenceNode node="0>0|3|4" forceFactor="1" threshold="0.05" depthNode="0>0|3|4"/>
    </groundReferenceNodes>

    <workAreas>
		<workArea type="plow" functionName="processPlowArea" needsSetIsTurnedOn="false">
            <area startNode="0>0|3|0|0" widthNode="0>0|3|0|1" heightNode="0>0|3|0|2"/>
            <groundReferenceNode index="1"/>
        </workArea>
        <workArea type="plow" functionName="processPlowArea" needsSetIsTurnedOn="false">
            <area startNode="0>0|3|1|0" widthNode="0>0|3|1|1" heightNode="0>0|3|1|2"/>
            <groundReferenceNode index="1"/>
        </workArea>
		
		<workArea type="cultivator" functionName="processCultivatorArea" needsSetIsTurnedOn="false">
            <area startNode="1>1|0" widthNode="1>1|1" heightNode="1>1|2"/>
            <groundReferenceNode index="1"/>
        </workArea>
    </workAreas>	   

    <foldable>
        <foldingConfigurations>
            <foldingConfiguration>
                <foldingParts startMoveDirection="1" foldMiddleAnimTime="1.0" >
                    <foldingPart animationName="eixo" speedScale="0.5" />
                </foldingParts>
            </foldingConfiguration>
        </foldingConfigurations>
    </foldable>  

    <animations>
        <animation name="eixo">
            <part node="0>0|1|0|0" startTime="0" endTime="1" startRot="0 0 0" endRot="25 0 0"/>
			<part node="0>0|1|0|0|2" startTime="0" endTime="1" startRot="0 0 0" endRot="25 0 0"/>
			<part node="0>0|1|1|0|0|1|0" startTime="0" endTime="1" startRot="-14.81 0 0" endRot="15 0 0"/>
			<part node="0>0|1|1|0|0|1|0|0" startTime="0" endTime="1" startRot="14.81 0 0" endRot="-22 0 0"/>
			<part node="0>0|1|0|0|2|2|0" startTime="0" endTime="1" startRot="0 0 0" endRot="-42 0 0"/>
			<part node="0>0|4|0|0" startTime="0" endTime="1" startRot="22 0 0" endRot="24 0 0"/>
			<part node="0>0|1|0|0|2|3" startTime="0" endTime="1" startRot="23.358 0 0" endRot="0 0 0"/>
            	       
        </animation>

        <animation name="engate">
            <part node="0>0|1|1|0|0|0|1" startTime="0" endTime="1" startRot="0 0 0" endRot="93 0 0"/>  
            <part node="0>0|1|0|0" startTime="0" endTime="1" startRot="0 0 0" endRot="0 0 0"/>  
           	
            <part node="0>0|1|1|0|0" startTime="0" endTime="1" startRot="0 0 0" endRot="0 0 0"/>   
            <part node="0>0|1|1|0|0|0|2" startTime="1" endTime="1.01" endTrans="0.035 -0.26251578 -0.7918852" startTrans="0.035 0.22453044 -0.7918852"/>   
            <part node="0>0|1|1|0|0|0|2" startTime="1" endTime="1.01" visibility="true" />   
            <part node="0>0|1|1|0|0|0|2" startTime="0" endTime="1" visibility="false" />          
        </animation>
    </animations>

    <cylindered>
        <movingTools>
            <movingTool node="0>0|1|0|0" wheelIndices="1 2" playSound="true">                
            </movingTool> 
            <movingTool node="0>0|1|1|0|0" playSound="true">
                <inputAttacherJoint value="true" />
            </movingTool>                        
        </movingTools>

        <movingParts>  
           
        </movingParts>        
    </cylindered> 

	

    <designConfigurations title="pesos">
        <designConfiguration name="$l10n_configuration_valueDesign01" price="0">
			<objectChange node="0>0|10|0" visibilityActive="false"/>
			<objectChange node="0>0|10|1" visibilityActive="false"/>
		</designConfiguration>
		<designConfiguration name="$l10n_configuration_valueDesign02" price="0">
			<objectChange node="0>0|10|0" visibilityActive="true"/>
			<objectChange node="0>0|10|1" visibilityActive="true"/>
			<objectChange node="0>" massActive="4000" />
            <objectChange node="0>" centerOfMassActive="0 0 0" />
		</designConfiguration>
	</designConfigurations>
	

    <foliageBending>
        <bendingNode minX="-2" maxX="2" minZ="0.485" maxZ="1.433" yOffset="0.4" node="0>" />
        <bendingNode minX="-2" maxX="2" minZ="-0.908" maxZ="-1.852" yOffset="0.4" node="0>" />
    </foliageBending>
    <ai>
        <needsLowering value="true"/>
        <areaMarkers leftNode="0>0|5|1" rightNode="0>0|5|2" backNode="0>0|5|3" />
        <collisionTrigger node="0>0|5|0" width="6.7" height="1.7"/>
        <allowTurnBackward value="false"/>
        <toolReverserDirectionNode node="0>0|5|3"/>
        <agentAttachment jointNode="0>0|1|1|0|0|0|0" rotCenterWheelIndices="1 2" width="4.1" height="1.324" length="5.402" lengthOffset="2.809"/>        
    </ai>
	<baseMaterial>
        <material name="chassis" baseNode="0>0">
            <shaderParameter name="colorMat0" value="0.494 0.001 0.003 27"/>
        </material>
		<material name="gtcr_mat2" baseNode="0>0|9|0">
            <shaderParameter name="colorMat0" value="0.494 0.001 0.003 27"/>
        </material>
		<material name="gtcr_mat3" baseNode="0>0|9|0">
            <shaderParameter name="colorMat1" value="0.494 0.001 0.003 27"/>
        </material>
		<material name="Barra" baseNode="0>0|1|0|0|2|2">
            <shaderParameter name="colorMat0" value="0.494 0.001 0.003 27"/>
        </material>
		<material name="pcbuc" baseNode="0>0|1|0|0|2|0">
            <shaderParameter name="colorMat0" value="0.494 0.001 0.003 27"/>
        </material>
		<material name="pcbuc" baseNode="0>0|1|0|0|2|0">
            <shaderParameter name="colorMat0" value="0.494 0.001 0.003 27"/>
        </material>
    </baseMaterial>

    <baseMaterialConfigurations price="100" useDefaultColors="false" defaultColorIndex="0">
		<baseMaterialConfiguration name="$l10n_configuration_VERMELHOFOSCO" color="0.494 0.001 0.003" material="27" />	
		<baseMaterialConfiguration name="$l10n_configuration_AZULFOSCO" color="0 0.05 0.42" material="27"/>
	    <baseMaterialConfiguration name="$l10n_configuration_AZULMETALICO" color="FLIEGL_BLUE1" material="27" />
        <material name="chassis" shaderParameter="colorMat0" />
		<material name="gtcr_mat2" shaderParameter="colorMat0" />
		<material name="gtcr_mat3" shaderParameter="colorMat1" />
		<material name="Barra" shaderParameter="colorMat0" />
		<material name="pcbuc" shaderParameter="colorMat0" />
    </baseMaterialConfigurations>

    
    
    <wearable wearDuration="480" workMultiplier="5" fieldMultiplier="2"/>
    <washable dirtDuration="90" washDuration="1" workMultiplier="3" fieldMultiplier="2"/>
</vehicle>