﻿<?xml version="1.0" encoding="utf-8" standalone="no" ?>
<modDesc descVersion="71">
    <author>GBR Modding</author>
   <version>1.0.0.0</version>
	
    <title>
        <en>Grade Aradoura Tatu GAICR 300</en>
	</title>
   
   <description>
 <en><![CDATA[
 Grade Aradoura Tatu GAICR 300
]]>	
 </en>
<de><![CDATA[
Grade Aradoura Tatu GAICR 300
]]>
 </de>
 <br><![CDATA[
 Grade Aradoura Tatu GAICR 300
]]>
 </br>
    </description>
	
    <iconFilename>gaicr.dds</iconFilename>
    <multiplayer supported="true"/>
    <storeItems>
        <storeItem rootNode="vehicle" xmlFilename="GAICR300.xml"/>
		<storeItem rootNode="vehicle" xmlFilename="GAICR_com_pau.xml"/>
    </storeItems>
	
	<brands>
        <brand name="TATU" title="Tatu Marchesan" image="Textures\logo.dds"/>
    </brands>

    <l10n>
        
    </l10n>    
</modDesc>
