﻿<?xml version="1.0" encoding="utf-8" standalone="no" ?>
<vehicle type="plow">
	<annotation>Copyright (C) GIANTS Software GmbH, All Rights Reserved.</annotation>
	<storeData>
        <name>756.10</name>
        <specs>
            <neededPower>30</neededPower>
            <workingWidth>0.68</workingWidth>
        </specs>
        <functions>
            <function>$l10n_function_plow</function>
        </functions>
        <image>store/store1.png</image>
        <price>1500</price>
        <lifetime>600</lifetime>
        <rotation>0</rotation>
        <brand>IMT</brand>
        <category>plows</category>
    </storeData>
	<base>
        <typeDesc>$l10n_typeDesc_plow</typeDesc>
        <filename>imt1.i3d</filename>
        <size width="1.5" length="3"/>
        <speedLimit value="14" />
        <components>
            <component centerOfMass="-0.03 0.67 1.06" solverIterationCount="10" mass="350" />
        </components>
        <schemaOverlay attacherJointPosition="0 0" name="IMPLEMENT" />
        <sounds volumeFactor="0.5"/>
		<mapHotspot type="TOOL" />
    </base>
	<groundReferenceNodes>
        <groundReferenceNode node="0>1|1" threshold="0.05" depthNode="0>1|1"/>
    </groundReferenceNodes>
	<workAreas>
        <workArea type="plow" functionName="processPlowArea" >
            <area startNode="0>1|0|0" widthNode="0>1|0|1" heightNode="0>1|0|2" />
            <groundReferenceNode index="1" />
        </workArea>
    </workAreas>
	<attachable >
        <inputAttacherJoints>
            <inputAttacherJoint node="0>1|2|0" jointType="implement" topReferenceNode="0>1|2|1" upperRotationOffset="12" lowerRotationOffset="20" >
                <distanceToGround lower="0.45" upper="1" />
            </inputAttacherJoint>
        </inputAttacherJoints>
		<support animationName="moveSupport" />
    </attachable>
	<powerConsumer forceNode="0>" maxForce="30" />
	<speedRotatingParts>
        <speedRotatingPart node="0>0|1" radius="0.32" groundReferenceNodeIndex="1"/>
    </speedRotatingParts>
	<animations>
        <!-- support animation -->
        <animation name="moveSupport">
            <part node="0>0|2" startTime="0" endTime="0.1" startTrans="-0.456 0.700 1.3" endTrans="-0.456 0.24 1.3" />
        </animation>
    </animations>
	<workParticles>
		<particle>
            <node node="0>3|0" refNodeIndex="1" particleType="SOIL_SMOKE" emitCountScale="2" speedThreshold="2"/>
        </particle>
		<effect groundReferenceNodeIndex="1" speedThreshold="0">
            <effectNode effectClass="PlowMotionPathEffect" effectType="PLOW" linkNode="0>3|1|0">
                <motionPathEffect textureFilename="$data/vehicles/kverneland/ecomat/ecomatBottomShareArray.dds" numRows="6" rowLength="23" minFade="0.08" speedScale="0.5"/>
            </effectNode>
        </effect>
    </workParticles>
	<ai>
        <needsLowering value="true" />
        <collisionTrigger node="0>2" width="2" height="1"/>
        <areaMarkers leftNode="0>1|0|0" rightNode="0>1|0|1" backNode="0>1|0|2" />     
        <hasNoFullCoverageArea value="true" />
        <agentAttachment width="1.0" height="1" length="3" lengthOffset="-0.2"/>
    </ai>
	<plow>
        <plowConfigurations>
            <plowConfiguration>
                <sounds>
                    <work template="DEFAULT_PLOW_WORK" linkNode="0>" />
                </sounds>
            </plowConfiguration>
        </plowConfigurations>
    </plow>
	<wearable wearDuration="400" workMultiplier="5" fieldMultiplier="2"/>
    <washable dirtDuration="100" washDuration="1" workMultiplier="3" fieldMultiplier="2"/>
</vehicle>