﻿<?xml version="1.0" encoding="utf-8" standalone="no" ?>
<modDesc descVersion="66">
	<author>Udruzenje Nezavisnih Modera</author>
    <version>1.0.0.0</version>
    <title>
        <en>IMT Plows</en>
    </title>
	<description>
        <en>
<![CDATA[IMT 756.10
Price: 1500 €
Max. working speed: 14 kph
Minimum power required: 30 hp 
Working width: 0.68 m
IMT 756.20
Price: 2000 €
Max. working speed: 14 kph
Minimum power required: 50 hp 
Working width: 0.96 m
IMT 756.30
Price: 2500 €
Max. working speed: 14 kph
Minimum power required: 80 hp 
Working width: 1.44 m
IMT 756.40
Price: 3000 €
Max. working speed: 14 kph
Minimum power required: 120 hp 
Working width: 1.76 m]]>
        </en>
        <de>
<![CDATA[IMT 756.10
Preis: 1500 €
Arbeitsgeschwindigkeit: 14 km/h
Benötigte minimum leistung : 30 PS
Arbeitsbreite: 0.68 m
IMT 756.20
Preis: 2000 €
Arbeitsgeschwindigkeit: 14 km/h
Benötigte minimum leistung : 50 PS
Arbeitsbreite: 0.96 m
IMT 756.30
Preis: 2500 €
Arbeitsgeschwindigkeit: 14 km/h
Benötigte minimum leistung : 80 PS
Arbeitsbreite: 1.44 m
IMT 756.40
Preis: 3000 €
Arbeitsgeschwindigkeit: 14 km/h
Benötigte minimum leistung : 120 PS
Arbeitsbreite: 1.76 m]]>
        </de>
		<fr>
<![CDATA[IMT 756.10
Prix: 1500 €
Vitesse de travail : 14 km/h
Puissance mini requise : 30 ch
Largeur de travail : 0.68 m
IMT 756.20
Prix: 2000 €
Vitesse de travail : 14 km/h
Puissance mini requise : 50 ch
Largeur de travail : 0.96 m
IMT 756.30
Prix: 2500 €
Vitesse de travail : 14 km/h
Puissance mini requise : 80 ch
Largeur de travail : 1.44 m
IMT 756.40
Preis: 3000 €
Arbeitsgeschwindigkeit: 14 km/h
Benötigte minimum leistung : 120 PS
Arbeitsbreite: 1.76 m]]>
		</fr>
    </description>
	<multiplayer supported="true" />
    <iconFilename>store/icon_imt_plows.dds</iconFilename>
    <storeItems>
		<storeItem rootNode="vehicle" xmlFilename="imt1.xml"/>
		<storeItem rootNode="vehicle" xmlFilename="imt2.xml"/>
        <storeItem rootNode="vehicle" xmlFilename="imt3.xml"/>
		<storeItem rootNode="vehicle" xmlFilename="imt4.xml"/>
    </storeItems>
	<brands>
		<brand name="IMT" title="IMT" image="store/brend_imt.dds"/>
	</brands>
</modDesc>