<?xml version='1.0' encoding='utf-8' standalone='no'?>
<wheel xmlns:xsi="http://www.w3.org/2001/XMLSchema-instance" xsi:noNamespaceSchemaLocation="../../../../../../shared/xml/schema/wheel.xsd">
    <brand>BKT</brand>
    <name>TF 8181</name>
    <default>
        <physics radius="0.853" width="0.46" mass="0.189" tireType="mud" frictionScale="1.60" maxLongStiffness="8" maxLatStiffness="100" maxLatStiffnessLoad="2" />
        <tire filename="wheels/on/R16_tf8181.i3d" nodeLeft="0|0" nodeRight="1|0" maxDeformation="0.078" isCareWheel="false" tireTrackAtlasIndex="0" />
        <outerRim filename="data/shared/wheels/rims/rim001.i3d" node="0|0" widthAndDiam="16 16" scale="0.48 1 1"/>
        <innerRim filename="wheels/arka/arka-jant.i3d" nodeLeft="0" nodeRight="1" scale="0.92 1.1 1.1" />
    </default>
</wheel>
