<?xml version='1.0' encoding='utf-8' standalone='no'?>
<wheel xmlns:xsi="http://www.w3.org/2001/XMLSchema-instance" xsi:noNamespaceSchemaLocation="../../../../../../shared/xml/schema/wheel.xsd">
    <brand>BKT</brand>
    <name>TF 8181</name>
    <default>
        <physics radius="0.500" width="0.25" mass="0.155" tireType="offRoad" frictionScale="1.60" maxLongStiffness="8" maxLatStiffness="100" maxLatStiffnessLoad="2" />
        <tire filename="wheels/on/-kolaP.i3d" nodeLeft="0|0" nodeRight="0|1" maxDeformation="0.048" isCareWheel="true" tireTrackAtlasIndex="2" />
        <outerRim filename="data/shared/wheels/rims/rim001.i3d" node="0|0" widthAndDiam="12 16" scale="0.48 1 1"/>
        <innerRim filename="wheels/on/-kolaP.i3d" nodeLeft="0|0" nodeRight="0|1" widthAndDiam="6 16" scale="1 1 1"/>
    </default>
</wheel>
</default>
</wheel>
