<?xml version="1.0" encoding="utf-8" standalone="no"?>
<vehicle type="herculano" xmlns:xsi="http://www.w3.org/2001/XMLSchema-instance" xsi:noNamespaceSchemaLocation="https://validation.gdn.giants-software.com/xml/fs22/vehicle.xsd">
    <annotation>Copyright (C) GIANTS Software GmbH, All Rights Reserved.</annotation>

    <storeData>
        <name>Hocaoglu</name>
        <functions>
            <function>$l10n_function_tipper</function>
        </functions>
        <image>store_HCCR175.dds</image>
        <price>735</price>
        <lifetime>600</lifetime>
        <rotation>0</rotation>
        <brand>HERCULANO</brand>
        <category>misc</category>
        <vertexBufferMemoryUsage>277760</vertexBufferMemoryUsage>
        <indexBufferMemoryUsage>57600</indexBufferMemoryUsage>
        <textureMemoryUsage>1376256</textureMemoryUsage>
        <audioMemoryUsage>0</audioMemoryUsage>
        <instanceVertexBufferMemoryUsage>0</instanceVertexBufferMemoryUsage>
        <instanceIndexBufferMemoryUsage>0</instanceIndexBufferMemoryUsage>
    </storeData>

    <base>
        <typeDesc>Box</typeDesc>
        <filename>HCCR_175.i3d</filename>
        <size width="2.5" length="1.5"/>
        <components>
            <component centerOfMass="0 0 0" solverIterationCount="10" mass="150"/>
        </components>
        <schemaOverlay name="IMPLEMENT" attacherJointPosition="0 0"/>
    </base>

    <configurationSets>
        <configurationSet isDefault="true" name="$l10n_configuration_valueDefault">
            <configuration index="1" name="fillVolume"/>
            <configuration index="1" name="fillUnit"/>
            <configuration index="1" name="trailer"/>
            <configuration index="1" name="tensionBelts"/>
        </configurationSet>
    </configurationSets>

    <attachable>
        <inputAttacherJoints>
            <inputAttacherJoint node="attacherJoint" jointType="implement" isControllable="true" lowerRotationOffset="0" lowerRotLimitScale="0 0 0" topReferenceNode="topReferenceNode" upperRotationOffset="1">
                <distanceToGround lower="0" upper="0.8"/>
            </inputAttacherJoint>
        </inputAttacherJoints>
    </attachable>

	<attacherJointControl maxTiltAngle="25">
        <control controlFunction="controlAttacherJointHeight" controlAxis="AXIS_FRONTLOADER_ARM" invertControlAxis="true" mouseSpeedFactor="0.5" iconName="IMPLEMENT_ATTACHER_TRANS" />
        <control controlFunction="controlAttacherJointTilt"   controlAxis="AXIS_FRONTLOADER_TOOL" invertControlAxis="false" mouseSpeedFactor="0.5" iconName="IMPLEMENT_ATTACHER_ROTX" />

        <sounds>
            <hydraulic template="defaultHydraulicSound" linkNode="lizard" />
        </sounds>
    </attacherJointControl>


    <animations>
		<animation name="folding">
			<part node="backDoor" startTime="0" endTime="0" startScale="1 1 1"   endScale="1 1 1"/>
			<part node="backDoor" startTime="0" endTime="0" startTrans="0 0.045 1.518" endTrans="0 0.045 1.518" />
        </animation>
			<animation name="mowingVisAnimation">
			<part node="backDoor"  startTime="0.0" endTime="6" startRot="0 0 0" endRot="-188 0 0" />
        </animation>
		<animation name="tipAnimationBack">
            <part node="backDoor"  startTime="0.0" endTime="6" startRot="0 0 0" endRot="-188 0" />
        </animation>
		<animation name="Tahta1">
            <part node="0>2|1|0|2" startTime="0.01" endTime="0.02" visibility="false"/>
            <part node="0>2|1|0|2" startTime="0" endTime="0.01" visibility="true"/>
        </animation>
		<animation name="Tahta2">
            <part node="0>2|1|0|3" startTime="0.01" endTime="0.02" visibility="false"/>
            <part node="0>2|1|0|3" startTime="0" endTime="0.01" visibility="true"/>
        </animation>
		<animation name="Tahta3">
            <part node="0>2|1|0|4" startTime="0.01" endTime="0.02" visibility="false"/>
            <part node="0>2|1|0|4" startTime="0" endTime="0.01" visibility="true"/>
        </animation>
		<animation name="Tahta4">
            <part node="0>2|1|0|5" startTime="0.01" endTime="0.02" visibility="false"/>
            <part node="0>2|1|0|5" startTime="0" endTime="0.01" visibility="true"/>
        </animation>
    </animations>
	 <simpleIC outsideInteractionTrigger="0>5|0">
        <animation animationName="Tahta1" animationSpeed="1" sharedAnimation="false" soundVolumeIncreasePercentage="0.5">
            <outsideTrigger triggerPoint="0>2|1|1" triggerPointSize="0.04"/>
        </animation>
        <animation animationName="Tahta2" animationSpeed="1" sharedAnimation="false" soundVolumeIncreasePercentage="0.5">
            <outsideTrigger triggerPoint="0>2|1|2" triggerPointSize="0.04"/>
        </animation>
        <animation animationName="Tahta3" animationSpeed="1" sharedAnimation="false" soundVolumeIncreasePercentage="0.5">
            <outsideTrigger triggerPoint="0>2|1|3" triggerPointSize="0.04"/>
        </animation>
		<animation animationName="Tahta4" animationSpeed="1" sharedAnimation="false" soundVolumeIncreasePercentage="0.5">
            <outsideTrigger triggerPoint="0>2|1|4" triggerPointSize="0.04"/>
        </animation>
    </simpleIC>

    <foldable>
        <foldingConfigurations>
            <foldingConfiguration>
                <foldingParts turnOnFoldMaxLimit="1" turnOnFoldMinLimit="0" turnOnFoldDirection="-1">
                    <foldingPart animationName="folding" speedScale="0.1"/>
                </foldingParts>
            </foldingConfiguration>
        </foldingConfigurations>
    </foldable>

    <cylindered>
        <movingTools>
            <movingTool node="backDoor">
                <animation animName="mowingVisAnimation" animSpeed="0.4"/>
                <controls iconName="FRONTLOADER_ARM_ROTATE_TOOL" axis="AXIS_CRANE_ARM4" invertAxis="true" mouseSpeedFactor="0.6"/>
            </movingTool>
        </movingTools>
    </cylindered>

    <fillUnit>
        <fillUnitConfigurations>
            <fillUnitConfiguration>
                <fillUnits>
                    <fillUnit shopDisplayUnit="LITER" capacity="750" fillTypeCategories="SHOVEL">
                        <exactFillRootNode node="exactFillRootNode"/>
                        <autoAimTargetNode node="autoAimFillTargetNode" startZ="0.383" endZ="-0.627" invert="false" startPercentage="28"/>
                    </fillUnit>
					<fillUnit unitTextOverride="$l10n_unit_literShort" fillTypeCategories="SHOVEL" capacity="750" showInShop="false" showOnHud="false"/>
                </fillUnits>
            </fillUnitConfiguration>
        </fillUnitConfigurations>
    </fillUnit>

    <fillVolume>
        <fillVolumeConfigurations>
            <fillVolumeConfiguration>
                <volumes>
                    <volume node="fillVolumeStandard" fillUnitIndex="1" maxAllowedHeapAngle="60" maxDelta="0.5" maxSubDivEdgeLength="0.6"/>
                </volumes>
            </fillVolumeConfiguration>
        </fillVolumeConfigurations>
        <unloadInfos>
            <unloadInfo>
                <node node="fillVolumeUnloadNode" width="1.3" length="0.1"/>
            </unloadInfo>
        </unloadInfos>
        <loadInfos>
            <loadInfo>
                <node node="fillVolumeLoadNode" width="1.3" length="0.1"/>
            </loadInfo>
        </loadInfos>
    </fillVolume>
	
	<dischargeable requiresTipOcclusionArea="false">
        <dischargeNode node="dischargeNode" fillUnitIndex="1" unloadInfoIndex="1" emptySpeed="600" >
            <!-- <raycast node="dischargeNode" maxDistance="30" useWorldNegYDirection="true" yOffset="2"/> -->
            <info width="2.0" length="1" zOffset="0.5"/>
            <effects>
                <effectNode effectClass="TipEffect">
                    <effectNode effectNode="emitterShape" effectClass="ParticleEffect" materialType="unloadingParticle"/>
                    <effectNode effectNode="grainEffect" materialType="unloading" fadeTime="0.5" alignXAxisToWorldY="true" extraDistance="0.15"/>
                </effectNode>
                <effectNode effectNode="smokeEffect" materialType="unloadingSmoke" fadeTime="0.5" />
            </effects>
        </dischargeNode>
    </dischargeable>
	
	<trailer>
        <trailerConfigurations>
            <trailerConfiguration>
                <trailer>
                    <tipSide name="$l10n_info_tipSideBack" dischargeNodeIndex="1">
                        <animation name="tipAnimationBack" speedScale="1" />
                    </tipSide>
                </trailer>
            </trailerConfiguration>
        </trailerConfigurations>
    </trailer>

<!-- 	<shovel>
        <shovelNode node="pickUpNode" fillUnitIndex="1" loadInfoIndex="1" width="2" length="0.4" needsMovement="true" maxPickupAngle="105" foldMaxLimit="1" foldMinLimit="0.5"/>
    </shovel> -->
	
	<shovel>
        <shovelNode node="pickUpNode" fillUnitIndex="1" loadInfoIndex="1" width="2" length="0.4" needsMovement="true" maxPickupAngle="105">
            <movingToolActivation node="backDoor" isInverted="true" openFactor="0.4" />
        </shovelNode>
        <dischargeInfo node="dischargeNode" minSpeedAngle="100" maxSpeedAngle="110" />
    </shovel>
	
	<leveler fillUnitIndex="1" maxFillLevelPerMS="30">
        <levelerNode node="levelerNode" width="1.6" zOffset="0.2" minDropWidth="1" maxDropWidth="2.5" minDropDirOffset="1" maxDropDirOffset="1.5" minFillLevel="0.85">
            <smoothing allowed="true" radius="0.5" overlap="1.7" direction="0"/>
        </levelerNode>

        <pickUpDirection>1</pickUpDirection>
    </leveler>
	
    <tensionBelts>
        <tensionBeltsConfigurations>
            <tensionBeltsConfiguration>
                <tensionBelts linkNode="belts" jointNode="lizard" activationTrigger="beltActivationTrigger" width="0.075" maxEdgeLength="0.1" geometryBias="0.01" ratchetPosition="0.2" defaultOffset="0.1" defaultOffsetSide="0.1" defaultHeight="4">
                    <tensionBelt startNode="beltStart1" endNode="beltEnd1" offsetLeft="1.3"/>
                    <tensionBelt startNode="beltStart2" endNode="beltEnd2" offsetRight="1.2"/>
                </tensionBelts>
            </tensionBeltsConfiguration>
            <tensionBeltsConfiguration>
                <tensionBelts linkNode="belts" jointNode="lizard" activationTrigger="beltActivationTrigger" width="0.075" maxEdgeLength="0.1" geometryBias="0.01" ratchetPosition="0.2" defaultOffset="0.1" defaultOffsetSide="0.1" defaultHeight="4">
                    <tensionBelt startNode="beltStart1" endNode="beltEnd1" offsetLeft="1.3"/>
                    <tensionBelt startNode="beltStart2" endNode="beltEnd2" offsetRight="1.2"/>
                </tensionBelts>
            </tensionBeltsConfiguration>
        </tensionBeltsConfigurations>
    </tensionBelts>

    <foliageBending>
        <bendingNode minX="-0.8" maxX="0.8" minZ="-0.5" maxZ="0.5" yOffset="0.1"/>
    </foliageBending>

    <baseMaterial>
        <material name="kasa_mat" baseNode="0>2|1|0|1">
            <shaderParameter name="colorMat0" value="SHARED_GREY3"/>
        </material>
    </baseMaterial>

    <baseMaterialConfigurations price="500" useDefaultColors="true" defaultColorIndex="19">
       <material name="kasa_mat" shaderParameter="colorMat0" />
    </baseMaterialConfigurations>
	
	<ai>
        <agentAttachment width="2.5" height="1.5" length="1.5" lengthOffset="0"/>
    </ai>


    <wearable wearDuration="480" workMultiplier="5" fieldMultiplier="2"/>
    <washable dirtDuration="90" washDuration="1" workMultiplier="2" fieldMultiplier="2"/>
    <i3dMappings>
        <i3dMapping id="lizard" node="0>"/>
        <i3dMapping id="attacherJoint" node="0>0"/>
        <i3dMapping id="topReferenceNode" node="0>1"/>
        <i3dMapping id="backDoor" node="0>2|0|0"/>
        <i3dMapping id="fillVolumeStandard" node="0>2|0|1|0"/>
        <i3dMapping id="fillVolumeLoadNode" node="0>2|0|1|1"/>
        <i3dMapping id="fillVolumeUnloadNode" node="0>2|0|1|2"/>
        <i3dMapping id="exactFillRootNode" node="0>2|0|1|3"/>
        <i3dMapping id="autoAimFillTargetNode" node="0>2|0|1|4"/>
        <i3dMapping id="emitterShape" node="0>2|0|2|0"/>
        <i3dMapping id="grainEffect" node="0>2|0|2|1"/>
        <i3dMapping id="smokeEffect" node="0>2|0|2|2"/>
		<i3dMapping id="belts" node="0>2|0|6"/>
        <i3dMapping id="beltStart1" node="0>2|0|6|0"/>
        <i3dMapping id="beltEnd1" node="0>2|0|6|0|0"/>
        <i3dMapping id="beltStart2" node="0>2|0|6|1"/>
        <i3dMapping id="beltEnd2" node="0>2|0|6|1|0"/>
        <i3dMapping id="belt1Intersection1" node="0>2|0|6|2"/>
        <i3dMapping id="belt1Intersection2" node="0>2|0|6|2|0"/>
        <i3dMapping id="belt2Intersection1" node="0>2|0|6|3"/>
        <i3dMapping id="belt2Intersection2" node="0>2|0|6|3|0"/>
		<i3dMapping id="dischargeNode" node="0>2|0|4"/>
        <i3dMapping id="pickUpNode" node="0>2|0|5"/>
        <i3dMapping id="levelerNode" node="0>2|0|1|5"/>
		<i3dMapping id="beltActivationTrigger" node="0>4"/>
    </i3dMappings>
</vehicle>
