<?xml version="1.0" encoding="utf-8" standalone="no"?>
<modDesc descVersion="73">
    <author>FSPT Nonnus</author>

    <version>1.0.0.0</version>

    <title>
        <en>Hocaoglu Kasa</en>
    </title>

<description>
<en><![CDATA[
This is a tractor implement. You can use it to carry all bulk cargo, it is also used to transport grain, bales, wood etc ...
It also has a "shovel" function so you can pick up grass from the ground with it.

Price: $735
Capacity: 750 liters
]]></en>
<de><![CDATA[
Dies ist eine Universalmulde, mit der Sie Schutgüter aber auch handliche Materialien transportieren können.
Die Mulde kann zudem als Schaufel verwendet werden, um bspw. Schuttgüter vom Boden aufzusammeln.

Preis: 735 €
Kapazität: 750 Liter
]]></de>
<pt><![CDATA[
Este é um implemento de trator. Você pode usá-lo para transportar toda a carga a granel, também é usado para transportar grãos, fardos, madeira etc...
Ele também tem uma função de "pá" para que você possa pegar a erva do chão com ela.

Preço: 735 $
Capacidade: 750L
]]></pt>
</description>

    <iconFilename>icon_HCCR175.dds</iconFilename>

    <multiplayer supported="true"/>
    <storeItems>
        <storeItem xmlFilename="Herculano.xml"/>
    </storeItems>
	
	<brands>
        <brand name="Herculano" title="Herculano" image="textures/brand_Herculano.dds"/>
    </brands>

    <vehicleTypes>
		 <type name="herculano" parent="baseTipper" filename="$dataS/scripts/vehicles/Vehicle.lua" >
			<specialization name="shovel" />
			<specialization name="bunkerSiloInteractor" />
			<specialization name="attacherJointControl"/>
			<specialization name="dynamicMountAttacher"/>
		</type>
    </vehicleTypes>
</modDesc>
