﻿<?xml version="1.0" encoding="utf-8" standalone="no" ?>
<modDesc descVersion="61">
    <author>Skayer / Caglar</author>
    <version>1.0.0.1</version>
    
    <title>
        <en>New Holland TDD BlueMaster</en>
    </title>

    <description>
        <en>New Holland TDD BlueMaster</en>
    </description>

    <iconFilename>Huds/icon_TDD.dds</iconFilename>
    <multiplayer supported="true"/>

    <storeItems>
        <storeItem xmlFilename="Xml/TDD.xml"/>
    </storeItems>

    <brands>
        <brand name="KLEBER" title="Kleber" image="Huds/brand_Kleber.png"/>
        <brand name="PETLAS" title="Petlas" image="Huds/brand_Petlas.png"/>
    </brands>

    <l10n>
        <text name="configuration_Cakar"><en>Flashing Lamp</en><tr>Çakar Lamba</tr></text>
        <text name="ust"><en>Top</en><tr>Üst</tr></text>
        <text name="alt"><en>Lower</en><tr>Alt</tr></text>
    </l10n>
    
</modDesc>
