<?xml version="1.0" encoding="utf-8" standalone="no"?>
<configuration machineType="bucket" modName="giants" typeName="shovelLeveler" xmlName="telehandlerShovel">
    <terraform>
        <i3d parent="0>" z="0.9">
            <node x="-1.35" />
            <node x="-0.388" />
            <node x="0.388" />
            <node x="1.35" />
        </i3d>
        <modes>
            <mode>NORMAL</mode>
            <mode>LOWER</mode>
            <mode>FLATTEN</mode>
            <mode>SMOOTH</mode>
        </modes>
    </terraform>
    <collision>
        <i3d parent="0>" z="0.9">
            <node x="-1.35" y="-0.1" z="-1.2" />
            <node x="0" y="-0.1" z="-1.2" />
            <node x="1.35" y="-0.1" z="-1.2" />
            <node x="-1.35" y="-0.1" z="0.1" />
            <node x="0" y="-0.1" z="0.1" />
            <node x="1.35" y="-0.1" z="0.1" />
        </i3d>
    </collision>
    <paint>
        <i3d parent="0>" z="0.9">
            <node />
        </i3d>
    </paint>
    <discharge>
        <modes>
            <mode>NORMAL</mode>
            <mode>RAISE</mode>
            <mode>FLATTEN</mode>
            <mode>SMOOTH</mode>
            <mode>PAINT</mode>
        </modes>
    </discharge>
</configuration>