<?xml version="1.0" encoding="utf-8" standalone="no" ?>
<wheel xmlns:xsi="http://www.w3.org/2001/XMLSchema-instance" xsi:noNamespaceSchemaLocation="../../../../../../shared/xml/schema/wheel.xsd">
    <brand>TRELLEBORG</brand>
    <name>TM600</name>
    <default>
        <physics radius="0.577" width="0.32" mass="0.093" tireType="mud" frictionScale="1.60" maxLongStiffness="8" maxLatStiffness="100" maxLatStiffnessLoad="2" />
        <tire filename="$data/shared/wheels/tires/trelleborg/TM600/R24_TM600.i3d" nodeLeft="2|0" nodeRight="2|0" maxDeformation="0.054" sideDeformOffset="0.951" isCareWheel="true" tireTrackAtlasIndex="0" />
        <outerRim filename="$data/shared/wheels/rims/rim001.i3d" node="0|0" widthAndDiam="11 24" />
        <innerRim filename="wheel/Jan2.i3d" nodeLeft="0|0" nodeRight="0|1" widthAndDiam="30 37.2" />
    </default>
</wheel>
