<?xml version="1.0" encoding="utf-8" standalone="no" ?>
<wheel xmlns:xsi="http://www.w3.org/2001/XMLSchema-instance" xsi:noNamespaceSchemaLocation="../../../../../../shared/xml/schema/wheel.xsd">
    <brand>TRELLEBORG</brand>
    <name>TM600</name>
    <default>
        <physics radius="0.772" width="0.34" mass="0.145" tireType="mud" frictionScale="1.60" maxLongStiffness="8" maxLatStiffness="100" maxLatStiffnessLoad="2" />
        <tire filename="$data/shared/wheels/tires/trelleborg/TM600/R38_TM600.i3d" nodeLeft="1|0" nodeRight="1|0" maxDeformation="0.058" sideDeformOffset="0.961" isCareWheel="true" tireTrackAtlasIndex="0" />
        <outerRim filename="$data/shared/wheels/rims/rim001.i3d" node="0|0" widthAndDiam="12 38" />
        <innerRim filename="wheel/jant.i3d" nodeLeft="0|0" nodeRight="0|1" widthAndDiam="46 47" />
    </default>
    <configurations>
        <configuration id="weight3" >
            <additional filename="wheel/Weight.i3d" nodeLeft="0|0" nodeRight="0|1" offset="0.003" scale="1.13 1.1 1.1" mass="0.6" />
        </configuration>
    </configurations>
</wheel>
