﻿<?xml version="1.0" encoding="utf-8" standalone="no" ?>
<modDesc descVersion="66">
    <author>KAYAMODS</author>
    <version>1.0.0.0</version>
    <title>
        <en>NH Nostalgia</en>
        <de>NH Nostalgie</de>
        <fr>NH Nostalgie</fr>
    </title>
    <description>
        <en><![CDATA[It is the nostalgia series of the New Holland brand tractor, with 65 hp power and a price of 33000 euros. It is also referred to as the 66s series and has many color configurations.]]></en>
        <de><![CDATA[Es ist die Nostalgieserie der Traktormarke New Holland, mit 65 PS Leistung und einem Preis von 33000 Euro. Sie wird auch als 66er-Serie bezeichnet und hat viele Farbkonfigurationen.]]></de>
        <fr><![CDATA[C'est la série nostalgique du tracteur de la marque New Holland, avec une puissance de 65 ch et un prix de 33000 euros. Il est également appelé série 66s et propose de nombreuses configurations de couleurs.]]></fr>
    </description>
    <iconFilename>icon_NH.dds</iconFilename>
	<multiplayer supported="true"/>
    <storeItems>
        <storeItem xmlFilename="NH.xml"/>
    </storeItems>
</modDesc>
