﻿<?xml version="1.0" encoding="utf-8" standalone="no"?>
<vehicle type="tractor" xmlns:xsi="http://www.w3.org/2001/XMLSchema-instance" xsi:noNamespaceSchemaLocation="../../../../shared/xml/schema/vehicle.xsd">
    <annotation>Copyright (C) GIANTS Software GmbH, All Rights Reserved.</annotation>
    <storeData>
        <name>
            <en>NH Nostalgia</en></name>
        <specs>
            <power>65</power>
            <maxSpeed>40</maxSpeed>
        </specs>
        <functions>
            <function>$l10n_function_tractor</function>
        </functions>
        <image>store_NH.dds</image>
        <price>33000</price>
        <lifetime>600</lifetime>
        <rotation>0</rotation>
        <brand>NEWHOLLAND</brand>
        <category>tractorsS</category>
        <shopTranslationOffset>0 0.026 0</shopTranslationOffset>
        <shopRotationOffset>0.351 0 0</shopRotationOffset>
        <vertexBufferMemoryUsage>4940032</vertexBufferMemoryUsage>
        <indexBufferMemoryUsage>1348352</indexBufferMemoryUsage>
        <textureMemoryUsage>6225920</textureMemoryUsage>
        <instanceVertexBufferMemoryUsage>0</instanceVertexBufferMemoryUsage>
        <instanceIndexBufferMemoryUsage>0</instanceIndexBufferMemoryUsage>
        <audioMemoryUsage>312200</audioMemoryUsage>
    </storeData>
    <base>
        <typeDesc>$l10n_typeDesc_tractor</typeDesc>
        <filename>NH.i3d</filename>
        <sounds filename="$data/vehicles/masseyFerguson/series3700AL/sounds/series3700AL.xml"/>
        <size width="3" length="4.2" height="2.8" lengthOffset="-0.1"/>
        <components>
            <component centerOfMass="0 0.75 -0.3" solverIterationCount="35" mass="1450"/>
            <component centerOfMass="0 0 0.25" solverIterationCount="10" mass="1385"/>
            <joint component1="1" component2="2" node="frontAxisComponentJoint" rotLimit="0 0 8" rotLimitSpring="0 0 4000" rotLimitDamping="0 0 10" maxRotDriveForce="0 0 10" rotDriveRotation="0 0 0" rotDriveSpring="0 0 10" rotDriveDamping="0 0 10" breakable="false"/>
        </components>
        <schemaOverlay attacherJointPosition="0 0" name="VEHICLE"/>
        <mapHotspot type="TRACTOR"/>
    </base>
    <wheels>
        <wheelConfigurations>
            <wheelConfiguration name="$l10n_configuration_valueDefault" price="0" brand="TRELLEBORG" saveId="TRELLEBORG_DEFAULT">
                <wheels autoRotateBackSpeed="2.3">
                    <wheel filename="$data/shared/wheels/tires/trelleborg/TM600/320_85R20.xml" isLeft="true" hasTireTracks="true" hasParticles="true">
                        <physics rotSpeed="1" restLoad="1.0" repr="wheelFrontLeftRepr" driveNode="wheelFrontLeft" forcePointRatio="0.4" initialCompression="25" suspTravel="0.12" spring="60" damper="35" yOffset="0.02"/>
                        <fender node="fenderLeft" rotMax="20"/>
						<innerRim filename="$data/shared/wheels/rims/rim005.i3d" nodeLeft="1|0" nodeRight="1|1" widthAndDiam="40 40" scale="0.51 0.51 0.51"/>
                        <steering node="steeringBarCenter" nodeMinTransX="0.08" nodeMaxTransX="-0.08"/>
                    </wheel>
                    <wheel filename="$data/shared/wheels/tires/trelleborg/TM600/320_85R20.xml" isLeft="false" hasTireTracks="true" hasParticles="true">                       
						<physics rotSpeed="1" restLoad="1.0" repr="wheelFrontRightRepr" driveNode="wheelFrontRight" forcePointRatio="0.4" initialCompression="25" suspTravel="0.12" spring="60" damper="35" yOffset="0.02"/>
                       <innerRim filename="$data/shared/wheels/rims/rim005.i3d" nodeLeft="1|0" nodeRight="1|1" widthAndDiam="40 40" scale="0.51 0.51 0.51"/>
					   <fender node="fenderRight" rotMin="-20"/>
                    </wheel>
                    <wheel filename="$data/shared/wheels/tires/trelleborg/TM600/380_85R30.xml" isLeft="true" hasTireTracks="true" hasParticles="true">
                        <physics rotSpeed="0" restLoad="0.7" repr="wheelBackLeft" forcePointRatio="0.4" initialCompression="20" suspTravel="0.12" spring="60" damper="35" yOffset="0.02"/>
						<innerRim filename="$data/shared/wheels/rims/rim003.i3d" nodeLeft="1|0" nodeRight="1|1" widthAndDiam="40 40" scale="0.78 0.78 0.78"/>
                    </wheel>
                    <wheel filename="$data/shared/wheels/tires/trelleborg/TM600/380_85R30.xml" isLeft="false" hasTireTracks="true" hasParticles="true">
                        <physics rotSpeed="0" restLoad="0.7" repr="wheelBackRight" forcePointRatio="0.4" initialCompression="20" suspTravel="0.12" spring="60" damper="35" yOffset="0.02"/>
						<innerRim filename="$data/shared/wheels/rims/rim003.i3d" nodeLeft="1|0" nodeRight="1|1" widthAndDiam="40 40" scale="0.78 0.78 0.78"/>
                    </wheel>
                </wheels>
            </wheelConfiguration>
        </wheelConfigurations>
        <rimColor material="0">SHARED_WHITE1</rimColor>
        <ackermannSteeringConfigurations>
            <ackermannSteering rotSpeed="40" rotMax="40" rotCenterWheel1="3" rotCenterWheel2="4"/>
            <ackermannSteering rotSpeed="40" rotMax="31" rotCenterWheel1="3" rotCenterWheel2="4"/>
        </ackermannSteeringConfigurations>
        <hubs>
            <color0>AGCO_GREY3</color0>
            <color1>SHARED_GREY3</color1>
            <hub linkNode="wheelFrontLeft" filename="$data/shared/wheels/hubs/hub_n8_1.xml" isLeft="true" scale="0.18 0.25 0.25" offset="0.02"/>
            <hub linkNode="wheelFrontRight" filename="$data/shared/wheels/hubs/hub_n8_1.xml" isLeft="false" scale="0.18 0.25 0.25" offset="0.02"/>
            <hub linkNode="wheelBackLeft" filename="$data/shared/wheels/hubs/hub_n8_7.xml" isLeft="true" scale="0.25 0.25 0.25"/>
            <hub linkNode="wheelBackRight" filename="$data/shared/wheels/hubs/hub_n8_7.xml" isLeft="false" scale="0.25 0.25 0.25"/>
        </hubs>
    </wheels>
	
	<configurationSets title="$l10n_configuration_frontweight">
        <configurationSet name="$l10n_configuration_valueNo" params="0">
            <configuration name="design" index="1"/>
            <configuration name="attacherJoint" index="1"/>
        </configurationSet>
        <configurationSet name="$l10n_configuration_valueYes" params="350">
            <configuration name="design" index="2"/>
            <configuration name="attacherJoint" index="2"/>
        </configurationSet>
    </configurationSets>
    <designConfigurations title="$l10n_configuration_frontweight">
        <designConfiguration name="$l10n_configuration_valueNo">
            <objectChange node="0>0|11|0" visibilityActive="false"/>
            <foliageBendingModifier index="3" minZ="1.8" maxZ="1.9"/>
        </designConfiguration>
        <designConfiguration name="$l10n_configuration_valueYes" price="300">
            <objectChange node="NH_main_component1" massActive="1600"/>
            <objectChange node="NH_main_component1" centerOfMassActive="0 0.95 -0.3"/>
            <objectChange node="0>0|11|0" visibilityActive="true"/>
        </designConfiguration>
    </designConfigurations>
	
    <lights>
        <states>
            <state lightTypes="0"/>
            <state lightTypes="0 1"/>
            <state lightTypes="0 1 2"/>
        </states>
        <sharedLight linkNode="redRound_01_left" filename="$data/shared/assets/reflectors/lizard/redRound_01.xml"/>
        <sharedLight linkNode="redRound_01_right" filename="$data/shared/assets/reflectors/lizard/redRound_01.xml"/>
		<sharedLight linkNode="0>0|2|1|1" node="0" filename="$data/shared/assets/lights/lizard/workingLight09.xml"/>
		<sharedLight linkNode="0>0|2|3|1" node="0" filename="$data/shared/assets/lights/lizard/rearLight04_left.xml"/>
		<sharedLight linkNode="0>0|2|3|2" node="0" filename="$data/shared/assets/lights/lizard/rearLight04_right.xml"/>
        <realLights>
            <low>
                <light node="0>0|2|2|0" lightTypes="0" excludedLightTypes="2 3"/>
                <light node="workLightBackLow" lightTypes="1"/>
                <light node="workLightFrontLow" lightTypes="2"/>
                <light node="0>0|2|2|1" lightTypes="3"/>
            </low>
            <high>
                <light node="0>0|2|2|2" lightTypes="0" excludedLightTypes="2 3"/>
                <light node="backLightsHigh" lightTypes="0"/>
                <light node="0>0|2|2|4" lightTypes="0"/>
                <light node="workLightBackHigh" lightTypes="2"/>
                <light node="0>0|2|2|3" lightTypes="3"/>
                <brakeLight node="backLightsHigh"/>
                <turnLightLeft node="turnLightLeftFront"/>
                <turnLightRight node="turnLightRightFront"/>
            </high>
        </realLights>
        <defaultLights>
            <defaultLight shaderNode="0>0|2|1|0" lightTypes="0 0"/>
        </defaultLights>
        <beaconLights>
            <beaconLight node="beaconLight07" filename="$data/shared/assets/beaconLights/lizard/beaconLight09.xml"/>
        </beaconLights>
        <dashboards>
            <dashboard displayType="EMITTER" valueType="lightState" node="needleTemperaturePart" intensity="0.5" lightTypes="0" groups="MOTOR_ACTIVE"/>
            <dashboard displayType="EMITTER" valueType="lightState" node="needleRPMPart" intensity="0.5" lightTypes="0" groups="MOTOR_ACTIVE"/>
            <dashboard displayType="EMITTER" valueType="lightState" node="needleFuelPart" intensity="0.5" lightTypes="0" groups="MOTOR_ACTIVE"/>
        </dashboards>
    </lights>
    <attacherJoints comboDuration="2">
        <attacherJoint node="attacherJointBack" lowerRotationOffset="0.58" upperRotationOffset="-0.05" moveTime="2.5" comboTime="1">
            <distanceToGround lower="0.31" upper="1.06"/>
            <rotationNode node="attacherJointBackRot" upperRotation="36 0 0" lowerRotation="-14 0 0"/>
            <rotationNode2 node="attacherJointBackRot2"/>
            <bottomArm rotationNode="attacherJointBackArmBottom" translationNode="attacherJointBackArmBottomTrans" referenceNode="referencePointBackBottom" zScale="-1" startRotation="-14 0 0"/>
            <topArm baseNode="attacherJointBackArmTop" filename="$data/shared/assets/upperLinks/walterscheid02.i3d" zScale="-1" color="AGCO_GREY3"/>
            <schema position="1 0" rotation="0" invertX="false"/>
            <visuals hide="trailerAttacherBackHigh trailerAttacherBackLow"/>
            <objectChange node="attacherJointBackArmTopHolder" visibilityActive="false" visibilityInactive="true"/>
        </attacherJoint>
        <attacherJoint node="trailerAttacherJointFront" jointType="trailer" lowerRotLimit="25 65 50" allowsJointLimitMovement="false" comboTime="0">
            <schema position="1 0" rotation="0" invertX="true"/>
        </attacherJoint>
        <attacherJoint node="trailerAttacherJointBackHigh" jointType="trailer" lowerRotLimit="25 70 50" allowsJointLimitMovement="false" comboTime="1">
            <distanceToGround lower="0.18" upper="0.53"/>
            <transNode node="trailerAttacherBackHigh" minY="0.45" maxY="0.90">
                <dependentBottomArm node="attacherJointBackArmBottom" threshold="0.55" rotation="25 0 0"/>
            </transNode>
            <schema position="1 0" rotation="0" invertX="false"/>
            <visuals nodes="trailerAttacherBackHigh" hide="trailerAttacherBackLow"/>
        </attacherJoint>
        <attacherJoint node="trailerAttacherJointBackLow" jointType="trailerLow" lowerRotLimit="25 60 50" lowerTransLimit="0 0 0" allowsJointLimitMovement="false" comboTime="1">
            <distanceToGround lower="0.40" upper="0.40"/>
            <transNode node="trailerAttacherBackLow" minY="0.437" maxY="0.87">
                <dependentBottomArm node="attacherJointBackArmBottom" threshold="0.65" rotation="45 0 0"/>
            </transNode>
            <schema position="1 0" rotation="0" invertX="false"/>
            <visuals nodes="trailerAttacherBackLow" hide="trailerAttacherBackHigh"/>
        </attacherJoint>
    </attacherJoints>
    <frontloaderConfigurations>
        <frontloaderConfiguration name="$l10n_ui_no" price="0"/>
        <frontloaderConfiguration name="Quicke" price="1500" displayBrand="QUICKE">
            <objectChange node="quickeFrontloaderConsole" visibilityActive="true" visibilityInactive="false"/>
            <attacherJoint node="attacherJointFrontloaderQuicke" jointType="attachableFrontloader" lowerTransLimit="0 0 0" lowerRotLimit="0 0 0" moveTime="2">
                <schema position="0.8 0" rotation="0" invertX="true"/>
            </attacherJoint>
        </frontloaderConfiguration>
    </frontloaderConfigurations>
    <connectionHoses>
        <target attacherJointIndices="1 3 4" type="electric" node="electricBack" socket="electric"/>
        <target attacherJointIndices="1 3 4" type="hydraulicIn" node="hydraulicIn01">
            <objectChange node="hydraulicIn01_cover" rotationActive="60 -68 26" rotationInactive="80 0 0"/>
        </target>
        <target attacherJointIndices="1 3 4" type="hydraulicOut" node="hydraulicOut01">
            <objectChange node="hydraulicOut01_cover" rotationActive="54 73 -35" rotationInactive="80 0 0"/>
        </target>
        <target attacherJointIndices="1 3 4" type="hydraulicIn" node="hydraulicIn02">
            <objectChange node="hydraulicIn02_cover" rotationActive="60 -68 26" rotationInactive="80 0 0"/>
        </target>
        <target attacherJointIndices="1 3 4" type="hydraulicOut" node="hydraulicOut02">
            <objectChange node="hydraulicOut02_cover" rotationActive="54 73 -35" rotationInactive="80 0 0"/>
        </target>
    </connectionHoses>
    <powerTakeOffs>
        <output outputNode="ptoBack" attacherJointIndices="1 3 4"/>
    </powerTakeOffs>
    <enterable>
        <exitPoint node="exitPoint"/>
        <enterReferenceNode node="NH_main_component1"/>
        <cameras>
            <camera node="outdoorCamera1" rotatable="true" rotateNode="outdoorCameraTarget" limit="true" useWorldXZRotation="true" rotMinX="-1.4" rotMaxX="1" transMin="3.2" transMax="40" translation="0 0 5.7" rotation="-20 180 0">
                <raycastNode node="cameraRaycastNode1"/>
                <raycastNode node="cameraRaycastNode2"/>
                <raycastNode node="cameraRaycastNode3"/>
            </camera>
            <camera node="indoorCamera1" rotatable="true" limit="true" rotMinX="-1.1" rotMaxX="0.4" transMin="0" transMax="0" useMirror="true" isInside="true" shadowFocusBox="shadowFocusBox" suspensionNodeIndex="1"/>
        </cameras>
        <characterNode node="playerSkin" cameraMinDistance="0.5" spineRotation="-90 0 90">
            <target ikChain="leftArm" targetNode="playerLeftHandTarget" poseId="narrowFingers"/>
            <target ikChain="rightArm" targetNode="playerRightHandTarget" poseId="narrowFingers"/>
            <target ikChain="leftFoot" targetNode="playerLeftFootTarget"/>
            <target ikChain="rightFoot" targetNode="playerRightFootTarget"/>
        </characterNode>
        <characterTargetNodeModifier node="playerRightHandTarget" transitionTime="0.1">
            <state node="playerRightHandTargetShifter" referenceNode="leverGears" poseId="narrowFingers"/>
        </characterTargetNodeModifier>
        <characterTargetNodeModifier node="playerLeftFootTarget" transitionTime="0.1">
            <state node="playerRightFootTargetClutch" referenceNode="pedalClutch"/>
        </characterTargetNodeModifier>
        <characterTargetNodeModifier node="playerRightFootTarget" transitionTime="0.1">
            <state node="playerRightFootTargetGas" referenceNode="pedalGas" directionReferenceNode="playerRightFootTargetGasRef"/>
            <state node="playerRightFootTargetBrake" referenceNode="pedalBrake"/>
        </characterTargetNodeModifier>
        <mirrors>
            <mirror node="mirror" prio="1"/>
        </mirrors>
    </enterable>
    <suspensions>
        <suspension node="seat" weight="150" minTranslation="-0.05 -0.15 0.0" maxTranslation="0.05 0.15 0.0" suspensionParametersX="20 4" suspensionParametersY="5 1" suspensionParametersZ="20 4"/>
        <suspension useCharacterTorso="true" weight="90" minRotation="0 -5 -5" maxRotation="0 5 5" suspensionParametersY="7 1" suspensionParametersZ="7 1"/>
    </suspensions>
    <motorized>
        <consumerConfigurations>
            <consumerConfiguration>
                <consumer fillUnitIndex="1" usage="22" fillType="diesel"/>
                <!-- usage is per hour at max load and max rpm -->
            </consumerConfiguration>
            <consumerConfiguration>
                <consumer fillUnitIndex="1" usage="25" fillType="diesel"/>
                <!-- usage is per hour at max load and max rpm -->
            </consumerConfiguration>
            <consumerConfiguration>
                <consumer fillUnitIndex="1" usage="28" fillType="diesel"/>
                <!-- usage is per hour at max load and max rpm -->
            </consumerConfiguration>
        </consumerConfigurations>
        <differentialConfigurations>
            <differentialConfiguration>
                <differentials>
                    <differential torqueRatio="0.5" maxSpeedRatio="1.5" wheelIndex1="1" wheelIndex2="2"/>
                    <differential torqueRatio="0.5" maxSpeedRatio="1.7" wheelIndex1="3" wheelIndex2="4"/>
                    <differential torqueRatio="0.5" maxSpeedRatio="1.3" differentialIndex1="1" differentialIndex2="2"/>
                </differentials>
            </differentialConfiguration>
        </differentialConfigurations>
        <motorConfigurations>
            <motorConfiguration name="7066 Otomatik" price="0" hp="89">
                <motor torqueScale="0.550" minRpm="850" maxRpm="3000" maxForwardSpeed="45" maxBackwardSpeed="45" brakeForce="2.5" lowBrakeForceScale="0.22" dampingRateScale="0.35">
                    <torque normRpm="0.48" torque="0.9"/>
                    <torque normRpm="0.52" torque="0.97"/>
                    <torque normRpm="0.61" torque="1"/>
                    <torque normRpm="0.75" torque="1"/>
                    <torque normRpm="0.89" torque="0.88"/>
                    <torque normRpm="1" torque="0.72"/>
                </motor>
                <transmission minForwardGearRatio="14.5" maxForwardGearRatio="310" minBackwardGearRatio="32" maxBackwardGearRatio="310" name="$l10n_info_transmission_cvt"/>
            </motorConfiguration>
            <motorConfiguration name="7066 Manuel" price="0" hp="89">
                <motor torqueScale="0.550" minRpm="850" maxRpm="3000" maxForwardSpeed="45" maxBackwardSpeed="22" brakeForce="2.5" lowBrakeForceScale="0.22" dampingRateScale="0.35">
                    <torque normRpm="0.48" torque="0.9"/>
                    <torque normRpm="0.52" torque="0.97"/>
                    <torque normRpm="0.61" torque="1"/>
                    <torque normRpm="0.75" torque="1"/>
                    <torque normRpm="0.89" torque="0.88"/>
                    <torque normRpm="1" torque="0.72"/>
                </motor>
                <transmission autoGearChangeTime="0.2" gearChangeTime="0.2" name="$l10n_info_transmission_manual">
                    <directionChange useGear="true" reverseGearIndex="1" changeTime="0.2"/>
                    <groups type="DEFAULT" changeTime="0.5">
                        <group ratio="0.3658"  name="|" />
                        <group ratio="0.5"  name="||" />
                        <group ratio="1"       name="|||" isDefault="true"/>
                    </groups>
                    <forwardGear maxSpeed="12.2" name="1" />
                    <forwardGear maxSpeed="20.0" name="2" />
                    <forwardGear maxSpeed="32.0" name="3" />
                    <forwardGear maxSpeed="45.0" name="4" />
                    <backwardGear maxSpeed="22.0" name="R" />
                </transmission>
            </motorConfiguration>
        </motorConfigurations>
        <gearLevers>
            <gearLever node="leverGears" centerAxis="3" changeTime="0.3" handsOnDelay="0.2">
                <state gear="0" xRot="0" zRot="0"/>
                <state gear="1" xRot="10" zRot="-10"/>
                <state gear="2" xRot="-10" zRot="-10"/>
                <state gear="3" xRot="10" zRot="10"/>
                <state gear="4" xRot="-10" zRot="10"/>
            </gearLever>
            <gearLever node="leverGroups" centerAxis="3" changeTime="0.3" handsOnDelay="0.2">
                <state group="1" xRot="-10"/>
                <state group="2" xRot="10"/>
            </gearLever>
        </gearLevers>
        <exhaustEffects>
            <exhaustEffect node="exhaustParticle" filename="$data/effects/exhaust/exhaust.i3d" minRpmColor="0.9 0.9 0.9 0.1" maxRpmColor="0.9 0.9 0.9 0.4" minRpmScale="0.05" maxRpmScale="0.5"/>
        </exhaustEffects>
        <motorStartDuration>3200</motorStartDuration>
        <dashboards>
            <dashboard displayType="ROT" valueType="rpm" node="needleRPM" minRot="-3.5" maxRot="-189" rotAxis="3" doInterpolation="true" interpolationSpeed="1.0" groups="MOTOR_ACTIVE"/>
            <dashboard displayType="ROT" valueType="motorTemperature" node="needleTemperature" minRot="0" maxRot="-105" rotAxis="3" doInterpolation="true" interpolationSpeed="0.5" groups="MOTOR_ACTIVE"/>
            <dashboard displayType="ROT" valueType="clutchPedal" node="pedalClutch" minRot="0" maxRot="-20" rotAxis="1" doInterpolation="true" groups="MOTOR_ACTIVE"/>
            <dashboard displayType="ROT" valueType="movingDirection" node="leverDirection" minRot="-25 0 5" maxRot="30 0 5" doInterpolation="true" interpolationSpeed="0.03" groups="MOTOR_ACTIVE"/>
        </dashboards>
    </motorized>
    <drivable>
        <steeringWheel node="steeringWheel" indoorRotation="570" outdoorRotation="30"/>
        <dashboards>
            <dashboard displayType="ROT" valueType="accelerationAxis" node="pedalGas" minRot="0 0 0" maxRot="-15 0 0" doInterpolation="true" groups="MOTOR_ACTIVE"/>
            <dashboard displayType="ROT" valueType="decelerationAxis" node="pedalBrake" minRot="0 0 0" maxRot="-20 0 0" doInterpolation="true" groups="MOTOR_ACTIVE"/>
        </dashboards>
    </drivable>
    <licensePlates>
        <licensePlate node="licensePlateFront" position="FRONT" preferedType="SQUARISH" placementArea="0.2 0.3 0.2 0.3"/>
        <licensePlate node="licensePlateBack" position="BACK" preferedType="SQUARISH" placementArea="0.09 0.17 - 0.15"/>
    </licensePlates>
    <cylindered>
        <movingTools>
            <movingTool node="attacherJointBackArmBottom">
                <dependentPart node="attacherJointBackArmMain"/>
            </movingTool>
        </movingTools>
        <movingParts>
            <movingPart node="attacherJointBackArmMain" referencePoint="attacherJointBackArmMainPartRef" localReferencePoint="attacherJointBackArmMainPart" referenceFrame="attacherJointBackArmMainRefFrame">
                <dependentPart node="attacherJointBackArmMainPart"/>
                <dependentPart node="attacherJointBackArmMainHydraulic"/>
            </movingPart>
            <movingPart node="attacherJointBackArmMainHydraulic" referencePoint="attacherJointBackArmMainHydraulicRef" referenceFrame="attacherJointBackArmMainHydraulicRef">
                <translatingPart node="attacherJointBackArmMainHydraulicPunch"/>
            </movingPart>
            <movingPart node="attacherJointBackArmMainPart" referencePoint="attacherJointBackArmMainPartRef" referenceFrame="attacherJointBackArmMainPartRef"/>
            <movingPart node="steeringBarLeft" referencePoint="steeringBarLeftRef" referenceFrame="steeringBarLeftRef" isActiveDirty="true" scaleZ="true" maxUpdateDistance="50"/>
            <movingPart node="steeringBarRight" referencePoint="steeringBarRightRef" referenceFrame="steeringBarRightRef" isActiveDirty="true" scaleZ="true" maxUpdateDistance="50"/>
        </movingParts>
    </cylindered>
    <fillUnit>
        <fillUnitConfigurations>
            <fillUnitConfiguration>
                <fillUnits>
                    <fillUnit unitTextOverride="$l10n_unit_literShort" showOnHud="false" showInShop="false" fillTypes="diesel" capacity="105">
                        <dashboard displayType="ROT" valueType="fillLevel" node="needleFuel" minRot="0" maxRot="-120" rotAxis="3" doInterpolation="true" interpolationSpeed="0.5" groups="MOTOR_ACTIVE"/>                   
                    </fillUnit>
                </fillUnits>
            </fillUnitConfiguration>
        </fillUnitConfigurations>
    </fillUnit>
    <dashboard>
        <groups>
            <group name="MOTOR_STARTING" isMotorStarting="true" isMotorRunning="false"/>
            <group name="MOTOR_ACTIVE" isMotorStarting="true" isMotorRunning="true"/>
        </groups>
    </dashboard>
    <ai>
        <agent width="2.25" length="3.9" height="2.8" lengthOffset="0.86" frontOffset="2.15"/>
        <collisionTrigger node="aiCollisionNode" width="2.4" height="2.6"/>
    </ai>
    <foliageBending>
        <bendingNode minX="-1.02" maxX="1.02" minZ="-0.2" maxZ="1.75" yOffset="0.45"/>
        <bendingNode minX="-1.02" maxX="1.02" minZ="-1.85" maxZ="-0.2" yOffset="0.45"/>
    </foliageBending>
    <baseMaterial>
        <material name="7066_mat" baseNode="7066">
            <shaderParameter name="colorMat0" value="MASSEYFERGUSON_RED"/>
        </material>
		<material name="armaTrac1104_mat" baseNode="quickeFrontloaderConsole">
            <shaderParameter name="colorMat0" value="AGCO_GREY3"/>
        </material>
    </baseMaterial>
	<baseMaterialConfigurations price="500" useDefaultColors="true" defaultColorIndex="37">
        <baseMaterialConfiguration name="New Holland" color="NEWHOLLAND_BLUE1"/>
        <material name="7066_mat" shaderParameter="colorMat0"/>
    </baseMaterialConfigurations>
    <wearable wearDuration="480" workMultiplier="5" fieldMultiplier="2"/>
    <washable dirtDuration="90" washDuration="1" workMultiplier="3" fieldMultiplier="2"/>
    <i3dMappings>
        <i3dMapping id="NH_main_component1" node="0>"/>
        <i3dMapping id="wheelBackLeft" node="0>0|0|0"/>
        <i3dMapping id="wheelBackRight" node="0>0|0|1"/>
        <i3dMapping id="outdoorCameraTarget" node="0>0|1|0"/>
        <i3dMapping id="outdoorCamera1" node="0>0|1|0|0"/>
        <i3dMapping id="indoorCamera1" node="0>0|1|1"/>
        <i3dMapping id="cameraRaycastNode1" node="0>0|1|2"/>
        <i3dMapping id="cameraRaycastNode2" node="0>0|1|3"/>
        <i3dMapping id="cameraRaycastNode3" node="0>0|1|4"/>
        <i3dMapping id="redRound_01_left" node="0>0|2|0|0"/>
        <i3dMapping id="redRound_01_right" node="0>0|2|0|1"/>
        <i3dMapping id="backLightsHigh" node="0>0|2|3|0"/>
        <i3dMapping id="workLightFrontLow" node="0>0|2|4|0"/>
        <i3dMapping id="workLightBackLow" node="0>0|2|4|1"/>
        <i3dMapping id="workLightFrontHigh" node="0>0|2|4|2"/>
        <i3dMapping id="workLightBackHigh" node="0>0|2|4|3"/>
        <i3dMapping id="turnLightLeftFront" node="0>0|2|5|0"/>
        <i3dMapping id="turnLightRightFront" node="0>0|2|5|1"/>
        <i3dMapping id="beaconLight07" node="0>0|2|6|0"/>
        <i3dMapping id="frontAxisComponentJoint" node="0>0|3"/>
        <i3dMapping id="exitPoint" node="0>0|4"/>
        <i3dMapping id="frontLightLow" node="0>0|2|2|0"/>
        <i3dMapping id="frontLightHigh" node="0>0|2|2|2"/>
        <i3dMapping id="licensePlateFront" node="0>0|5"/>
        <i3dMapping id="licensePlateBack" node="0>0|6"/>
        <i3dMapping id="exhaustParticle" node="0>0|7"/>
        <i3dMapping id="steeringWheel" node="0>0|8|0|0"/>
        <i3dMapping id="playerLeftHandTarget" node="0>0|8|0|0|0"/>
        <i3dMapping id="playerRightHandTarget" node="0>0|8|0|0|1"/>
        <i3dMapping id="seat" node="0>0|8|1"/>
        <i3dMapping id="playerSkin" node="0>0|8|1|0"/>
        <i3dMapping id="needleRPM" node="0>0|8|3|1|0"/>
        <i3dMapping id="needleRPMPart" node="0>0|8|3|1|0|0"/>
        <i3dMapping id="needleTemperature" node="0>0|8|3|2|0"/>
        <i3dMapping id="needleTemperaturePart" node="0>0|8|3|2|0|0"/>
        <i3dMapping id="needleFuel" node="0>0|8|3|3|0"/>
        <i3dMapping id="needleFuelPart" node="0>0|8|3|3|0|0"/>
        <i3dMapping id="pedalGas" node="0>0|8|4|0|0"/>
        <i3dMapping id="playerRightFootTargetGasRef" node="0>0|8|4|0|0|0"/>
        <i3dMapping id="pedalBrake" node="0>0|8|4|1|0"/>
        <i3dMapping id="playerRightFootTargetBrake" node="0>0|8|4|1|0|0"/>
        <i3dMapping id="pedalClutch" node="0>0|8|4|2|0"/>
        <i3dMapping id="playerRightFootTargetClutch" node="0>0|8|4|2|0|0"/>
        <i3dMapping id="leverTurnlight" node="0>0|8|5|0|0"/>
        <i3dMapping id="leverDirection" node="0>0|8|5|0|0"/>
        <i3dMapping id="leverGears" node="0>0|8|5|1|0"/>
        <i3dMapping id="playerRightHandTargetShifter" node="0>0|8|5|1|0|0"/>
        <i3dMapping id="leverGroups" node="0>0|8|5|2|0"/>
        <i3dMapping id="playerLeftFootTarget" node="0>0|8|6|0"/>
        <i3dMapping id="playerRightFootTarget" node="0>0|8|6|1"/>
        <i3dMapping id="playerRightFootTargetGas" node="0>0|8|6|2"/>
        <i3dMapping id="mirror" node="0>0|8|8|0"/>
        <i3dMapping id="shadowFocusBox" node="0>0|8|9"/>
        <i3dMapping id="attacherJointBackRot" node="0>0|9|0|0"/>
        <i3dMapping id="attacherJointBackRot2" node="0>0|9|0|0|0"/>
        <i3dMapping id="attacherJointBack" node="0>0|9|0|0|0|0"/>
        <i3dMapping id="attacherJointBackArmTop" node="0>0|9|0|1"/>
        <i3dMapping id="attacherJointBackArmTopHolder" node="0>0|9|0|2"/>
        <i3dMapping id="attacherJointBackArmBottom" node="0>0|9|0|3"/>
        <i3dMapping id="attacherJointBackArmBottomTrans" node="0>0|9|0|3|0"/>
        <i3dMapping id="referencePointBackBottom" node="0>0|9|0|3|0|0"/>
        <i3dMapping id="attacherJointBackArmMainPartRef" node="0>0|9|0|3|0|1"/>
        <i3dMapping id="attacherJointBackArmMainRefFrame" node="0>0|9|0|4"/>
        <i3dMapping id="attacherJointBackArmMain" node="0>0|9|0|5"/>
        <i3dMapping id="attacherJointBackArmMainTrans" node="0>0|9|0|5|0"/>
        <i3dMapping id="attacherJointBackArmMainPart" node="0>0|9|0|5|0|0"/>
        <i3dMapping id="attacherJointBackArmMainHydraulicRef" node="0>0|9|0|5|0|1"/>
        <i3dMapping id="attacherJointBackArmMainHydraulic" node="0>0|9|0|6"/>
        <i3dMapping id="attacherJointBackArmMainHydraulicPunch" node="0>0|9|0|6|0"/>
        <i3dMapping id="trailerAttacherBackHigh" node="0>0|9|1|0"/>
        <i3dMapping id="trailerAttacherJointBackHigh" node="0>0|9|1|0|0"/>
        <i3dMapping id="trailerAttacherBackLow" node="0>0|9|1|1"/>
        <i3dMapping id="trailerAttacherJointBackLow" node="0>0|9|1|1|0"/>
        <i3dMapping id="trailerAttacherJointFront" node="0>0|9|1|2"/>
        <i3dMapping id="ptoBack" node="0>0|9|2|0"/>
        <i3dMapping id="electricBack" node="0>0|9|3|0"/>
        <i3dMapping id="hydraulicIn01" node="0>0|9|3|1"/>
        <i3dMapping id="hydraulicIn01_cover" node="0>0|9|3|1|0"/>
        <i3dMapping id="hydraulicOut01" node="0>0|9|3|2"/>
        <i3dMapping id="hydraulicOut01_cover" node="0>0|9|3|2|0"/>
        <i3dMapping id="hydraulicIn02" node="0>0|9|3|3"/>
        <i3dMapping id="hydraulicIn02_cover" node="0>0|9|3|3|0"/>
        <i3dMapping id="hydraulicOut02" node="0>0|9|3|4"/>
        <i3dMapping id="hydraulicOut02_cover" node="0>0|9|3|4|0"/>
        <i3dMapping id="quickeFrontloaderConsole" node="0>0|9|4"/>
        <i3dMapping id="attacherJointFrontloaderQuicke" node="0>0|9|4|0"/>
        <i3dMapping id="aiCollisionNode" node="0>0|10|0"/>
        <i3dMapping id="interior_decals" node="0>0|12|1"/>
        <i3dMapping id="7066" node="0>0|12|0|0"/>
        <i3dMapping id="wheelFrontLeftRepr" node="1>0|0|0"/>
        <i3dMapping id="wheelFrontLeft" node="1>0|0|0|0|0"/>
        <i3dMapping id="fenderLeft" node="1>0|0|0|1|0"/>
        <i3dMapping id="steeringBarLeft" node="1>0|0|0|2"/>
        <i3dMapping id="wheelFrontRightRepr" node="1>0|1|0"/>
        <i3dMapping id="wheelFrontRight" node="1>0|1|0|0|0"/>
        <i3dMapping id="fenderRight" node="1>0|1|0|1|0"/>
        <i3dMapping id="steeringBarRight" node="1>0|1|0|2"/>
        <i3dMapping id="steeringBarCenter" node="1>0|2"/>
        <i3dMapping id="steeringBarLeftRef" node="1>0|2|0"/>
        <i3dMapping id="steeringBarRightRef" node="1>0|2|1"/>
    </i3dMappings>
</vehicle>
