﻿<?xml version="1.0" encoding="utf-8" standalone="no" ?>
<modDesc descVersion="61">
    <author>mert</author>
	<editor>semih03</editor>
    <version>2.0.0.0</version>
    <title>
        <en>MasseyFerguson 5400 Pack</en>
		<br>MasseyFerguson 5400 Pack</br>
    </title>
    <description>
	     <en><![CDATA[
Massey-Ferguson 5400Pack
-Base Price 72.000 €
-Engine Configurations
5410 - 75HP
5420 - 82HP
5425 - 86HP
5430 - 92HP
5435 - 96HP
5440 - 102HP
5445 - 102HP
5450 - 107HP
5455 - 112HP
-Tire Configurations
Trelleborg
Nokian
-Fender Configurations
Narrow Fender
Large Fender
-Beacon Light Configurations
No,Left,Right,Bottom
-Changelog 1.0.1.0
New hood design
Added AGCO weight pack
Some improvements have been made
Added openable doors and windows.]]></en>
        <de><![CDATA[
Massey-Ferguson 5400Pack
-Basispreis 72.000 €
-Motorkonfigurationen
5410 - 75 PS
5420 - 82 PS
5425 - 86 PS
5430 - 92 PS
5435 - 96 PS
5440 - 102 PS
5445 - 102 PS
5450 - 107 PS
5455 - 112 PS
-Reifenkonfigurationen
Trelleborg
Nokian
-Fender-Konfigurationen
Schmaler Kotflügel
Großer Kotflügel
-RUL-Lichtkonfigurationen
Nein, links, rechts, unten
-Changelog 1.0.1.0
Neues Haubendesign
AGCO Gewichtspaket hinzugefügt
Es wurden einige Verbesserungen vorgenommen
Zu öffnende Türen und Fenster hinzugefügt.]]></de>
		<fr><![CDATA[
Massey-Ferguson 5400Pack
-Prix de base 72.000 €
-Configurations du moteur
5410 - 75HP
5420 - 82HP
5425 - 86HP
5430 - 92HP
5435 - 96HP
5440 - 102HP
5445 - 102HP
5450 - 107HP
5455 - 112HP
-Configurations des pneus
Trelleborg
Nokian
-Configurations de garde-boue
Garde-boue étroit
Grand garde-boue
-Configurations des phares
Non, gauche, droite, bas
-Changelog 1.0.1.0
Nouveau design de capot
Ajout du pack de poids AGCO
Certaines améliorations ont été apportées
Ajout de portes et fenêtres ouvrantes.]]></fr>
    </description>
    <iconFilename>icon.dds</iconFilename>
    <multiplayer supported="true"/>
    <storeItems>
        <storeItem xmlFilename="MF54x0.xml"/>
		<storeItem xmlFilename="MF54x5.xml"/>
    </storeItems>
	<l10n>
		<text name="configuration_beacons"><en>Beacon Lights</en><de>Rundumleuchte</de><fr>Feux de balise</fr></text>
		<text name="configuration_valueLeft"><en>Left</en><de>Links</de><fr>La gauche</fr></text>
		<text name="configuration_valueRight"><en>Right</en><de>Rechts</de><fr>Droite</fr></text>
		<text name="configuration_valueBoth"><en>Both</en><de>Beide</de><fr>Tous les deux</fr></text>
		<text name="configuration_fender"><en>Fender</en><de>Fender</de><fr>Garde-boue</fr></text>
		<text name="configuration_Narrow"><en>Narrow</en><de>Eng</de><fr>étroit</fr></text>		
		<text name="configuration_Narrow+Extra"><en>Narrow+Extra</en><de>Eng+Extra</de><fr>étroit+Supplémentaire</fr></text>		
		<text name="configuration_Large"><en>Large</en><de>Groß</de><fr>Grand</fr></text>		
		<text name="configuration_Large+Extra"><en>Large+Extra</en><de>Groß+Extra</de><fr>Grand+Supplémentaire</fr></text>		
		<text name="configuration_black"><en>Black</en><de>Schwarz</de><fr>Noire</fr></text>
		<text name="configuration_white"><en>White</en><de>Weiß</de><fr>Blanche</fr></text>
		<text name="configuration_beige"><en>Beige</en><de>Beige</de><fr>Beige</fr></text>
		<text name="configuration_silver"><en>Silver</en><de>Silber</de><fr>Argent</fr></text>
		<text name="configuration_communal"><en>Communal</en><de>Kommunal</de><fr>Communautaire</fr></text>
		<text name="configuration_front3Point"><en>Front Hydraulic</en><de>Fronthydraulik</de><fr>Hydraulique avant</fr></text>
		<text name="configuration_valueWheelBackWeights"><en>WheelBackWeights</en><de>Hinterradgewicht</de><fr>Poids de la roue arrière</fr></text>
		<text name="configuration_valueWheelFrontWeights"><en>WheelFrontWeights</en><de>Vorderradgewicht</de><fr>Poids avant de la roue</fr></text>
		<text name="configuration_valueWheelBroadBackWeights"><en>WheelBroadBackWeights</en><de>Rad breite Rückengewichte</de><fr>Poids arrière large de roue</fr></text>
		<text name="configuration_valueWheelBroadFrontWeights"><en>WheelBroadFrontWeights</en><de>Rad breite Vordergewichte</de><fr>Poids avant large de roue</fr></text>
	</l10n>
</modDesc>
