<?xml version="1.0" encoding="utf-8" standalone="no" ?>
<wheel>
    <default>
        <physics radius="0.91" width="0.54" mass="0.173" tireType="mud" frictionScale="1.60" maxLongStiffness="9" maxLatStiffness="100" maxLatStiffnessLoad="100" />
        <tire filename="wheels/paludi/Rodas.i3d" nodeLeft="0|1" nodeRight="0|1" maxDeformation="1.0" isCareWheel="false" tireTrackAtlasIndex="0" />
        <outerRim filename="$data/shared/wheels/rims/rim001.i3d" node="1|0" widthAndDiam="19 38" />
	</default>
    <configurations>
		<configuration id="flangia" >
            <innerRim filename="wheels/cnh_rims.i3d" nodeLeft="0|1|1" nodeRight="0|1|0" scale="1 1 1" offset="0" />
        </configuration>
		<configuration id="full" >
            <innerRim filename="wheels/cnh_rims.i3d" nodeLeft="0|3|1" nodeRight="0|3|0" scale="1 1 1" offset="0" />
        </configuration>
    </configurations>
</wheel>
