<?xml version="1.0" encoding="utf-8" standalone="no" ?>
<wheel>
    <default>
        <physics radius="0.686" width="0.54" mass="0.173" tireType="mud" frictionScale="1.60" maxLongStiffness="9" maxLatStiffness="2" maxLatStiffnessLoad="0" />
        <tire filename="wheels/paludi/Rodas.i3d" nodeLeft="0|0" nodeRight="0|0" maxDeformation="9.9" isCareWheel="false" tireTrackAtlasIndex="0" />
        <outerRim filename="$data/shared/wheels/rims/rim001.i3d" node="1|0" widthAndDiam="15 28" />
		</default>
    <configurations>
		<configuration id="flangia" >
            <innerRim filename="wheels/cnh_rims.i3d" nodeLeft="0|0|1" nodeRight="0|0|0" scale="1 1 1" offset="0.05" />
        </configuration>
		<configuration id="full" >
            <innerRim filename="wheels/cnh_rims.i3d" nodeLeft="0|2|0" nodeRight="0|2|1" scale="1 1 1" offset="0.05" />
        </configuration>
    </configurations>
</wheel>
