<?xml version="1.0" encoding="utf-8" standalone="no" ?>
<modDesc descVersion="61">
    <author>GIANTS Software / Pfusch_bei_deutz631 / NRW.Farming / MM.JA.NE Modding </author>
    <version>1.0.0.0</version>
    <title>
        <en>John Deere 5M Series</en>
    </title>
    <description>
        <en><![CDATA[John Deere 5M Series
			Price: 77.500€
			Power: 90 - 122 hp
		Max. speed: 40 kph
			
		Engine configuration:
			- John Deere 5090 M (90hp)
			- John Deere 5100 M (104hp)
			- John Deere 5115 M (115hp)
			- John Deere 5125 M (122hp)
			- John Deere 5090 M Remap (105hp)
			- John Deere 5100 M Remap (115hp)
			- John Deere 5115 M Remap (132hp)
			- John Deere 5125 M Remap (143hp)
		
		Equiped with CommandQuad™ PLUS

		You can configure:
			Weight set or fronthydraulic
			Original edition, black edition or turtle edition
			Beacon lights
			Closed rood or panoramic roof
			Normal mirror or angular mirrors
			New and old frontloader attachers
			Isaria sensors
			
		Simple IC:
			- You have many functions with simple ic on this tractor from mirror adjustment to open door and roof.

			We hope you like the mod]]></en>
        <de><![CDATA[John Deere 6MC-Serie
			Preis: 77.500 €
			Leistung: 90 - 122 PS
			max. Geschwindigkeit: 40 km/h

		Motorkonfiguration:
			- John Deere 5090 M (90hp)
			- John Deere 5100 M (104hp)
			- John Deere 5115 M (115hp)
			- John Deere 5125 M (122hp)
			- John Deere 5090 M Remap (105hp)
			- John Deere 5100 M Remap (115hp)
			- John Deere 5115 M Remap (132hp)
			- John Deere 5125 M Remap (143hp)

		Ausgestattet mit CommandQuad™ PLUS

		Sie können Folgendes konfigurieren:
			Frontgewicht oder Hydrauliksatz
			Originalausgabe, schwarze Ausgabe oder Schildkrötenausgabe
			Leuchtfeuer
			Geschlossene Kabine oder Panoramadach
			Normalspiegel oder abgewinkelte Spiegel
			Neue und alte Frontlader-Anbaugeräte
			Isaria-Sensoren
			
		Einfacher IC:
			- Sie haben viele Funktionen mit einfachem IC an diesem Traktor, von der Spiegelverstellung bis zum Öffnen von Tür und Dach.

		Wir hoffen euch gefällt der Mod]]></de>
        <fr><![CDATA[John Deere 5M Series
Prix: 77.500€
Puissance: 94 - 120 ch
Vitesse maximale: 40 km/h]]></fr>
    </description>
    <iconFilename>icon_series5M.dds</iconFilename>
    <multiplayer supported="true" />

    <storeItems>
        <storeItem xmlFilename="series5M.xml"/>
    </storeItems>
	 <l10n>
		<text name="configuration_roof">
            <en>Roof</en>
            <de>Dach</de>
            <pt>Cobertura</pt>
        </text>
		<text name="configuration_normal">
            <en>Normal</en>
            <de>Normal</de>
            <pt>Normal</pt>
        </text>
		<text name="configuration_panoramic">
            <en>Widescreen</en>
            <de>Breitbild</de>
            <pt>Panorâmico</pt>
        </text>
		<text name="configuration_beacon">
            <en>Beacon Lights</en>
            <de>Rundumleuchte</de>
            <fr>Feux de balise</fr>
            <pt>Pirilampos</pt>
        </text>
        <text name="configuration_left">
            <en>Left</en>
            <de>Links</de>
            <fr>Gauche</fr>
            <pt>Esquerdo</pt>
        </text>
        <text name="configuration_right">
            <en>Right</en>
            <de>Rechts</de>
            <fr>Droite</fr>
            <pt>Direito</pt>
        </text>
        <text name="configuration_leftRight">
            <en>Left and Right</en>
            <de>Links und Rechts</de>
            <fr>Gauche et droite</fr>
            <pt>Ambos</pt>
        </text>
		<text name="configuration_Mirrors">
            <en>Mirrors</en>
            <de>Spiegel</de>
            <fr>Miroirs</fr>
            <pt>Espelhos</pt>
        </text>
		<text name="configuration_Angular">
            <en>Angular</en>
            <de>Eckig</de>
            <fr>Angulaire</fr>
            <pt>Angulares</pt>
        </text>
		<text name="configuration_front3Point">
            <en>Front Hydraulic</en>
            <de>Fronthydraulik</de>
            <fr>Hydraulique avant</fr>
            <pt>Hidráulico frontal</pt>
        </text>
    </l10n>
</modDesc>
