<?xml version="1.0" encoding="utf-8" standalone="no" ?>
<wheel xmlns:xsi="http://www.w3.org/2001/XMLSchema-instance" xsi:noNamespaceSchemaLocation="../../../../../../shared/xml/schema/wheel.xsd">
    <brand>TRELLEBORG</brand>
    <name>TM1060</name>
    <default>
        <physics radius="0.656" width="0.52" mass="0.186" tireType="mud" frictionScale="1.60" maxLongStiffness="9" maxLatStiffness="110" maxLatStiffnessLoad="2" />
        <tire filename="$data/shared/wheels/tires/trelleborg/TM1060/R28_TM1060.i3d" nodeLeft="0|0" nodeRight="0|0" maxDeformation="0.077" sideDeformOffset="0.958" isCareWheel="false" tireTrackAtlasIndex="0" />
        <outerRim filename="$data/shared/wheels/rims/rim001.i3d" node="1|0" widthAndDiam="18 28" />
        <innerRim filename="wheels/cnh_rims.i3d" nodeLeft="0|2|1" nodeRight="0|2|0" scale="1 1 1" offset="-0.05" />
    </default>
</wheel>
