<?xml version="1.0" encoding="utf-8" standalone="no" ?>
<wheel xmlns:xsi="http://www.w3.org/2001/XMLSchema-instance" xsi:noNamespaceSchemaLocation="../../../../../../shared/xml/schema/wheel.xsd">
    <brand>TRELLEBORG</brand>
    <name>TM1060</name>
    <default>
        <physics radius="0.859" width="0.65" mass="0.28" tireType="mud" frictionScale="1.60" maxLongStiffness="10" maxLatStiffness="120" maxLatStiffnessLoad="2" />
        <tire filename="$data/shared/wheels/tires/trelleborg/TM1060/R38_TM1060.i3d" nodeLeft="1|0" nodeRight="1|0" maxDeformation="0.087" sideDeformOffset="0.960" isCareWheel="false" tireTrackAtlasIndex="0" />
        <outerRim filename="$data/shared/wheels/rims/rim001.i3d" node="1|0" widthAndDiam="23 38" />
        <innerRim filename="wheels/cnh_rims.i3d" nodeLeft="0|3|0" nodeRight="0|3|1" scale="1 1 1" offset="-0.1" />
    </default>
     <configurations>
        <configuration id="pesoFlangia" >
		   <additional filename="wheels/ciambelle.i3d" nodeLeft="0|0" nodeRight="0|1" offset="0.05" scale="1 1 1" mass="0.6" />
        </configuration>
    </configurations>
</wheel>
