<?xml version="1.0" encoding="utf-8" standalone="no" ?>
<prefabDesc descVersion="1">
    <author>Cathal</author>
    <version>1.0.0.0</version>
	<title>
		<en>Coloured Light Pack</en>
		<de>Farbiges Lichter Pack</de>
		<fr>Pack De Lumière Colorée</fr>
	</title>
	<description>
        <en><![CDATA[These are coloured lights that can be installed on tractors.]]></en>
        <de><![CDATA[Dies sind farbige Lichter, die an Traktoren installiert werden können.]]></de>
        <fr><![CDATA[Ce sont des lumières colorées qui peuvent être installées sur les tracteurs.]]></fr>
</description>
	<categories>
        <category>others</category>
    </categories>
    <iconFilename>Icon.dds</iconFilename>
	<prefabs>
		<prefab name="LightBlue" i3dFilename="blueLight_LED_01/blueLight_LED_01.i3d" />
		<prefab name="LightGreen" i3dFilename="greenLight_LED_01/greenLight_LED_01.i3d" />
		<prefab name="LightYellow" i3dFilename="yellowLight_LED_01/yellowLight_LED_01.i3d" />
		<prefab name="LightPink" i3dFilename="pinkLight_LED_01/pinkLight_LED_01.i3d" />
		<prefab name="LightPurple" i3dFilename="purpleLight_LED_01/purpleLight_LED_01.i3d" />
	</prefabs>
</prefabDesc>