<?xml version="1.0" encoding="utf-8" standalone="no" ?>
<wheel xmlns:xsi="http://www.w3.org/2001/XMLSchema-instance" xsi:noNamespaceSchemaLocation="../../../../../../shared/xml/schema/wheel.xsd">
    <brand>MICHELIN</brand>
    <name>AXIOBIB</name>
    <default>
        <physics radius="1.161" width="0.9" mass="0.472" tireType="mud" frictionScale="1.60" maxLongStiffness="8" maxLatStiffness="100" maxLatStiffnessLoad="2" />
        <tire filename="$data/shared/wheels/tires/michelin/axioBib/R46_axioBib.i3d" nodeLeft="1|0" nodeRight="1|0" maxDeformation="0.115" sideDeformOffset="0.976" isCareWheel="false" tireTrackAtlasIndex="0" />
        <outerRim filename="wheels/rim001.i3d" node="1|0" widthAndDiam="30 46" />
        <innerRim filename="wheels/rim001.i3d" nodeLeft="3|0" nodeRight="3|1" widthAndDiam="30 46" />
    </default>
    <configurations>
        <configuration id="dual" >
            <innerRim filename="-" />
        </configuration>
        <configuration id="weight3" >
            <additional filename="$data/shared/wheels/weights/weight003.i3d" nodeLeft="0|0" nodeRight="0|1" offset="0.05" scale="0.7 1.03 1.03" mass="1.25" />
        </configuration>
    </configurations>
</wheel>
