<?xml version="1.0" encoding="utf-8" standalone="no"?>
<configuration machineType="bulldozer" modName="FS22_Cat_D11T" typeName="CATD11" xmlName="CATD11">
    <terraform>
        <i3d parent="0>6|0|0|4" y="-0.6" z="0.1">
            <node x="-2.45" z="0.6" />
            <node x="-1.6" />
            <node x="-0.8" />
            <node />
            <node x="0.8" />
            <node x="1.6" />
            <node x="2.45" z="0.6" />
        </i3d>
        <modes>
            <mode>NORMAL</mode>
            <mode>FLATTEN</mode>
            <mode>SMOOTH</mode>
            <mode>PAINT</mode>
        </modes>
        <radius>3</radius>
    </terraform>
    <collision>
        <i3d parent="0>6|0|0|4" y="-0.65" z="0.25">
            <node x="-2.45" z="0.6" />
            <node x="-1.6" />
            <node x="-0.8" />
            <node />
            <node x="0.8" />
            <node x="1.6" />
            <node x="2.45" z="0.6" />
        </i3d>
    </collision>
    <discharge>
        <i3d parent="0>6|0|0|4" y="-0.7">
            <!-- LEFT SIDE-->
            <line
                x1="5" y1="0" z1="-0.6"
                x2="0" y2="0" z2="-0.4"
            />
                <!-- x1="3.4" y1="0" z1="-0.6"
                x2="3.4" y2="0" z2="-1.0" -->
            <!-- RIGHT SIDE-->
            <line
                x1="-5" y1="0" z1="-0.6"
                x2="0" y2="0" z2="-0.4"
            />
                <!-- x1="-3.4" y1="0" z1="-0.6"
                x2="-3.4" y2="0" z2="-1.0" -->
        </i3d>
        <modes>
            <mode>NORMAL</mode>
        </modes>
        <radius>1.5</radius>
    </discharge>
    <!-- <rotation>
        <i3d parent="0>0|2|1" />
        <axis>2</axis>
        <min>-15</min>
        <max>15</max>
        <threshold>10</threshold>
        <offsetFactor>2.0</offsetFactor>
    </rotation> -->
    <paint>
        <i3d parent="0>6|0|0|4" y="-1">
            <node x="-1.26" />
            <node x="1.26" />
        </i3d>
    </paint>
    <!-- <settings>
        <flattenRadius>3</flattenRadius>
        <smoothRadius>3</smoothRadius>
    </settings> -->
</configuration>
