<?xml version="1.0" encoding="utf-8" standalone="no"?>
<configuration machineType="bucketWheelLoader" modName="FS22_TMP_LeTourneau" typeName="LeTourneau" xmlName="LeTourneau">
    <terraform>
        <i3d parent="pickUpNode" y="0" z="0">
            <node x="-4" />
            <node x="-3" />
            <node x="-1" />
            <node x="1" />
            <node x="3" />
            <node x="4" />
        </i3d>
        <modes>
            <mode>NORMAL</mode>
            <mode>LOWER</mode>
            <mode>FLATTEN</mode>
            <mode>SMOOTH</mode>
        </modes>
    </terraform>
    <collision>
        <i3d parent="pickUpNode" y="0" z="0">
            <node x="-4" />
            <node x="-3" />
            <node x="-1" />
            <node x="1" />
            <node x="3" />
            <node x="4" />
        </i3d>
    </collision>
    <paint>
        <i3d parent="pickUpNode" y="0" z="0">
            <node />
        </i3d>
    </paint>
    <discharge>
        <modes>
            <mode>NORMAL</mode>
            <mode>RAISE</mode>
            <mode>FLATTEN</mode>
            <mode>SMOOTH</mode>
            <mode>PAINT</mode>
        </modes>
    </discharge>
</configuration>