<?xml version="1.0" encoding="utf-8" standalone="no"?>
<configuration machineType="bucketExcavator" modName="FS22_Wirgten_W130_c" typeName="fresadora" xmlName="Wirtgen">
    <terraform>
        <i3d parent="0>1|17" y="0" z="0">
            <node x="0.58" />
            <node x="0.33" />
            <node x="0" />
            <node x="-0.33" />
            <node x="-0.58" />
        </i3d>
        <modes>
            <mode>NORMAL</mode>
            <mode>LOWER</mode>
            <mode>FLATTEN</mode>
            <mode>SMOOTH</mode>
        </modes>
    </terraform>
    <collision>
        <i3d parent="0>1|17" y="0" z="0.2">
            <node x="0.58" />
            <node x="0.33" />
            <node x="0" />
            <node x="-0.33" />
            <node x="-0.58" />

            <node x="0.58" y="-0.1" z="-1" />
            <node x="-0.58" y="-0.1" z="-1" />
        </i3d>
    </collision>
    <paint>
        <i3d parent="0>1|17" y="0" z="0">
            <node />
        </i3d>
    </paint>
    <discharge>
        <modes>
            <mode>NORMAL</mode>
            <mode>RAISE</mode>
            <mode>FLATTEN</mode>
            <mode>SMOOTH</mode>
            <mode>PAINT</mode>
        </modes>
    </discharge>
</configuration>