<?xml version="1.0" encoding="utf-8" standalone="no" ?>
<wheel xmlns:xsi="http://www.w3.org/2001/XMLSchema-instance" xsi:noNamespaceSchemaLocation="../../../../../../shared/xml/schema/wheel.xsd">
    <brand>VREDESTEIN</brand>
    <name>Traxion 70</name>
    <default>
        <physics radius="0.677" width="0.42" mass="0.181" tireType="mud" frictionScale="1.60" maxLongStiffness="8" maxLatStiffness="100" maxLatStiffnessLoad="2"/>
        <tire filename="$data/shared/wheels/tires/vredestein/traxion70/R28_traxion70.i3d" nodeLeft="1|0" nodeRight="1|0" maxDeformation="0.064" sideDeformOffset="0.975" isCareWheel="false" tireTrackAtlasIndex="0"/>
        <outerRim filename="$data/shared/wheels/rims/rim001.i3d" node="0|0" widthAndDiam="13 28"/>
        <innerRim filename="$data/shared/wheels/rims/rim001.i3d" nodeLeft="2|0" nodeRight="2|1" widthAndDiam="13 28"/>
    </default>
    <configurations>
        <configuration id="dual">
            <innerRim filename="-"/>
        </configuration>
		<configuration id="cnh" >
            <innerRim filename="$data/shared/wheels/rims/rim006.i3d" nodeLeft="0|0" nodeRight="0|1" />
        </configuration>
    </configurations>
</wheel>
