<?xml version="1.0" encoding="utf-8" standalone="no" ?>
<wheel xmlns:xsi="http://www.w3.org/2001/XMLSchema-instance" xsi:noNamespaceSchemaLocation="../../../../../../shared/xml/schema/wheel.xsd">
    <brand>VREDESTEIN</brand>
    <name>Traxion 70</name>
    <default>
        <physics radius="0.819" width="0.52" mass="0.271" tireType="mud" frictionScale="1.60" maxLongStiffness="9" maxLatStiffness="110" maxLatStiffnessLoad="2"/>
        <tire filename="$data/shared/wheels/tires/vredestein/traxion70/R34_traxion70.i3d" nodeLeft="1|0" nodeRight="1|0" maxDeformation="0.077" sideDeformOffset="0.975" isCareWheel="false" tireTrackAtlasIndex="0"/>
        <outerRim filename="$data/shared/wheels/rims/rim001.i3d" node="1|0" widthAndDiam="16 34"/>
        <innerRim filename="$data/shared/wheels/rims/rim001.i3d" nodeLeft="3|0" nodeRight="3|1" widthAndDiam="16 34"/>
    </default>
     <configurations>
        <configuration id="dual" >
            <outerRim node="1|0" />
            <innerRim filename="-" />
        </configuration>
        <configuration id="rim3" >
            <outerRim node="1|0" />
            <innerRim filename="$data/shared/wheels/rims/rim003.i3d" nodeLeft="1|1" nodeRight="1|0" />
        </configuration>
        <configuration id="weight3" >
            <additional filename="$data/shared/wheels/weights/weight003.i3d" nodeLeft="0|0" nodeRight="0|1" offset="0.05" scale="0.35 0.87 0.87" mass="0.6" />
        </configuration>
		<configuration id="cnh" >
            <innerRim filename="$data/shared/wheels/rims/rim006.i3d" nodeLeft="1|1" nodeRight="1|0" />
        </configuration>
    </configurations>
</wheel>
