<?xml version="1.0" encoding="utf-8" standalone="no" ?>
<sounds>
    <motorized>
        <sounds>
    <motorStart template="DEFAULT_MOTOR_START" file="sounds/3512_start.ogg" linkNode="0>">
        <volume indoor="1.3" outdoor="1.3"/>
    </motorStart>
    <motorStop template="DEFAULT_MOTOR_STOP" file="sounds/3512_stop.ogg" linkNode="0>"/>

    <motor template="DEFAULT_MOTOR_IDLE" file="sounds/3512_idle.ogg" linkNode="0>">
        <volume indoor="1" outdoor="1"/>
    </motor>
    <motor template="DEFAULT_MOTOR_OFFLOAD_RUN" file="sounds/3512_load.ogg" linkNode="0>">
        <volume indoor="1.3" outdoor="1.3"/>
    </motor>
    <motor template="DEFAULT_MOTOR_ONLOAD_RUN" file="sounds/3512_load.ogg" linkNode="0>">
        <volume indoor="1.3" outdoor="1.3"/>
    </motor>

    <gearbox template="transmissionSmall" file="$data/sounds/vehicles/transmission/transmissionLoop.wav" pitchScale="0.6" volumeScale="1" />

    <gearGroupLeverStart template="gearDisengaged" volumeScale="1.6"/>
    <gearGroupLeverEnd template="gearEngaged"      volumeScale="1.6"/>
    <compressedAir template="compressedAir" linkNode="0>"/>
	</sounds>
    </motorized>

    <lights>
        <sounds>
            <toggleLights template="SWITCH_01"  />
            <turnLight template="SWITCH_TURNLIGHT"  />
        </sounds>
    </lights>

    <attacherJoints>
        <sounds>
            <attach template="ATTACH_01" />
            <hydraulic template="defaultHydraulicSound" />
        </sounds>
    </attacherJoints>

    <drivable>
        <sounds>
            <waterSplash template="WATER_SPLASH_01" />
        </sounds>
    </drivable>

    <honk>
        <sound template="hornDefault" pitchScale="0.85" />
    </honk>
</sounds>
