<?xml version="1.0" encoding="utf-8" standalone="no" ?>
<wheel xmlns:xsi="http://www.w3.org/2001/XMLSchema-instance" xsi:noNamespaceSchemaLocation="../../../../../../shared/xml/schema/wheel.xsd">
    <brand>MITAS</brand>
    <name>IM03</name>
    <default>
        <physics radius="0.4675" width="0.309" mass="0.07" tireType="offRoad" frictionScale="1.60" maxLongStiffness="8" maxLatStiffness="100" maxLatStiffnessLoad="2" />
        <tire filename="shared/wheels/bkt/R18_IM03.i3d" nodeLeft="0|0" nodeRight="0|0" maxDeformation="0.05" sideDeformOffset="0.950" isCareWheel="false" tireTrackAtlasIndex="1" />
        <outerRim filename="shared/wheels/rims/rim.i3d" nodeLeft="0|0" nodeRight="0|1" scale="1 1 1" />
    </default>
</wheel>
