<?xml version="1.0" encoding="utf-8" standalone="no" ?>
<wheel xmlns:xsi="http://www.w3.org/2001/XMLSchema-instance" xsi:noNamespaceSchemaLocation="../../../../../../shared/xml/schema/wheel.xsd">
    <brand>TRELLEBORG</brand>
    <name>T404</name>
    <default>
        <physics radius="0.438" width="0.4" mass="0.073" tireType="mud" frictionScale="1000.60" maxLongStiffness="8" maxLatStiffness="100" maxLatStiffnessLoad="2" />
        <tire filename="$data/shared/wheels/tires/trelleborg/T404/R15_5_T404.i3d" nodeLeft="0|0" nodeRight="0|0" maxDeformation="0.048" sideDeformOffset="0.958" isCareWheel="false" tireTrackAtlasIndex="3" />
        <outerRim filename="shared/wheels/rims/rim.i3d" nodeleft="0|0" nodeRight="0|1" widthAndDiam="49 37" />
    </default>
</wheel>
