﻿<?xml version="1.0" encoding="utf-8" standalone="no" ?>
<modDesc descVersion="75">
    <author>Semih</author>
    <version>1.0.0.0</version>
    <iconFilename>icon_Ozkan.dds</iconFilename>
    <title>
        <tr>Ozkan Römork</tr>
        <en>Ozkan Trailer</en>
		<de>Ozkan Anhänger</de>
    </title>
    <description>

<en><![CDATA[Ozkan
Base Price: 10845 $

Main Color Options

Capacity:12000
]]></en>

</description>
    <storeItems>
        <storeItem xmlFilename="Ozkan.xml"/>
    </storeItems>
    <multiplayer supported="true"/>
	<brands>
	    <brand name="OZKAN" title="Ozkan" image="brand_Ozkan.dds"/>
    </brands>
</modDesc>
