<?xml version="1.0" encoding="utf-8" standalone="no" ?>
<vehicle type="trailer" xmlns:xsi="http://www.w3.org/2001/XMLSchema-instance" xsi:noNamespaceSchemaLocation="../../../../shared/xml/schema/vehicle.xsd">
    <annotation>Copyright (C) 55 Ragnar Mod Ekibi, All Rights Reserved.</annotation>
    <storeData>
        <name>
        <tr>Romork</tr>            
		<en>Trailer</en>
        <de>Trailer</de>
        </name>
        <specs>
            <combination xmlFilename="$data/vehicles/welger/dk115/dk115.xml"/>
        </specs>
        <functions>
            <function>$l10n_function_tipper</function>
        </functions>
        <image>store_Ozkan.dds</image>
        <price>7500</price>
        <lifetime>600</lifetime>
        <rotation>0</rotation>
        <brand>OZKAN</brand>
        <category>trailers</category>
        <shopTranslationOffset>0 0 0</shopTranslationOffset>
        <shopRotationOffset>2.26 0 0</shopRotationOffset>
    </storeData>
    <base>
        <typeDesc>$l10n_typeDesc_tipper</typeDesc>
        <filename>Ozkan.i3d</filename>
        <size width="3" length="7" lengthOffset="0"/>
		<sounds volumeFactor="1.8"/>
        <components>
            <component centerOfMass="0 0.45 -0.6" solverIterationCount="10" mass="2300"/>
        </components>
        <schemaOverlay attacherJointPosition="0 0" name="IMPLEMENT" />
        <mapHotspot type="TRAILER" />
    </base>

    <wheels>
        <wheelConfigurations>			
			<wheelConfiguration name="$l10n_configuration_valueDefault" price="0" brand="TRELLEBORG">
                <wheels>
                    <wheel filename="Wheel/500_60R22_5.xml" isLeft="true" hasTireTracks="true" hasParticles="true">
                        <physics tipOcclusionAreaGroupId="1" restLoad="1.3" repr="wheelLeft1" forcePointRatio="0.5" initialCompression="17" suspTravel="0.13" spring="50" damper="50"/>
                    </wheel>
                    <wheel filename="Wheel/500_60R22_5.xml" isLeft="false" hasTireTracks="true" hasParticles="true">
                        <physics tipOcclusionAreaGroupId="1" restLoad="1.3" repr="wheelRight1" forcePointRatio="0.5" initialCompression="17" suspTravel="0.13" spring="50" damper="50"/>
                    </wheel>
                    <wheel filename="Wheel/500_60R22_5.xml" isLeft="true" hasTireTracks="true" hasParticles="true">
                        <physics tipOcclusionAreaGroupId="1" restLoad="1.3" repr="wheelLeft2" forcePointRatio="0.5" initialCompression="17" suspTravel="0.13" spring="50" damper="50"/>
                    </wheel>
                    <wheel filename="Wheel/500_60R22_5.xml" isLeft="false" hasTireTracks="true" hasParticles="true">
                        <physics tipOcclusionAreaGroupId="1" restLoad="1.3" repr="wheelRight2" forcePointRatio="0.5" initialCompression="17" suspTravel="0.13" spring="50" damper="50"/>
                    </wheel>
                </wheels>
            </wheelConfiguration>
	    </wheelConfigurations>
    </wheels>

    <lights>
        <sharedLight linkNode="lightLeft" filename="Lights/backLight_left.xml"/>
        <sharedLight linkNode="lightRight" filename="Lights/backLight_right.xml"/>
        <realLights>
            <high>
                <light node="backLightsHigh" lightTypes="0"/>
                <turnLightLeft node="turnLightLeftBack"/>
                <turnLightRight node="turnLightRightBack"/>
            </high>
        </realLights>
    </lights>

    <attachable>
        <inputAttacherJoints>
            <inputAttacherJoint node="attacherJoint" jointType="trailerLow" attacherHeight="0.68"/>
        </inputAttacherJoints>
        <brakeForce force="0.7" maxForce="1.7" maxForceMass="24000"/>
        <support animationName="beatingAnimation"/>
    </attachable>

    <attacherJoints>
        <attacherJoint node="trailerAttacherJoint" jointType="trailerLow" lowerRotLimit="10 62 80" upperRotationOffset="0" allowsJointLimitMovement="false" canTurnOnImplement="false">
            <schema position="1 0" rotation="0" invertX="false"/>
        </attacherJoint>
        <attacherJoint node="trailerAttacherJoint2" jointType="trailer" lowerRotLimit="10 62 80" upperRotationOffset="0" allowsJointLimitMovement="false" canTurnOnImplement="false">
            <schema position="1 0" rotation="0" invertX="false"/>
        </attacherJoint>
        <sounds>
            <attach template="ATTACH_01"/>
        </sounds>
    </attacherJoints>

    <animations>
        <animation name="tipAnimationBack_bottom">
            <part node="Body" startTime="0.8" endTime="12.8" startRot="0 0 0" endRot="-39 0 0"/>
            <part node="pistonMoving" startTime="0.8" endTime="1.8" startRot="0 0 0" endRot="-18 0 0"/>
            <part node="Back_Flap_Main" startTime="0.8" endTime="12.8" startRot="0 0 0" endRot="39 0 0"/>
        </animation>
        
        <animation name="tipAnimationGrainDoor">
            <part node="Body" startTime="0.8" endTime="12.8" startRot="0 0 0" endRot="-39 0 0"/>
            <part node="pistonMoving" startTime="0.8" endTime="1.8" startRot="0 0 0" endRot="-18 0 0"/>
            <part node="Back_Flap" startTime="0" endTime="1" startRot="0 0 0" endRot="-170 0 0"/>
        </animation>
        
        <animation name="beatingAnimation">
            <part node="BeatingArm" startTime="1" endTime="2" startRot="-310 3 0" endRot="0 3 0"/>
            <part node="BeatingMove1" startTime="0" endTime="1" startTrans="-0.164 0.83 2.059" endTrans="-0.164 0.645 2.059"/>
            <part node="BeatingMove2" startTime="1" endTime="2" startTrans="0.013 0.13 0" endTrans="0.013 -0.23 0"/>
        </animation>

        <!--Door-->
        <animation name="Back_Flap">
            <part node="Back_Flap"  startTime="0" endTime="1" startRot="0 0 0" endRot="-170 0 0" />

            <sound template="metalOpen" startTime="0.01" direction="1" volumeScale="2.2" />
            <sound template="metalClose" startTime="0" direction="-1" volumeScale="2.2" />
        </animation>

        <animation name="LeftFlap1">
            <part node="Left_Flap1"  startTime="0" endTime="1" startRot="0 0 0" endRot="0 0 -170" />

            <sound template="metalOpen" startTime="0.01" direction="1" volumeScale="2.2" />
            <sound template="metalClose" startTime="0" direction="-1" volumeScale="2.2" />
        </animation>

        <animation name="LeftFlap2">
            <part node="Left_Flap2"  startTime="0" endTime="1" startRot="0 0 0" endRot="0 0 -170" />

            <sound template="metalOpen" startTime="0.01" direction="1" volumeScale="2.2" />
            <sound template="metalClose" startTime="0" direction="-1" volumeScale="2.2" />
        </animation>

        <animation name="RightFlap1">
            <part node="Right_Flap1"  startTime="0" endTime="1" startRot="0 0 0" endRot="0 0 170" />

            <sound template="metalOpen" startTime="0.01" direction="1" volumeScale="2.2" />
            <sound template="metalClose" startTime="0" direction="-1" volumeScale="2.2" />
        </animation>

        <animation name="RightFlap2">
            <part node="Right_Flap2"  startTime="0" endTime="1" startRot="0 0 0" endRot="0 0 170" />

            <sound template="metalOpen" startTime="0.01" direction="1" volumeScale="2.2" />
            <sound template="metalClose" startTime="0" direction="-1" volumeScale="2.2" />
        </animation>

        <!--Lids-->

        <animation name="BackLid1">
            <part node="Back_Lid1" startTime="0.01" endTime="0.02" visibility="false" />
            <part node="Back_Lid1" startTime="0" endTime="0.01" visibility="true" />

            <sound template="metalOpen" startTime="0.01" direction="1" volumeScale="2.2" />
            <sound template="metalClose" startTime="0" direction="-1" volumeScale="2.2" />
        </animation>

        <animation name="BackLid2">
            <part node="Back_Lid2" startTime="0.01" endTime="0.02" visibility="false" />
            <part node="Back_Lid2" startTime="0" endTime="0.01" visibility="true" />

            <sound template="metalOpen" startTime="0.01" direction="1" volumeScale="2.2" />
            <sound template="metalClose" startTime="0" direction="-1" volumeScale="2.2" />
        </animation>
        
        <animation name="LeftLid1">
            <part node="Left_Lid1" startTime="0.01" endTime="0.02" visibility="false" />
            <part node="Left_Lid1" startTime="0" endTime="0.01" visibility="true" />

            <sound template="metalOpen" startTime="0.01" direction="1" volumeScale="2.2" />
            <sound template="metalClose" startTime="0" direction="-1" volumeScale="2.2" />
        </animation>

        <animation name="LeftLid2">
            <part node="Left_Lid2" startTime="0.01" endTime="0.02" visibility="false" />
            <part node="Left_Lid2" startTime="0" endTime="0.01" visibility="true" />

            <sound template="metalOpen" startTime="0.01" direction="1" volumeScale="2.2" />
            <sound template="metalClose" startTime="0" direction="-1" volumeScale="2.2" />
        </animation>

        <animation name="LeftLid3">
            <part node="Left_Lid3" startTime="0.01" endTime="0.02" visibility="false" />
            <part node="Left_Lid3" startTime="0" endTime="0.01" visibility="true" />

            <sound template="metalOpen" startTime="0.01" direction="1" volumeScale="2.2" />
            <sound template="metalClose" startTime="0" direction="-1" volumeScale="2.2" />
        </animation>

        <animation name="LeftLid4">
            <part node="Left_Lid4" startTime="0.01" endTime="0.02" visibility="false" />
            <part node="Left_Lid4" startTime="0" endTime="0.01" visibility="true" />

            <sound template="metalOpen" startTime="0.01" direction="1" volumeScale="2.2" />
            <sound template="metalClose" startTime="0" direction="-1" volumeScale="2.2" />
        </animation>

        <animation name="RightLid1">
            <part node="Right_Lid1" startTime="0.01" endTime="0.02" visibility="false" />
            <part node="Right_Lid1" startTime="0" endTime="0.01" visibility="true" />

            <sound template="metalOpen" startTime="0.01" direction="1" volumeScale="2.2" />
            <sound template="metalClose" startTime="0" direction="-1" volumeScale="2.2" />
        </animation>

        <animation name="RightLid2">
            <part node="Right_Lid2" startTime="0.01" endTime="0.02" visibility="false" />
            <part node="Right_Lid2" startTime="0" endTime="0.01" visibility="true" />

            <sound template="metalOpen" startTime="0.01" direction="1" volumeScale="2.2" />
            <sound template="metalClose" startTime="0" direction="-1" volumeScale="2.2" />
        </animation>

        <animation name="RightLid3">
            <part node="Right_Lid3" startTime="0.01" endTime="0.02" visibility="false" />
            <part node="Right_Lid3" startTime="0" endTime="0.01" visibility="true" />

            <sound template="metalOpen" startTime="0.01" direction="1" volumeScale="2.2" />
            <sound template="metalClose" startTime="0" direction="-1" volumeScale="2.2" />
        </animation>

        <animation name="RightLid4">
            <part node="Right_Lid4" startTime="0.01" endTime="0.02" visibility="false" />
            <part node="Right_Lid4" startTime="0" endTime="0.01" visibility="true" />

            <sound template="metalOpen" startTime="0.01" direction="1" volumeScale="2.2" />
            <sound template="metalClose" startTime="0" direction="-1" volumeScale="2.2" />
        </animation>
    
    </animations>

    <interactiveControl>
        <interactiveControlConfigurations title="$l10n_actionIC_Animation">
            <interactiveControlConfiguration name="$l10n_actionIC_IC">
                <interactiveControls>

                    <outdoorTrigger node="playerTrigger" />

                    <interactiveControl posText="Kapat" negText="Aç" >
                        <clickPoint node="Back_Flap_Ref" size="0.05" type="OUTDOOR" alignToCamera="true" />
                        <animation name="Back_Flap" speedScale="1.0" initTime="0.0" />
                    </interactiveControl>

                    <interactiveControl posText="Kapat" negText="Aç" >
                        <clickPoint node="Left_Flap1_Ref" size="0.05" type="OUTDOOR" alignToCamera="true" />
                        <animation name="LeftFlap1" speedScale="1.0" initTime="0.0" />
                    </interactiveControl>

                    <interactiveControl posText="Kapat" negText="Aç" >
                        <clickPoint node="Left_Flap2_Ref" size="0.05" type="OUTDOOR" alignToCamera="true" />
                        <animation name="LeftFlap2" speedScale="1.0" initTime="0.0" />
                    </interactiveControl>

                    <interactiveControl posText="Kapat" negText="Aç" >
                        <clickPoint node="Right_Flap1_Ref" size="0.05" type="OUTDOOR" alignToCamera="true" />
                        <animation name="RightFlap1" speedScale="1.0" initTime="0.0" />
                    </interactiveControl>

                    <interactiveControl posText="Kapat" negText="Aç" >
                        <clickPoint node="Right_Flap2_Ref" size="0.05" type="OUTDOOR" alignToCamera="true" />
                        <animation name="RightFlap2" speedScale="1.0" initTime="0.0" />
                    </interactiveControl>
                    
                    <interactiveControl posText="Aç" negText="Kapat" >
                        <clickPoint node="Back_Lid1_Ref" size="0.05" type="OUTDOOR" alignToCamera="true" />
                        <animation name="BackLid1" speedScale="1.0" initTime="0.0" />
                    </interactiveControl>

                    <interactiveControl posText="Aç" negText="Kapat" >
                        <clickPoint node="Back_Lid2_Ref" size="0.05" type="OUTDOOR" alignToCamera="true" />
                        <animation name="BackLid2" speedScale="1.0" initTime="0.0" />
                    </interactiveControl>

                    <interactiveControl posText="Aç" negText="Kapat" >
                        <clickPoint node="Left_Lid1_Ref" size="0.05" type="OUTDOOR" alignToCamera="true" />
                        <animation name="LeftLid1" speedScale="1.0" initTime="0.0" />
                    </interactiveControl>

                    <interactiveControl posText="Aç" negText="Kapat" >
                        <clickPoint node="Left_Lid2_Ref" size="0.05" type="OUTDOOR" alignToCamera="true" />
                        <animation name="LeftLid2" speedScale="1.0" initTime="0.0" />
                    </interactiveControl>

                    <interactiveControl posText="Aç" negText="Kapat" >
                        <clickPoint node="Left_Lid3_Ref" size="0.05" type="OUTDOOR" alignToCamera="true" />
                        <animation name="LeftLid3" speedScale="1.0" initTime="0.0" />
                    </interactiveControl>

                    <interactiveControl posText="Aç" negText="Kapat" >
                        <clickPoint node="Left_Lid4_Ref" size="0.05" type="OUTDOOR" alignToCamera="true" />
                        <animation name="LeftLid4" speedScale="1.0" initTime="0.0" />
                    </interactiveControl>

                    <interactiveControl posText="Aç" negText="Kapat" >
                        <clickPoint node="Right_Lid1_Ref" size="0.05" type="OUTDOOR" alignToCamera="true" />
                        <animation name="RightLid1" speedScale="1.0" initTime="0.0" />
                    </interactiveControl>

                    <interactiveControl posText="Aç" negText="Kapat" >
                        <clickPoint node="Right_Lid2_Ref" size="0.05" type="OUTDOOR" alignToCamera="true" />
                        <animation name="RightLid2" speedScale="1.0" initTime="0.0" />
                    </interactiveControl>

                    <interactiveControl posText="Aç" negText="Kapat" >
                        <clickPoint node="Right_Lid3_Ref" size="0.05" type="OUTDOOR" alignToCamera="true" />
                        <animation name="RightLid3" speedScale="1.0" initTime="0.0" />
                    </interactiveControl>

                    <interactiveControl posText="Aç" negText="Kapat" >
                        <clickPoint node="Right_Lid4_Ref" size="0.05" type="OUTDOOR" alignToCamera="true" />
                        <animation name="RightLid4" speedScale="1.0" initTime="0.0" />
                    </interactiveControl>

                </interactiveControls>
            </interactiveControlConfiguration>
          </interactiveControlConfigurations>
    </interactiveControl>

    <cylindered>
        <movingTools>
            <movingTool node="Body" playSound="true">
                <dependentPart node="Piston"/>
            </movingTool>
        </movingTools>
        <movingParts>
            <movingPart node="Piston" referencePoint="pistonRef" referenceFrame="pistonRef" lockAxis="1">
                <translatingPart node="Piston2" />
                <translatingPart node="Piston3" />
                <translatingPart node="Piston4" />
            </movingPart>
        </movingParts>
        <sounds>
            <actionSound template="hydraulicLayerTone" pitchScale="0.5" volumeScale="0.9" linkNode="Piston" actionNames="TRANSLATING_POS" nodes="Piston">
                <pitch dropOffFactor="1.1" dropOffTime="0.2" />
            </actionSound>
            <actionSound template="defaultHydraulicSound" pitchScale="0.4" volumeScale="0.8" linkNode="Piston" actionNames="TRANSLATING_NEG" nodes="Piston"/>

            <actionSound template="cylinderPunch" pitchScale="0.7" linkNode="Piston" actionNames="TRANSLATING_END_NEG" nodes="Piston2"/>
            <actionSound template="cylinderPunch" pitchScale="0.7" linkNode="Piston" actionNames="TRANSLATING_END_NEG" nodes="Piston3"/>
            <actionSound template="cylinderPunch" pitchScale="0.7" linkNode="Piston" actionNames="TRANSLATING_END_NEG" nodes="Piston4"/>
        </sounds>
    </cylindered>

    <fillUnit>
        <fillUnitConfigurations>
            <fillUnitConfiguration name="Normal" price="0" params="12000">
                <fillUnits>
                    <fillUnit shopDisplayUnit="CUBICMETER" fillTypeCategories="BULK" capacity="12000" allowAILoading="true">
                        <exactFillRootNode node="exactFillRootNode1"/>
                        <autoAimTargetNode node="fillAutoAimTarget1" startZ="0.9" endZ="-2.8" invert="false" fillUnitIndex="1" startPercentage="25"/>
                    </fillUnit>
                </fillUnits>
                <objectChange node="fillVolumeNormal" visibilityActive="true"/>
                <objectChange node="Wooden_Addition" visibilityActive="false"/>
                <objectChange node="fillVolumeWooden" visibilityActive="false"/>
                <objectChange node="Silage_Addition" visibilityActive="false"/>
                <objectChange node="fillVolumeSilage" visibilityActive="false"/>
            </fillUnitConfiguration>
            <fillUnitConfiguration name="Tahta İlave" price="0" params="15000">
                <fillUnits>
                    <fillUnit shopDisplayUnit="CUBICMETER" fillTypeCategories="BULK" capacity="15000" allowAILoading="true">
                        <exactFillRootNode node="exactFillRootNode1" />
                        <autoAimTargetNode node="fillAutoAimTarget1" startZ="4.3" endZ="0" invert="true" startPercentage="5"/>
                    </fillUnit>
                </fillUnits>
                <objectChange node="fillVolumeNormal" visibilityActive="false"/>
                <objectChange node="Wooden_Addition" visibilityActive="true"/>
                <objectChange node="fillVolumeWooden" visibilityActive="true"/>
                <objectChange node="Silage_Addition" visibilityActive="false"/>
                <objectChange node="fillVolumeSilage" visibilityActive="false"/>
            </fillUnitConfiguration>
            <fillUnitConfiguration name="Silaj İlavesi" price="300" params="18000">
                <fillUnits>
                    <fillUnit shopDisplayUnit="CUBICMETER" fillTypeCategories="SILAGETRAILER" capacity="18000" allowAILoading="true">
                        <exactFillRootNode node="exactFillRootNode1" />
                        <autoAimTargetNode node="fillAutoAimTarget1" startZ="4.3" endZ="0" invert="true" startPercentage="5"/>
                    </fillUnit>
                </fillUnits>
                <objectChange node="fillVolumeNormal" visibilityActive="false"/>
                <objectChange node="Wooden_Addition" visibilityActive="false"/>
                <objectChange node="fillVolumeWooden" visibilityActive="false"/>
                <objectChange node="Silage_Addition" visibilityActive="true"/>
                <objectChange node="fillVolumeSilage" visibilityActive="true"/>
            </fillUnitConfiguration>
        </fillUnitConfigurations>
    </fillUnit>

    <fillVolume>
        <fillVolumeConfigurations>
            <fillVolumeConfiguration>
                <volumes>
                    <volume node="fillVolumeNormal" maxDelta="0.23" maxAllowedHeapAngle="18" fillUnitIndex="1"/>
                    <volume node="fillVolumeWooden" maxDelta="0.23" maxAllowedHeapAngle="18" fillUnitIndex="1"/>
                    <volume node="fillVolumeSilage" maxDelta="0.23" maxAllowedHeapAngle="18" fillUnitIndex="1"/>
                </volumes>
            </fillVolumeConfiguration>
        </fillVolumeConfigurations>
        <unloadInfos>
            <unloadInfo>
                <node node="unloadInfo01" width="2" length="1.0"/>
            </unloadInfo>
        </unloadInfos>
    </fillVolume>

    <trailer>
        <trailerConfigurations>
            <trailerConfiguration>
                <trailer>
                    <tipSide name="$l10n_info_tipSideBack" dischargeNodeIndex="1">
                        <animation name="tipAnimationBack_bottom" speedScale="0.6" startTipTime="0.3"/>
                    </tipSide>
                    <tipSide name="Geri2" dischargeNodeIndex="2">
                        <animation name="tipAnimationGrainDoor" speedScale="0.6" startTipTime="0.1"/>
                    </tipSide>
                </trailer>
            </trailerConfiguration>
        </trailerConfigurations>
    </trailer>

    <dischargeable>
        <dischargeableConfigurations>
            <dischargeableConfiguration>
                <dischargeNode node="dischargeNodeBack" emptySpeed="650" fillUnitIndex="1" unloadInfoIndex="1" allowAIDischarge="true">
                    <info width="2" length="1.5" />
                    <effects>
                        <effectNode effectClass="TipEffect">
                            <effectNode effectNode="effectParticleBack" effectClass="ParticleEffect" materialType="unloadingParticle" emitCountScale="2"/>
                            <effectNode effectNode="effectGrainBack" materialType="unloading" fadeTime="0.5" extraDistanceNode="dischargeNodeBack" extraDistance="0.6"/>
                        </effectNode>
                        <effectNode effectNode="effectSmokeBack" materialType="unloadingSmoke" fadeTime="0.5" />
                    </effects>
                </dischargeNode>
                <dischargeNode node="dischargeNodeBack2" emptySpeed="650" fillUnitIndex="1" unloadInfoIndex="1" allowAIDischarge="true">
                    <info width="2" length="1.5" />
                    <effects>
                        <effectNode effectClass="TipEffect">
                            <effectNode effectNode="effectParticleBack" effectClass="ParticleEffect" materialType="unloadingParticle" emitCountScale="2"/>
                            <effectNode effectNode="effectGrainBack" materialType="unloading" fadeTime="0.5" extraDistanceNode="dischargeNodeBack" extraDistance="0.6"/>
                        </effectNode>
                        <effectNode effectNode="effectSmokeBack" materialType="unloadingSmoke" fadeTime="0.5" />
                    </effects>
                </dischargeNode>
            </dischargeableConfiguration>
        </dischargeableConfigurations>
    </dischargeable>

    <licensePlates>
        <licensePlate node="licensePlateBack"  position="BACK"  preferedType="ELONGATED"/>
    </licensePlates>

    <ai>
        <allowTurnBackward value="false"/>
        <turningRadiusLimitation radius="8"/>
    </ai>

    <foliageBending>
        <bendingNode minX="-1.2" maxX="1.2" minZ="-3.3" maxZ="1.7" yOffset="0.6"/>
    </foliageBending>

    <baseMaterial>
        <material name="Ozkan_Mat" baseNode="Ozkan_Vis">
            <shaderParameter name="colorMat0" value="0.8 0 0 0"/>
            <shaderParameter name="colorMat1" value="0.1 0.1 0.1 0"/>
            <shaderParameter name="colorMat2" value="0.05 0.05 0.05 6"/>
        </material>
        <material name="Addition_Mat" baseNode="Wooden_Addition">
            <shaderParameter name="colorMat0" value="0.8 0 0 0"/>
        </material>
        <material name="Dayak_Mat" baseNode="BeatingMove1">
            <shaderParameter name="colorMat0" value="0.05 0.05 0.05 6"/>
        </material>
    </baseMaterial>

    <baseMaterialConfigurations title="Gövde" price="350" useDefaultColors="true" defaultColorIndex="0">
        <baseMaterialConfiguration name="Original" color="0.8 0 0 0"/>
        <material name="Ozkan_Mat" shaderParameter="colorMat0"/>
        <material name="Addition_Mat" shaderParameter="colorMat0"/>
    </baseMaterialConfigurations>

    <designMaterialConfigurations title="Şeritler" price="150" useDefaultColors="true" defaultColorIndex="0">
        <designMaterialConfiguration name="Original" color="0.1 0.1 0.1 0"/>
        <material name="Ozkan_Mat" shaderParameter="colorMat1" />
    </designMaterialConfigurations>

    <designMaterial2Configurations title="Şase" price="550" defaultColorIndex="0" >
        <designMaterial2Configuration name="Black" color="0.05 0.05 0.05 6"/>   
        <designMaterial2Configuration name="Grey" color="0.15 0.15 0.15 6"/>     
        <material name="Ozkan_Mat" shaderParameter="colorMat2"/>
        <material name="Dayak_Mat" shaderParameter="colorMat0"/>
    </designMaterial2Configurations>

    <rimColorConfigurations defaultColorIndex="0" price="300" useDefaultColors="true">
        <rimColorConfiguration name="Standart" color="0.6 0.6 0.6"/>
    </rimColorConfigurations>

    <wearable wearDuration="480" workMultiplier="5" fieldMultiplier="2"/>
    <washable dirtDuration="90" washDuration="1" workMultiplier="3" fieldMultiplier="2"/>
    
    <i3dMappings>
        <i3dMapping id="Ozkan_Main_Component" node="0>"/>
        <i3dMapping id="Ozkan_Vis" node="0>0"/>
        <i3dMapping id="attacherJoint" node="0>0|0|0"/>
        <i3dMapping id="trailerAttacherJoint" node="0>0|0|1|0"/>
        <i3dMapping id="trailerAttacherJoint2" node="0>0|0|1|1"/>
        <i3dMapping id="BeatingArm" node="0>0|0|3|0|1"/>
        <i3dMapping id="BeatingMove1" node="0>0|0|3|0"/>
        <i3dMapping id="BeatingMove2" node="0>0|0|3|0|0"/>
        <i3dMapping id="wheelLeft1" node="0>0|1|0"/>
        <i3dMapping id="wheelRight1" node="0>0|1|1"/>
        <i3dMapping id="wheelLeft2" node="0>0|1|2"/>
        <i3dMapping id="wheelRight2" node="0>0|1|3"/>
        <i3dMapping id="Body" node="0>0|2|0"/>
        <i3dMapping id="exactFillRootNode1" node="0>0|2|0|5|0"/>
        <i3dMapping id="fillAutoAimTarget1" node="0>0|2|0|5|1"/>
        <i3dMapping id="fillVolumeNormal" node="0>0|2|0|5|2"/>
        <i3dMapping id="fillVolumeWooden" node="0>0|2|0|5|4"/>
        <i3dMapping id="fillVolumeSilage" node="0>0|2|0|5|5"/>
        <i3dMapping id="unloadInfo01" node="0>0|2|0|5|3"/>
        <i3dMapping id="effectGrainBack" node="0>0|2|0|6|0|0|0"/>
        <i3dMapping id="effectSmokeBack" node="0>0|2|0|6|0|0|1"/>
        <i3dMapping id="effectParticleBack" node="0>0|2|0|6|0|1|0"/>
        <i3dMapping id="pistonRef" node="0>0|2|0|8"/>
        <i3dMapping id="Lids1" node="0>0|2|0|3"/>
        <i3dMapping id="Lids2" node="0>0|2|0|4"/>
        <i3dMapping id="pistonMoving" node="0>0|3|0"/>
        <i3dMapping id="Piston" node="0>0|3|0|0|0"/>
        <i3dMapping id="Piston2" node="0>0|3|0|0|0|0"/>
        <i3dMapping id="Piston3" node="0>0|3|0|0|0|0|0"/>
        <i3dMapping id="Piston4" node="0>0|3|0|0|0|0|0|0"/>
        <i3dMapping id="dischargeNodeBack" node="0>0|5|0"/>
        <i3dMapping id="dischargeNodeBack2" node="0>0|5|1"/>
        <i3dMapping id="lightLeft" node="0>0|6|0|0"/>
        <i3dMapping id="lightRight" node="0>0|6|0|1"/>
        <i3dMapping id="backLightsHigh" node="0>0|6|1|0"/>
        <i3dMapping id="turnLightLeftBack" node="0>0|6|1|1"/>
        <i3dMapping id="turnLightRightBack" node="0>0|6|1|2"/>
        <i3dMapping id="licensePlateBack" node="0>0|7"/>
        <i3dMapping id="playerTrigger" node="0>0|9"/>
        <!--Lid-->
        <i3dMapping id="Back_Flap_Main" node="0>0|2|0|0|0"/>
        <i3dMapping id="Back_Flap" node="0>0|2|0|0|0|0"/>
        <i3dMapping id="Back_Flap_Ref" node="0>0|2|0|12|14"/>
        <i3dMapping id="Left_Flap1" node="0>0|2|0|2|0"/>
        <i3dMapping id="Left_Flap1_Ref" node="0>0|2|0|12|10"/>
        <i3dMapping id="Left_Flap2" node="0>0|2|0|2|1"/>
        <i3dMapping id="Left_Flap2_Ref" node="0>0|2|0|12|11"/>
        <i3dMapping id="Right_Flap1" node="0>0|2|0|1|0"/>
        <i3dMapping id="Right_Flap1_Ref" node="0>0|2|0|12|12"/>
        <i3dMapping id="Right_Flap2" node="0>0|2|0|1|1"/>
        <i3dMapping id="Right_Flap2_Ref" node="0>0|2|0|12|13"/>
        <i3dMapping id="Back_Lid1" node="0>0|2|0|0|0|1"/>
        <i3dMapping id="Back_Lid1_Ref" node="0>0|2|0|12|8"/>
        <i3dMapping id="Back_Lid2" node="0>0|2|0|0|0|2"/>
        <i3dMapping id="Back_Lid2_Ref" node="0>0|2|0|12|9"/>
        <i3dMapping id="Left_Lid1" node="0>0|2|0|4|0"/>
        <i3dMapping id="Left_Lid1_Ref" node="0>0|2|0|12|0"/>
        <i3dMapping id="Left_Lid2" node="0>0|2|0|3|0"/>
        <i3dMapping id="Left_Lid2_Ref" node="0>0|2|0|12|1"/>
        <i3dMapping id="Left_Lid3" node="0>0|2|0|4|1"/>
        <i3dMapping id="Left_Lid3_Ref" node="0>0|2|0|12|2"/>
        <i3dMapping id="Left_Lid4" node="0>0|2|0|3|1"/>
        <i3dMapping id="Left_Lid4_Ref" node="0>0|2|0|12|3"/>
        <i3dMapping id="Right_Lid1" node="0>0|2|0|4|2"/>
        <i3dMapping id="Right_Lid1_Ref" node="0>0|2|0|12|4"/>
        <i3dMapping id="Right_Lid2" node="0>0|2|0|3|2"/>
        <i3dMapping id="Right_Lid2_Ref" node="0>0|2|0|12|5"/>
        <i3dMapping id="Right_Lid3" node="0>0|2|0|4|3"/>
        <i3dMapping id="Right_Lid3_Ref" node="0>0|2|0|12|6"/>
        <i3dMapping id="Right_Lid4" node="0>0|2|0|3|3"/>
        <i3dMapping id="Right_Lid4_Ref" node="0>0|2|0|12|7"/>
        <!--Configurations-->
        <i3dMapping id="Wooden_Addition" node="0>0|2|0|9"/>
        <i3dMapping id="Silage_Addition" node="0>0|2|0|10"/>
    </i3dMappings>
</vehicle>