﻿<?xml version="1.0" encoding="utf-8" standalone="no" ?>
<vehicle type="tractor" xmlns:xsi="http://www.w3.org/2001/XMLSchema-instance" xsi:noNamespaceSchemaLocation="../../../../shared/xml/schema/vehicle.xsd">
    <annotation>Copyright (C) 55 Ragnar Mod Ekibi, All Rights Reserved.</annotation>
    <storeData>
        <name>
            <en>398</en>
        </name>
        <specs>
            <power>93</power>
            <maxSpeed>40</maxSpeed>
        </specs>
        <functions>
            <function>$l10n_function_tractor</function>
            <function>$l10n_function_tractorFrontloader</function>
        </functions>
        <image>Huds/store_MasseyFerguson398.dds</image>
        <price>21000</price>
        <lifetime>600</lifetime>
        <rotation>0</rotation>
        <brand>MASSEYFERGUSON</brand>
        <category>tractorsS</category>
    </storeData>
    
    <base>
        <typeDesc>$l10n_typeDesc_tractor</typeDesc>
        <filename>MasseyFerguson398.i3d</filename>
        <sounds filename="Sounds/398Sound.xml"/>
        <size width="3.2" length="5" height="3" lengthOffset="0.1"/>
        <components>
            <component centerOfMass="0 0.65 -0.15" solverIterationCount="20" mass="2600"/>
            <component centerOfMass="0 0 0" solverIterationCount="25" mass="1250"/>
            <joint component1="1" component2="2" node="AxisJoint" rotLimit="0 0 5" rotLimitSpring="0 0 4000" rotLimitDamping="0 0 8" maxRotDriveForce="0 0 8" rotDriveRotation="0 0 0" rotDriveSpring="0 0 4" rotDriveDamping="0 0 8" breakable="false"/>
        </components>
        <schemaOverlay attacherJointPosition="0 0" name="VEHICLE"/>
        <mapHotspot type="TRACTOR"/>
    </base>

    <configurationSets title="$l10n_configuration_frontweight">
        <configurationSet name="$l10n_configuration_valueNo" params="0">
            <configuration name="design" index="1"/>
            <configuration name="attacherJoint" index="1"/>
        </configurationSet>
        <configurationSet name="90" params="90">
            <configuration name="design" index="2"/>
            <configuration name="attacherJoint" index="2"/>
        </configurationSet>
         <configurationSet name="150" params="150">
            <configuration name="design" index="3"/>
            <configuration name="attacherJoint" index="3"/>
        </configurationSet>
         <configurationSet name="210" params="210">
            <configuration name="design" index="4"/>
            <configuration name="attacherJoint" index="4"/>
        </configurationSet>
         <configurationSet name="270" params="270">
            <configuration name="design" index="5"/>
            <configuration name="attacherJoint" index="5"/>
        </configurationSet>
    </configurationSets>

    <designConfigurations title="Ön ağırlık">
        <designConfiguration name="$l10n_configuration_valueNo">
            <objectChange node="0>0|9|1" visibilityActive="false"/>
        </designConfiguration>
        <designConfiguration name="90" price="20">
            <objectChange node="398_main_component1" massActive="2690"/>
            <objectChange node="0>0|9|1|0" visibilityActive="true"/>
            <objectChange node="0>0|9|1|1" visibilityActive="false"/>
            <objectChange node="0>0|9|1|2" visibilityActive="false"/>
            <objectChange node="0>0|9|1|3" visibilityActive="false"/>
        </designConfiguration>
        <designConfiguration name="150" price="30">
            <objectChange node="398_main_component1" massActive="2750"/>
            <objectChange node="0>0|9|1|0" visibilityActive="true"/>
            <objectChange node="0>0|9|1|1" visibilityActive="true"/>
            <objectChange node="0>0|9|1|2" visibilityActive="false"/>
            <objectChange node="0>0|9|1|3" visibilityActive="false"/>
        </designConfiguration>
        <designConfiguration name="210" price="40">
            <objectChange node="398_main_component1" massActive="2810"/>
            <objectChange node="0>0|9|1|0" visibilityActive="true"/>
            <objectChange node="0>0|9|1|1" visibilityActive="true"/>
            <objectChange node="0>0|9|1|2" visibilityActive="true"/>
            <objectChange node="0>0|9|1|3" visibilityActive="false"/>
        </designConfiguration>
        <designConfiguration name="270" price="40">
            <objectChange node="398_main_component1" massActive="2870"/>
            <objectChange node="0>0|9|1|0" visibilityActive="true"/>
            <objectChange node="0>0|9|1|1" visibilityActive="true"/>
            <objectChange node="0>0|9|1|2" visibilityActive="true"/>
            <objectChange node="0>0|9|1|3" visibilityActive="true"/>
        </designConfiguration>       
    </designConfigurations>

    <design2Configurations title="Kabin">
        <design2Configuration name="$l10n_configuration_valueNo">
            <objectChange node="TentePart" visibilityActive="true"/>
            <objectChange node="Tente" visibilityActive="false"/>
            <objectChange node="Kabin1" visibilityActive="false"/>
            <objectChange node="0>0|9|2|2" visibilityActive="false"/>
            <objectChange node="0>0|9|2|3" visibilityActive="true"/>
            <objectChange node="0>0|2|7|2" visibilityActive="true"/>
            <objectChange node="workLights" visibilityActive="false"/>
        </design2Configuration>
        <design2Configuration name="Tente ">
            <objectChange node="TentePart" visibilityActive="true"/>
            <objectChange node="Tente" visibilityActive="true"/>
            <objectChange node="Kabin1" visibilityActive="false"/>
            <objectChange node="0>0|9|2|2" visibilityActive="false"/>
            <objectChange node="0>0|9|2|3" visibilityActive="true"/>
            <objectChange node="0>0|2|7|2" visibilityActive="true"/>
            <objectChange node="workLights" visibilityActive="false"/>
        </design2Configuration>
        <design2Configuration name="Kabin1">
            <objectChange node="TentePart" visibilityActive="false"/>
            <objectChange node="Tente" visibilityActive="false"/>
            <objectChange node="Kabin1" visibilityActive="true"/>
            <objectChange node="0>0|9|2|2" visibilityActive="false"/>
            <objectChange node="0>0|9|2|3" visibilityActive="true"/>
            <objectChange node="0>0|2|7|2" visibilityActive="true"/>
            <objectChange node="workLights" visibilityActive="true"/>
            <objectChange node="0>0|4|6|0|5" translationActive="-0.652 -0.6 0.592"/>
            <objectChange node="0>0|4|6|1|4" translationActive="0.752 -0.6 0.192"/>
        </design2Configuration>
        <design2Configuration name="Kabin2">
            <objectChange node="TentePart" visibilityActive="false"/>
            <objectChange node="Tente" visibilityActive="false"/>
            <objectChange node="Kabin1" visibilityActive="false"/>
            <objectChange node="0>0|9|2|2" visibilityActive="true"/>
            <objectChange node="0>0|9|2|3" visibilityActive="false"/>
            <objectChange node="0>0|2|7|2" visibilityActive="false"/>
            <objectChange node="workLights" visibilityActive="true"/>
            <objectChange node="0>0|4|6|0|5" translationActive="-0.652 -0.6 0.592"/>
            <objectChange node="0>0|4|6|1|4" translationActive="0.752 -0.6 0.192"/>
        </design2Configuration>
    </design2Configurations>

    <design3Configurations title="Hava Filtresi">
        <design3Configuration name="Orijinal">
            <objectChange node="0>0|9|3|0" visibilityActive="true"/>
            <objectChange node="0>0|9|3|1" visibilityActive="false"/>
        </design3Configuration>
        <design3Configuration name="Turbo Filtre">
            <objectChange node="0>0|9|3|0" visibilityActive="false"/>
            <objectChange node="0>0|9|3|1" visibilityActive="true"/>
        </design3Configuration>
    </design3Configurations>

    <wheels>
        <wheelConfigurations>
            <!-- Tek Ceker 1 -->
            <wheelConfiguration name="Tek Ceker Jant 1" price="0" brand="TRELLEBORG">
                <wheels autoRotateBackSpeed="1.7" ackermannSteeringIndex="1" differentialIndex="1">
                    <wheel filename="Wheels/Front/10_00_R16.xml" isLeft="true" hasTireTracks="true" hasParticles="true">
                        <physics rotSpeed="1" restLoad="1.5" repr="wheelArmLeft" driveNode="LeftWheel" forcePointRatio="0.2" initialCompression="25" suspTravel="0.08" spring="48" damper="50"/>
                        <steering node="SteeringBar" nodeMinTransX="0.076" nodeMaxTransX="-0.076"/>
                    </wheel>
                    <wheel filename="Wheels/Front/10_00_R16.xml" isLeft="false" hasTireTracks="true" hasParticles="true">
                        <physics rotSpeed="1" restLoad="1.5" repr="wheelArmRight" driveNode="RightWheel" forcePointRatio="0.2" initialCompression="25" suspTravel="0.08" spring="48" damper="50"/>
                    </wheel>
                    <wheel filename="Wheels/Trelleborg/460_85R34.xml" isLeft="true" hasTireTracks="true" hasParticles="true">
                        <physics rotSpeed="0" restLoad="1.1" repr="WheelBackLeft" forcePointRatio="0.3" initialCompression="20" suspTravel="0.08" spring="26" damper="40"/>
                    </wheel>
                    <wheel filename="Wheels/Trelleborg/460_85R34.xml" isLeft="false" hasTireTracks="true" hasParticles="true">
                        <physics rotSpeed="0" restLoad="1.1" repr="WheelBackRight" forcePointRatio="0.3" initialCompression="20" suspTravel="0.08" spring="26" damper="40"/>
                    </wheel>
                </wheels>
                <objectChange node="Wheels2Wd" visibilityActive="true"/>
                <objectChange node="Wheels4Wd" visibilityActive="false"/>
                <objectChange node="4WdPart" visibilityActive="false"/>
            </wheelConfiguration>

            <!-- Tek Ceker 2 -->
            <wheelConfiguration name="Tek Ceker Jant 2" price="0" brand="TRELLEBORG">
                <wheels autoRotateBackSpeed="1.7" ackermannSteeringIndex="1" differentialIndex="1">
                    <wheel filename="Wheels/Front/10_00_R16.xml" isLeft="true" hasTireTracks="true" hasParticles="true">
                        <physics rotSpeed="1" restLoad="1.5" repr="wheelArmLeft" driveNode="LeftWheel" forcePointRatio="0.2" initialCompression="25" suspTravel="0.08" spring="48" damper="50"/>
                        <steering node="SteeringBar" nodeMinTransX="0.076" nodeMaxTransX="-0.076"/>
                    </wheel>
                    <wheel filename="Wheels/Front/10_00_R16.xml" isLeft="false" hasTireTracks="true" hasParticles="true">
                        <physics rotSpeed="1" restLoad="1.5" repr="wheelArmRight" driveNode="RightWheel" forcePointRatio="0.2" initialCompression="25" suspTravel="0.08" spring="48" damper="50"/>
                    </wheel>
                    <wheel filename="Wheels/Trelleborg/460_85R34_2.xml" isLeft="true" hasTireTracks="true" hasParticles="true">
                        <physics rotSpeed="0" restLoad="1.1" repr="WheelBackLeft" forcePointRatio="0.3" initialCompression="20" suspTravel="0.08" spring="26" damper="40"/>
                    </wheel>
                    <wheel filename="Wheels/Trelleborg/460_85R34_2.xml" isLeft="false" hasTireTracks="true" hasParticles="true">
                        <physics rotSpeed="0" restLoad="1.1" repr="WheelBackRight" forcePointRatio="0.3" initialCompression="20" suspTravel="0.08" spring="26" damper="40"/>
                    </wheel>
                </wheels>
                <objectChange node="Wheels2Wd" visibilityActive="true"/>
                <objectChange node="Wheels4Wd" visibilityActive="false"/>
                <objectChange node="4WdPart" visibilityActive="false"/>
            </wheelConfiguration>

            <!-- Dort Ceker 1 -->
            <wheelConfiguration name="4 Ceker Jant 1" price="0" brand="TRELLEBORG">
                <wheels autoRotateBackSpeed="1.7" ackermannSteeringIndex="2" differentialIndex="1">
                    <wheel filename="Wheels/Trelleborg/340_85R28.xml" isLeft="true" hasTireTracks="true" hasParticles="true">
                        <physics rotSpeed="1" restLoad="1.5" repr="1>0|0" driveNode="1>0|0|0" forcePointRatio="0.2" initialCompression="25" suspTravel="0.08" spring="48" damper="50"/>
                        <steering node="1>0|2|0" nodeMinTransX="0.095" nodeMaxTransX="-0.095"/>
                    </wheel>
                    <wheel filename="Wheels/Trelleborg/340_85R28.xml" isLeft="false" hasTireTracks="true" hasParticles="true">
                        <physics rotSpeed="1" restLoad="1.5" repr="1>0|1" driveNode="1>0|1|0" forcePointRatio="0.2" initialCompression="25" suspTravel="0.08" spring="48" damper="50"/>
                    </wheel>
                    <wheel filename="Wheels/Trelleborg/460_85R34.xml" isLeft="true" hasTireTracks="true" hasParticles="true">
                        <physics rotSpeed="0" restLoad="0.9" repr="WheelBackLeft" forcePointRatio="0.5" initialCompression="25" suspTravel="0.12" spring="60" damper="50" yOffset="0.02"/>
                    </wheel>
                    <wheel filename="Wheels/Trelleborg/460_85R34.xml" isLeft="false" hasTireTracks="true" hasParticles="true">
                        <physics rotSpeed="0" restLoad="0.9" repr="WheelBackRight" forcePointRatio="0.5" initialCompression="25" suspTravel="0.12" spring="60" damper="50" yOffset="0.02"/>
                    </wheel>
                </wheels>
                <objectChange node="Wheels2Wd" visibilityActive="false"/>
                <objectChange node="Wheels4Wd" visibilityActive="true"/>
                <objectChange node="4WdPart" visibilityActive="true"/>
            </wheelConfiguration>

            <!-- Dort Ceker 2 -->
            <wheelConfiguration name="4 Ceker Jant 2" price="0" brand="TRELLEBORG">
                <wheels autoRotateBackSpeed="1.7" ackermannSteeringIndex="2" differentialIndex="1">
                    <wheel filename="Wheels/Trelleborg/340_85R28.xml" isLeft="true" hasTireTracks="true" hasParticles="true">
                        <physics rotSpeed="1" restLoad="1.5" repr="1>0|0" driveNode="1>0|0|0" forcePointRatio="0.2" initialCompression="25" suspTravel="0.08" spring="48" damper="50"/>
                        <steering node="1>0|2|0" nodeMinTransX="0.095" nodeMaxTransX="-0.095"/>
                    </wheel>
                    <wheel filename="Wheels/Trelleborg/340_85R28.xml" isLeft="false" hasTireTracks="true" hasParticles="true">
                        <physics rotSpeed="1" restLoad="1.5" repr="1>0|1" driveNode="1>0|1|0" forcePointRatio="0.2" initialCompression="25" suspTravel="0.08" spring="48" damper="50"/>
                    </wheel>
                    <wheel filename="Wheels/Trelleborg/460_85R34_2.xml" isLeft="true" hasTireTracks="true" hasParticles="true">
                        <physics rotSpeed="0" restLoad="0.9" repr="WheelBackLeft" forcePointRatio="0.5" initialCompression="25" suspTravel="0.12" spring="60" damper="50" yOffset="0.02"/>
                    </wheel>
                    <wheel filename="Wheels/Trelleborg/460_85R34_2.xml" isLeft="false" hasTireTracks="true" hasParticles="true">
                        <physics rotSpeed="0" restLoad="0.9" repr="WheelBackRight" forcePointRatio="0.5" initialCompression="25" suspTravel="0.12" spring="60" damper="50" yOffset="0.02"/>
                    </wheel>
                </wheels>
                <objectChange node="Wheels2Wd" visibilityActive="false"/>
                <objectChange node="Wheels4Wd" visibilityActive="true"/>
                <objectChange node="4WdPart" visibilityActive="true"/>
            </wheelConfiguration>

            <!-- Tek Ceker 1 Mitas -->
            <wheelConfiguration name="Tek Ceker Jant 1" price="0" brand="MITAS">
                <wheels autoRotateBackSpeed="1.7" ackermannSteeringIndex="1" differentialIndex="1">
                    <wheel filename="Wheels/Front/10_00_R16.xml" isLeft="true" hasTireTracks="true" hasParticles="true">
                        <physics rotSpeed="1" restLoad="1.5" repr="wheelArmLeft" driveNode="LeftWheel" forcePointRatio="0.2" initialCompression="25" suspTravel="0.08" spring="48" damper="50"/>
                        <steering node="SteeringBar" nodeMinTransX="0.076" nodeMaxTransX="-0.076"/>
                    </wheel>
                    <wheel filename="Wheels/Front/10_00_R16.xml" isLeft="false" hasTireTracks="true" hasParticles="true">
                        <physics rotSpeed="1" restLoad="1.5" repr="wheelArmRight" driveNode="RightWheel" forcePointRatio="0.2" initialCompression="25" suspTravel="0.08" spring="48" damper="50"/>
                    </wheel>
                    <wheel filename="Wheels/Mitas/18_4__34.xml" isLeft="true" hasTireTracks="true" hasParticles="true">
                        <physics rotSpeed="0" restLoad="1.1" repr="WheelBackLeft" forcePointRatio="0.3" initialCompression="20" suspTravel="0.08" spring="26" damper="40"/>
                    </wheel>
                    <wheel filename="Wheels/Mitas/18_4__34.xml" isLeft="false" hasTireTracks="true" hasParticles="true">
                        <physics rotSpeed="0" restLoad="1.1" repr="WheelBackRight" forcePointRatio="0.3" initialCompression="20" suspTravel="0.08" spring="26" damper="40"/>
                    </wheel>
                </wheels>
                <objectChange node="Wheels2Wd" visibilityActive="true"/>
                <objectChange node="Wheels4Wd" visibilityActive="false"/>
                <objectChange node="4WdPart" visibilityActive="false"/>
            </wheelConfiguration>

            <!-- Tek Ceker 2 Mitas -->
            <wheelConfiguration name="Tek Ceker Jant 2" price="0" brand="MITAS">
                <wheels autoRotateBackSpeed="1.7" ackermannSteeringIndex="1" differentialIndex="1">
                    <wheel filename="Wheels/Front/10_00_R16.xml" isLeft="true" hasTireTracks="true" hasParticles="true">
                        <physics rotSpeed="1" restLoad="1.5" repr="wheelArmLeft" driveNode="LeftWheel" forcePointRatio="0.2" initialCompression="25" suspTravel="0.08" spring="48" damper="50"/>
                        <steering node="SteeringBar" nodeMinTransX="0.076" nodeMaxTransX="-0.076"/>
                    </wheel>
                    <wheel filename="Wheels/Front/10_00_R16.xml" isLeft="false" hasTireTracks="true" hasParticles="true">
                        <physics rotSpeed="1" restLoad="1.5" repr="wheelArmRight" driveNode="RightWheel" forcePointRatio="0.2" initialCompression="25" suspTravel="0.08" spring="48" damper="50"/>
                    </wheel>
                    <wheel filename="Wheels/Mitas/18_4__34_2.xml" isLeft="true" hasTireTracks="true" hasParticles="true">
                        <physics rotSpeed="0" restLoad="1.1" repr="WheelBackLeft" forcePointRatio="0.3" initialCompression="20" suspTravel="0.08" spring="26" damper="40"/>
                    </wheel>
                    <wheel filename="Wheels/Mitas/18_4__34_2.xml" isLeft="false" hasTireTracks="true" hasParticles="true">
                        <physics rotSpeed="0" restLoad="1.1" repr="WheelBackRight" forcePointRatio="0.3" initialCompression="20" suspTravel="0.08" spring="26" damper="40"/>
                    </wheel>
                </wheels>
                <objectChange node="Wheels2Wd" visibilityActive="true"/>
                <objectChange node="Wheels4Wd" visibilityActive="false"/>
                <objectChange node="4WdPart" visibilityActive="false"/>
            </wheelConfiguration>

            <!-- Dort Ceker 1 Mitas -->
            <wheelConfiguration name="4 Ceker Jant 1" price="0" brand="MITAS">
                <wheels autoRotateBackSpeed="1.7" ackermannSteeringIndex="2" differentialIndex="1">
                    <wheel filename="Wheels/Mitas/12_4__28.xml" isLeft="true" hasTireTracks="true" hasParticles="true">
                        <physics rotSpeed="1" restLoad="1.5" repr="1>0|0" driveNode="1>0|0|0" forcePointRatio="0.2" initialCompression="25" suspTravel="0.08" spring="48" damper="50"/>
                        <steering node="1>0|2|0" nodeMinTransX="0.095" nodeMaxTransX="-0.095"/>
                    </wheel>
                    <wheel filename="Wheels/Mitas/12_4__28.xml" isLeft="false" hasTireTracks="true" hasParticles="true">
                        <physics rotSpeed="1" restLoad="1.5" repr="1>0|1" driveNode="1>0|1|0" forcePointRatio="0.2" initialCompression="25" suspTravel="0.08" spring="48" damper="50"/>
                    </wheel>
                    <wheel filename="Wheels/Mitas/18_4__34.xml" isLeft="true" hasTireTracks="true" hasParticles="true">
                        <physics rotSpeed="0" restLoad="0.9" repr="WheelBackLeft" forcePointRatio="0.5" initialCompression="25" suspTravel="0.12" spring="60" damper="50" yOffset="0.02"/>
                    </wheel>
                    <wheel filename="Wheels/Mitas/18_4__34.xml" isLeft="false" hasTireTracks="true" hasParticles="true">
                        <physics rotSpeed="0" restLoad="0.9" repr="WheelBackRight" forcePointRatio="0.5" initialCompression="25" suspTravel="0.12" spring="60" damper="50" yOffset="0.02"/>
                    </wheel>
                </wheels>
                <objectChange node="Wheels2Wd" visibilityActive="false"/>
                <objectChange node="Wheels4Wd" visibilityActive="true"/>
                <objectChange node="4WdPart" visibilityActive="true"/>
            </wheelConfiguration>

            <!-- Dort Ceker 2 Mitas -->
            <wheelConfiguration name="4 Ceker Jant 2" price="0" brand="MITAS">
                <wheels autoRotateBackSpeed="1.7" ackermannSteeringIndex="2" differentialIndex="1">
                    <wheel filename="Wheels/Mitas/12_4__28.xml" isLeft="true" hasTireTracks="true" hasParticles="true">
                        <physics rotSpeed="1" restLoad="1.5" repr="1>0|0" driveNode="1>0|0|0" forcePointRatio="0.2" initialCompression="25" suspTravel="0.08" spring="48" damper="50"/>
                        <steering node="1>0|2|0" nodeMinTransX="0.095" nodeMaxTransX="-0.095"/>
                    </wheel>
                    <wheel filename="Wheels/Mitas/12_4__28.xml" isLeft="false" hasTireTracks="true" hasParticles="true">
                        <physics rotSpeed="1" restLoad="1.5" repr="1>0|1" driveNode="1>0|1|0" forcePointRatio="0.2" initialCompression="25" suspTravel="0.08" spring="48" damper="50"/>
                    </wheel>
                    <wheel filename="Wheels/Mitas/18_4__34_2.xml" isLeft="true" hasTireTracks="true" hasParticles="true">
                        <physics rotSpeed="0" restLoad="0.9" repr="WheelBackLeft" forcePointRatio="0.5" initialCompression="25" suspTravel="0.12" spring="60" damper="50" yOffset="0.02"/>
                    </wheel>
                    <wheel filename="Wheels/Mitas/18_4__34_2.xml" isLeft="false" hasTireTracks="true" hasParticles="true">
                        <physics rotSpeed="0" restLoad="0.9" repr="WheelBackRight" forcePointRatio="0.5" initialCompression="25" suspTravel="0.12" spring="60" damper="50" yOffset="0.02"/>
                    </wheel>
                </wheels>
                <objectChange node="Wheels2Wd" visibilityActive="false"/>
                <objectChange node="Wheels4Wd" visibilityActive="true"/>
                <objectChange node="4WdPart" visibilityActive="true"/>
            </wheelConfiguration>

            <!-- Tek Ceker 1 Michelin -->
            <wheelConfiguration name="Tek Ceker Jant 1" price="0" brand="MICHELIN">
                <wheels autoRotateBackSpeed="1.7" ackermannSteeringIndex="1" differentialIndex="1">
                    <wheel filename="Wheels/Front/10_00_R16.xml" isLeft="true" hasTireTracks="true" hasParticles="true">
                        <physics rotSpeed="1" restLoad="1.5" repr="wheelArmLeft" driveNode="LeftWheel" forcePointRatio="0.2" initialCompression="25" suspTravel="0.08" spring="48" damper="50"/>
                        <steering node="SteeringBar" nodeMinTransX="0.076" nodeMaxTransX="-0.076"/>
                    </wheel>
                    <wheel filename="Wheels/Front/10_00_R16.xml" isLeft="false" hasTireTracks="true" hasParticles="true">
                        <physics rotSpeed="1" restLoad="1.5" repr="wheelArmRight" driveNode="RightWheel" forcePointRatio="0.2" initialCompression="25" suspTravel="0.08" spring="48" damper="50"/>
                    </wheel>
                    <wheel filename="Wheels/Michelin/18_4R34.xml" isLeft="true" hasTireTracks="true" hasParticles="true">
                        <physics rotSpeed="0" restLoad="1.1" repr="WheelBackLeft" forcePointRatio="0.3" initialCompression="20" suspTravel="0.08" spring="26" damper="40"/>
                    </wheel>
                    <wheel filename="Wheels/Michelin/18_4R34.xml" isLeft="false" hasTireTracks="true" hasParticles="true">
                        <physics rotSpeed="0" restLoad="1.1" repr="WheelBackRight" forcePointRatio="0.3" initialCompression="20" suspTravel="0.08" spring="26" damper="40"/>
                    </wheel>
                </wheels>
                <objectChange node="Wheels2Wd" visibilityActive="true"/>
                <objectChange node="Wheels4Wd" visibilityActive="false"/>
                <objectChange node="4WdPart" visibilityActive="false"/>
            </wheelConfiguration>

            <!-- Tek Ceker 2 Michelin -->
            <wheelConfiguration name="Tek Ceker Jant 2" price="0" brand="MICHELIN">
                <wheels autoRotateBackSpeed="1.7" ackermannSteeringIndex="1" differentialIndex="1">
                    <wheel filename="Wheels/Front/10_00_R16.xml" isLeft="true" hasTireTracks="true" hasParticles="true">
                        <physics rotSpeed="1" restLoad="1.5" repr="wheelArmLeft" driveNode="LeftWheel" forcePointRatio="0.2" initialCompression="25" suspTravel="0.08" spring="48" damper="50"/>
                        <steering node="SteeringBar" nodeMinTransX="0.076" nodeMaxTransX="-0.076"/>
                    </wheel>
                    <wheel filename="Wheels/Front/10_00_R16.xml" isLeft="false" hasTireTracks="true" hasParticles="true">
                        <physics rotSpeed="1" restLoad="1.5" repr="wheelArmRight" driveNode="RightWheel" forcePointRatio="0.2" initialCompression="25" suspTravel="0.08" spring="48" damper="50"/>
                    </wheel>
                    <wheel filename="Wheels/Michelin/18_4R34_2.xml" isLeft="true" hasTireTracks="true" hasParticles="true">
                        <physics rotSpeed="0" restLoad="1.1" repr="WheelBackLeft" forcePointRatio="0.3" initialCompression="20" suspTravel="0.08" spring="26" damper="40"/>
                    </wheel>
                    <wheel filename="Wheels/Michelin/18_4R34_2.xml" isLeft="false" hasTireTracks="true" hasParticles="true">
                        <physics rotSpeed="0" restLoad="1.1" repr="WheelBackRight" forcePointRatio="0.3" initialCompression="20" suspTravel="0.08" spring="26" damper="40"/>
                    </wheel>
                </wheels>
                <objectChange node="Wheels2Wd" visibilityActive="true"/>
                <objectChange node="Wheels4Wd" visibilityActive="false"/>
                <objectChange node="4WdPart" visibilityActive="false"/>
            </wheelConfiguration>

            <!-- Dort Ceker 1 Mitas -->
            <wheelConfiguration name="4 Ceker Jant 1" price="0" brand="MICHELIN">
                <wheels autoRotateBackSpeed="1.7" ackermannSteeringIndex="2" differentialIndex="1">
                    <wheel filename="Wheels/Michelin/13_6R28.xml" isLeft="true" hasTireTracks="true" hasParticles="true">
                        <physics rotSpeed="1" restLoad="1.5" repr="1>0|0" driveNode="1>0|0|0" forcePointRatio="0.2" initialCompression="25" suspTravel="0.08" spring="48" damper="50"/>
                        <steering node="1>0|2|0" nodeMinTransX="0.095" nodeMaxTransX="-0.095"/>
                    </wheel>
                    <wheel filename="Wheels/Michelin/13_6R28.xml" isLeft="false" hasTireTracks="true" hasParticles="true">
                        <physics rotSpeed="1" restLoad="1.5" repr="1>0|1" driveNode="1>0|1|0" forcePointRatio="0.2" initialCompression="25" suspTravel="0.08" spring="48" damper="50"/>
                    </wheel>
                    <wheel filename="Wheels/Michelin/18_4R34.xml" isLeft="true" hasTireTracks="true" hasParticles="true">
                        <physics rotSpeed="0" restLoad="0.9" repr="WheelBackLeft" forcePointRatio="0.5" initialCompression="25" suspTravel="0.12" spring="60" damper="50" yOffset="0.02"/>
                    </wheel>
                    <wheel filename="Wheels/Michelin/18_4R34.xml" isLeft="false" hasTireTracks="true" hasParticles="true">
                        <physics rotSpeed="0" restLoad="0.9" repr="WheelBackRight" forcePointRatio="0.5" initialCompression="25" suspTravel="0.12" spring="60" damper="50" yOffset="0.02"/>
                    </wheel>
                </wheels>
                <objectChange node="Wheels2Wd" visibilityActive="false"/>
                <objectChange node="Wheels4Wd" visibilityActive="true"/>
                <objectChange node="4WdPart" visibilityActive="true"/>
            </wheelConfiguration>

            <!-- Dort Ceker 1 Mitas -->
            <wheelConfiguration name="4 Ceker Jant 2" price="0" brand="MICHELIN">
                <wheels autoRotateBackSpeed="1.7" ackermannSteeringIndex="2" differentialIndex="1">
                    <wheel filename="Wheels/Michelin/13_6R28.xml" isLeft="true" hasTireTracks="true" hasParticles="true">
                        <physics rotSpeed="1" restLoad="1.5" repr="1>0|0" driveNode="1>0|0|0" forcePointRatio="0.2" initialCompression="25" suspTravel="0.08" spring="48" damper="50"/>
                        <steering node="1>0|2|0" nodeMinTransX="0.095" nodeMaxTransX="-0.095"/>
                    </wheel>
                    <wheel filename="Wheels/Michelin/13_6R28.xml" isLeft="false" hasTireTracks="true" hasParticles="true">
                        <physics rotSpeed="1" restLoad="1.5" repr="1>0|1" driveNode="1>0|1|0" forcePointRatio="0.2" initialCompression="25" suspTravel="0.08" spring="48" damper="50"/>
                    </wheel>
                    <wheel filename="Wheels/Michelin/18_4R34_2.xml" isLeft="true" hasTireTracks="true" hasParticles="true">
                        <physics rotSpeed="0" restLoad="0.9" repr="WheelBackLeft" forcePointRatio="0.5" initialCompression="25" suspTravel="0.12" spring="60" damper="50" yOffset="0.02"/>
                    </wheel>
                    <wheel filename="Wheels/Michelin/18_4R34_2.xml" isLeft="false" hasTireTracks="true" hasParticles="true">
                        <physics rotSpeed="0" restLoad="0.9" repr="WheelBackRight" forcePointRatio="0.5" initialCompression="25" suspTravel="0.12" spring="60" damper="50" yOffset="0.02"/>
                    </wheel>
                </wheels>
                <objectChange node="Wheels2Wd" visibilityActive="false"/>
                <objectChange node="Wheels4Wd" visibilityActive="true"/>
                <objectChange node="4WdPart" visibilityActive="true"/>
            </wheelConfiguration>
            
        </wheelConfigurations>
        <rimColor material="0">SHARED_GREYLIGHT</rimColor>
        <ackermannSteeringConfigurations>
            <ackermannSteering rotSpeed="60" rotMax="40" rotCenterWheel1="3" rotCenterWheel2="4"/>
            <ackermannSteering rotSpeed="60" rotMax="35" rotCenterWheel1="3" rotCenterWheel2="4"/>
        </ackermannSteeringConfigurations>
    </wheels>

    <lights>
        <states>
            <state lightTypes="0"/>
            <state lightTypes="0 1"/>
            <state lightTypes="0 1 2"/>
        </states>
        <realLights>
            <low>
                <light node="frontLightLow" lightTypes="0" excludedLightTypes="2 3"/>
                <light node="workLightBackLow" lightTypes="1"/>
                <light node="workLightFrontLow" lightTypes="2"/>
                <light node="highBeamLow" lightTypes="3"/>
            </low>
            <high>
                <light node="frontLightHigh" lightTypes="0" excludedLightTypes="2 3"/>
                <light node="workLightBackHigh" lightTypes="1"/>
                <light node="workLightFrontHigh" lightTypes="2"/>
                <light node="workLightFrontHigh2" lightTypes="2"/>
                <light node="highBeamHigh" lightTypes="3"/>
                <turnLightLeft node="turnLightLeftFront"/>
                <turnLightRight node="turnLightRightFront"/>
                <brakeLight shaderNode="0>0|9|2|2|2|0|0|0"/>
                <brakeLight shaderNode="0>0|9|2|2|2|1|0|0"/>
            </high>
        </realLights>
        <defaultLights>
            <defaultLight shaderNode="frontlightStatic" lightTypes="0 3"/>
            <defaultLight shaderNode="fenderlightStatic" lightTypes="2"/>
            <defaultLight shaderNode="workLightFront1Static" lightTypes="2"/>
            <defaultLight shaderNode="workLightFront2Static" lightTypes="2"/>
            <defaultLight shaderNode="workLightBack1Static" lightTypes="1"/>
            <defaultLight shaderNode="workLightBack2Static" lightTypes="1"/>
            <defaultLight shaderNode="0>0|9|2|2|2|2|0|0|0" lightTypes="2"/>
            <defaultLight shaderNode="0>0|9|2|2|2|3|0|0|0" lightTypes="2"/>
            <defaultLight shaderNode="0>0|9|2|2|2|4|0|0|0" lightTypes="2"/>
            <defaultLight shaderNode="0>0|9|2|2|2|5|0|0|0" lightTypes="2"/>
            <defaultLight shaderNode="0>0|9|2|2|2|6|0|0|0" lightTypes="1"/>
            <defaultLight shaderNode="0>0|9|2|2|2|7|0|0|0" lightTypes="1"/>
            <defaultLight shaderNode="0>0|9|2|2|2|8|0|0|0" lightTypes="1"/>
            <defaultLight shaderNode="0>0|9|2|2|2|9|0|0|0" lightTypes="1"/>
            <defaultLight shaderNode="0>0|9|2|2|2|0|0|0" lightTypes="0"/>
            <defaultLight shaderNode="0>0|9|2|2|2|1|0|0" lightTypes="0"/>
        </defaultLights>
        <sharedLight linkNode="0>0|9|2|3|1" filename="$data/shared/assets/lights/lizard/rearLight11_right.xml"/>
        <sharedLight linkNode="0>0|9|2|3|2" filename="$data/shared/assets/lights/lizard/rearLight11_right.xml"/>
        <brakeLights>
            <brakeLight shaderNode="0>0|9|2|2|2|0|0|0"/>
            <brakeLight shaderNode="0>0|9|2|2|2|1|0|0"/>
        </brakeLights>
        <turnLights>
            <turnLightLeft shaderNode="fenderlightsignalLeft"/>
            <turnLightRight shaderNode="fenderlightsignalRight"/>
            <turnLightLeft shaderNode="0>0|9|2|2|2|1|0|1"/>
            <turnLightRight shaderNode="0>0|9|2|2|2|0|0|1"/>
        </turnLights>
        <dashboards>
            <dashboard displayType="EMITTER" valueType="lightState" node="DashDecal" intensity="0.5" lightTypes="0" groups="MOTOR_ACTIVE"/>
        </dashboards>
    </lights>

    <attacherJoints comboDuration="2">
        <attacherJoint node="attacherJointBack" upperRotationOffset="-0.33" moveTime="2.5" comboTime="1">
            <distanceToGround lower="0.41" upper="1.03"/>
            <rotationNode node="attacherJointBackRot" lowerRotation="-15 0 0" upperRotation="42 0 0"/>
            <rotationNode2 node="attacherJointBackRot2"/>
            <bottomArm rotationNode="attacherJointBackBottomArm" translationNode="bottomLink" referenceNode="referencePointBackBottom" zScale="-1" startRotation=" 0 0"/>
            <topArm baseNode="attacherJointBackArmTop" filename="upperLink.i3d" zScale="-1"/>
            <schema position="1 0" rotation="0" invertX="false"/>
        </attacherJoint>
        <attacherJoint node="0>0|3|1|0|0" jointType="trailerLow" lowerRotLimit="25 60 50" lowerTransLimit="0 0 0" allowsJointLimitMovement="false" comboTime="1">
            <distanceToGround lower="0.5" upper="0.51"/>
            <transNode node="0>0|3|1|0" minY="0.54" maxY="0.55">
                <dependentBottomArm node="attacherJointBackBottomArm" rotation="23 0 0"/>
            </transNode>
            <schema position="1 0" rotation="0" invertX="false"/>
            <visuals nodes="0>0|3|1|0" hide="trailerAttacherNode"/>
            <steeringBars leftNode="0>0|3|1|0|1" rightNode="0>0|3|1|0|2"/>
        </attacherJoint>
        <attacherJoint node="0>0|3|1|1|0" jointType="trailer" lowerRotLimit="25 60 50" lowerTransLimit="0 0 0" allowsJointLimitMovement="false" comboTime="1">
            <distanceToGround lower="0" upper="0"/>
            <transNode node="0>0|3|1|1" minY="0.54" maxY="0.55">
                <dependentBottomArm node="attacherJointBackArmBottom" rotation="23 0 0"/>
            </transNode>
            <schema position="1 0" rotation="0" invertX="false"/>
        </attacherJoint>
        <attacherJoint node="trailerAttacherJointFront" jointType="trailer" lowerRotLimit="25 50 50" lowerTransLimit="0 0 0" allowsJointLimitMovement="false" comboTime="0">
                    <schema position="1 0" rotation="0" invertX="true"/>
        </attacherJoint>  
    </attacherJoints>

    <connectionHoses>
        <target attacherJointIndices="1 2 3" type="electric" node="electricReferencePoint" >
            <objectChange node="electricCab" rotationActive="0 0 0" rotationInactive="-90 0 0"/>
        </target>
        <target attacherJointIndices="1 2 3" type="hydraulicIn" node="hydraulic01ReferencePoint">
            <objectChange node="hydraulic01Cab" rotationActive="0 90 0" rotationInactive="0 0 0"/>      
        </target>
        <target attacherJointIndices="1 2 3" type="hydraulicOut" node="hydraulic02ReferencePoint">
            <objectChange node="hydraulic02Cab" rotationActive="0 90 0" rotationInactive="0 0 0"/>     
        </target>
        <target attacherJointIndices="1 2 3" type="hydraulicIn" node="hydraulic03ReferencePoint">
            <objectChange node="hydraulic03Cab" rotationActive="0 90 0" rotationInactive="0 0 0"/>  
        </target>
        <target attacherJointIndices="1 2 3" type="hydraulicOut" node="hydraulic04ReferencePoint">
            <objectChange node="hydraulic04Cab" rotationActive="0 90 0" rotationInactive="0 0 0"/>
        </target>
    </connectionHoses>

    <powerTakeOffs>
        <output attacherJointIndices="1 2 3" outputNode="ptoBack"/>
    </powerTakeOffs>

    <speedRotatingParts>
        <speedRotatingPart node="0>0|9|0|1|0|0" radius="0.1"/>
    </speedRotatingParts>
    
    <enterable isTabbable="true">
        <enterReferenceNode node="398_main_component1"/>
        <exitPoint node="ExitPoint"/>
        
        <cameras>
            <camera node="outdoorCamera1" rotatable="true" rotateNode="outdoorCameraTarget" limit="true" useWorldXZRotation="true" rotMinX="-1.4" rotMaxX="1" transMin="3.2" transMax="40" translation="0 0 5.1" rotation="-20 180 0">
                <raycastNode node="cameraRaycastNode1"/>
                <raycastNode node="cameraRaycastNode2"/>
                <raycastNode node="cameraRaycastNode3"/>
            </camera>
            <camera node="indoorCamera1" rotatable="true" limit="true" rotMinX="-1.2" rotMaxX="0.4" transMin="0" transMax="0" useMirror="true" isInside="true" shadowFocusBox="shadowFocusBox" suspensionNodeIndex="1"/>
        </cameras>
        
        <characterNode node="PlayerSkin" cameraMinDistance="0.5" spineRotation="-90 0 90">
            <target ikChain="rightFoot" targetNode="0>0|4|2|1"/>
            <target ikChain="leftFoot" targetNode="0>0|4|2|0"/>
            <target ikChain="rightArm" targetNode="0>0|4|0|0|0|1" poseId="wideFingers"/>
            <target ikChain="leftArm" targetNode="0>0|4|0|0|0|0"/>
        </characterNode>
        <characterTargetNodeModifier node="0>0|4|2|0" transitionTime="0.1">
            <state node="0>0|4|3|2|0|0" referenceNode="0>0|4|3|2|0"/>
        </characterTargetNodeModifier>
        <characterTargetNodeModifier node="0>0|4|2|1" transitionTime="0.1">
            <state node="0>0|4|3|0|0|0" referenceNode="0>0|4|3|0|0" directionReferenceNode="playerRightFootTargetGasRef"/>
            <state node="0>0|4|3|1|0|0" referenceNode="0>0|4|3|1|0"/>
        </characterTargetNodeModifier>

        <passengerSeats>
            <passengerSeat node="0>0|4|6|0" exitPoint="0>0|5" outdoorCameraIndex="1">
                <camera node="0>0|4|6|0|0|0" rotatable="true" limit="true" rotMinX="-1.1" rotMaxX="0.4" transMin="0" transMax="0" useMirror="true" isInside="true" positionSmoothingParameter="0" shadowFocusBox="shadowFocusBox"/>
                <characterNode node="0>0|4|6|0|1" cameraMinDistance="0.5" spineRotation="-90 0 90">
                    <target ikChain="leftFoot" targetNode="0>0|4|6|0|2"/>
                    <target ikChain="rightFoot" targetNode="0>0|4|6|0|3"/>
                    <target ikChain="leftArm" targetNode="0>0|4|6|0|4" poseId="flatFingers"/>
                    <target ikChain="rightArm" targetNode="0>0|4|6|0|5" poseId="flatFingers"/>
                </characterNode>
            </passengerSeat>
            <passengerSeat node="0>0|4|6|1" exitPoint="0>0|5" outdoorCameraIndex="1">
                <camera node="0>0|4|6|1|0|0" rotatable="true" limit="true" rotMinX="-1.1" rotMaxX="0.4" transMin="0" transMax="0" useMirror="true" isInside="true" positionSmoothingParameter="0" shadowFocusBox="shadowFocusBox"/>
                <characterNode node="0>0|4|6|1|1" cameraMinDistance="0.5" spineRotation="-90 0 90">
                    <target ikChain="leftFoot" targetNode="0>0|4|6|1|2"/>
                    <target ikChain="rightFoot" targetNode="0>0|4|6|1|3"/>
                    <target ikChain="leftArm" targetNode="0>0|4|6|1|4" poseId="flatFingers"/>
                    <target ikChain="rightArm" targetNode="0>0|4|6|1|5" poseId="flatFingers"/>
                </characterNode>
            </passengerSeat>
        </passengerSeats>
    </enterable>
    
    <licensePlates>
        <licensePlate node="LicensePlateNodeFront" position="FRONT" preferedType="SQUARISH"/>
        <licensePlate node="LicensePlateNodeBack" position="BACK" preferedType="SQUARISH"/>
    </licensePlates>
    
    <motorized>
        <consumerConfigurations>
            <consumerConfiguration>
                <consumer fillUnitIndex="1" usage="10" fillType="diesel"/>
                <!-- usage is per hour at max load and max rpm -->
            </consumerConfiguration>
        </consumerConfigurations>
        
        <differentialConfigurations>
            <differentialConfiguration>
                <differentials>
                    <differential torqueRatio="0.5" maxSpeedRatio="1.8" wheelIndex1="1" wheelIndex2="2"/>
                    <differential torqueRatio="0.5" maxSpeedRatio="1.8" wheelIndex1="3" wheelIndex2="4"/>
                    <differential torqueRatio="0.5" maxSpeedRatio="1.8" differentialIndex1="1" differentialIndex2="2"/>
                </differentials>
            </differentialConfiguration>
        </differentialConfigurations>
        
        <motorConfigurations>
            <motorConfiguration name="398" price="0" hp="93">
                <motor torqueScale="0.805" minRpm="800" maxRpm="2200" maxForwardSpeed="40" maxBackwardSpeed="15" brakeForce="4" lowBrakeForceScale="0.22" dampingRateScale="0.35">
                    <torque normRpm="0.45" torque="0.79"/>
                    <torque normRpm="0.5" torque="0.95"/>
                    <torque normRpm="0.59" torque="1"/>
                    <torque normRpm="0.72" torque="1"/>
                    <torque normRpm="0.86" torque="0.88"/>
                    <torque normRpm="1" torque="0.72"/>
                </motor>
                <transmission autoGearChangeTime="0.5" gearChangeTime="0.4" name="$l10n_info_transmission_manual">
                    <directionChange useGear="true" reverseGearIndex="1" changeTime="0.5"/>
                    <groups type="DEFAULT" changeTime="0.5">
                        <group ratio="0.25" name="L-K"/>    
                        <group ratio="0.50" name="L-T"/>                    
                        <group ratio="0.75" name="H-K" isDefault="true"/>                
                        <group ratio="1.00" name="H-T"/>
                    </groups>
                    <forwardGear maxSpeed="19.6"/>
                    <forwardGear maxSpeed="29.3"/>
                    <forwardGear maxSpeed="39.1"/>
                    <backwardGear maxSpeed="14.8"/>
                </transmission>
            </motorConfiguration>         
        </motorConfigurations>

        <gearLevers>
            <gearLever node="0>0|4|4|0" centerAxis="3" changeTime="0.4" handsOnDelay="0.25">
                <state gear="0" xRot="0" zRot="0"/>
                <state gear="1" xRot="-10" zRot="-10"/>
                <state gear="2" xRot="10" zRot="10"/>
                <state gear="3" xRot="-10" zRot="10"/>
                <state gear="-1" xRot="10" zRot="-10"/>
            </gearLever>
             <gearLever node="0>0|4|4|1" centerAxis="3" changeTime="0.4" handsOnDelay="0.2">
                <state group="1" xRot="10"  />
                <state group="2" xRot="10"  />
                <state group="3" xRot="-10"  />
                <state group="4" xRot="-10"  />
            </gearLever>
            <gearLever node="0>0|4|4|2" centerAxis="3" changeTime="0.4" handsOnDelay="0.2">
                <state group="1" xRot="10"  />
                <state group="2" xRot="-10"  />
                <state group="3" xRot="10"  />
                <state group="4" xRot="-10"  />
            </gearLever>
        </gearLevers>
        
        <exhaustEffects>
            <exhaustEffect node="ExhaustParticle" filename="$data/effects/exhaust/exhaust.i3d" minRpmColor="0.6 0.6 0.6 0.3" maxRpmColor="0.3 0.3 0.3 0.8" minRpmScale="0.05" maxRpmScale="0.5"/>
        </exhaustEffects>
        <exhaustFlap node="ExhaustRef" maxRot="0.2"/>
        
        <motorStartDuration>2500</motorStartDuration>

        <dashboards>
            <dashboard displayType="ANIMATION" valueType="motorTemperature" animName="loadingBarTemperature" minValueAnim="20" maxValueAnim="130" groups="MOTOR_ACTIVE"/>
            <dashboard displayType="ANIMATION" valueType="rpm" animName="loadingBarRPM" minValueAnim="0" maxValueAnim="2500" groups="MOTOR_ACTIVE"/>
            <dashboard displayType="ROT" valueType="clutchPedal" node="0>0|4|3|2|0" minRot="0 0 0" maxRot="-20 0 0" doInterpolation="true" groups="MOTOR_ACTIVE"/>
        </dashboards>
    </motorized>
    
    <drivable>
        <sounds>
            <waterSplash template="WATER_SPLASH_01" linkNode="398_main_component1"/>
        </sounds>
        <steeringWheel node="SteeringWheel" indoorRotation="540" outdoorRotation="30"/>
        <dashboards>
            <dashboard displayType="ROT" valueType="accelerationAxis" node="0>0|4|3|0|0" minRot="0 0 0" maxRot="-15 0 0" doInterpolation="true" groups="MOTOR_ACTIVE"/>
            <dashboard displayType="ROT" valueType="decelerationAxis" node="0>0|4|3|1|0" minRot="0 0 0" maxRot="-20 0 0" doInterpolation="true" groups="MOTOR_ACTIVE"/>
        </dashboards>
    </drivable>

    <animations>
        <animation name="loadingBarTemperature">
            <part node="0>0|4|5|3|0" startTime="0.0" endTime="1.0" startRot="0 0 0" endRot="0 -56.9 0"/>
        </animation>
        <animation name="loadingBarFuel">
            <part node="0>0|4|5|2|0" startTime="0.0" endTime="1.0" startRot="0 0 0" endRot="0 58.2 0"/>
        </animation>
        <animation name="loadingBarRPM">
            <part node="0>0|4|5|1|0" startTime="0.0" endTime="1.0" startRot="0 0 0" endRot="0 -274 0"/>
        </animation>       
    </animations>

    <cylindered>
        <movingTools>   
            <movingTool node="0>0|3|0|1">
                <dependentPart node="0>0|6|0|0"/>
            </movingTool>
        </movingTools>
        <movingParts>
            <movingPart node="0>0|6|0|0" referencePoint="0>0|3|0|1|0|1" localReferencePoint="0>0|6|0|0|0" referenceFrame="0>" invertZ="true" isActiveDirty="true">
                <dependentPart index="0>0|6|0|0|0" />
            </movingPart>
            <movingPart node="0>0|6|0|0|0" referencePoint="0>0|3|0|1|0|1" referenceFrame="0>0|3|0|1|0|1" invertZ="true" isActiveDirty="true">
                <dependentPart node="0>0|6|0|1" />
                <dependentPart node="0>0|6|0|2|0" />
                <dependentPart node="0>0|6|0|3|0" />
            </movingPart>
            <movingPart node="0>0|6|0|1" referencePoint="0>0|3|0|1|0|2" referenceFrame="0>0|3|0|1|0|2" invertZ="true" scaleZ="true" isActiveDirty="true"/>
            <movingPart node="SteerBarLeft" referencePoint="LeftSteerHydraulicRef" referenceFrame="LeftSteerHydraulicRef" isActiveDirty="true"/>
            <movingPart node="SteerBarRight" referencePoint="RightSteerHydraulicRef" referenceFrame="RightSteerHydraulicRef" isActiveDirty="true"/>
            <movingPart node="1>0|2|0|0" referencePoint="1>0|0|1" referenceFrame="1>0|0|1" isActiveDirty="true"/>
            <movingPart node="1>0|2|0|1" referencePoint="1>0|1|1" referenceFrame="1>0|1|1" isActiveDirty="true"/>
            <movingPart node="0>0|9|0|1" referencePoint="1>0|2|3" referenceFrame="1>0|2|3" isActiveDirty="true"/>
            <movingPart node="1>0|2|0|0" referencePoint="1>0|0|1" referenceFrame="1>0|0|1" isActiveDirty="true"/>
            <movingPart node="1>0|2|0|1" referencePoint="1>0|1|1" referenceFrame="1>0|1|1" isActiveDirty="true"/>
        </movingParts>
    </cylindered>
    
    <fillUnit>
        <fillUnitConfigurations>
            <fillUnitConfiguration>
                <fillUnits>
                    <fillUnit unitTextOverride="$l10n_unit_literShort" showOnHud="false" showInShop="false" fillTypes="diesel" capacity="126">
                        <dashboard displayType="ANIMATION" valueType="fillLevel" animName="loadingBarFuel" groups="MOTOR_ACTIVE"/>
                    </fillUnit>
                </fillUnits>
            </fillUnitConfiguration>
        </fillUnitConfigurations>
    </fillUnit>
    
    <ai>
        <agent width="2.15" length="4.65" height="2.9" lengthOffset="1.23" frontOffset="2.24"/>
        <collisionTrigger node="AiCollisionNode" width="2.6" height="3.0"/>
    </ai>
    
    <foliageBending>
        <bendingNode minX="-1.05" maxX="1.05" minZ="-0.3" maxZ="1.8" yOffset="0.5"/>
        <bendingNode minX="-1.05" maxX="1.05" minZ="-1.9" maxZ="-0.3" yOffset="0.5"/>
        <bendingNode minX="-0.30" maxX="0.30" minZ="1.8" maxZ="2.35" yOffset="0.55"/>
    </foliageBending>
    
    <wearable wearDuration="480" workMultiplier="5" fieldMultiplier="2"/>
    <washable dirtDuration="90" washDuration="1" workMultiplier="3" fieldMultiplier="2"/>
    
    <i3dMappings>
        <i3dMapping id="398_main_component1" node="0>"/>
        <i3dMapping id="398_Root" node="0>0"/>
        <!-- Wheels -->
        <i3dMapping id="WheelBackLeft" node="0>0|0|0"/>
        <i3dMapping id="WheelBackRight" node="0>0|0|1"/>
        <i3dMapping id="AxisJoint" node="0>0|0|2"/>
        <!-- Cameras -->
        <i3dMapping id="outdoorCameraTarget" node="0>0|1|0"/>
        <i3dMapping id="outdoorCamera1" node="0>0|1|0|0"/>
        <i3dMapping id="indoorCamera1" node="0>0|1|1"/>
        <i3dMapping id="cameraRaycastNode1" node="0>0|1|2"/>
        <i3dMapping id="cameraRaycastNode2" node="0>0|1|3"/>
        <i3dMapping id="cameraRaycastNode3" node="0>0|1|4"/>
        <i3dMapping id="shadowFocusBox" node="0>0|1|5"/>
        <!-- Lights -->
        <i3dMapping id="frontLightLow" node="0>0|2|0|0"/>
        <i3dMapping id="highBeamLow" node="0>0|2|0|1"/>
        <i3dMapping id="frontLightHigh" node="0>0|2|0|2"/>
        <i3dMapping id="highBeamHigh" node="0>0|2|0|3"/>
        <i3dMapping id="workLightBackLow" node="0>0|2|1|0"/>
        <i3dMapping id="workLightBackHigh" node="0>0|2|1|1"/>
        <i3dMapping id="workLightFrontLow" node="0>0|2|1|2"/>
        <i3dMapping id="workLightFrontHigh" node="0>0|2|1|3"/>
        <i3dMapping id="workLightFrontHigh2" node="0>0|2|0|4"/>
        <i3dMapping id="frontlightStatic" node="0>0|2|7|1"/>
        <i3dMapping id="fenderlightStatic" node="0>0|2|7|2|1"/>
        <i3dMapping id="fenderlightsignalLeft" node="0>0|2|7|2|2"/>
        <i3dMapping id="fenderlightsignalRight" node="0>0|2|7|2|3"/>
        <i3dMapping id="turnLightLeftFront" node="0>0|2|3|0"/>
        <i3dMapping id="turnLightRightFront" node="0>0|2|3|1"/>
        <!-- AttacherJoints -->
        <i3dMapping id="attacherJointBackRot" node="0>0|3|0|0"/>
        <i3dMapping id="attacherJointBackRot2" node="0>0|3|0|0|0"/>
        <i3dMapping id="attacherJointBack" node="0>0|3|0|0|0|0"/>
        <i3dMapping id="attacherJointBackBottomArm" node="0>0|3|0|1"/>
        <i3dMapping id="bottomLink" node="0>0|3|0|1|0"/>
        <i3dMapping id="referencePointBackBottom" node="0>0|3|0|1|0|0"/>
        <i3dMapping id="mainArmRef" node="0>0|3|0|1|0|1"/>
        <i3dMapping id="attacherJointBackArmTop" node="0>0|3|0|2|0"/>
        <i3dMapping id="trailerAttacherJointFront" node="0>0|3|1|2"/>
        <!-- Moving Parts -->
        <i3dMapping id="mainArmRefFrame" node="0>0|6|0"/>
        <i3dMapping id="mainArm" node="0>0|6|0|0"/>
        <i3dMapping id="mainArmPart" node="0>0|6|0|0|0"/>
        <i3dMapping id="mainArmHydraulicRef" node="0>0|6|0|0|1"/>
        <i3dMapping id="mainArmHydraulic" node="0>0|6|1"/>
        <i3dMapping id="mainArmHydraulicPunch" node="0>0|6|1|0"/>
        <!-- OtherAttachers -->
        <i3dMapping id="electricReferencePoint" node="0>0|3|3|0|0"/>
        <i3dMapping id="electricCab" node="0>0|3|3|0|1"/>
        <i3dMapping id="hydraulic01ReferencePoint" node="0>0|3|3|1|0"/>
        <i3dMapping id="hydraulic01Cab" node="0>0|3|3|1|1"/>
        <i3dMapping id="hydraulic02ReferencePoint" node="0>0|3|3|2|0"/>
        <i3dMapping id="hydraulic02Cab" node="0>0|3|3|2|1"/>
        <i3dMapping id="hydraulic03ReferencePoint" node="0>0|3|3|3|0"/>
        <i3dMapping id="hydraulic03Cab" node="0>0|3|3|3|1"/>
        <i3dMapping id="hydraulic04ReferencePoint" node="0>0|3|3|4|0"/>
        <i3dMapping id="hydraulic04Cab" node="0>0|3|3|4|1"/>
        <i3dMapping id="ptoBack" node="0>0|3|2|0"/>
        <!-- Cabin -->
        <i3dMapping id="SteeringWheel" node="0>0|4|0|0"/>
        <i3dMapping id="PlayerSkin" node="0>0|4|1|0"/>
        <i3dMapping id="PlayerRightFootTarget" node="0>0|4|2|1"/>
        <i3dMapping id="PlayerLeftFootTarget" node="0>0|4|2|0"/>
        <i3dMapping id="DashDecal" node="0>0|4|5|0|0"/>
        <!-- Configurations -->
        <i3dMapping id="4WdPart" node="0>0|9|0"/>
        <i3dMapping id="Shaft" node="0>0|9|0|1"/>
        <i3dMapping id="Tente" node="0>0|9|2|0|0"/>
        <i3dMapping id="TentePart" node="0>0|9|2|0|1"/>
        <i3dMapping id="Kabin1" node="0>0|9|2|1"/>
        <i3dMapping id="workLights" node="0>0|2|1"/>
        <i3dMapping id="workLightBack1Static" node="0>0|9|2|1|2|0|0|1"/>
        <i3dMapping id="workLightBack2Static" node="0>0|9|2|1|2|1|0|1"/>
        <i3dMapping id="workLightFront1Static" node="0>0|9|2|1|2|2|0|1"/>
        <i3dMapping id="workLightFront2Static" node="0>0|9|2|1|2|3|0|1"/>
        <!-- Others -->
        <i3dMapping id="ExitPoint" node="0>0|5"/>
        <i3dMapping id="AiCollisionNode" node="0>0|8|0"/>
        <i3dMapping id="ExhaustRef" node="0>0|11|0"/>
        <i3dMapping id="ExhaustParticle" node="0>0|11|0|0"/>
        <i3dMapping id="LicensePlateNodeBack" node="0>0|12"/>
        <i3dMapping id="LicensePlateNodeFront" node="0>0|13"/>
        <i3dMapping id="RootJoint" node="0>0|14"/>
        <!-- Axis -->
        <i3dMapping id="398_axis_component2" node="1>"/>
        <i3dMapping id="Wheels4Wd" node="1>0"/>
        <i3dMapping id="Wheels2Wd" node="1>1"/>
        <!-- Wheels4Wd -->
        <!-- Wheels2Wd -->
        <i3dMapping id="wheelArmLeft" node="1>1|0|0"/>
        <i3dMapping id="wheelArmRight" node="1>1|1|0"/>
        <i3dMapping id="LeftWheel" node="1>1|0|0|0|0"/>
        <i3dMapping id="RightWheel" node="1>1|1|0|0|0"/>
        <i3dMapping id="LeftSteerHydraulicRef" node="1>1|0|0|1"/>
        <i3dMapping id="RightSteerHydraulicRef" node="1>1|1|0|1"/>
        <i3dMapping id="SteeringBar" node="1>1|2|0"/>
        <i3dMapping id="SteerBarLeft" node="1>1|2|0|0"/>
        <i3dMapping id="SteerBarRight" node="1>1|2|0|1"/>
    </i3dMappings>
</vehicle>
