﻿<?xml version="1.0" encoding="utf-8" standalone="no" ?>
<prefabDesc descVersion="1">
    <author>Dylan.C, GlengarBoy - Eire Agri Modding</author>
    <version>1.1.0.0</version>
	<title>
        <en>Irish License Plates</en>
		<de>Irisch Nummernschilder</de>
    </title>
	<description>
<en>
<![CDATA[
Irish license plates for your map.

Install Instructions:
1) Extract your map and the license plates zip files.
2) Copy the "licensePlates" folder into your maps zip file.
Depending on your maps folder structure you may need to adjust the filename paths in the "licensePlates.xml" file to suit your folder structure.
The paths are currently setup to have the "licensePlates" folder inside the "maps" folder within the maps zip file.
3) Modify the licensePlates filename path in your "map.xml" file to point to the "licensePlates.xml" file from the "licensePlates" folder.
The file path to enter here is "maps/licensePlates/licensePlates.xml", however this may differ depending on your maps folder structure as stated previously.
4 - OPTIONAL) To install the ai plates, modify the licensePlates filename path in your "trafficSystem.xml" file to point to the "aiLicensePlatesIE.i3d" file from the "licensePlates" folder.
Note: If your map does not have its own "trafficSystem.xml" file, you will need to copy the one from the basegame files it is currently using and re-adjust the file paths in the "map.i3d" file accordingly.
5) Re-zip your map

Description of the different plate types:
- Type 1/Type 3: (2013 --> Present Day): yy#-cc-xxxxxx, where,
y = year of registration, e.g. 21 = 2021, 13 = 2013 etc., # = 1 or 2, 1 = vehicle registered in 1st half of the year (January to June) and 2 = vehicle registered in 2nd half of the year (July to December).
c = county code. This can two letters or one letter depending on the county. e.g. LM = Vehicle registered in County Leitrim, T = Vehicle registered in County Tipperary.
x = Vehicle registration number, i.e. 1 = This is the 1st vehicle registered in that county in that year, 213 = This is the 213th vehicle registered in that county in that year.

- Type 2/Type 4: (1987 --> 2012): yy-cc-xxxxxx, where,
y = year of registration, e.g. 93 = 1993, 09 = 2009 etc.
c = county code. This can two letters or one letter depending on the county. e.g. LM = Vehicle registered in County Leitrim, T = Vehicle registered in County Tipperary.
x = Vehicle registration number, i.e. 1 = This is the 1st vehicle registered in that county in that year, 213 = This is the 213th vehicle registered in that county in that year.

- Types 5 through 9: (Pre 1987): Vintage Plates with different background colours
Format can be either xxxx #### or #### xxxx, where x = Letter & # = Number
Formats can vary from one letter to three letters and one number to four numbers.
Reference the following <a href="https://en.wikipedia.org/wiki/Vehicle_registration_plates_of_the_Republic_of_Ireland#Pre-1987_mark_codes">Wikipedia</a> page for the different county formats through the years.

- Types 10 through 13: Fantasy License Plate. You can let your imagination flow with this plate option as it is not a real life format. Purely just for the players that want to have a custom number plate :).

Changelog:
1.1.0.0:
- Updated description
- Added Vintage Number Plate Options
- Added more Fantasy Number Plate Options
- Added more font colours
- Added ai number plates
]]>
</en>
<de><![CDATA[
Irische Nummernschilder für Ihre Karte.

Installationsanweisungen:
1) Extrahieren Sie Ihre Karte und die Nummernschilder Zip-Dateien.
2) Kopieren Sie den Ordner "licensePlates" in Ihre Karten-Zip-Datei.
Abhängig von Ihrer Kartenordnerstruktur müssen Sie möglicherweise die Dateinamenspfade in den "licensePlates.xml"-Datei, die zu Ihrer Ordnerstruktur passt.
Die Pfade sind derzeit so eingerichtet, dass sich der Ordner "licensePlates" im Ordner "maps" in der Karten-Zip-Datei befindet.
3) Ändern Sie den Dateinamenspfad der Nummernschilder in Ihrer "map.xml"-Datei, die auf die "licensePlates.xml"-Datei aus dem Ordner "licensePlates".
Der Dateipfad, den Sie hier eingeben müssen, lautet "maps/licensePlates/licensePlates.xml", dies kann jedoch abhängig von Ihrer Kartenordnerstruktur abweichen, wie zuvor angegeben.
4 - OPTIONAL) Um die AI-Kennzeichen zu installieren, ändern Sie den Dateinamenspfad der Kennzeichen in Ihrem "trafficSystem.xml"-Datei, die auf die "aiLicensePlatesIE.i3d"-Datei aus dem Ordner "licensePlates".
Hinweis: Wenn Ihre Karte kein eigenes "trafficSystem.xml"-Datei, müssen Sie die aus den aktuell verwendeten Basisspieldateien kopieren und die Dateipfade in der "map.i3d"-Datei entsprechend.
5) Komprimieren Sie Ihre Karte erneut

Beschreibung der verschiedenen Plattentypen:
- Typ 1 / Typ 3: (2013 -> Heute): yy#-cc-xxxxxx, wobei,
y = Jahr der Registrierung, z. B. 21 = 2021, 13 = 2013 usw., # = 1 oder 2, 1 = im 1. Halbjahr zugelassenes Fahrzeug (Januar bis Juni) und 2 = im 2. Halbjahr zugelassenes Fahrzeug (Juli bis Dezember).
c = Landescode. Dies können je nach Landkreis zwei Buchstaben oder ein Buchstabe sein. z.B. LM = Im County Leitrim zugelassenes Fahrzeug, T = Im County Tipperary zugelassenes Fahrzeug.
x = Fahrzeugregistrierungsnummer, dh 1 = Dies ist das 1. Fahrzeug, das in diesem Jahr in diesem Landkreis zugelassen ist, 213 = Dies ist das 213. Fahrzeug, das in diesem Landkreis in diesem Jahr zugelassen ist.

- Typ 2 / Typ 4: (1987 -> 2012): yy-cc-xxxxxx, wobei,
y = Jahr der Registrierung, z. B. 93 = 1993, 09 = 2009 usw.
c = Landescode. Dies können je nach Landkreis zwei Buchstaben oder ein Buchstabe sein. z.B. LM = Im County Leitrim zugelassenes Fahrzeug, T = Im County Tipperary zugelassenes Fahrzeug.
x = Fahrzeugregistrierungsnummer, dh 1 = Dies ist das 1. Fahrzeug, das in diesem Jahr in diesem Landkreis zugelassen ist, 213 = Dies ist das 213. Fahrzeug, das in diesem Landkreis in diesem Jahr zugelassen ist.

- Typen 5 bis 9: (Vor 1987): Vintage-Teller mit verschiedenen Hintergrundfarben
Das Format kann entweder xxxx #### oder #### xxxx sein, wobei x = Buchstabe & # = Zahl ist
Formate können von einem Buchstaben bis zu drei Buchstaben und von einer Zahl bis zu vier Zahlen variieren.
Verweisen Sie auf das Folgende <a href="https://en.wikipedia.org/wiki/Vehicle_registration_plates_of_the_Republic_of_Ireland#Pre-1987_mark_codes">Wikipedia</a > seite für die verschiedenen Kreisformate im Laufe der Jahre.

- Typen 10 bis 13: Fantasy-Nummernschild. Mit dieser Plattenoption können Sie Ihrer Fantasie freien Lauf lassen, da es sich nicht um ein echtes Format handelt. Rein nur für die Spieler, die ein individuelles Nummernschild haben wollen :).

Changelogs:
1.1.0.0:
- Aktualisierte Beschreibung
- Optionen für Vintage-Nummernschilder hinzugefügt
- Weitere Fantasy-Nummernschildoptionen hinzugefügt
- Weitere Schriftfarben hinzugefügt
- Ai-Nummernschilder hinzugefügt
]]>
</de>
    </description>
	<categories>
        <category>Other</category>
        <category>Static</category>
    </categories>
	<iconFilename>icon_IELicensePlates.dds</iconFilename>
	<prefabs>
		<prefab name="Irish license plates" i3dFilename="licensePlates/licensePlatesIE.i3d" />
		<prefab name="Irish ai license plates" i3dFilename="licensePlates/aiLicensePlatesIE.i3d" />
    </prefabs>
</prefabDesc>
