<?xml version="1.0" encoding="utf-8" standalone="no" ?>
<wheel xmlns:xsi="http://www.w3.org/2001/XMLSchema-instance" xsi:noNamespaceSchemaLocation="../../../../../../shared/xml/schema/wheel.xsd">
    <brand>TRELLEBORG</brand>
    <name>Twin Radial</name>
    <default>
        <physics radius="0.496" width="0.5" mass="0.13" tireType="mud" frictionScale="1.60" maxLongStiffness="9" maxLatStiffness="110" maxLatStiffnessLoad="2" />
        <tire filename="Wheel/R22_5_TwinRadial.i3d" nodeLeft="0|0" nodeRight="0|1" maxDeformation="0.062" sideDeformOffset="0.946" isCareWheel="false" tireTrackAtlasIndex="2" />
        <outerRim filename="Wheel/Rims.i3d" nodeleft="0|0" nodeRight="0|1" widthAndDiam="41 40" />
    </default>
</wheel>
