<?xml version="1.0" encoding="utf-8" standalone="no" ?>
<modDesc descVersion="77">
    <author>Tiny 3D Graphic</author>
    <version>1.0.0.0</version>
    <title>
        <tr>Satex Tırmık</tr>
        <en>Satex Harrow</en>
		<de>Satex Egge</de>
		<pl>Satex Brona</pl>
    </title>
	
    <description>
        <en>
            <![CDATA[Price: 1800 - 2000$
Max. working speed: 15 kph
Required power: 25 - 31 hp
Working width: 3.0 - 3.5m

Changelog 2.0.0.0:
- added 3.5 meter version
- improved wear and dirt textures
- animation improved
- color palette changed
- fixed bugs 
]]>
        </en>
        <de>
            <![CDATA[Preis: 1800 - 2000€
Arbeitsgeschwindigkeit: 15 km/h
Benötigte Leistung: 25 - 31 PS
Arbeitsbreite: 3.0 - 3.5m

Changelog 2.0.0.0:
- 3,5-Meter-Version hinzugefügt
- Verbesserte Verschleiß- und Schmutztexturen
- Animation verbessert
- Farbpalette geändert
- Behobene Fehler
]]>
        </de>
        <pl>
            <![CDATA[Cena: 1800 - 2000€
Max. prędkość robocza: 15 km/h
Wymagana moc: 25 - 31 hp
Szerokość robocza: 3.0 - 3.5m

Changelog 2.0.0.0:
- dodano wersję 3,5 metra
- ulepszono tekstury zużycia i brudu
- poprawiono animację
- zmieniono paletę kolorów
- naprawiono błędy
]]>
        </pl>
    </description>
	
    <iconFilename>Huds/icon_Satex.dds</iconFilename>
    <multiplayer supported="true" />
    <brands>
        <brand name="AGROSATEX" title="AgroSatex" image="Brand_AgroSatex.dds"/>
    </brands>
    <storeItems>
        <storeItem xmlFilename="xml/Satex.xml"/>
    </storeItems>
</modDesc>
