<?xml version="1.0" encoding="utf-8" standalone="no" ?>
<wheel xmlns:xsi="http://www.w3.org/2001/XMLSchema-instance" xsi:noNamespaceSchemaLocation="../../../../../../shared/xml/schema/wheel.xsd">
    <brand>VREDESTEIN</brand>
    <name>Traxion 85</name>
    <default>
        <physics radius="0.738" width="0.42" mass="0.203" tireType="mud" frictionScale="1.60" maxLongStiffness="8" maxLatStiffness="100" maxLatStiffnessLoad="2"/>
        <tire filename="$data/shared/wheels/tires/vredestein/traxion85/R30_traxion85.i3d" nodeLeft="1|0" nodeRight="1|0" maxDeformation="0.071" sideDeformOffset="0.969" isCareWheel="false" tireTrackAtlasIndex="0"/>
    </default>
    <configurations>
        <configuration id="dual">
            <innerRim filename="-"/>
        </configuration>
        <configuration id="rim1">
            <innerRim filename="$data/shared/wheels/rims/rim001.i3d" nodeLeft="2|0" nodeRight="2|1"/>
        </configuration>
        <configuration id="rim3">
            <innerRim filename="$data/shared/wheels/rims/rim003.i3d" nodeLeft="1|0" nodeRight="1|1"/>
        </configuration>
    </configurations>
</wheel>
