﻿<?xml version="1.0" encoding="utf-8" standalone="no"?>
<modDesc descVersion="63">
    <author>kenny456, Bullgore</author>
    <version>1.0.0.0</version>
    <title>
        <en>Towing Chain With Hook</en>
    </title>
    <description>
        <en>
<![CDATA[
With this mod you can tow vehicles by towing chain. You can also mount towing hook to vehicles that have no attacher and then attach towing chain to this hook.
- 3 sizes available: 1.5m, 2.5m and 3.5m
- Attach the red end to your vehicle and then attach second end to towed vehicle
- You can attach towing chain to itself when no vehicle is in range (can be used for transport)
- Settings menu available with some options
- You can take towing chain to the hands and attach it manualy
- Multiple attaching of chains supported
- You can turn on towed vehicle's throttle if necessary
- You can set steering mode of towed vehicle to auto or manual
- In F1 help menu you can see all chains available in your range with info about chain (range can be set in menu)
- You can switch between chains when you are on foot
- You can move mounted hook in all direction so it will fit to any vehicle
- Id of chain is showed in middle of each chain to help (can be turned off in menu)
- All controls can be set in your Inputbindings

-price: 1.5m - 500 €, 2.5m - 600 €, 3.5m - 700 €

Controls:
KEY_lshift KEY_t - Open settings menu
KEY_x - attach / detach towing chain to vehicle (vehicle, onfoot)
KEY_y - switch to next chain (onfoot)
KEY_z - mount towing hook (onfoot)
KEY_b - turn on / off towed vehicle throttle (vehicle)
KEY_y - switch between steering mode of towed vehicle (vehicle)
KEY_comma, KEY_period - turn towed vehicle left / right (vehicle)
KEY_lalt KEY_b - change towed vehicle driving direction (vehicle)
KEY_lalt KEY_KP_4 / 6 - move mounted hook left / right (onfoot)
KEY_lalt KEY_KP_8 / 5 - move mounted hook forward / backward (onfoot)
KEY_lalt KEY_KP_7 / 9 - move mounted hook up / down (onfoot)
]]>
        </en>
        <de>
<![CDATA[
Mit diesem Mod kannst du Fahrzeuge per Schleppkette ziehen. Sie können den Abschlepphaken auch an Fahrzeugen ohne Aufsatz befestigen und dann die Abschleppkette an diesem Haken befestigen.
- 3 Größen verfügbar: 1,5 m, 2,5 m und 3,5 m
- Befestigen Sie das rote Ende an Ihrem Fahrzeug und befestigen Sie das zweite Ende am gezogenen Fahrzeug.
- Sie können die Zugkette an sich selbst befestigen, wenn sich kein Fahrzeug in Reichweite befindet (kann für den Transport verwendet werden).
- Einstellungsmenü mit einigen Optionen verfügbar
- Sie können die Schleppkette in die Hände nehmen und manuell befestigen.
- Mehrfaches anbringen von Ketten wird Unterstützt.
- Du kannst bei Bedarf den Gashebel des Zugfahrzeugs einschalten.
- Sie können den Lenkmodus des Zugfahrzeugs auf automatisch oder manuell einstellen.
- Im F1-Hilfemenü können Sie alle in Ihrem Bereich verfügbaren Ketten mit Informationen zur Kette anzeigen. (Bereich kann im Menü eingestellt werden)
- Sie können zwischen Ketten wechseln, wenn Sie zu Fuß sind.
- Sie können den montierten Haken in alle Richtungen bewegen, damit er an jedes Fahrzeug passt.
- ID der Kette wird in der Mitte jeder Kette angezeigt um zu helfen (kann im Menü abgeschaltet werden).
- Alle Steuerelemente können in Ihren Eingabebindungen eingestellt werden.

- Preis: 1.5m - 500 €, 2.5m - 600 €, 3.5m - 700 €

Steuerung:
KEY_lshift KEY_t - Einstellungsmenü öffnen
KEY_x - Anhängekette am Fahrzeug befestigen / abnehmen (Fahrzeug, Fuß)
KEY_y - zur nächsten Kette wechseln (onfoot)
KEY_z - Schlepphaken montieren (onfoot)
KEY_b - Ein / Aus-Zuggas ein- / ausschalten (Fahrzeug)
KEY_y - Umschalten zwischen Lenkmodus des gezogenen Fahrzeugs (Fahrzeug)
KEY_comma, KEY_period - Zugfahrzeug nach links / rechts drehen (Fahrzeug)
KEY_lalt KEY_b - Fahrtrichtung des Zugfahrzeugs ändern (Fahrzeug)
KEY_lalt KEY_KP_4 / 6 - montierten Haken nach links / rechts bewegen (onfoot)
KEY_lalt KEY_KP_8 / 5 - montierten Haken vorwärts / rückwärts bewegen (onfoot)
KEY_lalt KEY_KP_7 / 9 - montierten Haken nach oben / unten bewegen (onfoot)
]]>
        </de>
        <fr>
<![CDATA[
Avec ce mod, vous pouvez remorquer des véhicules en remorquant la chaîne. Vous pouvez également monter le crochet de remorquage sur les véhicules qui n'ont pas d'attache, puis attacher la chaîne de remorquage à ce crochet.
- 3 tailles disponibles : 1,5 m, 2,5 m et 3,5 m
- Attachez l'extrémité rouge à votre véhicule, puis attachez la deuxième extrémité au véhicule remorqué
- Vous pouvez attacher la chaîne de remorquage à elle-même lorsqu'aucun véhicule n'est à portée (peut être utilisée pour le transport)
- Menu Paramètres disponible avec quelques options
- Vous pouvez prendre la chaîne de remorquage dans les mains et l'attacher manuellement
- Fixation multiple de chaînes prises en charge
- Vous pouvez activer l'accélérateur du véhicule remorqué si nécessaire
- Vous pouvez régler le mode de direction du véhicule remorqué sur automatique ou manuel
- Dans le menu d'aide F1, vous pouvez voir toutes les chaînes disponibles dans votre gamme avec des informations sur la chaîne (la gamme peut être définie dans le menu)
- Vous pouvez basculer entre les chaînes lorsque vous êtes à pied
- Vous pouvez déplacer le crochet monté dans toutes les directions afin qu'il s'adapte à n'importe quel véhicule
- L'identifiant de la chaîne est affiché au milieu de chaque chaîne pour aider (peut être désactivé dans le menu)
- Tous les contrôles peuvent être définis dans vos Inputbindings

-prix : 1.5m - 500 €, 2.5m - 600 €, 3.5m - 700 €

Contrôles:
KEY_lshift KEY_t - Ouvrir le menu des paramètres
KEY_x - attacher/détacher la chaîne de remorquage au véhicule (véhicule, à pied)
KEY_y - passer à la chaîne suivante (à pied)
KEY_z - monter le crochet de remorquage (au pied)
KEY_b - activer / désactiver l'accélérateur du véhicule remorqué (véhicule)
KEY_y - basculer entre le mode de direction du véhicule remorqué (véhicule)
KEY_comma, KEY_period - tourner le véhicule remorqué à gauche / à droite (véhicule)
KEY_lalt KEY_b - changer le sens de conduite du véhicule remorqué (véhicule)
KEY_lalt KEY_KP_4 / 6 - déplacer le crochet monté à gauche / à droite (au pied)
KEY_lalt KEY_KP_8 / 5 - déplacer le crochet monté vers l'avant / vers l'arrière (à pied)
KEY_lalt KEY_KP_7 / 9 - déplacer le crochet monté vers le haut / vers le bas (à pied)]]>
        </fr>
    </description>
    <iconFilename>icon_towingChain.dds</iconFilename>
    <multiplayer supported="true"/>
	<storeItems>
        <storeItem xmlFilename="towingChain1m.xml"/>
		<storeItem xmlFilename="towingChain2m.xml"/>
        <storeItem xmlFilename="towingChain3m.xml"/>
    </storeItems>
	<specializations>
		<specialization name="towingChainHook" className="TowingChainHook" filename="script/towingChain.lua" />
	</specializations>
	<jointTypes>
        <jointType name="towingHook"/> 
    </jointTypes>
	<vehicleTypes>
        <type name="towingChainHook" parent="baseAttachable" className="Vehicle" filename="$dataS/scripts/vehicles/Vehicle.lua">
            <specialization name="towingChainHook" />
        </type>
    </vehicleTypes>
    <l10n>
		<text name="input_TOWINGCHAIN_ATTACH_VEHICLE">
            <en>TowingChain - Attach / detach chain to vehicle</en>
            <de>TowingChain - Kette am Fahrzeug anbringen / lösen</de>
        </text>
		<text name="input_TOWINGCHAIN_VEHICLE_THROTTLE">
            <en>TowingChain - Toggle towed vehicle throttle</en>
            <de>TowingChain - Drosselklappe des gezogenen Fahrzeugs umschalten</de>
        </text>
		<text name="input_TOWINGCHAIN_MANUAL_ATTACH">
            <en>TowingChain - Attach / detach chain to vehicle by hand</en>
            <de>TowingChain - Kette von Hand am Fahrzeug anbringen / lösen</de>
        </text>
		<text name="input_TOWINGCHAIN_ATTACH_HOOK">
            <en>TowingChain - Mount attaching hook</en>
            <de>TowingChain - Befestigungshaken montieren</de>
        </text>
		<text name="input_TOWINGCHAIN_SWITCH">
            <en>TowingChain - Switch to next chain</en>
            <de>TowingChain - Zur nächsten Kette wechseln</de>
        </text>
		<text name="input_TOWINGCHAIN_STEER_LEFT">
            <en>TowingChain - Steer left</en>
            <de>TowingChain - Links lenken</de>
        </text>
		<text name="input_TOWINGCHAIN_STEER_RIGHT">
            <en>TowingChain - Steer right</en>
            <de>TowingChain - Rechts lenken</de>
        </text>
		<text name="input_TOWINGCHAIN_TOGGLE_STEERING_MODE">
            <en>TowingChain - Toggle towed vehicle steering mode</en>
            <de>TowingChain - Schalten Sie den Lenkmodus des gezogenen Fahrzeugs um</de>
        </text>
		<text name="input_TOWINGCHAIN_CHANGE_ATTACHED_DIRECTION">
            <en>TowingChain - Toggle towed vehicle driving direction</en>
            <de>TowingChain - Fahrtrichtung des gezogenen Fahrzeugs umschalten</de>
        </text>
		<text name="input_TOWINGCHAIN_MOVE_HOOK_TRIGGER">
            <en>TowingChain - Move hook</en>
            <de>TowingChain - Haken bewegen</de>
        </text>
		<text name="input_TOWINGCHAIN_MOVE_HOOK_LEFT">
            <en>TowingChain - Move hook left</en>
            <de>TowingChain - Bewegen Sie den Haken nach links</de>
        </text>
		<text name="input_TOWINGCHAIN_MOVE_HOOK_RIGHT">
            <en>TowingChain - Move hook right</en>
            <de>TowingChain - Haken nach rechts bewegen</de>
        </text>
		<text name="input_TOWINGCHAIN_MOVE_HOOK_FORWARD">
            <en>TowingChain - Move hook forward</en>
            <de>TowingChain - Haken nach vorne bewegen</de>
        </text>
		<text name="input_TOWINGCHAIN_MOVE_HOOK_BACKWARD">
            <en>TowingChain - Move hook backward</en>
            <de>TowingChain - Haken nach hinten bewegen</de>
        </text>
		<text name="input_TOWINGCHAIN_MOVE_HOOK_UP">
            <en>TowingChain - Move hook up</en>
            <de>TowingChain - Bewegen Sie den Haken</de>
        </text>
		<text name="input_TOWINGCHAIN_MOVE_HOOK_DOWN">
            <en>TowingChain - Move hook down</en>
            <de>TowingChain - Haken nach unten bewegen</de>
        </text>
		<text name="input_TOWINGCHAIN_OPEN_MENU">
            <en>TowingChain - Open settings menu</en>
            <de>TowingChain - Einstellungsmenü öffnen</de>
        </text>
		<text name="input_TOWINGCHAIN_OPEN_MENU_VEHICLE">
            <en>TowingChain - Open settings menu</en>
            <de>TowingChain - Einstellungsmenü öffnen</de>
        </text>
		<text name="towingChainVehicleAttach">
            <en>TowingChain - Attach Towing Chain to vehicle</en>
            <de>TowingChain - Befestigen Sie die Abschleppkette am Fahrzeug</de>
        </text>
		<text name="towingChainVehicleDetach">
            <en>TowingChain - Detach Towing Chain from vehicle</en>
            <de>TowingChain - Abschleppkette vom Fahrzeug abnehmen</de>
        </text>
		<text name="towingChainVehicleThrottleOn">
            <en>Towing Chain - Turn on towed vehicle throttle</en>
            <de>Towing Chain - Schalten Sie das Gaspedal ein</de>
        </text>
		<text name="towingChainVehicleThrottleOff">
            <en>Towing Chain - Turn off towed vehicle throttle</en>
            <de>Towing Chain - Schalten Sie die Drosselklappe aus</de>
        </text>
		<text name="towingChainSelfAttach">
            <en>Towing Chain - Attach Towing Chain to self</en>
            <de>Towing Chain - Befestigen Sie die Abschleppkette an sich selbst</de>
        </text>
		<text name="towingChainSelfDetach">
            <en>Towing Chain - Detach Towing Chain from self</en>
            <de>Towing Chain - Löse die Abschleppkette von dir</de>
        </text>
		<text name="towingChainMountHook">
            <en>Towing Chain - Mount towing hook to</en>
            <de>Towing Chain - Abschlepphaken an montieren</de>
        </text>
		<text name="towingChainUnmountHook">
            <en>Towing Chain - Unmount towing hook from</en>
            <de>Towing Chain - Abschlepphaken abnehmen</de>
        </text>
		<text name="towingChainSteeringModeOff">
            <en>Towing Chain - Towed vehicle steering mode: OFF</en>
            <de>Towing Chain - Abschleppmodus für abgeschleppte Fahrzeuge: AUS</de>
        </text>
		<text name="towingChainSteeringModeAuto">
            <en>Towing Chain - Towed vehicle steering mode: AUTO</en>
            <de>Towing Chain - Abschleppmodus für abgeschleppte Fahrzeuge: AUTO</de>
        </text>
		<text name="towingChainSteeringModeManual">
            <en>Towing Chain - Towed vehicle steering mode: MANUAL</en>
            <de>Towing Chain - Abschleppmodus für abgeschleppte Fahrzeuge: HANDBUCH</de>
        </text>
		<text name="towingChainAttachedDirectionForward">
            <en>Towing Chain - Towed vehicle driving direction: FORWARD</en>
            <de>Towing Chain - Fahrtrichtung des abgeschleppten Fahrzeugs: VORWÄRTS</de>
        </text>
		<text name="towingChainAttachedDirectionBackward">
            <en>Towing Chain - Towed vehicle driving direction: BACKWARD</en>
            <de>Towing Chain - Fahrtrichtung des abgeschleppten Fahrzeugs: ZURÜCK</de>
        </text>
		<text name="functionTowingChain">
			<en>With this Towing Chain you can pull vehicles. You can mount hook to vehicles that dont have attacher. You can attach multiple chains together.</en>
			<de>Mit dieser Abschleppkette können Sie Fahrzeuge ziehen. Sie können Haken an Fahrzeugen montieren, die keinen Aufsatz haben. Sie können mehrere Ketten miteinander verbinden.</de>
		</text>
		<text name="typeDesc_towingChainHook">
			<en>Towing Chain</en>
			<de>Abschleppkette</de>
		</text>
		<text name="towingChainChain">
			<en>Chain </en>
			<de>Kette </de>
		</text>
		<text name="towingChainAttached">
			<en>attached</en>
			<de>angehängt</de>
		</text>
		<text name="towingChainNotAttached">
			<en>not attached</en>
			<de>nicht angehängt</de>
		</text>
		<text name="towingChainMounted">
			<en>hook mounted</en>
			<de>Haken montiert</de>
		</text>
		<text name="towingChainNotMounted">
			<en>hook not mounted</en>
			<de>Haken nicht montiert</de>
		</text>
		<text name="towingChainSelected">
			<en>, Selected</en>
			<de>, Ausgewählt</de>
		</text>
		<text name="towingChainThisVehicle">
			<en>This vehicle</en>
			<de>Dieses Fahrzeug</de>
		</text>
		<text name="towingChainAlreadyAttached">
			<en>has already attached Towing chain.</en>
			<de>hat bereits eine Abschleppkette angebracht.</de>
		</text>
		<text name="towingChainAllChains">
			<en>All chains need to be attached in the same direction.</en>
			<de>Alle Ketten müssen in die gleiche Richtung befestigt werden.</de>
		</text>
		<text name="towingChainThrottleOff">
			<en>First turn off throttle of attached vehicle to detach Towing chain!</en>
			<de>Schalten Sie zuerst den Gashebel des angebrachten Fahrzeugs aus, um die Abschleppkette zu lösen!</de>
		</text>
		<text name="towingChainSteeringOff">
			<en>First set steering mode of attached vehicle to OFF to detach Towing chain!</en>
			<de>Stellen Sie zuerst den Lenkmodus des angebrachten Fahrzeugs auf AUS, um die Abschleppkette zu lösen!</de>
		</text>
		<text name="towingChainAlreadyHook">
			<en>This vehicle has already mounted towing hook from towing chain</en>
			<de>Dieses Fahrzeug hat bereits einen Abschlepphaken von der Abschleppkette montiert</de>
		</text>
		<text name="towingChainFirstDetach1">
			<en>First detach towing chain</en>
			<de>Zuerst die Abschleppkette</de>
		</text>
		<text name="towingChainFirstDetach2">
			<en>to unmout towing hook!</en>
			<de>abnehmen, um den Abschlepphaken zu lösen!</de>
		</text>
		<text name="towingChainFirstUnmount">
			<en>First unmount towing hook from</en>
			<de>Zuerst den Abschlepphaken von abnehmen</de>
		</text>
		<text name="towingChainNoDrivable">
			<en>No drivable vehicle is attached to the chain.</en>
			<de>An der Kette ist kein fahrbares Fahrzeug angebracht.</de>
		</text>
		<text name="gui_tc_Setting">
			<en>Towing Chain With Hook - Settings</en>  											<de>Towing Chain With Hook - Einstellungen</de>
		</text>
		<text name="gui_tc_manualAttachToolTip">
			<en>Whether or not player can atach towing chain by hand.</en>							<de>Ob der Spieler die Schleppkette von Hand anbringen kann oder nicht.</de>
		</text>
		<text name="gui_tc_manualAttach">
			<en>Attach by hand</en>  																<de>Von Hand anbringen</de>
		</text>
		<text name="gui_tc_showHelpToolTip">
			<en>Whether or not mod functions are visible in F1 help menu.</en> 						<de>Ob Mod-Funktionen im F1-Hilfemenü sichtbar sind oder nicht.</de>
		</text>
		<text name="gui_tc_showHelp">
			<en>Show Help</en>  																	<de>Zeig Hilfe</de>
		</text>
		<text name="gui_tc_showIdsToolTip">
			<en>Whether or not chain Id is displayed on chain.</en> 								<de>Ob die Ketten-ID auf der Kette angezeigt wird oder nicht.</de>
		</text>
		<text name="gui_tc_showIds">
			<en>Show chain Id</en> 																	<de>Ketten-ID anzeigen</de>
		</text>
		<text name="gui_tc_IdsDistanceViewToolTip">
			<en>Set maximum distance for displaying chain Id.</en> 									<de>Legen Sie den maximalen Abstand für die Anzeige der Ketten-ID fest.</de>
		</text>
		<text name="gui_tc_IdsDistanceView">
			<en>Chain Id distance view</en> 														<de>Ketten-ID-Abstandsansicht</de>
		</text>
		<text name="gui_tc_chainDistanceViewToolTip">
			<en>Set maximum distance in which chain can be operated / showed in the list.</en> 		<de>Stellen Sie die maximale Entfernung ein, in der die Kette betrieben / in der Liste angezeigt werden kann.</de>
		</text>
		<text name="gui_tc_chainDistanceView">
			<en>Chain operate distance</en> 														<de>Kettenbetriebsabstand</de>
		</text>
		<text name="gui_tc_steeringModeToolTip">
			<en>Available steering modes when switching.</en> 										<de>Verfügbare Lenkmodi beim Umschalten.</de>
		</text>
		<text name="gui_tc_steeringMode">
			<en>Steering modes</en> 																<de>Lenkungsmodi</de>
		</text>
		<text name="gui_tc_autoOffVehicleToolTip">
			<en>Automatically turn off towed vehicle's motor / steering before detach.</en> 		<de>Schalten Sie den Motor / die Lenkung des gezogenen Fahrzeugs vor dem Abhängen automatisch aus.</de>
		</text>
		<text name="gui_tc_autoOffVehicle">
			<en>Auto turn off vehicle</en> 															<de>Fahrzeug automatisch ausschalten</de>
		</text>
		<text name="gui_tc_button_reset">
			<en>Reset</en>  																		<de>Zurücksetzen</de>
		</text>
		<text name="gui_tc_both">
			<en>Both</en>  																			<de>Beide</de>
		</text>
		<text name="gui_tc_auto">
			<en>Auto only</en>  																	<de>Nur Auto</de>
		</text>
		<text name="gui_tc_manual">
			<en>Manual only</en>  																	<de>Nur manuell</de>
		</text>
    </l10n>
	<actions>
        <action name="TOWINGCHAIN_ATTACH_VEHICLE" category="VEHICLE"   axisType="HALF" ignoreComboMask="false"/>
        <action name="TOWINGCHAIN_VEHICLE_THROTTLE" category="VEHICLE"   axisType="HALF" ignoreComboMask="false"/>
        <action name="TOWINGCHAIN_MANUAL_ATTACH" category="ONFOOT"   axisType="HALF" ignoreComboMask="false"/>
        <action name="TOWINGCHAIN_ATTACH_HOOK" category="ONFOOT"   axisType="HALF" ignoreComboMask="false"/>
        <action name="TOWINGCHAIN_SWITCH" category="ONFOOT"   axisType="HALF" ignoreComboMask="false"/>
		<action name="TOWINGCHAIN_TOGGLE_STEERING_MODE" category="VEHICLE"   axisType="HALF" ignoreComboMask="false"/>
        <action name="TOWINGCHAIN_STEER_LEFT" category="VEHICLE"   axisType="HALF" ignoreComboMask="false"/>
        <action name="TOWINGCHAIN_STEER_RIGHT" category="VEHICLE"   axisType="HALF" ignoreComboMask="false"/>
        <action name="TOWINGCHAIN_CHANGE_ATTACHED_DIRECTION" category="VEHICLE"   axisType="HALF" ignoreComboMask="false"/>
		<action name="TOWINGCHAIN_MOVE_HOOK_TRIGGER" category="ONFOOT"   axisType="HALF" ignoreComboMask="false"/>
		<action name="TOWINGCHAIN_MOVE_HOOK_LEFT" category="ONFOOT"   axisType="HALF" ignoreComboMask="false"/>
		<action name="TOWINGCHAIN_MOVE_HOOK_RIGHT" category="ONFOOT"   axisType="HALF" ignoreComboMask="false"/>
		<action name="TOWINGCHAIN_MOVE_HOOK_FORWARD" category="ONFOOT"   axisType="HALF" ignoreComboMask="false"/>
		<action name="TOWINGCHAIN_MOVE_HOOK_BACKWARD" category="ONFOOT"   axisType="HALF" ignoreComboMask="false"/>
		<action name="TOWINGCHAIN_MOVE_HOOK_UP" category="ONFOOT"   axisType="HALF" ignoreComboMask="false"/>
		<action name="TOWINGCHAIN_MOVE_HOOK_DOWN" category="ONFOOT"   axisType="HALF" ignoreComboMask="false"/>
		<action name="TOWINGCHAIN_OPEN_MENU" category="ONFOOT"   axisType="HALF" ignoreComboMask="false"/>
		<action name="TOWINGCHAIN_OPEN_MENU_VEHICLE" category="VEHICLE"   axisType="HALF" ignoreComboMask="false"/>
    </actions>
	<inputBinding>
        <actionBinding action="TOWINGCHAIN_ATTACH_VEHICLE" >
            <binding device="KB_MOUSE_DEFAULT" input="KEY_x" />
        </actionBinding>
		<actionBinding action="TOWINGCHAIN_VEHICLE_THROTTLE" >
            <binding device="KB_MOUSE_DEFAULT" input="KEY_b" />
        </actionBinding>
		<actionBinding action="TOWINGCHAIN_MANUAL_ATTACH" >
            <binding device="KB_MOUSE_DEFAULT" input="KEY_x" />
        </actionBinding>
		<actionBinding action="TOWINGCHAIN_ATTACH_HOOK" >
            <binding device="KB_MOUSE_DEFAULT" input="KEY_z" />
        </actionBinding>
		<actionBinding action="TOWINGCHAIN_SWITCH" >
            <binding device="KB_MOUSE_DEFAULT" input="KEY_y" />
        </actionBinding>
		<actionBinding action="TOWINGCHAIN_TOGGLE_STEERING_MODE" >
            <binding device="KB_MOUSE_DEFAULT" input="KEY_y" />
        </actionBinding>
		<actionBinding action="TOWINGCHAIN_STEER_LEFT" >
            <binding device="KB_MOUSE_DEFAULT" input="KEY_comma" />
        </actionBinding>
		<actionBinding action="TOWINGCHAIN_STEER_RIGHT" >
            <binding device="KB_MOUSE_DEFAULT" input="KEY_period" />
        </actionBinding>
		<actionBinding action="TOWINGCHAIN_CHANGE_ATTACHED_DIRECTION" >
            <binding device="KB_MOUSE_DEFAULT" input="KEY_lalt KEY_b" />
        </actionBinding>
		<actionBinding action="TOWINGCHAIN_MOVE_HOOK_TRIGGER" >
            <binding device="KB_MOUSE_DEFAULT" input="KEY_lalt" />
        </actionBinding>
		<actionBinding action="TOWINGCHAIN_MOVE_HOOK_LEFT" >
            <binding device="KB_MOUSE_DEFAULT" input="KEY_lalt KEY_KP_4" />
        </actionBinding>
		<actionBinding action="TOWINGCHAIN_MOVE_HOOK_RIGHT" >
            <binding device="KB_MOUSE_DEFAULT" input="KEY_lalt KEY_KP_6" />
        </actionBinding>
		<actionBinding action="TOWINGCHAIN_MOVE_HOOK_FORWARD" >
            <binding device="KB_MOUSE_DEFAULT" input="KEY_lalt KEY_KP_8" />
        </actionBinding>
		<actionBinding action="TOWINGCHAIN_MOVE_HOOK_BACKWARD" >
            <binding device="KB_MOUSE_DEFAULT" input="KEY_lalt KEY_KP_5" />
        </actionBinding>
		<actionBinding action="TOWINGCHAIN_MOVE_HOOK_UP" >
            <binding device="KB_MOUSE_DEFAULT" input="KEY_lalt KEY_KP_7" />
        </actionBinding>
		<actionBinding action="TOWINGCHAIN_MOVE_HOOK_DOWN" >
            <binding device="KB_MOUSE_DEFAULT" input="KEY_lalt KEY_KP_9" />
        </actionBinding>
		<actionBinding action="TOWINGCHAIN_OPEN_MENU" >
            <binding device="KB_MOUSE_DEFAULT" input="KEY_lshift KEY_t" />
        </actionBinding>
		<actionBinding action="TOWINGCHAIN_OPEN_MENU_VEHICLE" >
            <binding device="KB_MOUSE_DEFAULT" input="KEY_lshift KEY_t" />
        </actionBinding>
    </inputBinding>
</modDesc>