﻿<?xml version="1.0" encoding="utf-8" standalone="no"?>
<vehicle type="trailer" xmlns:xsi="http://www.w3.org/2001/XMLSchema-instance" xsi:noNamespaceSchemaLocation="../../../../shared/xml/schema/vehicle.xsd">
    <annotation>Copyright (C) R6kun, All Rights Reserved.</annotation>

    <storeData>
        <name>
            <tr>Sun Römork</tr>
            <en>Sun Trailer</en>
        </name>
        <functions>
            <function>$l10n_function_tipper</function>
        </functions>
        <image>Huds/store_Sun.dds</image>
        <price>35500</price>
        <lifetime>600</lifetime>
        <rotation>0</rotation>
        <brand>SUN</brand>
        <category>trailers</category>
        <shopTranslationOffset>0 0 0</shopTranslationOffset>
        <shopRotationOffset>0 0 0</shopRotationOffset>
    </storeData>

    <base>
        <typeDesc>$l10n_typeDesc_tipper</typeDesc>
        <filename>i3d/Sun.i3d</filename>
        <size width="3.8" length="10" height="4.2"/>
        <sounds volumeFactor="1.8"/>
        <components maxMass="7000">
            <component centerOfMass="0 0.75 -1.1" solverIterationCount="10" mass="1000"/>
            <component centerOfMass="0 -0.2 0" solverIterationCount="15" mass="20"/>
            <joint component1="1" component2="2" node="main_component1_joint" rotLimit="10 0 0" transLimit="0 0 0" breakable="false"/>
        </components>
        <schemaOverlay attacherJointPosition="0 0" name="IMPLEMENT" />
        <mapHotspot type="TRAILER" />
    </base>

    <attachable>
        <inputAttacherJoints>
            <inputAttacherJoint node="attacherJoint" jointType="trailerLow" attacherHeight="0.60"/>
        </inputAttacherJoints>
        <support animationName="supportAnimation"/>
        <brakeForce force="0.7" maxForce="1.7" maxForceMass="24000"/>
    </attachable>

    <attacherJoints>
        <attacherJoint node="trailerAttacherJoint" jointType="trailerLow" lowerRotLimit="10 62 80" upperRotationOffset="0" allowsJointLimitMovement="false" canTurnOnImplement="false">
            <schema position="1 0" rotation="0" invertX="false"/>
        </attacherJoint>
        <attacherJoint node="trailerAttacherJoint2" jointType="trailer" lowerRotLimit="10 62 80" upperRotationOffset="0" allowsJointLimitMovement="false" canTurnOnImplement="false">
            <schema position="1 0" rotation="0" invertX="false"/>
        </attacherJoint>
        <sounds>
            <attach template="ATTACH_01" linkNode="Sun_main_Component1" />
        </sounds>
    </attacherJoints>

    <connectionHoses>
        <hose inputAttacherJointIndices="1" type="hydraulicIn" node="hydraulicIn01" length="1" diameter="0.02">
            <objectChange node="Cable_In_Detach" visibilityActive="false" visibilityInactive="true"/>
        </hose>
        <hose inputAttacherJointIndices="1" type="hydraulicOut" node="hydraulicOut01" length="1" diameter="0.02">
            <objectChange node="Cable_Out_Detach" visibilityActive="false" visibilityInactive="true"/>
        </hose>
    </connectionHoses>

    <wheels>
        <wheelConfigurations>
            <wheelConfiguration name="$l10n_configuration_valueDefault" price="0" brand="BKT">
                <wheels>
                    <wheel filename="shared/wheels/bkt/12_5_80_18.xml" isLeft="true" hasTireTracks="true" hasParticles="true" >
                        <physics tipOcclusionAreaGroupId="1" restLoad="1" repr="wheelFrontLeft" radius="0.45"  forcePointRatio="0.4" initialCompression="19" suspTravel="0.12" spring="67" damper="30"/>
                    </wheel>
                    <wheel filename="shared/wheels/bkt/12_5_80_18.xml" isLeft="false" hasTireTracks="true" hasParticles="true" >
                        <physics tipOcclusionAreaGroupId="1" restLoad="1" repr="wheelFrontRight" radius="0.45" forcePointRatio="0.4" initialCompression="19" suspTravel="0.12" spring="67" damper="30"/>
                    </wheel>
                    <wheel filename="shared/wheels/bkt/12_5_80_18.xml" isLeft="true" hasTireTracks="true" hasParticles="true" >
                        <physics tipOcclusionAreaGroupId="1" restLoad="1" repr="wheelFrontLeft_Two" radius="0.45"  forcePointRatio="0.4" initialCompression="19" suspTravel="0.12" spring="67" damper="30"/>
                    </wheel>
                    <wheel filename="shared/wheels/bkt/12_5_80_18.xml" isLeft="false" hasTireTracks="true" hasParticles="true" >
                        <physics tipOcclusionAreaGroupId="1" restLoad="1" repr="wheelFrontRight_Two" radius="0.45" forcePointRatio="0.4" initialCompression="19" suspTravel="0.12" spring="67" damper="30"/>
                    </wheel>
                </wheels>
                <objectChange node="wheelFrontLeft" scaleActive="0.9 0.98 0.98" />
                <objectChange node="wheelFrontRight" scaleActive="0.9 0.98 0.98" />
                <objectChange node="wheelFrontLeft_Two" scaleActive="0.9 0.98 0.98" />
                <objectChange node="wheelFrontRight_Two" scaleActive="0.9 0.98 0.98" />
            </wheelConfiguration>
            <wheelConfiguration name="$l10n_configuration_valueDefault" price="50" brand="TRELLEBORG">
                <wheels>
                    <wheel filename="shared/wheels/bkt/400_60R15_5.xml" isLeft="true" hasTireTracks="true" hasParticles="true" >
                        <physics tipOcclusionAreaGroupId="1" restLoad="1" repr="wheelFrontLeft" radius="0.45"  forcePointRatio="0.4" initialCompression="19" suspTravel="0.12" spring="67" damper="30"/>
                    </wheel>
                    <wheel filename="shared/wheels/bkt/400_60R15_5.xml" isLeft="false" hasTireTracks="true" hasParticles="true" >
                        <physics tipOcclusionAreaGroupId="1" restLoad="1" repr="wheelFrontRight" radius="0.45" forcePointRatio="0.4" initialCompression="19" suspTravel="0.12" spring="67" damper="30"/>
                    </wheel>
                    <wheel filename="shared/wheels/bkt/400_60R15_5.xml" isLeft="true" hasTireTracks="true" hasParticles="true" >
                        <physics tipOcclusionAreaGroupId="1" restLoad="1" repr="wheelFrontLeft_Two" radius="0.45"  forcePointRatio="0.4" initialCompression="19" suspTravel="0.12" spring="67" damper="30"/>
                    </wheel>
                    <wheel filename="shared/wheels/bkt/400_60R15_5.xml" isLeft="false" hasTireTracks="true" hasParticles="true" >
                        <physics tipOcclusionAreaGroupId="1" restLoad="1" repr="wheelFrontRight_Two" radius="0.45" forcePointRatio="0.4" initialCompression="19" suspTravel="0.12" spring="67" damper="30"/>
                    </wheel>
                </wheels>
                <objectChange node="wheelFrontLeft" scaleActive="0.7 1.04 1.04" />
                <objectChange node="wheelFrontRight" scaleActive="0.7 1.04 1.04" />
                <objectChange node="wheelFrontLeft_Two" scaleActive="0.7 1.04 1.04" />
                <objectChange node="wheelFrontRight_Two" scaleActive="0.7 1.04 1.04" />
            </wheelConfiguration>
            <wheelConfiguration name="$l10n_configuration_valueDefault" price="100" brand="MITAS">
                <wheels>
                    <wheel filename="shared/wheels/bkt/125_60R18.xml" isLeft="true" hasTireTracks="true" hasParticles="true" >
                        <physics tipOcclusionAreaGroupId="1" restLoad="1" repr="wheelFrontLeft" radius="0.45"  forcePointRatio="0.4" initialCompression="19" suspTravel="0.12" spring="67" damper="30"/>
                    </wheel>
                    <wheel filename="shared/wheels/bkt/125_60R18.xml" isLeft="false" hasTireTracks="true" hasParticles="true" >
                        <physics tipOcclusionAreaGroupId="1" restLoad="1" repr="wheelFrontRight" radius="0.45" forcePointRatio="0.4" initialCompression="19" suspTravel="0.12" spring="67" damper="30"/>
                    </wheel>
                    <wheel filename="shared/wheels/bkt/125_60R18.xml" isLeft="true" hasTireTracks="true" hasParticles="true" >
                        <physics tipOcclusionAreaGroupId="1" restLoad="1" repr="wheelFrontLeft_Two" radius="0.45"  forcePointRatio="0.4" initialCompression="19" suspTravel="0.12" spring="67" damper="30"/>
                    </wheel>
                    <wheel filename="shared/wheels/bkt/125_60R18.xml" isLeft="false" hasTireTracks="true" hasParticles="true" >
                        <physics tipOcclusionAreaGroupId="1" restLoad="1" repr="wheelFrontRight_Two" radius="0.45" forcePointRatio="0.4" initialCompression="19" suspTravel="0.12" spring="67" damper="30"/>
                    </wheel>
                </wheels>
                <objectChange node="wheelFrontLeft" scaleActive="0.9 1.04 1.04" />
                <objectChange node="wheelFrontRight" scaleActive="0.9 1.04 1.04" />
                <objectChange node="wheelFrontLeft_Two" scaleActive="0.9 1.04 1.04" />
                <objectChange node="wheelFrontRight_Two" scaleActive="0.9 1.04 1.04" />
            </wheelConfiguration>
        </wheelConfigurations>
        <hubs>
            <color0>SHARED_BLACK2</color0>
            <color1>SHARED_BLACK2</color1>
            <hub linkNode="wheelFrontLeft" filename="shared/wheels/hubs/hub.xml" isLeft="true" scale="1 1 1"/>
            <hub linkNode="wheelFrontRight" filename="shared/wheels/hubs/hub.xml" isLeft="false" scale="1 1 1"/>
            <hub linkNode="wheelFrontLeft_Two" filename="shared/wheels/hubs/hub.xml" isLeft="true" scale="1 1 1"/>
            <hub linkNode="wheelFrontRight_Two" filename="shared/wheels/hubs/hub.xml" isLeft="false" scale="1 1 1"/>
        </hubs>
    </wheels>

    <animations>
        <animation name="supportAnimation">
            <part node="supportCol"  startTime="0" endTime="0.5" startTrans="0 0.258 0" endTrans="0 0 0" />
            <part node="supportCol2"  startTime="0" endTime="0.5" startTrans="0 0.258 0" endTrans="0 0 0" />
            <part node="supportCol3"  startTime="0" endTime="0.5" startRot="0 0 0" endRot="0 240 0" />
        </animation>
        <animation name="tippingAnimation_back">
            <part node="Body"  startTime="0.8" endTime="12.8" startRot="0 0 0" endRot="-35 0 0" />
            <part node="Back_Lid"  startTime="0" endTime="1" startRot="0 0 0" endRot="-145 0 0" />
            <part node="Silage_Iron_Cover"  startTime="0" endTime="1" startRot="0 0 0" endRot="30 0 0" />
        </animation>
        <animation name="tipAnimationGrainDoor">
            <part node="Grain_Cover" startTime="0" endTime="1" startTrans="0 0 0" endTrans="0 0.31154016 0"/>
            <part node="Body" startTime="0.8" endTime="12.8" startRot="0 0 0" endRot="-35 0 0"/>
            <part node="Grain_Cover_Animation" startTime="0" endTime="1" startRot="0 0 0" endRot="95 0 0"/>
            <part node="Grain_Cover_Animation_Two" startTime="0" endTime="1" startRot="0 0 0" endRot="-163 0 0"/>
        </animation>
        <animation name="BackDoor">
            <part node="Back_Lid"  startTime="0" endTime="1" startRot="0 0 0" endRot="-180 0 0" />

            <sound template="metalOpen" startTime="0.01" direction="1" volumeScale="2.2" />
            <sound template="metalClose" startTime="0" direction="-1" volumeScale="2.2" />
        </animation>
        <animation name="LeftDoor">
            <part node="Left_Lid"  startTime="0" endTime="1" startRot="0 0 0" endRot="0 0 -180" />

            <sound template="metalOpen" startTime="0.01" direction="1" volumeScale="2.2" />
            <sound template="metalClose" startTime="0" direction="-1" volumeScale="2.2" />
        </animation>
        <animation name="LeftDoor2">
            <part node="Left_Lid_Two"  startTime="0" endTime="1" startRot="0 0 0" endRot="0 0 -180" />

            <sound template="metalOpen" startTime="0.01" direction="1" volumeScale="2.2" />
            <sound template="metalClose" startTime="0" direction="-1" volumeScale="2.2" />
        </animation>
        <animation name="RightDoor">
            <part node="Right_Lid"  startTime="0" endTime="1" startRot="0 0 0" endRot="0 0 180" />

            <sound template="metalOpen" startTime="0.01" direction="1" volumeScale="2.2" />
            <sound template="metalClose" startTime="0" direction="-1" volumeScale="2.2" />
        </animation>
        <animation name="RightDoor2">
            <part node="Right_Lid_Two"  startTime="0" endTime="1" startRot="0 0 0" endRot="0 0 180" />

            <sound template="metalOpen" startTime="0.01" direction="1" volumeScale="2.2" />
            <sound template="metalClose" startTime="0" direction="-1" volumeScale="2.2" />
        </animation>
        <animation name="AdditionalOne">
            <part node="Left_Addition" startTime="0.01" endTime="0.02" visibility="false" />
            <part node="Left_Addition" startTime="0" endTime="0.01" visibility="true" />

            <sound template="metalOpen" startTime="0.01" direction="1" volumeScale="2.2" />
            <sound template="metalClose" startTime="0" direction="-1" volumeScale="2.2" />
        </animation>
        <animation name="AdditionalTwo">
            <part node="Left_Addition_Two" startTime="0.01" endTime="0.02" visibility="false" />
            <part node="Left_Addition_Two" startTime="0" endTime="0.01" visibility="true" />

            <sound template="metalOpen" startTime="0.01" direction="1" volumeScale="2.2" />
            <sound template="metalClose" startTime="0" direction="-1" volumeScale="2.2" />
        </animation>
        <animation name="AdditionalThree">
            <part node="Right_Addition" startTime="0.01" endTime="0.02" visibility="false" />
            <part node="Right_Addition" startTime="0" endTime="0.01" visibility="true" />

            <sound template="metalOpen" startTime="0.01" direction="1" volumeScale="2.2" />
            <sound template="metalClose" startTime="0" direction="-1" volumeScale="2.2" />
        </animation>
        <animation name="AdditionalFour">
            <part node="Right_Addition_Two" startTime="0.01" endTime="0.02" visibility="false" />
            <part node="Right_Addition_Two" startTime="0" endTime="0.01" visibility="true" />

            <sound template="metalOpen" startTime="0.01" direction="1" volumeScale="2.2" />
            <sound template="metalClose" startTime="0" direction="-1" volumeScale="2.2" />
        </animation>
        <animation name="AdditionalFive">
            <part node="Front_Addition" startTime="0.01" endTime="0.02" visibility="false" />
            <part node="Front_Addition" startTime="0" endTime="0.01" visibility="true" />

            <sound template="metalOpen" startTime="0.01" direction="1" volumeScale="2.2" />
            <sound template="metalClose" startTime="0" direction="-1" volumeScale="2.2" />
        </animation>
        <animation name="AdditionalSix">
            <part node="Back_Addition" startTime="0.01" endTime="0.02" visibility="false" />
            <part node="Back_Addition" startTime="0" endTime="0.01" visibility="true" />

            <sound template="metalOpen" startTime="0.01" direction="1" volumeScale="2.2" />
            <sound template="metalClose" startTime="0" direction="-1" volumeScale="2.2" />
        </animation>
    </animations>

    <interactiveControl>
        <interactiveControlConfigurations title="$l10n_actionIC_Animation">
            <interactiveControlConfiguration name="$l10n_actionIC_IC">
                <interactiveControls>
                    <outdoorTrigger node="playerTrigger" />

                    <interactiveControl posText="$l10n_actionIC_closeWindow" negText="$l10n_actionIC_openWindow" >
                        <clickPoint node="Back_Lid_Point" size="0.05" type="OUTDOOR" />
                        <animation name="BackDoor" speedScale="1.0" initTime="0.0" />
                    </interactiveControl>

                    <interactiveControl posText="$l10n_actionIC_closeWindow" negText="$l10n_actionIC_openWindow" >
                        <clickPoint node="Left_Lid_Point" size="0.05" type="OUTDOOR" />
                        <animation name="LeftDoor" speedScale="1.0" initTime="0.0" />
                    </interactiveControl>

                    <interactiveControl posText="$l10n_actionIC_closeWindow" negText="$l10n_actionIC_openWindow" >
                        <clickPoint node="Left_Lid_Two_Point" size="0.05" type="OUTDOOR" />
                        <animation name="LeftDoor2" speedScale="1.0" initTime="0.0" />
                    </interactiveControl>

                    <interactiveControl posText="$l10n_actionIC_closeWindow" negText="$l10n_actionIC_openWindow" >
                        <clickPoint node="Right_Lid_Point" size="0.05" type="OUTDOOR" />
                        <animation name="RightDoor" speedScale="1.0" initTime="0.0" />
                    </interactiveControl>

                    <interactiveControl posText="$l10n_actionIC_closeWindow" negText="$l10n_actionIC_openWindow" >
                        <clickPoint node="Right_Lid_Two_Point" size="0.05" type="OUTDOOR" />
                        <animation name="RightDoor2" speedScale="1.0" initTime="0.0" />
                    </interactiveControl>

                    <interactiveControl posText="$l10n_actionIC_closeWindow" negText="$l10n_actionIC_openWindow" >
                        <clickPoint node="Left_Addition_Point" size="0.05" type="OUTDOOR" />
                        <animation name="AdditionalOne" speedScale="1.0" initTime="0.0" />
                    </interactiveControl>

                    <interactiveControl posText="$l10n_actionIC_closeWindow" negText="$l10n_actionIC_openWindow" >
                        <clickPoint node="Left_Addition_Two_Point" size="0.05" type="OUTDOOR" />
                        <animation name="AdditionalTwo" speedScale="1.0" initTime="0.0" />
                    </interactiveControl>

                    <interactiveControl posText="$l10n_actionIC_closeWindow" negText="$l10n_actionIC_openWindow" >
                        <clickPoint node="Right_Addition_Point" size="0.05" type="OUTDOOR" />
                        <animation name="AdditionalThree" speedScale="1.0" initTime="0.0" />
                    </interactiveControl>

                    <interactiveControl posText="$l10n_actionIC_closeWindow" negText="$l10n_actionIC_openWindow" >
                        <clickPoint node="Right_Addition_Two_Point" size="0.05" type="OUTDOOR" />
                        <animation name="AdditionalFour" speedScale="1.0" initTime="0.0" />
                    </interactiveControl>

                    <interactiveControl posText="$l10n_actionIC_closeWindow" negText="$l10n_actionIC_openWindow" >
                        <clickPoint node="Front_Addition_Point" size="0.05" type="OUTDOOR" />
                        <animation name="AdditionalFive" speedScale="1.0" initTime="0.0" />
                    </interactiveControl>

                    <interactiveControl posText="$l10n_actionIC_closeWindow" negText="$l10n_actionIC_openWindow" >
                        <clickPoint node="Back_Addition_Point" size="0.05" type="OUTDOOR" />
                        <animation name="AdditionalSix" speedScale="1.0" initTime="0.0" />
                    </interactiveControl>

                </interactiveControls>
            </interactiveControlConfiguration>
        </interactiveControlConfigurations>
    </interactiveControl>

    <cylindered>
        <movingTools>
            <movingTool node="Body" playSound="true">
                <dependentPart node="Left_Hydraulic"/>
                <dependentPart node="Right_Hydraulic"/>
            </movingTool>
        </movingTools>
        <movingParts>
            <movingPart node="Left_Hydraulic" referencePoint="Left_Hydraulic_Ref" referenceFrame="Left_Hydraulic_Ref" lockAxis="1">
                <translatingPart node="Left_Hydraulic_Punch" />
                <translatingPart node="Left_Hydraulic_Punch_Two" />
                <translatingPart node="Left_Hydraulic_Punch_Three" />
                <translatingPart node="Left_Hydraulic_Punch_Four" />
            </movingPart>
            <movingPart node="Right_Hydraulic" referencePoint="Right_Hydraulic_Ref" referenceFrame="Right_Hydraulic_Ref" lockAxis="1">
                <translatingPart node="Right_Hydraulic_Punch" />
                <translatingPart node="Right_Hydraulic_Punch_Two" />
                <translatingPart node="Right_Hydraulic_Punch_Three" />
                <translatingPart node="Right_Hydraulic_Punch_Four" />
            </movingPart>
        </movingParts>
        <sounds>
            <actionSound template="defaultHydraulicSound" pitchScale="0.5" volumeScale="0.5" linkNode="Left_Hydraulic"    actionNames="TRANSLATING_NEG" nodes="Left_Hydraulic"/>
            <actionSound template="hydraulicLayerTone"    pitchScale="0.7" volumeScale="0.8" linkNode="Left_Hydraulic"    actionNames="TRANSLATING_POS" nodes="Left_Hydraulic">
                <pitch dropOffFactor="1.1" dropOffTime="0.2" />
            </actionSound>
            <actionSound template="cylinderPunch" pitchScale="1.9" linkNode="Left_Hydraulic" actionNames="TRANSLATING_END_NEG" nodes="Left_Hydraulic_Punch"/>
            <actionSound template="cylinderPunch" pitchScale="1.9" linkNode="Left_Hydraulic" actionNames="TRANSLATING_END_NEG" nodes="Left_Hydraulic_Punch_Two"/>
        </sounds>
    </cylindered>

    <fillUnit>
        <fillUnitConfigurations>
            <fillUnitConfiguration name="Normal" price="0" params="4500">
                <fillUnits>
                    <fillUnit shopDisplayUnit="CUBICMETER" fillTypeCategories="BULK" capacity="9000" allowAILoading="true">
                        <exactFillRootNode node="exactFillRootNode_extension1" />
                        <autoAimTargetNode node="fillAutoAimTarget1" startZ="4.3" endZ="0" invert="true" startPercentage="5"/>
                    </fillUnit>
                </fillUnits>
                <objectChange node="Additional" visibilityActive="false" visibilityInactive="true"/>
                <objectChange node="Silage_Iron" visibilityActive="false" visibilityInactive="false"/>
                <objectChange node="Silage_Iron_Cover" visibilityActive="false" visibilityInactive="false"/>
                <objectChange node="fillVolume_extension3" visibilityActive="false" visibilityInactive="false"/>
            </fillUnitConfiguration>
            <fillUnitConfiguration name="İlave" price="100" params="5000">
                <fillUnits>
                    <fillUnit shopDisplayUnit="CUBICMETER" fillTypeCategories="BULK" capacity="10000" allowAILoading="true">
                        <exactFillRootNode node="exactFillRootNode_extension1" />
                        <autoAimTargetNode node="fillAutoAimTarget1" startZ="4.3" endZ="0" invert="true" startPercentage="5"/>
                    </fillUnit>
                </fillUnits>
                <objectChange node="Additional" visibilityActive="true" visibilityInactive="false"/>
                <objectChange node="fillVolume_extension1" visibilityActive="false" visibilityInactive="false"/>
                <objectChange node="Silage_Iron" visibilityActive="false" visibilityInactive="false"/>
                <objectChange node="Silage_Iron_Cover" visibilityActive="false" visibilityInactive="false"/>
                <objectChange node="fillVolume_extension3" visibilityActive="false" visibilityInactive="false"/>
            </fillUnitConfiguration>
            <fillUnitConfiguration name="Silage" price="200" params="6000">
                <fillUnits>
                    <fillUnit shopDisplayUnit="CUBICMETER" fillTypeCategories="SILAGETRAILER" capacity="16000" allowAILoading="true">
                        <exactFillRootNode node="exactFillRootNode_extension1" />
                        <autoAimTargetNode node="fillAutoAimTarget1" startZ="4.3" endZ="0" invert="true" startPercentage="5"/>
                    </fillUnit>
                </fillUnits>
                <objectChange node="Silage_Iron" visibilityActive="true" visibilityInactive="false"/>
                <objectChange node="Silage_Iron_Cover" visibilityActive="true" visibilityInactive="false"/>
                <objectChange node="fillVolume_extension3" visibilityActive="true" visibilityInactive="false"/>
                <objectChange node="fillVolume_extension1" visibilityActive="false" visibilityInactive="true"/>
                <objectChange node="fillVolume_extension2" visibilityActive="false" visibilityInactive="true"/>
                <objectChange node="Additional" visibilityActive="false" visibilityInactive="true"/>
                <objectChange node="Back_Lid" visibilityActive="false" visibilityInactive="true"/>
                <objectChange node="Back_Addition33" visibilityActive="false" visibilityInactive="true"/>
            </fillUnitConfiguration>
        </fillUnitConfigurations>
    </fillUnit>

    <fillVolume>
        <fillVolumeConfigurations>
            <fillVolumeConfiguration>
                <volumes>
                    <volume node="fillVolume_extension1" maxDelta="20" maxAllowedHeapAngle="5" fillUnitIndex="1" />
                    <volume node="fillVolume_extension2" maxDelta="20" maxAllowedHeapAngle="5" fillUnitIndex="1" />
                    <volume node="fillVolume_extension3" maxDelta="20" maxAllowedHeapAngle="5" fillUnitIndex="1" />
                </volumes>
            </fillVolumeConfiguration>
        </fillVolumeConfigurations>

        <unloadInfos>
            <unloadInfo>
                <node node="unloadInfo" width="1.0" length="2.1" />
            </unloadInfo>
        </unloadInfos>
    </fillVolume>

    <trailer>
        <trailerConfigurations>
            <trailerConfiguration>
                <trailer>
                  <tipSide name="$l10n_info_tipSideBack" dischargeNodeIndex="1">
                      <animation name="tippingAnimation_back" speedScale="1" startTipTime="0.4"/>
                  </tipSide>
                  <tipSide name="$l10n_info_tipSideBackGrainDoor" dischargeNodeIndex="2" >
                      <animation name="tipAnimationGrainDoor" speedScale="0.35" closeSpeedScale="0.8" />
                  </tipSide>
                </trailer>
            </trailerConfiguration>
        </trailerConfigurations>
    </trailer>

    <dischargeable>
        <dischargeableConfigurations>
            <dischargeableConfiguration>
                <dischargeNode node="dischargeNodeBack" emptySpeed="571" fillUnitIndex="1" unloadInfoIndex="1" allowAIDischarge="true">
                    <info width="2" length="1.5" />
                    <effects>
                        <effectNode effectClass="TipEffect">
                            <effectNode effectNode="emitterShape_back" effectClass="ParticleEffect" materialType="unloadingParticle" emitCountScale="2"/>
                            <effectNode effectNode="grainEffect_back" materialType="unloading" fadeTime="0.5" extraDistanceNode="dischargeNodeBack" alignXAxisToWorldY="true" extraDistance="0.6"/>
                        </effectNode>
                        <effectNode effectNode="smokeEffect_back" materialType="unloadingSmoke" fadeTime="0.5" />
                    </effects>
                </dischargeNode>
                <dischargeNode node="dischargeNodeBack2" emptySpeed="571" fillUnitIndex="1" unloadInfoIndex="1" allowAIDischarge="true">
                    <info width="2" length="1.5" />
                    <effects>
                        <effectNode effectClass="TipEffect">
                            <effectNode effectNode="effectParticleBack2" effectClass="ParticleEffect" materialType="unloadingParticle" emitCountScale="2"/>
                            <effectNode effectNode="effectGrainBack2" materialType="unloading" fadeTime="0.5" extraDistanceNode="dischargeNodeBack2" extraDistance="0.6"/>
                        </effectNode>
                        <effectNode effectNode="effectSmokeBack2" materialType="unloadingSmoke" fadeTime="0.5" />
                    </effects>
                </dischargeNode>
            </dischargeableConfiguration>
        </dischargeableConfigurations>
    </dischargeable>

    <baseMaterial>
        <material name="Sun_Mat" baseNode="Sun_Vis">
            <shaderParameter name="colorMat1" value="0 0.116 0.409 0"/>
        </material>
        <material name="Sun_Mat2" baseNode="Sun_Vis">
            <shaderParameter name="colorMat4" value="0.5 0 0 0"/>
        </material>
        <material name="Sun_Mat3" baseNode="Sun_Vis">
            <shaderParameter name="colorMat5" value="0.5 0.5 0.5 0"/>
        </material>
    </baseMaterial>

    <baseMaterialConfigurations title="Gövde Renk" price="100" defaultColorIndex="0" useDefaultColors="true">
        <baseMaterialConfiguration name="Original" color="0 0.116 0.409 0"/>
        <baseMaterialConfiguration name="Turquoise" color="0 0.3 0.3 0"/>
        <material name="Sun_Mat" shaderParameter="colorMat1"/>
    </baseMaterialConfigurations>

    <designMaterialConfigurations title="Şerit Renk" price="100" useDefaultColors="true" defaultColorIndex="0">
        <designMaterialConfiguration name="Original" color="0.5 0 0 0"/>
        <material name="Sun_Mat2" shaderParameter="colorMat4" />
    </designMaterialConfigurations>

    <designMaterial2Configurations title="Şerit Renk 2" price="100" useDefaultColors="true" defaultColorIndex="0" >
        <designMaterial2Configuration name="Original" color="0.5 0.5 0.5 0"/>   
        <material name="Sun_Mat3" shaderParameter="colorMat5"/>
    </designMaterial2Configurations>

    <rimColorConfigurations defaultColorIndex="0">
        <rimColorConfiguration name="Standart" color="0.2 0.2 0.2"/>
        <rimColorConfiguration name="Standard Mat" color="0.21201 0.21201 0.21201" price="300" material="27"/>
        <rimColorConfiguration name="Black" color="0.01 0.01 0.01" price="300"/>
        <rimColorConfiguration name="Black Mat" color="0.01 0.01 0.0101" material="27" price="300"/>
        <rimColorConfiguration name="Cream" color="VICON_CREAM" price="300"/>
        <rimColorConfiguration name="White" color="SHARED_WHITE2" price="300"/>
        <rimColorConfiguration name="Orange" color="1 0.238 0.013" price="300"/>
    </rimColorConfigurations>

    <ai>
        <allowTurnBackward value="false"/>
        <turningRadiusLimitation radius="9"/>
        <agentAttachment jointNode="attacherJoint" rotCenterWheelIndices="1 2 3 4" width="2.95" height="4.05" length="9" lengthOffset="1.55"/>
    </ai>

    <foliageBending>
        <bendingNode minX="-1.4" maxX="1.4" minZ="-4.65" maxZ="3.2" yOffset="0.6" />
        <bendingNode minX="-0.3" maxX="0.3" minZ="3.2" maxZ="4.5" yOffset="0.6" />
    </foliageBending>

    <wearable wearDuration="480" workMultiplier="5" fieldMultiplier="2"/>
    <washable dirtDuration="90" washDuration="1" workMultiplier="3" fieldMultiplier="2"/>

    <i3dMappings>
        <i3dMapping id="Sun_main_Component1" node="0>" />
        <i3dMapping id="Sun_main_Component2" node="1>"/>
        <i3dMapping id="Sun_Vis" node="0>0" />
        <i3dMapping id="main_component1_joint" node="0>0|0|6" />
        <i3dMapping id="attacherJoint" node="0>0|0|0" />
        <i3dMapping id="trailerAttacherJoint" node="0>0|0|1" />
        <i3dMapping id="trailerAttacherJoint2" node="0>0|0|2" />
        <i3dMapping id="hydraulicIn01" node="0>0|0|4|0" />
        <i3dMapping id="Cable_In_Detach" node="0>0|0|4|0|0" />
        <i3dMapping id="hydraulicOut01" node="0>0|0|4|1" />
        <i3dMapping id="Cable_Out_Detach" node="0>0|0|4|1|0" />
        <i3dMapping id="wheelFrontLeft" node="0>0|1|0" />
        <i3dMapping id="wheelFrontRight" node="0>0|1|2" />
        <i3dMapping id="wheelFrontLeft_Two" node="0>0|1|1" />
        <i3dMapping id="wheelFrontRight_Two" node="0>0|1|3" />
        <i3dMapping id="Body" node="0>0|2|0" />
        <i3dMapping id="Back_Lid" node="0>0|2|0|2|0|0" />
        <i3dMapping id="Left_Hydraulic" node="0>0|3|0" />
        <i3dMapping id="Left_Hydraulic_Punch" node="0>0|3|0|0" />
        <i3dMapping id="Left_Hydraulic_Punch_Two" node="0>0|3|0|0|0" />
        <i3dMapping id="Left_Hydraulic_Punch_Three" node="0>0|3|0|0|0|0" />
        <i3dMapping id="Left_Hydraulic_Punch_Four" node="0>0|3|0|0|0|0|0" />
        <i3dMapping id="Left_Hydraulic_Ref" node="0>0|2|0|3" />
        <i3dMapping id="Right_Hydraulic" node="0>0|4|0" />
        <i3dMapping id="Right_Hydraulic_Punch" node="0>0|4|0|0" />
        <i3dMapping id="Right_Hydraulic_Punch_Two" node="0>0|4|0|0|0" />
        <i3dMapping id="Right_Hydraulic_Punch_Three" node="0>0|4|0|0|0|0" />
        <i3dMapping id="Right_Hydraulic_Punch_Four" node="0>0|4|0|0|0|0|0" />
        <i3dMapping id="Right_Hydraulic_Ref" node="0>0|2|0|4" />
        <i3dMapping id="exactFillRootNode_extension1" node="0>0|2|0|0|0" />
        <i3dMapping id="fillAutoAimTarget1" node="0>0|2|0|0|1" />
        <i3dMapping id="Additional" node="0>0|2|0|5|0" />
        <i3dMapping id="fillVolume_extension1" node="0>0|2|0|0|2" />
        <i3dMapping id="fillVolume_extension2" node="0>0|2|0|5|0|0" />
        <i3dMapping id="unloadInfo" node="0>0|2|0|0|3" />
        <i3dMapping id="dischargeNodeBack" node="0>0|5|0" />
        <i3dMapping id="emitterShape_back" node="0>0|2|0|1|0|0" />
        <i3dMapping id="grainEffect_back" node="0>0|2|0|1|0|1" />
        <i3dMapping id="smokeEffect_back" node="0>0|2|0|1|0|2" />
        <i3dMapping id="Grain_Cover" node="0>0|2|0|2|0|0|0|0" />
        <i3dMapping id="Grain_Cover_Animation" node="0>0|2|0|2|0|0|1|0" />
        <i3dMapping id="Grain_Cover_Animation_Two" node="0>0|2|0|2|0|0|1|0|0|0" />
        <i3dMapping id="dischargeNodeBack2" node="0>0|5|1" />
        <i3dMapping id="effectParticleBack2" node="0>0|2|0|1|1|1|0" />
        <i3dMapping id="effectGrainBack2" node="0>0|2|0|1|1|0|0" />
        <i3dMapping id="effectSmokeBack2" node="0>0|2|0|1|1|0|1" />
        <i3dMapping id="supportCol" node="0>0|0|3|0" />
        <i3dMapping id="supportCol2" node="0>0|0|3|0|1" />
        <i3dMapping id="supportCol3" node="0>0|0|3|0|0" />
        <i3dMapping id="playerTrigger" node="0>0|6|0" />
        <i3dMapping id="Left_Lid" node="0>0|2|0|2|1|0" />
        <i3dMapping id="Left_Lid_Two" node="0>0|2|0|2|2|0" />
        <i3dMapping id="Right_Lid" node="0>0|2|0|2|3|0" />
        <i3dMapping id="Right_Lid_Two" node="0>0|2|0|2|4|0" />
        <i3dMapping id="Back_Lid_Point" node="0>0|2|0|2|0|0|2" />
        <i3dMapping id="Left_Lid_Point" node="0>0|2|0|2|1|0|0" />
        <i3dMapping id="Left_Lid_Two_Point" node="0>0|2|0|2|2|0|0" />
        <i3dMapping id="Right_Lid_Point" node="0>0|2|0|2|3|0|0" />
        <i3dMapping id="Right_Lid_Two_Point" node="0>0|2|0|2|4|0|0" />
        <i3dMapping id="Left_Addition" node="0>0|2|0|2|5|0" />
        <i3dMapping id="Left_Addition_Two" node="0>0|2|0|2|6|0" />
        <i3dMapping id="Right_Addition" node="0>0|2|0|2|7|0" />
        <i3dMapping id="Right_Addition_Two" node="0>0|2|0|2|8|0" />
        <i3dMapping id="Front_Addition" node="0>0|2|0|2|9|0" />
        <i3dMapping id="Back_Addition" node="0>0|2|0|2|10|0" />
        <i3dMapping id="Left_Addition_Point" node="0>0|2|0|2|11" />
        <i3dMapping id="Left_Addition_Two_Point" node="0>0|2|0|2|12" />
        <i3dMapping id="Right_Addition_Point" node="0>0|2|0|2|13" />
        <i3dMapping id="Right_Addition_Two_Point" node="0>0|2|0|2|14" />
        <i3dMapping id="Front_Addition_Point" node="0>0|2|0|2|15" />
        <i3dMapping id="Back_Addition_Point" node="0>0|2|0|2|16" />

        <i3dMapping id="Silage_Iron" node="0>0|2|0|5|1" />
        <i3dMapping id="Silage_Iron_Cover" node="0>0|2|0|5|2" />
        <i3dMapping id="fillVolume_extension3" node="0>0|2|0|5|1|1" />
        <i3dMapping id="Back_Addition33" node="0>0|2|0|2|10" />
    </i3dMappings>
</vehicle>
