﻿<?xml version="1.0" encoding="utf-8" standalone="no" ?>
<prefabDesc descVersion="1">
    <author>KrkzModding</author>
    <version>1.0.0.0</version>
	<title>
        <en>US Trailer Attacher</en>		
    </title>
<description>
<en>
<![CDATA[This is a US trailer Attacher, it can be installed in other vehicles with the Giants Editor.]]>
</en>
<de>
<![CDATA[Dies ist eine US Anhängerkupplung, sie kann mit dem Giants Editor in andere Fahrzeuge eingebaut werden.]]>
</de>
</description>
	<categories>
        <category>others</category>
    </categories>
	<iconFilename>icon.dds</iconFilename>
	<prefabs>
		<prefab name="US Trailer Attacher" i3dFilename="usAttacher.i3d" />
    </prefabs>
</prefabDesc>
