<?xml version="1.0" encoding="utf-8" standalone="no" ?>
<wheel xmlns:xsi="http://www.w3.org/2001/XMLSchema-instance" xsi:noNamespaceSchemaLocation="../../../../../../shared/xml/schema/wheel.xsd">
    <brand>CONTINENTAL</brand>
    <name>Tractor85</name>
    <default>
        <physics radius="0.789" width="0.439" mass="0.238" tireType="mud" frictionScale="1.60" maxLongStiffness="8" maxLatStiffness="100" maxLatStiffnessLoad="2" />
        <tire filename="$data/shared/wheels/tires/continental/tractor85/R34_tractor85.i3d" nodeLeft="1|0" nodeRight="1|0" maxDeformation="0.07" sideDeformOffset="0.967" isCareWheel="false" tireTrackAtlasIndex="0" />
        <outerRim filename="$data/shared/wheels/rims/rim001.i3d" node="0|0" widthAndDiam="13 34" />
        <innerRim filename="wheels/rims/rim000.i3d" nodeLeft="0|2" nodeRight="0|3" offset="0.06" scale="1 0.8 0.8"/>
    </default>
</wheel>
