<?xml version="1.0" encoding="utf-8" standalone="no" ?>
<wheel xmlns:xsi="http://www.w3.org/2001/XMLSchema-instance" xsi:noNamespaceSchemaLocation="../../../../../../shared/xml/schema/wheel.xsd">
    <brand>VREDESTEIN</brand>
    <name>Traxion 85</name>
    <default>
        <physics radius="0.594" width="0.34" mass="0.13" tireType="mud" frictionScale="1.60" maxLongStiffness="8" maxLatStiffness="100" maxLatStiffnessLoad="2"/>
        <tire filename="$data/shared/wheels/tires/vredestein/traxion85/R24_traxion85.i3d" nodeLeft="2|0" nodeRight="2|0" maxDeformation="0.058" sideDeformOffset="0.969" isCareWheel="false" tireTrackAtlasIndex="0"/>
        <innerRim filename="wheels/Rims/Jant.i3d" nodeLeft="0|0" nodeRight="0|1" offset="-0.04" scale="1.7 1.61 1.61"/>
    </default>
</wheel>
