<?xml version="1.0" encoding="utf-8" standalone="no" ?>
<wheel xmlns:xsi="http://www.w3.org/2001/XMLSchema-instance" xsi:noNamespaceSchemaLocation="../../../../../../shared/xml/schema/wheel.xsd">
    <brand>VREDESTEIN</brand>
    <name>Traxion 85</name>
    <default>
        <physics radius="0.84" width="0.42" mass="0.267" tireType="mud" frictionScale="1.60" maxLongStiffness="8" maxLatStiffness="100" maxLatStiffnessLoad="2"/>
        <tire filename="$data/shared/wheels/tires/vredestein/traxion85/R38_traxion85.i3d" nodeLeft="2|0" nodeRight="2|0" maxDeformation="0.071" sideDeformOffset="0.973" isCareWheel="false" tireTrackAtlasIndex="0"/>
        <innerRim filename="wheels/Rims/Jant.i3d" nodeLeft="0|4" nodeRight="0|5" offset="" scale="1 1.13 1.13"/>
    </default>
</wheel>
