<?xml version="1.0" encoding="utf-8" standalone="no"?>
<modDesc descVersion="77">
	<author>Achimobil</author>
	<contributor>Royal Modding</contributor>
	<version>1.0.2.0</version>
	
	<title>
		<en>Map Objects Hider</en>
		<cz>Skrývání Objektů Na Mapě</cz>
	</title>
	
	<description>
		<de><![CDATA[Wenn der Mapper andere Pläne hatte als du, hör auf in der Map direkt Anpassungen zu machen und blende aus, was dich stört.

Dieser Mod ist auf Basis des LS19 Mods von Royal Modding aufgebaut und in den LS22 gebracht.
Vielen Dank an dieser Stelle noch mal für den tollen Mod im LS19 und für die Genehmigung ihn in den 22er zu bringen.

Map Objekte wie Gebäude, Leitplanken, Zäune und vieles mehr können ausgeblendet werden.
Nur ausgeblendete Objekte können nachher über den Dialog zurückgeholt werden.
Dies wird im Savegame gespeichert damit es dauerhaft ausgeblendet bleibt, solange die Map sich nicht verändert.

Platzierbare Gebäude werden verkauft und nicht ausgeblendet. Hierzu muss man die Berechtigung haben diese zu verkaufen.
Bäume werden gelöscht und nicht ausgeblendet.
Verkaufte oder gelöschte Objekte können nicht wieder zurückgesetzt werden.

Aber Vorsicht!
- Nicht alle Objekttypen und auch nicht alle Objekte können entfernt werden. (z.B. Parkende Autos können nicht entfernt werden)
- Wenn Sie die Hierarchie der Objekte auf der Karte verändern (z.B. durch Änderungen im GIANTS Editor), können einige Objekte wieder auftauchen und müssen erneut entfernt werden.
- Wenn eine Mod-Map nicht korrekt aufgebaut ist, kann das Entfernen einiger Bäume das oben genannte Problem verursachen.
- Wenn Gebäude in der Map nicht korrekt definiert sind, so kann dies zu lustigen Effekten führen.
- Es ist möglich Mapränder auszublenden. Hierdurch kann man dann ins Bodenlose fallen. Sollte man nicht machen.

Changelog GitHub
1.0.2.0:
- Fix für Fehler im Menü, welches beim schließen alle Objekte, wo nur Kollisionen entfernt waren, komplett ausgeblendet wurden bis zum neustart.
- CZ übersetzungen hinzugefügt
- Fix für sehr Große Gruppen um diese Komplett aus zu blenden (Landersum)
- Fix für Ladefehler bei bestimmten Map Änderungen
]]></de>
		<en><![CDATA[If the mapper had other plans than you, stop making adjustments directly in the map and hide what bothers you.

This mod is based on the LS19 mod from Royal Modding and brought into the LS22.
Thanks again for the great mod in LS19 and for the permission to bring it into the 22.

Map objects like buildings, crash barriers, fences and much more can be hidden.
Onnly hidden objects can later be restored over the restore dialog.
This is saved in the savegame so that it remains permanently hidden as long as the map does not change.

Placables will be sold instead of hiding them. You need to have the permission to do this.
Trees will be deleted instead of hiding them.
Sold or deleted objects could not be restored.

But be careful!
- Not all object types and not all objects can be removed. (e.g. parked cars could not be removed)
- If you change the hierarchy of the objects on the map (e.g. by changes in the GIANTS editor), some objects may reappear and have to be removed again.
- If a mod map is not built correctly, removing some trees can cause the above problem.
- If buildings are not defined correctly in the map, this can lead to funny effects.
- It is possible to hide Map boarders. You could fall into nirvana then. Should not be done.

Changelog GitHub
1.0.2.0:
- Fix for bug in menu that when closing all objects where only collisions were removed were completely hidden until restart.
- CZ translations added
- Fix for very large groups to hide them completely (Landersum)
- Fix for loading errors with certain map changes
]]></en>
	</description>
	
	<multiplayer supported="true"/>
	<iconFilename>icon_MapObjectsHider.png</iconFilename>
	
	<extraSourceFiles>
		<sourceFile filename="mapObjectsHider.lua"/>
		<sourceFile filename="events/deleteSplitShapeEvent.lua" />
		<sourceFile filename="events/hideDecollideNode.lua" />
		<sourceFile filename="events/requestObjectsListEvent.lua" />
		<sourceFile filename="events/sendObjectsListEvent.lua" />
		<sourceFile filename="events/objectShowRequestEvent.lua" />
		<sourceFile filename="events/showCollideNodeEvent.lua" />
		<sourceFile filename="events/objectHideRequest.lua" />
		<sourceFile filename="events/loadMapObjectsHiderDataResult.lua" />
		<sourceFile filename="scripts/ArrayUtility.lua" />
		<sourceFile filename="scripts/playerExtension.lua" />
		<sourceFile filename="scripts/DebugUtility.lua" />
		<sourceFile filename="scripts/EntityUtility.lua" />
		<sourceFile filename="scripts/Utility.lua" />
		<sourceFile filename="scripts/StringUtility.lua" />
	</extraSourceFiles>

	<actions>
		<action name="MAP_OBJECT_HIDER_HIDE" axisType="HALF" />
		<action name="MAP_OBJECT_HIDER_DECOLLIDE" axisType="HALF" />
		<action name="MAP_OBJECT_HIDER_GUI" axisType="HALF" />
	</actions>

	<inputBinding>
		<actionBinding action="MAP_OBJECT_HIDER_HIDE">
			<binding device="KB_MOUSE_DEFAULT" input="KEY_h" />
		</actionBinding>
		<!-- <actionBinding action="MAP_OBJECT_HIDER_DECOLLIDE"> -->
			<!-- <binding device="KB_MOUSE_DEFAULT" input="KEY_lalt KEY_h" /> -->
		<!-- </actionBinding> -->
		<actionBinding action="MAP_OBJECT_HIDER_GUI">
			<binding device="KB_MOUSE_DEFAULT" input="KEY_lshift KEY_h" />
		</actionBinding>
	</inputBinding>
	
	<l10n filenamePrefix="translations/l10n" />
</modDesc>
