<?xml version="1.0" encoding="utf-8" standalone="no" ?>
<wheel xmlns:xsi="http://www.w3.org/2001/XMLSchema-instance" xsi:noNamespaceSchemaLocation="../../../../../../shared/xml/schema/wheel.xsd">
    <brand>TRELLEBORG</brand>
    <name>TM1000</name>
    <default>
        <physics radius="0.858" width="0.71" mass="0.27" tireType="mud" frictionScale="1.60" maxLongStiffness="11" maxLatStiffness="130" maxLatStiffnessLoad="2" />
        <tire filename="$data/shared/wheels/tires/trelleborg/TM1000/R34_TM1000.i3d" nodeLeft="4|0" nodeRight="4|0" maxDeformation="0.085" sideDeformOffset="0.947" isCareWheel="false" tireTrackAtlasIndex="0" />
        <outerRim filename="wheels/rim001_1.i3d" node="1|0" widthAndDiam="25 34" />
        <innerRim filename="wheels/rim001_1.i3d" nodeLeft="3|0" nodeRight="3|1" widthAndDiam="25 34" />
    </default>
    <configurations>
        <configuration id="dual" >
            <innerRim filename="-" />
        </configuration>
        <configuration id="weight3" >
            <additional filename="$data/shared/wheels/weights/weight003.i3d" nodeLeft="0|0" nodeRight="0|1" offset="0.05" scale="0.55 0.75 0.75" mass="1.0" />
        </configuration>
    </configurations>
</wheel>
