<?xml version="1.0" encoding="utf-8" standalone="no" ?>
<wheel xmlns:xsi="http://www.w3.org/2001/XMLSchema-instance" xsi:noNamespaceSchemaLocation="../../../../../../shared/xml/schema/wheel.xsd">
    <brand>TRELLEBORG</brand>
    <name>TM1000</name>
    <default>
        <physics radius="1.155" width="0.9" mass="0.469" tireType="mud" frictionScale="1.60" maxLongStiffness="13" maxLatStiffness="150" maxLatStiffnessLoad="2" />
        <tire filename="$data/shared/wheels/tires/trelleborg/TM1000/R46_TM1000.i3d" nodeLeft="2|0" nodeRight="2|0" maxDeformation="0.114" sideDeformOffset="0.945" isCareWheel="false" tireTrackAtlasIndex="0" />
        <outerRim filename="wheels/rim001_1.i3d" node="1|0" widthAndDiam="30 46" />
        <innerRim filename="wheels/rim001_1.i3d" nodeLeft="3|0" nodeRight="3|1" widthAndDiam="30 46" />
    </default>
    <configurations>
        <configuration id="dual" >
            <innerRim filename="-" />
        </configuration>
        <configuration id="weight3" >
            <additional filename="$data/shared/wheels/weights/weight003.i3d" nodeLeft="0|0" nodeRight="0|1" offset="0.05" scale="0.7 1.02 1.02" mass="1.25" />
        </configuration>
    </configurations>
</wheel>
