<?xml version="1.0" encoding="utf-8" standalone="no" ?>
<GUI onOpen="onOpen" onClose="onClose" onCreate="onCreate">
	<GuiElement type="bitmap" profile="uiFullInGameBackground" />

	<GuiElement type="empty" profile="ingameMenuFrameHeaderPanel" position="130px -130px">
		<GuiElement type="bitmap" profile="ingameMenuGeneralSettingsHeaderIcon" position="0px 0px"/>
		<GuiElement type="text" profile="ingameMenuFrameHeaderText" position="80px 0px" onCreate="onCreateTcGuiHeader" text="gui_tc_Setting" />
	</GuiElement>	
	
	<GuiElement type="empty" profile="ingameMenuSettingsBox" position="130px -200px">
		<GuiElement type="boxLayout" profile="ingameMenuSettingsLayout" position="50px -50px" >
			<GuiElement type="multiTextOption" profile="multiTextOptionSettings" onCreate="onCreateManualAttach" toolTipElementId="ingameMenuHelpBoxText" toolTipText="$l10n_gui_tc_manualAttachToolTip">
				<GuiElement type="button" profile="multiTextOptionSettingsLeft" />
				<GuiElement type="button" profile="multiTextOptionSettingsRight" />
				<GuiElement type="text" profile="multiTextOptionSettingsText" />
				<GuiElement type="text" profile="multiTextOptionSettingsTitle" text="$l10n_gui_tc_manualAttach" />
				<GuiElement type="bitmap" profile="multiTextOptionSettingsBg" />
			</GuiElement>	
			<GuiElement type="multiTextOption" profile="multiTextOptionSettings" onCreate="onCreateShowHelp" toolTipElementId="ingameMenuHelpBoxText" toolTipText="$l10n_gui_tc_showHelpToolTip">
				<GuiElement type="button" profile="multiTextOptionSettingsLeft" />
				<GuiElement type="button" profile="multiTextOptionSettingsRight" />
				<GuiElement type="text" profile="multiTextOptionSettingsText" />
				<GuiElement type="text" profile="multiTextOptionSettingsTitle" text="$l10n_gui_tc_showHelp" />
				<GuiElement type="bitmap" profile="multiTextOptionSettingsBg" />
			</GuiElement>
			<GuiElement type="multiTextOption" profile="multiTextOptionSettings" onCreate="onCreateShowIds" onClick="onClickShowIds" toolTipElementId="ingameMenuHelpBoxText" toolTipText="$l10n_gui_tc_showIdsToolTip">
				<GuiElement type="button" profile="multiTextOptionSettingsLeft" />
				<GuiElement type="button" profile="multiTextOptionSettingsRight" />
				<GuiElement type="text" profile="multiTextOptionSettingsText" />
				<GuiElement type="text" profile="multiTextOptionSettingsTitle" text="$l10n_gui_tc_showIds" />
				<GuiElement type="bitmap" profile="multiTextOptionSettingsBg" />
			</GuiElement>				
			<GuiElement type="multiTextOption" profile="multiTextOptionSettings" onCreate="onCreateIdsDistanceView" toolTipElementId="ingameMenuHelpBoxText" toolTipText="$l10n_gui_tc_IdsDistanceViewToolTip">
				<GuiElement type="button" profile="multiTextOptionSettingsLeft" />
				<GuiElement type="button" profile="multiTextOptionSettingsRight" />
				<GuiElement type="text" profile="multiTextOptionSettingsText" />
				<GuiElement type="text" profile="multiTextOptionSettingsTitle" text="$l10n_gui_tc_IdsDistanceView" />
				<GuiElement type="bitmap" profile="multiTextOptionSettingsBg" />
			</GuiElement>				
			<GuiElement type="multiTextOption" profile="multiTextOptionSettings" onCreate="onCreateChainDistanceView" toolTipElementId="ingameMenuHelpBoxText" toolTipText="$l10n_gui_tc_chainDistanceViewToolTip">
				<GuiElement type="button" profile="multiTextOptionSettingsLeft" />
				<GuiElement type="button" profile="multiTextOptionSettingsRight" />
				<GuiElement type="text" profile="multiTextOptionSettingsText" />
				<GuiElement type="text" profile="multiTextOptionSettingsTitle" text="$l10n_gui_tc_chainDistanceView" />
				<GuiElement type="bitmap" profile="multiTextOptionSettingsBg" />
			</GuiElement>				
			<GuiElement type="multiTextOption" profile="multiTextOptionSettings" onCreate="onCreateSteeringMode" toolTipElementId="ingameMenuHelpBoxText" toolTipText="$l10n_gui_tc_steeringModeToolTip">
				<GuiElement type="button" profile="multiTextOptionSettingsLeft" />
				<GuiElement type="button" profile="multiTextOptionSettingsRight" />
				<GuiElement type="text" profile="multiTextOptionSettingsText" />
				<GuiElement type="text" profile="multiTextOptionSettingsTitle" text="$l10n_gui_tc_steeringMode" />
				<GuiElement type="bitmap" profile="multiTextOptionSettingsBg" />
			</GuiElement>				
			<GuiElement type="multiTextOption" profile="multiTextOptionSettings" onCreate="onCreateAutoOffVehicle" toolTipElementId="ingameMenuHelpBoxText" toolTipText="$l10n_gui_tc_autoOffVehicleToolTip">
				<GuiElement type="button" profile="multiTextOptionSettingsLeft" />
				<GuiElement type="button" profile="multiTextOptionSettingsRight" />
				<GuiElement type="text" profile="multiTextOptionSettingsText" />
				<GuiElement type="text" profile="multiTextOptionSettingsTitle" text="$l10n_gui_tc_autoOffVehicle" />
				<GuiElement type="bitmap" profile="multiTextOptionSettingsBg" />
			</GuiElement>				
		</GuiElement>		

		<GuiElement type="bitmap" profile="ingameMenuHelpRowBg" position="80px 50px" id="ingameMenuHelpBox" visible="true">
			<GuiElement type="bitmap" profile="ingameMenuHelpRowIcon" />
			<GuiElement type="text" profile="ingameMenuHelpRowText" id="ingameMenuHelpBoxText" text="" onTextChanged="onIngameMenuHelpTextChanged"/>
		</GuiElement>			
	</GuiElement>
	
	<GuiElement type="flowLayout" profile="buttonBoxDocked" screenAlign="bottomLeft" positionOrigin="bottomLeft" position="130px 77px" id="buttonsPC">
		<GuiElement type="button" profile="buttonBack" text="$l10n_button_back" onClick="onClickBack" id="backButton" />
		<GuiElement type="button" profile="buttonOK" text="$l10n_button_ok" onClick="onClickOk" />
		<GuiElement type="button" profile="buttonCancel" text="$l10n_button_reset" onClick="onClickResetButton" />	
	</GuiElement>	
</GUI>