﻿<?xml version="1.0" encoding="utf-8" standalone="no"?>
<modDesc descVersion="80">
	<author>Farmy (da_fordfoahra_fabi, AustroFerdi)</author>
	<version>1.0.1.1</version>
	<title>
		<en>New Holland T5 AC/DC</en>
	</title>
	<description>
<en> <![CDATA[
New Holland T5 AutoCommand & DynamicCommand

- Base price: $89000

-AutoCommand (AC)
Continuously variable transmission

-Dynamic Command (DC)
24 x 24 dual clutch transmission

- Engine configurations:
T5.110 AC/DC - 110 HP - 40 kph
T5.120 AC/DC - 120 HP - 40 kph
T5.130 AC/DC - 130 HP - 40 kph
T5.140 AC/DC - 140 HP - 40 kph
T5.140 AC/DC TUNING - 150 HP - 40 kph
T5.140 AC/DC TUNING 50 - 155 HP - 50 kph

-Tire configurations:
Trelleborg
Michelin
Continental
Mitas
BKT
Vredestein
Nokian

All available in the small version R24/R34 and in the large R28/R38


-Front loading consoles
Quicke
Hauer
Hauer TopBlock
STOLL
MX
MP-Lift


Built-in scripts:
- Prepared for the Precision Farming DLC.
- Prepared for the Kubota DLC (co-driver)
- Completely InteractiveControl installed (but there’s more to come!)
- Everything completely animated including Dashboard Live
- Prepared for the GPS mod
- Prepared for VCA


Particularities:
- Original sound
- Original screens
- Original torque curve
- Completely animated
- Lots of color configs
- Front hydraulic configuration
- Snow chains suitable for all tires
- New stickers installed as well as the old ones
- ISOBUS terminal installed (also in the screen)
- Adjustable seat including side console
- The exit point changes depending on where you exit
and many other little things that increase the fun of the game.

Changelog [1.0.1.0]:
- Opening of doors, windows etc. now also possible on Console
-Fixed various l10n bugs
- Frontydraulic lower left fixed
- Minor optical bug fixes
- Function of the door light + interior lighting (InteractiveControl) fixed
- DynamicCommand: AutoCommand emblem replaced by DynamicCommand
- DBL: Functioning minimap installed
- Fixed translation error
- Fixed sticker error
- Price of the CCI 200 greatly reduced
- Fill level display in liters installed on the screen
]]></en>
<de> <![CDATA[
New Holland T5 AutoCommand & DynamicCommand

- Basispreis: 89000€

-AutoCommand (AC)
Stufenloses Getriebe

-DynamicCommand (DC)
24x24 Doppelkupplungsgetriebe

- Motorkonfigurationen:
T5.110 AC/DC - 110 PS - 40 km/h
T5.120 AC/DC - 120 PS - 40 km/h
T5.130 AC/DC - 130 PS - 40 km/h
T5.140 AC/DC - 140 PS - 40 km/h
T5.140 AC/DC TUNING - 150 PS - 40 km/h
T5.140 AC/DC TUNING 50 - 155 PS - 50 km/h

-Reifenkonfigurationen:
Trelleborg
Michelin
Continental
Mitas
BKT
Vredestein
Nokian

Alle in der kleinen Variante R24/R34 und in der großen R28/R38 verfügbar


-Frontladerkonsolen
Quicke
Hauer
Hauer TopBlock
STOLL
MX
MP-Lift


Verbaute Scripte:
- Vorbereitet für das Precision Farming DLC.
- Vorbereitet für das Kubota DLC (Beifahrer)
- Komplett InteractiveControl verbaut (Es folgt aber noch mehr!)
- Alles komplett Animiert inklusive Dashboard Live
- Vorbereitet für die GPS mod
- Vorbereitet für VCA


Besonderheiten:
- Originaler Sound
- Originale Bildschirme
- Originale Drehmomentkurve
- Komplett Animiert
- Viele Farbconfigs
- Fronthydraulik Koniguration
- Schneeketten passend für alle Reifen
- Neue und alte Aufkleber verbaut
- ISOBUS Terminal verbaut (Auch im Bildschirm)
- Verstellbaren Sitz inkl. Seitenkonsole
- Ausstiegspunkt ändert sich, je nach dem wo man austeigt
und viele weitere Kleinigkeiten die den Spielspaß steigern.

Changelog [1.0.1.0]:
- Öffnen der Türen, Fenster usw. nun auch auf Konsole möglich
- Diverse l10n Fehler gefixt
- Fronthydraulik Unterlenker gefixt
- Kleiner optische Fehler behoben
- Funktion des Türenlichts + Innenbeleuchtung (InteractiveControl) gefixt
- DynamicCommand: AutoCommand Emblem durch DynamicCommand ersetzt
- DBL: Funktionierende Minimap verbaut
- Übersetzungsfehler ausgebessert
- Aufkleber Fehler behoben
- Preis des CCI 200 stark reduziert
- Füllstandsanzeige in Liter am Bildschirm Verbaut
]]></de>
<fr> <![CDATA[
New Holland T5 AutoCommand & DynamicCommand

-Prix de base : 89 000 €

-Commande automatique (AC)
Transmission à variation continue

-Commande dynamique (DC)
Transmission à double embrayage 24 x 24

-Configurations moteur:
T5.110 AC/DC - 110 ch - 40 km/h
T5.120 AC/DC - 120 ch - 40 km/h
T5.130 AC/DC - 130 ch - 40 km/h
T5.140 AC/DC - 140 ch - 40 km/h
T5.140 RÉGLAGE AC/DC - 150 ch - 40km/h
T5.140 RÉGLAGE AC/DC 50 - 155 ch - 50km/h

-Configurations de pneus:
Trelleborg
Michelin
Continental
Mitas
BKT
Vredestein
Nokian

Tous disponibles dans la petite version R24/R34 et dans la grande R28/R38


-Consoles à chargement frontal
Rapide
Hauer
Hauer TopBlock
STOLL
MX
MP-Lift


Scripts intégrés:
-Préparé pour le DLC Precision Farming.
-Préparé pour le DLC Kubota (copilote)
-InteractiveControl complètement installé (mais il y a plus à venir!)
-Tout est entièrement animé, y compris Dashboard Live
-Préparé pour le GPS mod
-Préparé pour le VCA mod


Les particularités:
Son original
Écrans originaux
Courbe de couple d'origine
Complètement animé
Beaucoup de configurations de couleurs
Configuration hydraulique avant
Chaînes à neige adaptées à tous les pneus
Nouveaux autocollants installés ainsi que les anciens
Terminal ISOBUS installé (également sur l'écran)
Siège réglable avec console latérale
Le point de sortie change en fonction de l'endroit où vous sortez
et bien d'autres petites choses qui augmentent le plaisir du jeu.

Changelog [1.0.1.0] :
- Ouverture des portes, fenêtres, etc. maintenant aussi possible sur Kosnole
- Correction de plusieurs bugs l10n
- Correction des bras inférieurs frontaux hydrauliques
- Correction de bugs optiques mineurs
- Correction de la fonction d'éclairage des portes + éclairage intérieur (InteractiveControl)
- DynamicCommand : remplacement de l'emblème AutoCommand par DynamicCommand
- DBL : Minimap fonctionnelle installée
- Correction d'erreurs de traduction
- Correction d'une erreur d'autocollant
- prix du CCI 200 fortement réduit
- Affichage du niveau de remplissage en litres sur l'écran.
]]> </fr>
</description>
    <iconFilename>icon_T5.png</iconFilename>
    <multiplayer supported="true"/>
    <storeItems>
        <storeItem xmlFilename="T5.xml"/>
		<storeItem xmlFilename="DynamicCommand.xml"/>
    </storeItems>
	
	 <brandColors>
											<!-- New Holland T5 AC Lackierung -->
        <color name="NEWHOLLAND_BLUE1"							value="0 0.117 0.41 0"/>
		<color name="NEWHOLLAND_BLUEDARK1"				value="0.051 0.114 0.624 0"/>  <!--BluePower-->
        <color name="NEWHOLLAND_BLACK1"						value="0 0 0 0"/>
		<color name="NEWHOLLAND_PINK1"							value="1 0.117 0.41 0"/>
        <color name="NEWHOLLAND_REDFIAT1"					value="0.40 0.03 0.00 0"/>
		<color name="NEWHOLLAND_REDFEUERWEHR1"	value="1 0 0 0"/>
		<color name="NEWHOLLAND_REDDARK1"					value="0.3 0 0 0"/>
        <color name="NEWHOLLAND_ORANGE1"					value="0.767 0.157 0.001 0"/>
																		<!-- Farben -->
		 <color name="SCHWARZ"												value="0.02 0.02 0.02 0"/>
		 <color name="WEISS"													value="1 1 1 0"/>
		 <color name="GRAU"														value="0.25 0.25 0.25 0"/>
																			<!-- Sonstige -->
		<!--  <color name="NAMEXML"												value="R_G_B_M"/> -->
    </brandColors> 
	
	<l10n>
	<!-- Farben -->
	<text name="Schwarz">						<en>Black</en>												<de>Schwarz</de>								<fr>Noir</fr>	</text>
	<text name="Grau1">							<en>White</en>												<de>Weiss</de>									<fr>Blanc</fr>	</text>
	<text name="Weiss">							<en>Grey</en>												<de>Grau</de>										<fr>Gris</fr>	</text>
	<!-- Lackierung_NewHolland T5 AC -->
	<text name="Normalblau">				<en>Default</en>											<de>Standard</de>								<fr>Défaut</fr>	</text>
	<text name="Normalblau_Chrom">	<en>Default chrome</en>							<de>Standard Chrome</de>				<fr>Défaut chrome</fr>	</text>
	<text name="Normalblau_Matt">		<en>Default matt</en>								<de>Standard Matt</de>						<fr>Défaut Mat</fr>	</text>
	<text name="Dunkelblau">					<en>Bluepower</en>									<de>Bluepower</de>							<fr>Bluepower</fr>	</text>
	<text name="Dunkelblau_Chrom">		<en>Bluepower chrome</en>						<de>Bluepower Chrome</de>				<fr>Bluepower chrome</fr>	</text>
	<text name="Dunkelblau_Matt">			<en>Bluepower matt</en>							<de>Bluepower Matt</de>					<fr>Bluepower mat</fr>	</text>
	<text name="Schwarz_Chrom">			<en>Black chrome</en>								<de>Schwarz Chrome</de>				<fr>Noir chrome</fr>	</text>
	<text name="Schwarz_Matt">				<en>Black  matt</en>								<de>Schwarz Matt</de>						<fr>Noir Mat</fr>	</text>
	<text name="Pink">							<en>NewHolland Pink</en>						<de>NewHolland Pink</de>				<fr>NewHolland rose</fr>	</text>
	<text name="Pink_Chrom">				<en>NewHolland Pink chrome</en>			<de>NewHolland Pink Chrome</de>	<fr>NewHolland rose chrome</fr>	</text>
	<text name="Pink_Matt">					<en>NewHolland Pink matt</en>				<de>NewHolland Pink Matt</de>		<fr>NewHolland rose mat</fr>	</text>
	<text name="Fiantrot">						<en>NewHolland-Fiat</en>						<de>NewHolland-Fiat</de>				<fr>NewHolland-Fiat</fr>	</text>
	<text name="Fiantrot_Chrom">			<en>NewHolland-Fiat chrome</en>			<de>NewHolland-Fiat Chrome</de>	<fr>NewHolland-Fiat chrome</fr>	</text>
	<text name="Fiantrot_Matt">				<en>NewHolland-Fiat  matt</en>				<de>NewHolland-Fiat Matt</de>		<fr>NewHolland-Fiat mat</fr>	</text>
	<text name="Normalrot">					<en>Fire department red </en>					<de>Feuerwehr Rot</de>					<fr>Pompier rouge</fr>	</text>
	<text name="Normalrot_Chrom">		<en>Fire department red chrome</en>	<de>Feuerwehr Rot Chrome</de>			<fr>Pompier rouge chrome</fr>	</text>
	<text name="Normalrot_Matt">			<en>Fire department red  matt</en>		<de>Feuerwehr Rot Matt</de>				<fr>Pompier rouge mat</fr>	</text>
	<text name="Dunkelrot">					<en>Dark red</en>										<de>Dunkelrot</de>							<fr>Rouge foncé</fr>	</text>
	<text name="Dunkelrot_Chrom">		<en>Dark red chrome</en>						<de>Dunkelrot Chrome</de>				<fr>Rouge foncé chrome</fr>	</text>
	<text name="Dunkelrot_Matt">			<en>Dark red   matt</en>							<de>Dunkelrot Matt</de>					<fr>Rouge foncé mat</fr>	</text>
	<text name="Kommunal">					<en>Communal</en>									<de>Kommunal</de>							<fr>Communautaire</fr>	</text>
	<text name="Kommunal_Chrom">	<en>Communal chrome</en>						<de>Kommunal Chrome</de>			<fr>Communautaire chrome</fr>	</text>
	<text name="Kommunal_Matt">		<en>Communal  matt</en>							<de>Kommunal Matt</de>					<fr>Communautaire mat</fr>	</text>
	<text name="Chrom">		<en>Chrome</en>						<de>Chrome</de>				<fr>Chrome</fr>	</text>
	<!-- Configs -->
	<text name="Edition">								<en>Edition</en>											<de>Edition</de>									<fr>Version</fr></text>
	<text name="Kotflügel">							<en>Fender</en>											<de>Kotflügel</de>								<fr>Ailes</fr></text>
	<text name="ohne_k">								<en>Without fender</en>							<de>Ohne Kotflügel</de>					<fr>Sans ailes</fr></text>
	<text name="mit_k">								<en>With fender</en>									<de>Mit Kotflügel</de>						<fr>Avec ailes</fr></text>
	<text name="Terminal">							<en>ISOBUS CCI200 Terminal</en>			<de>ISOBUS CCI200 Terminal</de>	<fr>ISOBUS CCI200 Terminal</fr></text>
	<text name="NurDecals">					<en>Only Decals</en>								<de>Nur Aufkleber</de>						<fr>Seuls les décalcomanies</fr>	</text>
	<text name="configuration_new">			<en>New 2022 Edition</en>						<de>Neue 2022 Edition</de>				<fr>Nouveau 2022 Edition</fr>	</text>
	<text name="AUFKLEBER">					<en>Decal/company</en>							<de>Aufkleber/Firma</de>					<fr>Autocollant/entreprise</fr> </text>
	<text name="AUFKLEBER_NO">			<en>No Decals</en>									<de>Keine Aufkleber</de>					<fr>Pas d'autocollants</fr> </text>
	<text name="WERKZEUGKISTE">			<en>Toolbox</en>											<de>Werkzeugkiste</de>					<fr>Boîte à outils</fr>	</text>
	<text name="WERKZEUGKISTE_NO">	<en>Without toolbox</en>							<de>Keine Werkzeugkiste</de>			<fr>Pas de boîte à outils</fr>	</text>
	<text name="WERKZEUGKISTE_YES">	<en>With toolbox</en>								<de>Mit Werkzeugkiste</de>				<fr>Avec boîte à outils</fr>	</text>
	<text name="HydraulikSteuerung">		<en>Hydraulic control</en>	<de>Hydraulik Steuerung</de>				<fr>Commande hydraulique</fr>	</text>
	<text name="Hydraulisch">					<en>Hydraulic control</en>	<de>Hydraulische Steuerung</de>		<fr>Contrôle hydraulique</fr>	</text>
	<text name="Elektrisch">						<en>Electrical control</en>	<de>Elektrische Steuerung</de>			<fr>Contrôle électrique</fr>	</text>
	<text name="Front">								<en>Front hydraulics</en>	<de>Fronthydraulik</de>						<fr>Système hydraulique avant</fr>	</text>
	<text name="Zugmaul">							<en>Hitch</en>	<de>Zugmaul</de>									<fr>Attelage</fr>	</text>
	<text name="Gewichteträger">					<en>Weight carrier</en>	<de>Gewichteträger</de>									<fr>Support de poids</fr>	</text>
	<text name="ZugmaulmitZapfwelle">	<en>Hitch+PTO shaft</en>	<de>Zugmaul+Zapfwelle</de>				<fr>Attelage+arbre de prise de force</fr>	</text>
	<text name="FrontHydraulik">				<en>Front hydraulics</en>	<de>Fronthydraulik</de>						<fr>Système hydraulique avant</fr>	</text>
	<text name="FrontHydraulikPTO">		<en>Front hydraulics + PTO</en>	<de>Fronthydraulik+Zapfwelle</de>	<fr>Hydraulique avant + PDF</fr>	</text>
	<!-- Sonstige -->
	<text name="BEACONLIGHT">			<en>Beaconlight + Front flasher</en>				<de>Rundumleuchte + Frontblitzer</de>	<fr>Balise + Clignotant avant</fr>	</text>
	<text name="BEACONLIGHT_YES1">		<en>Beaconlight 1</en>								<de>Rundumleuchte 1</de>				<fr>Balise 1</fr>	</text>
	<text name="BEACONLIGHT_YES2">		<en>Beaconlight 2</en>								<de>Rundumleuchte 2</de>				<fr>Balise 2</fr>	</text>
	<text name="BEACONLIGHT_YES3">		<en>Beaconlight 3</en>								<de>Rundumleuchte 3</de>				<fr>Balise 3</fr>	</text>
	<text name="BEACONLIGHT_YES4">		<en>Beaconlight 4</en>								<de>Rundumleuchte 4</de>				<fr>Balise 4</fr>	</text>
	<text name="BEACONLIGHT_F">			<en>Front flasher</en>								<de>Frontblitzer</de>					<fr>Clignotant avant</fr>	</text>
	<text name="BEACONLIGHT_YES1_F">	<en>Beaconlight 1 + Front flasher</en>				<de>Rundumleuchte 1 + Frontblitzer</de>	<fr>Balise 1 + Clignotant avant</fr>	</text>
	<text name="BEACONLIGHT_YES2_F">	<en>Beaconlight 2 + Front flasher</en>				<de>Rundumleuchte 2 + Frontblitzer</de>	<fr>Balise 2 + Clignotant avant</fr>	</text>
	<text name="BEACONLIGHT_YES3_F">	<en>Beaconlight 3 + Front flasher</en>				<de>Rundumleuchte 3 + Frontblitzer</de>	<fr>Balise 3 + Clignotant avant</fr>	</text>
	<text name="BEACONLIGHT_YES4_F">	<en>Beaconlight 4 + Front flasher</en>				<de>Rundumleuchte 4 + Frontblitzer</de>	<fr>Balise 4 + Clignotant avant</fr>	</text>
	<text name="BEACONLIGHT_NO">		<en>Without beaconlight</en>						<de>Ohne Rundumleuchte</de>		<fr>Sans balise</fr>	</text>
	<text name="GPS_with_PLM_Screen">	<en>Yes + screen</en>								<de>Ja + Bildschirm</de>					<fr>Oui + écran</fr>	</text>
	<!-- InteractiveControl -->
	<text name="actionIC_richtungswechsel">			<en>IC: Direction toggle</en>						<de>IC: Richtungswechsel</de>					<fr>IC: Changement de direction</fr>	</text>
	<text name="actionIC_lenkrad_heben">				<en>IC: Raise steering wheel:</en>				<de>IC: Lenkrad heben</de>						<fr>IC: Lever le volant</fr>	</text>
	<text name="actionIC_lenkrad_senken">				<en>IC: Lower steering wheel</en>				<de>IC: Lenkrad senken</de>					<fr>IC: Abaisser le volant</fr>	</text>
	<text name="actionIC_up">										<en>IC: Seat up</en>										<de>IC: Sitz hoch</de>									<fr>IC: Lever le siège</fr>	</text>
	<text name="actionIC_down">								<en>IC: Seat down</en>									<de>IC: Sitz runter</de>								<fr>IC: Abaisser le siège</fr>	</text>
	<text name="actionIC_back_to_normal">				<en>IC: Set your seat back to normal</en>	<de>IC: Sitz wieder normalstellen</de>	<fr>IC: Remettre le siège en position normale</fr>	</text>
	<text name="actionIC_drehen">							<en>IC: Rotate seat</en>								<de>IC: Sitz drehen</de>								<fr>IC: Tourner le siège</fr>	</text>
	<text name="actionIC_drehen_back">					<en>IC: Turn seat back</en>							<de>IC: Sitz zurückdrehen</de>				<fr>IC: Retourner le siège</fr>	</text>
	<text name="actionIC_back_start">						<en>IC: Start back PTO</en>							<de>IC: Zapfwelle hinten starten</de>		<fr>IC: Démarrer la prise de force arrière</fr>	</text>
	<text name="actionIC_back_stop">						<en>IC: Stop back PTO</en>							<de>IC: Zapfwelle hinten stoppen</de>	<fr>IC: Arrêter la prise de force arrière</fr>	</text>
	<text name="actionIC_front_start">						<en>IC: Start front PTO</en>							<de>IC: Zapfwelle vorne starten</de>		<fr>IC: Démarrer la prise de force avant</fr>	</text>
	<text name="actionIC_front_stop">						<en>IC: Stop front PTO</en>							<de>IC: Zapfwelle vorne stoppen</de>		<fr>IC: Arrêter la prise de force avant</fr>	</text>
	<text name="actionIC_liftImplement_front">		<en>IC: Lift the device at the front</en>		<de>IC: Gerät vorne heben</de>				<fr>IC: Lever l'appareil à l'avant</fr>	</text>
	<text name="actionIC_lowerImplement_front">	<en>IC: Lower the device at the front</en>	<de>IC: Gerät vonre senken</de>				<fr>IC: Abaisser l'outil à l'avant</fr>	</text>
	<text name="actionIC_liftImplement_back">		<en>IC: Lift the device at the back</en>		<de>IC: Gerät hinten heben</de>				<fr>IC: Lever l'appareil à l'arrière</fr>	</text>
	<text name="actionIC_lowerImplement_back">	<en>IC: Lower the device at the back</en>	<de>IC: Gerät hinten senken</de>				<fr>IC: Abaisser l'appareil à l'arrière</fr>	</text>
	<text name="actionIC_foldImplement_back">		<en>IC: Fold the device at the back</en>		<de>IC: Gerät hinten zuklappen</de>		<fr>IC: Replier l'appareil à l'arrière</fr>	</text>
	<text name="actionIC_unfoldImplement_back"><en>IC: Unfold the device at the back</en>	<de>IC: Gerät hinten aufklappen</de>		<fr>IC: Relever l'appareil à l'arrière</fr>	</text>
	<text name="actionIC_foldImplement_front">	<en>IC: Fold the device at the front</en>		<de>IC: Gerät vorne zuklappen</de>		<fr>IC: Rabattre l'appareil à l'avant</fr>	</text>
	<text name="actionIC_unfoldImplement_front"><en>IC: Unfold the device at the front</en>	<de>IC: Gerät vorne aufklappen</de>		<fr>IC: Ouvrir l'appareil à l'avant</fr>	</text>
	<text name="actionIC_radioPrevious">				<en>IC: Radio previous station</en>				<de>IC: Radio vorheriger Sender</de>		<fr>IC: Radio station précédente</fr>	</text>
	<text name="actionIC_radioNext">						<en>IC: Radio next station</en>						<de>IC: Radio nächster Sender</de>		<fr>IC: Radio station suivante</fr>	</text>
	
	<text name="actionIC_ArmlehneUp">							<en>IC: Armrest fold up</en>	<de>IC: Armlehne Raufklappen</de>	<fr>IC : accoudoir rabattable</fr>	</text>
	<text name="actionIC_ArmlehneDown">						<en>IC: Fold down armrest</en>	<de>IC: Armlehne Runterklappen</de>	<fr>IC : accoudoir rabattable</fr>	</text>
	<text name="actionIC_Sitzeinklappen">						<en>IC: Fold seat</en>	<de>IC: Sitz einklappen</de>	<fr>IC : Siège rabattable</fr>	</text>
	<text name="actionIC_Sitzaufklappen">						<en>IC: Unfold the seat</en>	<de>IC: Sitz aufklappen</de>	<fr>IC : Dépliez le siège</fr>	</text>
	<text name="actionIC_GPSaus">									<en>IC: GPS terminal off</en>	<de>IC: GPS Terminal aus</de>	<fr>IC : terminal GPS éteint</fr>	</text>
	<text name="actionIC_GPSan">										<en>IC: GPS terminal on</en>	<de>IC: GPS Terminal an</de>	<fr>IC : terminal GPS allumé</fr>	</text>
	<text name="actionIC_ISOBUSaus">								<en>IC: ISOBUS terminal off</en>	<de>IC: ISOBUS Terminal aus</de>	<fr>IC : borne ISOBUS éteinte</fr>	</text>
	<text name="actionIC_ISOBUSan">								<en>IC: ISOBUS terminal on</en>	<de>IC: ISOBUS Terminal an</de>	<fr>IC : borne ISOBUS allumée</fr>	</text>
	<text name="actionIC_ISOBUSweg">							<en>IC: ISOBUS terminal gone</en>	<de>IC: ISOBUS Terminal weg</de>	<fr>IC : le terminal ISOBUS a disparu</fr>	</text>
	<text name="actionIC_ISOBUSdran">							<en>IC: Turn on the ISOBUS terminal</en>	<de>IC: ISOBUS Terminal anmachen</de>	<fr>IC : Allumez le terminal ISOBUS</fr>	</text>
	<text name="actionIC_GPSweg">									<en>IC: GPS terminal gone</en>	<de>IC: GPS Terminal weg</de>	<fr>IC : le terminal GPS a disparu</fr>	</text>
	<text name="actionIC_GPSdran">									<en>IC: Turn on the GPS terminal</en>	<de>IC: GPS Terminal anmachen</de>	<fr>IC : Allumez le terminal GPS</fr>	</text>
	<text name="actionIC_Fenderweg">								<en>IC: Remove the fender</en>	<de>IC: Kotflügel abnehmen</de>	<fr>IC : enlevez le garde-boue</fr>	</text>
	<text name="actionIC_Fenderdran">								<en>IC: Attach fenders</en>	<de>IC: Kotflügel anbauen</de>	<fr>IC : Fixez les ailes</fr>	</text>
	<text name="actionIC_Oberentf">									<en>IC: Top link removal</en>	<de>IC: Oberlenker Entfernen</de>	<fr>IC : Suppression du lien supérieur</fr>	</text>
	<text name="actionIC_Oberdran">									<en>IC: Mount top link</en>	<de>IC: Oberlenker Anbauen</de>	<fr>IC : monter le lien supérieur</fr>	</text>
	<text name="actionIC_OberRunter">								<en>IC: Top link down</en>	<de>IC: Oberlenker Runter</de>	<fr>IC : lien supérieur vers le bas</fr>	</text>
	<text name="actionIC_OberRauf">									<en>IC: Upper link Rauf</en>	<de>IC: Oberlenker Rauf</de>	<fr>IC : lien supérieur Rauf</fr>	</text>
	<text name="actionIC_UnterLenkerRunterklappen">	<en>IC: Lower links fold down</en>	<de>IC: Unterlenker Runterklappen</de>	<fr>IC : les maillons inférieurs se replient</fr>	</text>
	<text name="actionIC_UnterLenkerHochklappen">		<en>IC: Fold up the lower links</en>	<de>IC: Unterlenker Hochklappen</de>	<fr>IC : Repliez les maillons inférieurs</fr>	</text>
	<text name="actionIC_UnterLenkerEntf">						<en>IC: Remove lower link</en>	<de>IC: Unterlenker abnehmen</de>	<fr>IC : Supprimer le lien inférieur</fr>	</text>
	<text name="actionIC_UnterLenkerDran">					<en>IC: Mount lower link</en>	<de>IC: Unterlenker anbauen</de>	<fr>IC : Monter le lien inférieur</fr>	</text>
	<text name="actionIC_KupplungEntf">							<en>IC: Remove hitch</en>	<de>IC: Zugmaul abnehmen</de>	<fr>IC : Supprimer l'attelage</fr>	</text>
	<text name="actionIC_KupplungDrauf">							<en>IC: Attach hitch</en>	<de>IC: Zugmaul anbauen</de>	<fr>IC : Attacher l'attelage</fr>	</text>
	<text name="actionIC_BolzenEntf">							<en>IC: Remove bolt</en>	<de>IC: Bolzen abnehmen</de>	<fr>IC : Supprimer boulon</fr>	</text>
	<text name="actionIC_BolzenDrauf">							<en>IC: Attach bolt</en>	<de>IC: Bolzen anbauen</de>	<fr>IC : Attacher boulon</fr>	</text>
	<text name="actionIC_WerkAuf">							<en>IC: Open toolbox</en>	<de>IC: Werkzeugkiste öffnen</de>	<fr>IC : Ouvrir la boîte à outils</fr>	</text>
	<text name="actionIC_WerkZu">							<en>IC: Close toolbox</en>	<de>IC: Werkzeugkiste schließen</de>	<fr>IC : Fermer la boîte à outils</fr>	</text>
	<!-- Reifen -->
	<text name="configuration_valueDefault_little">							<en>Standard Small (R34/R24)</en>	<de>Standard Klein (R34/R24)</de>					<fr>Standard petit (R34/R24)</fr>	</text>
	<text name="configuration_valueWheelWeights_little">				<en>Wheel weights small (R34/R24)</en>	<de>Radgewichte Klein (R34/R24)</de>	<fr>Masses de roue petites (R34/R24)</fr>	</text>
	<text name="configuration_valueWheelBroad_little">					<en>Wide tires small (R34/R24)</en>	<de>Breitreifen Klein (R34/R24)</de>				<fr>Pneus larges petits (R34/R24)</fr>	</text>
	<text name="configuration_valueWheelBroadWeights_little">	<en>Wide tires + weight Small (R34/R24)</en>	<de>Breitreifen + Gewicht Klein (R34/R24)</de>	<fr>Pneus larges + poids Small (R34/R24)</fr>	</text>
	<text name="configuration_valueTwinWheelsBack_little">			<en>Twin tires rear Small (R34/R24)</en>	<de>Zwillingsbereifung hinten Klein (R34/R24)</de>	<fr>Pneus jumelés arrière petits (R34/R24)</fr>	</text>
	<text name="configuration_valueTwinWheelsAll_little">				<en>Twin tires small (R34/R24)</en>	<de>Zwillingsbereifung Klein (R34/R24)</de>						<fr>Pneus jumelés petits (R34/R24)</fr>	</text>
	<text name="configuration_valueWheelCommunal_little">			<en>Municipal Small (R34/R24)</en>	<de>Kommunal Klein (R34/R24)</de>										<fr>Municipale Petite (R34/R24)</fr>	</text>
	<!-- Sitz InputBindings -->
	<text name="input_SEAT_SIDE_1">						<en>Adjust seat to the right</en>			<de>Sitz nach Rechts verstellen</de>	<fr>Ajuster le siège vers la droite</fr>	</text>
	<text name="input_SEAT_FORBACKWARD_1">	<en>Adjust the seat forward</en>		<de>Sitz nach Vorne verstellen</de>	<fr>Ajustez le siège vers l'avant</fr>	</text>
	<text name="input_SEAT_UPDOWN_1">				<en>Raise camera</en>							<de>Kamera anheben</de>					<fr>Lever la caméra</fr>	</text>
	<text name="input_SEAT_SIDE_2">						<en>Adjust seat to the left</en>			<de>Sitz nach Links verstellen</de>	<fr>Ajuster le siège vers la gauche</fr>	</text>
	<text name="input_SEAT_FORBACKWARD_2">	<en>Adjust the seat backwards</en>	<de>Sitz nach Hinten verstellen</de>	<fr>Réglez le siège vers l'arrière</fr>	</text>
	<text name="input_SEAT_UPDOWN_2">				<en>Lower camera</en>							<de>Kamera senken</de>						<fr>Caméra inférieure</fr>	</text>
	<text name="input_KONSOLE_BEWEGEN_1">				<en>Introduce console</en>				<de>Konsole Vorstellen</de>		<fr>Présentation de la console</fr>	</text>
	<text name="input_KONSOLE_BEWEGEN_2">				<en>Reset console</en>							<de>Konsole Zurückstellen</de>						<fr>Réinitialiser la console</fr>	</text>
	
<text name="input_DOOR_LEFT_1">  <de>Linke Türe öffnen</de> <fr>Ouvrir la porte gauche</fr> <en>Open left door</en> </text>
<text name="input_DOOR_LEFT_2"> <de>Linke Türe Schliessen</de> <fr>Fermer la porte gauche</fr> <en>Close left door</en> </text>
<text name="input_DOOR_RIGHT_1"> <de>Rechte Türe öffnen</de> <fr>Ouvrir la porte droite</fr> <en>Open right door</en> </text>
<text name="input_DOOR_RIGHT_2"> <de>Rechte Türe schliessen</de> <fr>Fermer la porte droite</fr> <en>Close right door</en> </text>
<text name="input_WINDOW_BACK_1"> <de>Hinteres Fenster öffnen</de> <fr>Ouvrir la fenêtre arrière</fr> <en>Open rear window</en> </text>
<text name="input_WINDOW_BACK_2"> <de>Hinteres Fenster schliessen</de> <fr>Fermer la fenêtre arrière</fr> <en>Close rear window</en> </text>

<text name="Snowchains">					<en>Snow chains</en>								<de>Schneeketten</de>					<fr>Chaînes à neige</fr>	</text> 
<text name="Snowchains_NO">					<en>No snow chains</en>								<de>Keine Schneeketten</de>				<fr>Pas de chaînes à neige</fr>	</text> 
<text name="Snowchains_Front">				<en>Snow chains always at front</en>				<de>Schneeketten Vorne immer</de>		<fr>Chaînes à neige toujours à l'avant</fr>	</text> 
<text name="Snowchains_Front_Winter">		<en>Snow chains only in winter at front</en>		<de>Schneeketten Vorne nur Winter</de>	<fr>Chaînes à neige à l'avant uniquement en hiver</fr>	</text> 
<text name="Snowchains_Back">				<en>Snow chains always at back</en>					<de>Schneeketten Hinten immer</de>		<fr>Chaînes à neige toujours arrière</fr>	</text> 
<text name="Snowchains_Back_Winter">		<en>Snow chains only in winter at back</en>			<de>Schneeketten Hinten nur Winter</de>	<fr>Chaînes à neige arrière uniquement en hiver</fr>	</text> 
<text name="Snowchains_All">				<en>All snow chains always</en>						<de>Alle Schneeketten immer</de>		<fr>Toutes les chaînes à neige toujours</fr>	</text> 
<text name="Snowchains_All_Winter">			<en>All snow chains only winter</en>				<de>Alle Schneeketten nur Winter</de>	<fr>Toutes les chaînes à neige uniquement l'hiver</fr>	</text>
<text name="actionIC_Lichtaus">				<en>IC: Turn off light</en>							<de>IC: Licht ausschalten</de>			<fr>IC: Éteindre la lumière</fr>	</text>
<text name="actionIC_Lichtan">				<en>IC: Turn on light</en>							<de>IC: Licht anschalten</de>			<fr>IC: Allume la lumière</fr>	</text>
<text name="actionIC_RULanbauen">			<en>IC: Mount beaconlight</en>						<de>IC: Rundumleichte anbauen</de>		<fr>IC: Démontage du phare</fr>	</text>
<text name="actionIC_RULentf">				<en>IC: Dismount beaconlight</en>					<de>IC: Rundumleichte abbauen</de>		<fr>IC: Montage de phare</fr>	</text>
<text name="actionIC_HaubeZu">				<en>IC: Close engine hood </en>						<de>IC: Haube schliessen</de>			<fr>IC: Fermer capot du moteur</fr>	</text>
<text name="actionIC_HaubeAuf">				<en>IC: Open engine hood</en>						<de>IC: Haube öffnen</de>				<fr>IC: Ouvrir capot du moteur</fr>	</text>
<text name="actionIC_GPSabbauen">			<en>IC: Dismount GPS</en>							<de>IC: GPS Modul abnehmen</de>			<fr>IC: Démontage GPS</fr>	</text>
<text name="actionIC_GPSanbauen">			<en>IC: Mount GPS</en>								<de>IC: GPS Modul anbauen</de>			<fr>IC: Montage GPS</fr>	</text> 
<text name="actionIC_Spiegel">				<en>IC: Turn mirror</en>							<de>IC: Spiegel drehen</de>				<fr>IC: Tourner le miroir</fr>	</text>
<text name="actionIC_SonnenblendeRauf">		<en>IC: Raise the sunshade</en>						<de>IC: Sonnenblende raufrollen</de>	<fr>IC: Enroulez le pare-soleil</fr>	</text>
<text name="actionIC_SonnenblendeRunter">	<en>IC: Lower the sunshade</en>						<de>IC: Sonnenblende runterrollen</de>	<fr>IC: Abaissez le pare-soleil</fr>	</text>

	<text name="configuration_TopBlock"> <en>Top Block System</en> </text>
	</l10n>
	
	<jointTypes>
		<jointType name="TopBlock"/>
        <jointType name="zavorra" />
	</jointTypes>
	
	<brands>
        <brand name="STOLL" title="Stoll" image="shared/brand_stoll.dds"/>
		<brand name="MX_BRAND" title="MX" image="shared/brand_MX.dds"/>
    </brands>

	 <actions>
        <action name="SEAT_SIDE" 						axisType="FULL" />
        <action name="SEAT_FORBACKWARD"					axisType="FULL" />
        <action name="SEAT_UPDOWN"			 			axisType="FULL" />
		<action name="KONSOLE_BEWEGEN"					axisType="FULL" />		
		
		<action name="DOOR_LEFT" 						axisType="FULL" />
        <action name="DOOR_RIGHT"						axisType="FULL" />
        <action name="WINDOW_BACK"			 			axisType="FULL" />
	
    </actions>

    <inputBinding>
        <actionBinding action="SEAT_SIDE">
			<binding device="KB_MOUSE_DEFAULT" input="MOUSE_BUTTON_LEFT AXIS_X+" axisComponent="+" neutralInput="0.5" index="3"/>
			<binding device="KB_MOUSE_DEFAULT" input="MOUSE_BUTTON_LEFT AXIS_X-" axisComponent="-" neutralInput="0.5" index="3"/>
			<binding device="GAMEPAD_DEFAULT" input="BUTTON_6 AXIS_2+" inputComponent="+" axisComponent="+" />
            <binding device="GAMEPAD_DEFAULT" input="BUTTON_6 AXIS_2-" inputComponent="-" axisComponent="-" />	
        </actionBinding>
        <actionBinding action="SEAT_FORBACKWARD">
            <binding device="KB_MOUSE_DEFAULT" input="MOUSE_BUTTON_LEFT AXIS_Y+" axisComponent="+" neutralInput="0.5" index="3"/>
			<binding device="KB_MOUSE_DEFAULT" input="MOUSE_BUTTON_LEFT AXIS_Y-" axisComponent="-" neutralInput="0.5" index="3"/>
			<binding device="GAMEPAD_DEFAULT" input="BUTTON_6 AXIS_1+" inputComponent="+" axisComponent="+" />
            <binding device="GAMEPAD_DEFAULT" input="BUTTON_6 AXIS_1-" inputComponent="-" axisComponent="-" />
        </actionBinding>
        <actionBinding action="SEAT_UPDOWN">
			<binding device="KB_MOUSE_DEFAULT" input="MOUSE_BUTTON_LEFT MOUSE_BUTTON_RIGHT AXIS_Y+" axisComponent="+" neutralInput="0.5" index="3"/>
			<binding device="KB_MOUSE_DEFAULT" input="MOUSE_BUTTON_LEFT MOUSE_BUTTON_RIGHT AXIS_Y-" axisComponent="-" neutralInput="0.5" index="3"/>
			<binding device="GAMEPAD_DEFAULT" input="BUTTON_5 AXIS_4+" inputComponent="+" axisComponent="+" />
            <binding device="GAMEPAD_DEFAULT" input="BUTTON_5 AXIS_4-" inputComponent="-" axisComponent="-" />
        </actionBinding>
			 <actionBinding action="KONSOLE_BEWEGEN">
			<binding device="KB_MOUSE_DEFAULT" input="MOUSE_BUTTON_RIGHT AXIS_Y+" axisComponent="+" neutralInput="0" index="3"/>
			<binding device="KB_MOUSE_DEFAULT" input="MOUSE_BUTTON_RIGHT AXIS_Y-" axisComponent="-" neutralInput="0" index="3"/>
			<binding device="GAMEPAD_DEFAULT" input="BUTTON_6 AXIS_3+" inputComponent="+" axisComponent="+" />
            <binding device="GAMEPAD_DEFAULT" input="BUTTON_6 AXIS_3-" inputComponent="-" axisComponent="-" />
        </actionBinding>
		<actionBinding action="DOOR_RIGHT">
			<binding device="KB_MOUSE_DEFAULT" input="MOUSE_BUTTON_RIGHT AXIS_X+" axisComponent="+" neutralInput="0.5" index="3"/>
			<binding device="KB_MOUSE_DEFAULT" input="MOUSE_BUTTON_RIGHT AXIS_X-" axisComponent="-" neutralInput="0.5" index="3"/>
			<binding device="GAMEPAD_DEFAULT" input="BUTTON_5 AXIS_1+" inputComponent="+" axisComponent="+" />
            <binding device="GAMEPAD_DEFAULT" input="BUTTON_5 AXIS_1-" inputComponent="-" axisComponent="-" />
        </actionBinding>
        <actionBinding action="WINDOW_BACK">
            <binding device="KB_MOUSE_DEFAULT" input="MOUSE_BUTTON_MIDDLE AXIS_Y+" axisComponent="+" neutralInput="0.5" index="3"/>
			<binding device="KB_MOUSE_DEFAULT" input="MOUSE_BUTTON_MIDDLE AXIS_Y-" axisComponent="-" neutralInput="0.5" index="3"/>
			<binding device="GAMEPAD_DEFAULT" input="BUTTON_5 AXIS_2+" inputComponent="+" axisComponent="+" />
            <binding device="GAMEPAD_DEFAULT" input="BUTTON_5 AXIS_2-" inputComponent="-" axisComponent="-" />
        </actionBinding>
        <actionBinding action="DOOR_LEFT">
			<binding device="KB_MOUSE_DEFAULT" input="MOUSE_BUTTON_LEFT MOUSE_BUTTON_RIGHT AXIS_X+" axisComponent="+" neutralInput="0.5" index="3"/>
			<binding device="KB_MOUSE_DEFAULT" input="MOUSE_BUTTON_LEFT MOUSE_BUTTON_RIGHT AXIS_X-" axisComponent="-" neutralInput="0.5" index="3"/>
			<binding device="GAMEPAD_DEFAULT" input="BUTTON_5 AXIS_3+" inputComponent="+" axisComponent="+" />
            <binding device="GAMEPAD_DEFAULT" input="BUTTON_5 AXIS_3-" inputComponent="-" axisComponent="-" />
        </actionBinding>
		
    </inputBinding>
</modDesc>
<!-- Samples -->
<!-- <text name="NAMEXML">	<en>Englisch</en>	<de>Deutsch</de>	<fr>Französisch</fr>	</text> -->
<!-- <color name="NAMEXML"												value="R_G_B_M"/> -->
