﻿<?xml version="1.0" encoding="utf-8" standalone="no" ?>
<vehicle type="windrowerUnpowered" xmlns:xsi="http://www.w3.org/2001/XMLSchema-instance" xsi:noNamespaceSchemaLocation="../../../../shared/xml/schema/vehicle.xsd">
    <annotation>Copyright (C) GIANTS Software GmbH, All Rights Reserved.</annotation>

    <storeData>
        <name>
            <tr>Tırmık</tr>
			<en>Windrower</en>
			<de>Schwadkreisel</de>
			<pl>Zgrabiarka</pl>
		</name>
        <specs>
            <workingWidth>5.91</workingWidth>
            <neededPower>25</neededPower>
        </specs>
        <functions>
            <function>$l10n_function_windrower</function>
        </functions>
        <image>Huds/store_Satex.dds</image>
        <price>1800</price>
        <lifetime>600</lifetime>
        <rotation>0</rotation>
        <brand>AGROSATEX</brand>
        <category>windrowers</category>
    </storeData>

    <base>
        <typeDesc>$l10n_typeDesc_windrower</typeDesc>
        <filename>i3d/Satex.i3d</filename>
        <size width="3" length="3"/>
        <speedLimit value="20" />
        <components>,
            <component centerOfMass="0 0 0" solverIterationCount="15" mass="375" />
        </components>
        <schemaOverlay attacherJointPosition="0 0" name="IMPLEMENT" />
		<mapHotspot type="TOOL" />
    </base>

    <attachable allowFoldingWhileLowered="false">
        <inputAttacherJoints>
            <inputAttacherJoint node="attacherJoint" jointType="implement" topReferenceNode="topReferenceNode" lowerRotationOffset="0" upperRotationOffset="25">
                <distanceToGround lower="0.47" upper="0.85" />
            </inputAttacherJoint>
        </inputAttacherJoints>
        <support animationName="moveSupport" />
    </attachable>
	
	<speedRotatingParts>
        <!--Harrow One-->
        <speedRotatingPart node="Right_Harrow_One" radius="-0.5" groundReferenceNodeIndex="1"/>
		<speedRotatingPart node="Right_Harrow_Two" radius="-0.5" groundReferenceNodeIndex="1"/>
		<speedRotatingPart node="Right_Harrow_Three" radius="-0.5" groundReferenceNodeIndex="1"/>
		<speedRotatingPart node="Right_Harrow_Four" radius="-0.5" groundReferenceNodeIndex="1"/>
        <!--Harrow Two-->
        <speedRotatingPart node="Left_Harrow_One" radius="-0.5" groundReferenceNodeIndex="1"/>
        <speedRotatingPart node="Left_Harrow_Two" radius="-0.5" groundReferenceNodeIndex="1"/>
        <speedRotatingPart node="Left_Harrow_Three" radius="-0.5" groundReferenceNodeIndex="1"/>
        <speedRotatingPart node="Left_Harrow_Four" radius="-0.5" groundReferenceNodeIndex="1"/>
    </speedRotatingParts>
	
	<groundReferenceNodes>
        <groundReferenceNode node="groundReference" threshold="0.15" />
    </groundReferenceNodes>
	
	<workAreas>
        <workArea type="windrower" functionName="processWindrowerArea" disableBackwards="false" >
            <area startNode="workAreaStart" widthNode="workAreaWidth" heightNode="workAreaHeight" />
            <groundReferenceNode index="1" />
            <windrower dropWindrowWorkAreaIndex="2" particleSystemIndex="1" />
			<testAreas autoGenerate="true" zOffset="0.5" xOffset="0" length="-2" numAreas="20" areaWidthScale="0.4"/>
            <onlyActiveWhenLowered value="true"/>
        </workArea>

        <workArea type="auxiliary" >
            <area startNode="dropAreaStart" widthNode="dropAreaWidth" heightNode="dropAreaHeight" />
        </workArea>
    </workAreas>
	
	<windrower fillTypeCategories="WINDROW">
        <effects>
            <effect workAreaIndex="1">
				<effectNode effectClass="WindrowerMotionPathEffect" effectType="WINDROWER" linkNode="windrowerEffectNode">
                    <motionPathEffect textureFilename="$data/vehicles/sip/favorit254/windrowerEffectArray.dds"  numRows="3" rowLength="30" minFade="0.03" shapeScale="1.5"/>
                </effectNode>
				<effectNode effectClass="WindrowerMotionPathEffect" effectType="WINDROWER" linkNode="windrowerEffectNode2">
                    <motionPathEffect textureFilename="$data/vehicles/sip/favorit254/windrowerEffectArray.dds"  numRows="3" rowLength="30" minFade="0.03" shapeScale="1.5"/>
                </effectNode>
                <effectNode effectClass="WindrowerMotionPathEffect" effectType="WINDROWER" linkNode="windrowerEffectNode3">
                    <motionPathEffect textureFilename="$data/vehicles/sip/favorit254/windrowerEffectArray.dds"  numRows="3" rowLength="30" minFade="0.03" shapeScale="1.5"/>
                </effectNode>
                <effectNode effectClass="WindrowerMotionPathEffect" effectType="WINDROWER" linkNode="windrowerEffectNode4">
                    <motionPathEffect textureFilename="$data/vehicles/sip/favorit254/windrowerEffectArray.dds"  numRows="3" rowLength="30" minFade="0.03" shapeScale="1.5"/>
                </effectNode>
                <effectNode effectNode="smokeEmitterShape" effectClass="ParticleEffect" particleType="smoke" materialType="smokeParticle" worldSpace="false" emitCountScale="0.3"/>
                <effectNode effectNode="smokeEmitterShape2" effectClass="ParticleEffect" particleType="smoke" materialType="smokeParticle" worldSpace="false" emitCountScale="0.3"/>
            </effect>
        </effects>

        <sounds>
             <work template="DEFAULT_TEDDER" linkNode="Satex_main_component" fadeIn="0.4" fadeOut="2.2"/>
        </sounds>
    </windrower>
	
	<animations>
        <animation name="moveSupport">
            <part node="Support" startTime="0" endTime="0.5" startTrans="0 0.48620865 0" endTrans="0 0 0"/>

            <sound template="clackVar5" startTime="0.4" direction="-1" volumeScale="1.5" pitchScale="1.5" linkNode="0>0|1"/>
            <sound template="clackVar1" startTime="0.1" direction="-1" volumeScale="1.5" pitchScale="1.5" linkNode="0>0|1"/>
            <sound template="clackVar6" startTime="0.45" direction="1" volumeScale="1.5" pitchScale="1.5" linkNode="0>0|1"/>
		</animation>

        <animation name="RightAnim">
            <part node="Right_Anim"  startTime="0" endTime="1" startRot="0 0 0" endRot="0 -35 0" />

            <sound template="metalOpen" startTime="0.01" direction="1" volumeScale="2.2" />
            <sound template="metalClose" startTime="0" direction="-1" volumeScale="2.2" />
        </animation>

        <animation name="RightAnimation">
            <part node="Right_Animation"  startTime="0" endTime="1" startRot="0 0 0" endRot="90 0 0" />

            <sound template="metalOpen" startTime="0.01" direction="1" volumeScale="2.2" />
            <sound template="metalClose" startTime="0" direction="-1" volumeScale="2.2" />
        </animation>

        <animation name="LeftAnim">
            <part node="Left_Anim"  startTime="0" endTime="1" startRot="0 0 0" endRot="0 35 0" />

            <sound template="metalOpen" startTime="0.01" direction="1" volumeScale="2.2" />
            <sound template="metalClose" startTime="0" direction="-1" volumeScale="2.2" />
        </animation>

        <animation name="LeftAnimation">
            <part node="Left_Animation"  startTime="0" endTime="1" startRot="0 0 0" endRot="0 0 -90" />

            <sound template="metalOpen" startTime="0.01" direction="1" volumeScale="2.2" />
            <sound template="metalClose" startTime="0" direction="-1" volumeScale="2.2" />
        </animation>
    </animations>

    <interactiveControl>
        <interactiveControlConfigurations title="$l10n_actionIC_Animation">
            <interactiveControlConfiguration name="$l10n_actionIC_IC">
                <interactiveControls>

                    <outdoorTrigger node="playerTrigger" />

                    <interactiveControl posText="$l10n_actionIC_closeWindow" negText="$l10n_actionIC_openWindow" >
                        <clickPoint node="Right_Anim_Point" size="0.05" type="OUTDOOR" />
                        <animation name="RightAnim" speedScale="1.0" initTime="0.0" />
                    </interactiveControl>

                    <interactiveControl posText="$l10n_actionIC_closeWindow" negText="$l10n_actionIC_openWindow" >
                        <clickPoint node="Right_Anim_Point2" size="0.05" type="OUTDOOR" />
                        <animation name="RightAnimation" speedScale="1.0" initTime="0.0" />
                    </interactiveControl>

                    <interactiveControl posText="$l10n_actionIC_closeWindow" negText="$l10n_actionIC_openWindow" >
                        <clickPoint node="Left_Anim_Point" size="0.05" type="OUTDOOR" />
                        <animation name="LeftAnim" speedScale="1.0" initTime="0.0" />
                    </interactiveControl>

                    <interactiveControl posText="$l10n_actionIC_closeWindow" negText="$l10n_actionIC_openWindow" >
                        <clickPoint node="Left_Anim_Point2" size="0.05" type="OUTDOOR" />
                        <animation name="LeftAnimation" speedScale="1.0" initTime="0.0" />
                    </interactiveControl>

                </interactiveControls>
            </interactiveControlConfiguration>
          </interactiveControlConfigurations>
    </interactiveControl>
	
	<turnOnVehicle aiRequiresTurnOn="false" turnOffIfNotAllowed="true"/>

    <foliageBending>
        <bendingNode minX="-0.1" maxX="0. 3" minZ="-1.4" maxZ="1.0" yOffset="-0.3" node="0>0|13" />
        <bendingNode minX="-0.3" maxX="0.1" minZ="-1.4" maxZ="1.0" yOffset="-0.3" node="0>0|14" />
    </foliageBending>
	
	<ai>
        <needsLowering value="true" />
        <areaMarkers leftNode="aiAreaStart" rightNode="aiAreaWidth" backNode="aiAreaHeight" />
        <collisionTrigger node="aiCol" width="3.25" height="1.5"/>
        <allowTurnBackward value="true" />
		<agentAttachment width="2.2" height="1.5" length="2.5" lengthOffset="-0.2"/>
    </ai>

    <baseMaterial>
        <material name="Saten_Mat" baseNode="Satex_Vis">
            <shaderParameter name="colorMat0" value="0.8 0.04 0 0"/>
        </material>
    </baseMaterial>

    <baseMaterialConfigurations title="Şase Renk" price="100" useDefaultColors="true" defaultColorIndex="0">
        <baseMaterialConfiguration name="Original" color="0.8 0.04 0 0"/>
        <material name="Saten_Mat" shaderParameter="colorMat0"/>
    </baseMaterialConfigurations>

    <wearable wearDuration="480" workMultiplier="5" fieldMultiplier="2"/>
    <washable dirtDuration="90" washDuration="1" workMultiplier="6" fieldMultiplier="2"/>

    <i3dMappings>
        <i3dMapping id="Satex_main_component" node="0>"/>
        <i3dMapping id="Satex_Vis" node="0>0"/>
        <i3dMapping id="attacherJoint" node="0>0|0|0"/>
        <i3dMapping id="topReferenceNode" node="0>0|0|1"/>
        <i3dMapping id="Support" node="0>0|0|2"/>
        <!--Harrow One-->
        <i3dMapping id="Right_Harrow_One" node="0>0|1|0|0|0|0|0|0"/>
        <i3dMapping id="Right_Harrow_Two" node="0>0|1|0|0|0|0|1|0"/>
        <i3dMapping id="Right_Harrow_Three" node="0>0|1|0|0|0|0|2|0"/>
        <i3dMapping id="Right_Harrow_Four" node="0>0|1|0|0|0|0|3|0"/>
        <!--Harrow Two-->
        <i3dMapping id="Left_Harrow_One" node="0>0|1|1|0|0|0|0|0"/>
        <i3dMapping id="Left_Harrow_Two" node="0>0|1|1|0|0|0|1|0"/>
        <i3dMapping id="Left_Harrow_Three" node="0>0|1|1|0|0|0|2|0"/>
        <i3dMapping id="Left_Harrow_Four" node="0>0|1|1|0|0|0|3|0"/>
        <!--Ground-->
        <i3dMapping id="groundReference" node="0>0|5"/>
        <!--Work-->
        <i3dMapping id="workAreaStart" node="0>0|2|0"/>
        <i3dMapping id="workAreaWidth" node="0>0|2|1"/>
        <i3dMapping id="workAreaHeight" node="0>0|2|2"/>
        <!--Ai-->
        <i3dMapping id="aiAreaStart" node="0>0|3|0"/>
        <i3dMapping id="aiAreaWidth" node="0>0|3|1"/>
        <i3dMapping id="aiAreaHeight" node="0>0|3|2"/>
        <i3dMapping id="aiCol" node="0>0|3|3"/>
        <!--Drop-->
        <i3dMapping id="dropAreaStart" node="0>0|2|3"/>
        <i3dMapping id="dropAreaWidth" node="0>0|2|4"/>
        <i3dMapping id="dropAreaHeight" node="0>0|2|5"/>
        <!--Effect-->
        <i3dMapping id="windrowerEffectNode" node="0>0|4|2|0"/>
        <i3dMapping id="windrowerEffectNode2" node="0>0|4|2|1"/>
        <i3dMapping id="windrowerEffectNode3" node="0>0|4|3|0"/>
        <i3dMapping id="windrowerEffectNode4" node="0>0|4|3|1"/>
        <i3dMapping id="smokeEmitterShape" node="0>0|4|0"/>
        <i3dMapping id="smokeEmitterShape2" node="0>0|4|1"/>

        <i3dMapping id="playerTrigger" node="0>0|6|0"/>

        <i3dMapping id="Right_Anim" node="0>0|1|0|0"/>
        <i3dMapping id="Right_Anim_Point" node="0>0|1|2|0"/>
        <i3dMapping id="Right_Animation" node="0>0|1|0|0|0|0"/>
        <i3dMapping id="Right_Anim_Point2" node="0>0|1|2|1"/>

        <i3dMapping id="Left_Anim" node="0>0|1|1|0"/>
        <i3dMapping id="Left_Animation" node="0>0|1|1|0|0|0"/>
        <i3dMapping id="Left_Anim_Point" node="0>0|1|2|2"/>
        <i3dMapping id="Left_Anim_Point2" node="0>0|1|2|3"/>
    </i3dMappings>
</vehicle>
