﻿<?xml version="1.0" encoding="utf-8" standalone="no" ?>
<modDesc descVersion="61">
    <author>TepeFarm</author>
    <version>4.0.0.0</version>
	<title>
        <en>9115 V4 cng</en>
    </title>
    <description>
        <en><![CDATA[Price: 40760$
Max. working speed: 47 kmh
Required power: 115 hp
width: 2.5 m
]]></en>
    </description>
    <iconFilename>GameMasTer/icon.png</iconFilename>
	<multiplayer supported="true" />
	
	<brands>
        <brand name="Tumosan" title="Tumosan" image="GameMasTer/Brand.dds"/>
    </brands>

    <universalPassenger xmlFile="Scripts/universalPassenger.xml"/>
	
    <storeItems>
        <storeItem xmlFilename="Tumosan9115.xml"/>
    </storeItems>
	<vehicleTypes>
        <type name="9115" parent="tractor" className="Vehicle" filename="$dataS/scripts/vehicles/Vehicle.lua" >
			<specialization name="cover" />
			<specialization name="trailer" />
			<specialization name="fillVolume" />
			<specialization name="foldable" />
			<specialization name="dischargeable" />	
        </type>
    </vehicleTypes>
	<l10n>
        <text name="info_tireCurrentPressure">
            <en>%s (%1.2f bar) air pressure (presently)</en>
            <de>%s (%1.2f bar) Luftdruck (aktuell)</de>
        </text>
        <text name="info_tireFilling">
            <en>PTG Info: Air Filling</en>
            <de>PTG Info: Luft auffüllen</de>
        </text>
        <text name="info_tireEmptying">
            <en>PTG Info: Air emptying</en>
            <de>PTG Info: Luft ablassen</de>
        </text>
        <text name="action_tireChangeTarget">
            <en>PTG Info: Change wheel pressure to %s bar</en>
            <de>PTG Info: Reifendruck ändern in %s bar</de>
        </text>
        <text name="input_SET_TIRE_PRESSURE">
            <en>Set tire pressure</en>
            <de>Reifendruck ändern</de>
        </text>
        <text name="information_tirePressure">
            <en>Tire pressure [target: %1.2f bar] [current: %1.2f bar]</en>
            <de>Reifenluftdruck [Soll: %1.2f bar] [Ist: %1.2f bar]</de>
            <es>Presión Neumático [Fijar en: %1.2f bar] [Actual: %1.2f bar]</es>
        </text>
        <text name="action_toggleTirePressure">
            <en>Toggle pressure</en>
            <de>Druck ändern</de>
            <es>Cambiar presión</es>
        </text>
        <text name="input_TP_TOGGLE_PRESSURE">
            <en>Update pressure</en>
            <de>Druck aktualisieren</de>
            <es>Actualizar presión</es>
        </text>
        <text name="input_TP_AXIS_PRESSURE_1">
            <en>Inflate</en>
            <de>Aufpumpen</de>
            <es>Inflar</es>
        </text>
        <text name="input_TP_AXIS_PRESSURE_2">
            <en>Deflate</en>
            <de>Ablassen</de>
            <es>Desinflar</es>
        </text>
	</l10n>
</modDesc>
