﻿<?xml version="1.0" encoding="utf-8" standalone="no" ?>
<vehicle type="9115">
    <annotation>Copyright (C) TEPE.FARM, All Rights Reserved.</annotation>
    <storeData>
        <name>
            <en>9115</en></name>
        <specs>
            <power>115</power>
            <maxSpeed>47</maxSpeed>
        </specs>
        <functions>
            <function>$l10n_function_tractor</function>
            <function>$l10n_function_tractorFrontloader</function>
        </functions>
        <image>GameMasTer/store_9115.png</image>
        <price>25000</price>
        <lifetime>600</lifetime>
        <rotation>0</rotation>
        <brand>Tumosan</brand>
        <category>tractorsS</category>
        <shopTranslationOffset>0 -0.13 0</shopTranslationOffset>
        <shopRotationOffset>-1 0 0</shopRotationOffset>
    </storeData>
    <base>
        <typeDesc>$l10n_typeDesc_tractor</typeDesc>
        <filename>Tumosan9115.i3d</filename>
		<sounds filename="sounds/series4755.xml"/>
        <size width="2.5" length="5"/>
        <components>
            <component centerOfMass="0 0.9 -0.3" solverIterationCount="20" mass="9300"/>
            <component centerOfMass="0 0.0" solverIterationCount="20" mass="7300"/>
            <joint component1="1" component2="2" node="frontAxisComponentJoint" rotLimit="0 0 13" rotLimitSpring="0 0 4000" rotLimitDamping="0 0 0" maxRotDriveForce="0 0 0" rotDriveRotation="0 0 0" rotDriveSpring="0 0 0" rotDriveDamping="0 0 0" breakable="false"/>
        </components>
        <schemaOverlay attacherJointPosition="0 0" name="TRACTOR" />
    </base>
	<tirePressure>
        <!-- min="80" max="180" configurationName="wheels" configurationIndices="3 4 8 14 15" -->
        <sounds>
            <air template="DEFAULT_SOWING_AIR_BLOWER">
                <volume indoor="0.4" outdoor="0.85"/>
                <pitch indoor="1.0" outdoor="1.0">
                    <modifier type="VALVE_LOAD" value="0.00" modifiedValue="0.70"/>
                    <modifier type="VALVE_LOAD" value="1.00" modifiedValue="1.20"/>
                </pitch>
            </air>
        </sounds>
    </tirePressure>
	
    <!-- real manual transmission config -->
	<realManualTransmission>
	
       <gears defaultGear="1">
            <gear speed="14.2" name="1" />
            <gear speed="18.4" name="2" />
            <gear speed="29.4" name="3" />
            <gear speed="44.5" name="4" />
        </gears>
		
     	<reverser type="normal" > 
			<ratios forward="1" reverse="1" />
			<settings brakeAggressionBias="1.1" clutchTime="200" />
		</reverser>	   
        
         <rangeSet1 powerShift="true" defaultRange="3" >  <!-- Stopping tractor before changing recommended, not possible with v0.4.0.9 -->
            <range ratio="0.169" name="I" />
            <range ratio="0.405" name="II" />
			<range ratio="1" name="III" />
        </rangeSet1>
            
        <rangeSet2 powerShift="true" defaultRange="1" >
            <range ratio="1" name="HI" />
            <range ratio="0.659" name="LO" />
        </rangeSet2>
		
    </realManualTransmission>	
	
	<configurationSets>
        <configurationSet name="$l10n_configuration_valueDefault" params="0">
            <configuration name="design" index="1" />
        </configurationSet>
        <configurationSet name="$l10n_configuration_frontWeightX" params="700">
            <configuration name="design" index="2" />
			<configuration name="frontloader" index="1" />
          
        </configurationSet>
    </configurationSets>
	
	<cover>
        <coverConfigurations title="Camurluklar">
            <coverConfiguration name="Normal" price="0" >
				<objectChange node="1>0|0|0|3" visibilityActive="true"/>
				<objectChange node="1>0|1|0|3" visibilityActive="true"/>
				
				<objectChange node="1>0|1|0|2" visibilityActive="false"/>
				<objectChange node="1>0|0|0|2" visibilityActive="false"/>
            </coverConfiguration>
			<coverConfiguration name="Genis" price="1500" >
				<objectChange node="1>0|0|0|3" visibilityActive="false"/>
				<objectChange node="1>0|1|0|3" visibilityActive="false"/>
				
				<objectChange node="1>0|1|0|2" visibilityActive="true"/>
				<objectChange node="1>0|0|0|2" visibilityActive="true"/>
            </coverConfiguration>
        </coverConfigurations>
    </cover>
	
	<designConfigurations>
        <designConfiguration name="0">
            <objectChange node="0>13|8" visibilityActive="false" />
			<objectChange node="0>13|16" visibilityActive="false" />
			<objectChange node="0>13|9" visibilityActive="false" />
			<objectChange node="0>5|1|2" translationActive="0.061 0.67 1.95" />
		
			<objectChange node="0>10|1" translationActive="-0.028 0.547 1.5" />
        </designConfiguration>
        <designConfiguration name="700" price="200">
            <objectChange node="0>" massActive="9600" />
			<objectChange node="0>" centerOfMassActive="0 0.725 0.455" />
            <objectChange node="0>13|8" visibilityActive="true" />
			<objectChange node="0>13|9" visibilityActive="false" />
			<objectChange node="0>5|1|2" translationActive="0.063 0.742 2.387" />
			<objectChange node="0>10|1" translationActive="-0.028 0.477 1.916" />
        </designConfiguration>
    </designConfigurations>
	
	<vehicleTypeConfigurations title="AYDINLATMA">
        <vehicleTypeConfiguration name="SERKO-2014" price="500" vehicleType="9115">
			<objectChange node="0>3|0|2|0|8"  visibilityActive="true"/>
			<objectChange node="0>3|0|2|0|9" visibilityActive="true"/>
			<objectChange node="0>3|0|2|0|10" visibilityActive="true"/>
			<objectChange node="0>3|0|2|0|11" visibilityActive="true"/>
			<objectChange node="0>3|0|2|0|12" visibilityActive="true"/>
			<objectChange node="0>3|0|2|0|13" visibilityActive="true"/>
			<objectChange node="0>3|0|2|0|14" visibilityActive="true"/>
			<objectChange node="0>3|0|2|0|15" visibilityActive="true"/>
			<objectChange node="0>3|0|2|0|23" visibilityActive="false"/>
			<objectChange node="0>3|0|2|0|24" visibilityActive="false"/>
			<objectChange node="0>3|0|2|0|25" visibilityActive="false"/>
			<objectChange node="0>3|0|2|0|26" visibilityActive="false"/>
        </vehicleTypeConfiguration>
		 <vehicleTypeConfiguration name="HELLA-2018" price="900" vehicleType="9115">
			<objectChange node="0>3|0|2|0|8"  visibilityActive="false"/>
			<objectChange node="0>3|0|2|0|9" visibilityActive="false"/>
			<objectChange node="0>3|0|2|0|10" visibilityActive="false"/>
			<objectChange node="0>3|0|2|0|11" visibilityActive="false"/>
			<objectChange node="0>3|0|2|0|12" visibilityActive="false"/>
			<objectChange node="0>3|0|2|0|13" visibilityActive="false"/>
			<objectChange node="0>3|0|2|0|14" visibilityActive="false"/>
			<objectChange node="0>3|0|2|0|15" visibilityActive="false"/>
			<objectChange node="0>3|0|2|0|23" visibilityActive="true"/>
			<objectChange node="0>3|0|2|0|24" visibilityActive="true"/>
			<objectChange node="0>3|0|2|0|25" visibilityActive="true"/>
			<objectChange node="0>3|0|2|0|26" visibilityActive="true"/>
        </vehicleTypeConfiguration>
	</vehicleTypeConfigurations>
	
    <wheels>
        <wheelConfigurations>
            <wheelConfiguration name="ORGİNAL" price="0" brand="TRELLEBORG">
                <wheels autoRotateBackSpeed="2.2">
                    <wheel filename="GameMasTer/480_65R28.xml" isLeft="true" hasTireTracks="true" hasParticles="true">
                        <physics rotSpeed="1" restLoad="1.4" repr="1>0|0|0" driveNode="1>0|0|0|0|0" forcePointRatio="0.5" initialCompression="25" suspTravel="0.13" spring="60" damper="60"/>
                        <steering node="1>1|0" nodeMinTransX="0.1" nodeMaxTransX="-0.1" />
                        <fender node="1>0|0|0|2" rotMax="10"/>
                    </wheel>
                    <wheel filename="GameMasTer/480_65R28.xml" isLeft="false" hasTireTracks="true" hasParticles="true">
                        <physics rotSpeed="1" restLoad="1.4" repr="1>0|1|0" driveNode="1>0|1|0|0|0" forcePointRatio="0.5" initialCompression="25" suspTravel="0.13" spring="60" damper="60"/>
                        <fender node="1>0|1|0|2" rotMin="-10"/>
                    </wheel>
                    <wheel filename="GameMasTer/600_65R38.xml" configId="weight3" isLeft="true" hasTireTracks="true" hasParticles="true">
                        <physics rotSpeed="0" restLoad="0.8" repr="0>0|0|0" forcePointRatio="0.5" initialCompression="20" suspTravel="0.2" spring="60" damper="60"/>
                    </wheel>
                    <wheel filename="GameMasTer/600_65R38.xml" configId="weight3" isLeft="false" hasTireTracks="true" hasParticles="true">
                        <physics rotSpeed="0" restLoad="0.8" repr="0>0|1|0" forcePointRatio="0.5" initialCompression="20" suspTravel="0.2" spring="60" damper="60"/>
                    </wheel>
                </wheels>
				<objectChange node="0>0|0|0" scaleActive="1 1.05 1.05" />
				<objectChange node="0>0|1|0" scaleActive="1 1.05 1.05" />
            </wheelConfiguration>
			<wheelConfiguration name="AGIRLIKSIZ" price="0" brand="TRELLEBORG">
                <wheels autoRotateBackSpeed="2.2">
                    <wheel filename="GameMasTer/480_65R28.xml" isLeft="true" hasTireTracks="true" hasParticles="true">
                        <physics rotSpeed="1" restLoad="1.4" repr="1>0|0|0" driveNode="1>0|0|0|0|0" forcePointRatio="0.5" initialCompression="25" suspTravel="0.13" spring="60" damper="60"/>
                        <steering node="1>1|0" nodeMinTransX="0.1" nodeMaxTransX="-0.1" />
                        <fender node="1>0|0|0|3" rotMax="10"/>
                    </wheel>
                    <wheel filename="GameMasTer/480_65R28.xml" isLeft="false" hasTireTracks="true" hasParticles="true">
                        <physics rotSpeed="1" restLoad="1.4" repr="1>0|1|0" driveNode="1>0|1|0|0|0" forcePointRatio="0.5" initialCompression="25" suspTravel="0.13" spring="60" damper="60"/>
                        <fender node="1>0|1|0|3" rotMin="-10"/>
                    </wheel>
                    <wheel filename="GameMasTer/600_65R38.xml" isLeft="true" hasTireTracks="true" hasParticles="true">
                        <physics rotSpeed="0" restLoad="0.8" repr="0>0|0|0" forcePointRatio="0.5" initialCompression="20" suspTravel="0.2" spring="60" damper="60"/>
                    </wheel>
                    <wheel filename="GameMasTer/600_65R38.xml" isLeft="false" hasTireTracks="true" hasParticles="true">
                        <physics rotSpeed="0" restLoad="0.8" repr="0>0|1|0" forcePointRatio="0.5" initialCompression="20" suspTravel="0.2" spring="60" damper="60"/>
                    </wheel>
                </wheels>
				<objectChange node="0>0|0|0" scaleActive="1 1.05 1.05" />
				<objectChange node="0>0|1|0" scaleActive="1 1.05 1.05" />
            </wheelConfiguration>
			<wheelConfiguration name="ORTA_BALON" price="0" brand="TRELLEBORG">
                <wheels autoRotateBackSpeed="2.2">
                    <wheel filename="GameMasTer/420_70R28.xml" isLeft="true" hasTireTracks="true" hasParticles="true">
                        <physics rotSpeed="1" restLoad="1.4" repr="1>0|0|0" driveNode="1>0|0|0|0|0" forcePointRatio="0.5" initialCompression="25" suspTravel="0.13" spring="60" damper="60"/>
                        <steering node="1>1|0" nodeMinTransX="0.1" nodeMaxTransX="-0.1" />
                        <fender node="1>0|0|0|3" rotMax="10"/>
                    </wheel>
                    <wheel filename="GameMasTer/420_70R28.xml" isLeft="false" hasTireTracks="true" hasParticles="true">
                        <physics rotSpeed="1" restLoad="1.4" repr="1>0|1|0" driveNode="1>0|1|0|0|0" forcePointRatio="0.5" initialCompression="25" suspTravel="0.13" spring="60" damper="60"/>
                        <fender node="1>0|1|0|3" rotMin="-10"/>
                    </wheel>
                    <wheel filename="GameMasTer/520_70R38.xml" configId="weight3" isLeft="true" hasTireTracks="true" hasParticles="true">
                        <physics rotSpeed="0" restLoad="0.8" repr="0>0|0|0" forcePointRatio="0.5" initialCompression="20" suspTravel="0.2" spring="60" damper="60"/>
                    </wheel>
                    <wheel filename="GameMasTer/520_70R38.xml" configId="weight3" isLeft="false" hasTireTracks="true" hasParticles="true">
                        <physics rotSpeed="0" restLoad="0.8" repr="0>0|1|0" forcePointRatio="0.5" initialCompression="20" suspTravel="0.2" spring="60" damper="60"/>
                    </wheel>
                </wheels>
				<objectChange node="0>0|0|0" scaleActive="1 1.05 1.05" />
				<objectChange node="0>0|1|0" scaleActive="1 1.05 1.05" />
            </wheelConfiguration>
			
			<wheelConfiguration name="R_34" price="0" brand="TRELLEBORG">
                <wheels autoRotateBackSpeed="2.2">
                    <wheel filename="GameMasTer/420_85R28.xml" isLeft="true" hasTireTracks="true" hasParticles="true">
                        <physics rotSpeed="1" restLoad="1.4" repr="1>0|0|0"  driveNode="1>0|0|0|0|0" forcePointRatio="0.5" initialCompression="25" suspTravel="0.13" spring="60" damper="60"/>
                        <steering node="1>1|0" nodeMinTransX="0.1" nodeMaxTransX="-0.1" />
                        <fender node="1>0|0|0|3" rotMax="10"/>
                    </wheel>
                    <wheel filename="GameMasTer/420_85R28.xml" isLeft="false" hasTireTracks="true" hasParticles="true">
                        <physics rotSpeed="1" restLoad="1.4" repr="1>0|1|0" driveNode="1>0|1|0|0|0" forcePointRatio="0.5" initialCompression="25" suspTravel="0.13" spring="60" damper="60"/>
                        <fender node="1>0|1|0|3" rotMin="-10"/>
                    </wheel>
                    <wheel filename="GameMasTer/460_85R34.xml" configId="weight3" isLeft="true" hasTireTracks="true" hasParticles="true">
                        <physics rotSpeed="0" restLoad="0.8" repr="0>0|0|0" radius="0.860" forcePointRatio="0.5" initialCompression="20" suspTravel="0.2" spring="60" damper="60"/>
                    </wheel>
                    <wheel filename="GameMasTer/460_85R34.xml" configId="weight3" isLeft="false" hasTireTracks="true" hasParticles="true">
                        <physics rotSpeed="0" restLoad="0.8" repr="0>0|1|0" radius="0.860" forcePointRatio="0.5" initialCompression="20" suspTravel="0.2" spring="60" damper="60"/>
                    </wheel>
                </wheels>
				<objectChange node="0>0|0|0" scaleActive="1.2 1.1 1.1" />
				<objectChange node="0>0|1|0" scaleActive="1.2 1.1 1.1" />
				<objectChange node="0>0|0|0" translationActive="0.075 0 0" />
				<objectChange node="0>0|1|0" translationActive="-0.075 0 0" />
            </wheelConfiguration>
			<wheelConfiguration name="ORTA" price="0" brand="BKT" >
                <wheels autoRotateBackSpeed="2.2">
                    <wheel filename="GameMasTer/bkt/540_65R28.xml" isLeft="true" hasTireTracks="true" hasParticles="true">
                        <physics rotSpeed="1" restLoad="1.4" repr="1>0|0|0" driveNode="1>0|0|0|0|0" forcePointRatio="0.5" initialCompression="25" suspTravel="0.13" spring="60" damper="60"/>
                        <steering node="1>1|0" nodeMinTransX="0.1" nodeMaxTransX="-0.1" />
                        <fender node="1>0|0|0|3" rotMax="10"/>
                    </wheel>
                    <wheel filename="GameMasTer/bkt/540_65R28.xml" isLeft="false" hasTireTracks="true" hasParticles="true">
                        <physics rotSpeed="1" restLoad="1.4" repr="1>0|1|0" driveNode="1>0|1|0|0|0" forcePointRatio="0.5" initialCompression="25" suspTravel="0.13" spring="60" damper="60"/>
                        <fender node="1>0|1|0|3" rotMin="-10"/>
                    </wheel>
                    <wheel filename="GameMasTer/bkt/650_65R38.xml" configId="weight3" isLeft="true" hasTireTracks="true" hasParticles="true">
                        <physics rotSpeed="0" restLoad="0.8" repr="0>0|0|0" forcePointRatio="0.5" initialCompression="20" suspTravel="0.2" spring="60" damper="60"/>
                    </wheel>
                    <wheel filename="GameMasTer/bkt/650_65R38.xml" configId="weight3" isLeft="false" hasTireTracks="true" hasParticles="true">
                        <physics rotSpeed="0" restLoad="0.8" repr="0>0|1|0" forcePointRatio="0.5" initialCompression="20" suspTravel="0.2" spring="60" damper="60"/>
                    </wheel>
                </wheels>
				<objectChange node="0>0|0|0" scaleActive="0.9 1 1" />
				<objectChange node="0>0|1|0" scaleActive="0.9 1 1" />
				<objectChange node="1>0|0|0|0|0" scaleActive="1.05 1 1" />
				<objectChange node="1>0|1|0|0|0" scaleActive="1.05 1 1" />
				<objectChange node="0>0|0|0" translationActive="0.04 0 0" />
				<objectChange node="0>0|1|0" translationActive="-0.04 0 0" />
            </wheelConfiguration>
			<wheelConfiguration name="ORTA AGIRLIKLI" price="250" brand="BKT" >
                <wheels autoRotateBackSpeed="2.2">
                    <wheel filename="GameMasTer/bkt/540_65R28.xml" configId="weight3" isLeft="true" hasTireTracks="true" hasParticles="true">
                        <physics rotSpeed="1" restLoad="1.4" repr="1>0|0|0" driveNode="1>0|0|0|0|0" forcePointRatio="0.5" initialCompression="25" suspTravel="0.13" spring="60" damper="60"/>
                        <steering node="1>1|0" nodeMinTransX="0.1" nodeMaxTransX="-0.1" />
                        <fender node="1>0|0|0|3" rotMax="10"/>
                    </wheel>
                    <wheel filename="GameMasTer/bkt/540_65R28.xml" configId="weight3" isLeft="false" hasTireTracks="true" hasParticles="true">
                        <physics rotSpeed="1" restLoad="1.4" repr="1>0|1|0" driveNode="1>0|1|0|0|0" forcePointRatio="0.5" initialCompression="25" suspTravel="0.13" spring="60" damper="60"/>
                        <fender node="1>0|1|0|3" rotMin="-10"/>
                    </wheel>
                    <wheel filename="GameMasTer/bkt/650_65R38.xml" configId="weight3" isLeft="true" hasTireTracks="true" hasParticles="true">
                        <physics rotSpeed="0" restLoad="0.8" repr="0>0|0|0" forcePointRatio="0.5" initialCompression="20" suspTravel="0.2" spring="60" damper="60"/>
                    </wheel>
                    <wheel filename="GameMasTer/bkt/650_65R38.xml" configId="weight3" isLeft="false" hasTireTracks="true" hasParticles="true">
                        <physics rotSpeed="0" restLoad="0.8" repr="0>0|1|0" forcePointRatio="0.5" initialCompression="20" suspTravel="0.2" spring="60" damper="60"/>
                    </wheel>
                </wheels>
				<objectChange node="0>0|0|0" scaleActive="0.9 1 1" />
				<objectChange node="0>0|1|0" scaleActive="0.9 1 1" />
				<objectChange node="1>0|0|0|0|0" scaleActive="1.05 1 1" />
				<objectChange node="1>0|1|0|0|0" scaleActive="1.05 1 1" />
				<objectChange node="0>0|0|0" translationActive="0.04 0 0" />
				<objectChange node="0>0|1|0" translationActive="-0.04 0 0" />
            </wheelConfiguration>
			  <wheelConfiguration name="ORGİNAL" price="0" brand="MITAS">
                <wheels autoRotateBackSpeed="2.2">
                    <wheel filename="GameMasTer/mitas/480_65R28.xml" configId="weight3" isLeft="true" hasTireTracks="true" hasParticles="true">
                        <physics rotSpeed="1" restLoad="1.4" repr="1>0|0|0" driveNode="1>0|0|0|0|0" forcePointRatio="0.5" initialCompression="25" suspTravel="0.13" spring="60" damper="60"/>
                        <steering node="1>1|0" nodeMinTransX="0.1" nodeMaxTransX="-0.1" />
                        <fender node="1>0|0|0|2" rotMax="10"/>
                    </wheel>
                    <wheel filename="GameMasTer/mitas/480_65R28.xml" configId="weight3" isLeft="false" hasTireTracks="true" hasParticles="true">
                        <physics rotSpeed="1" restLoad="1.4" repr="1>0|1|0" driveNode="1>0|1|0|0|0" forcePointRatio="0.5" initialCompression="25" suspTravel="0.13" spring="60" damper="60"/>
                        <fender node="1>0|1|0|2" rotMin="-10"/>
                    </wheel>
                    <wheel filename="GameMasTer/mitas/600_65R38.xml" configId="weight3" isLeft="true" hasTireTracks="true" hasParticles="true">
                        <physics rotSpeed="0" restLoad="0.8" repr="0>0|0|0" forcePointRatio="0.5" initialCompression="20" suspTravel="0.2" spring="60" damper="60"/>
                    </wheel>
                    <wheel filename="GameMasTer/mitas/600_65R38.xml" configId="weight3" isLeft="false" hasTireTracks="true" hasParticles="true">
                        <physics rotSpeed="0" restLoad="0.8" repr="0>0|1|0" forcePointRatio="0.5" initialCompression="20" suspTravel="0.2" spring="60" damper="60"/>
                    </wheel>
                </wheels>
				<objectChange node="0>0|0|0" scaleActive="1 1.05 1.05" translationActive="0.06 0 0" /> 
				<objectChange node="0>0|1|0" scaleActive="1 1.05 1.05" translationActive="-0.06 0 0" /> 
            </wheelConfiguration>
			<wheelConfiguration name="AGIRLIKSIZ" price="0" brand="MITAS">
                <wheels autoRotateBackSpeed="2.2">
                    <wheel filename="GameMasTer/mitas/480_65R28.xml" isLeft="true" hasTireTracks="true" hasParticles="true">
                        <physics rotSpeed="1" restLoad="1.4" repr="1>0|0|0" driveNode="1>0|0|0|0|0" forcePointRatio="0.5" initialCompression="25" suspTravel="0.13" spring="199" damper="199"/>
                        <steering node="1>1|0" nodeMinTransX="0.1" nodeMaxTransX="-0.1" />
                        <fender node="1>0|0|0|3" rotMax="10"/>
                    </wheel>
                    <wheel filename="GameMasTer/mitas/480_65R28.xml" isLeft="false" hasTireTracks="true" hasParticles="true">
                        <physics rotSpeed="1" restLoad="1.4" repr="1>0|1|0" driveNode="1>0|1|0|0|0" forcePointRatio="0.5" initialCompression="25" suspTravel="0.13" spring="199" damper="199"/>
                        <fender node="1>0|1|0|3" rotMin="-10"/>
                    </wheel>
                    <wheel filename="GameMasTer/mitas/600_65R38.xml" isLeft="true" hasTireTracks="true" hasParticles="true">
                        <physics rotSpeed="0" restLoad="0.8" repr="0>0|0|0" forcePointRatio="0.5" initialCompression="20" suspTravel="0.2" spring="90" damper="90"/>
                    </wheel>
                    <wheel filename="GameMasTer/mitas/600_65R38.xml" isLeft="false" hasTireTracks="true" hasParticles="true">
                        <physics rotSpeed="0" restLoad="0.8" repr="0>0|1|0" forcePointRatio="0.5" initialCompression="20" suspTravel="0.2" spring="90" damper="90"/>
                    </wheel>
                </wheels>
				<objectChange node="0>0|0|0" scaleActive="1 1.05 1.05" />
				<objectChange node="0>0|1|0" scaleActive="1 1.05 1.05" />
            </wheelConfiguration>
        </wheelConfigurations>
        <ackermannSteeringConfigurations>
            <ackermannSteering rotSpeed="40" rotMax="30" rotCenterWheel1="3" rotCenterWheel2="4"/>
        </ackermannSteeringConfigurations>
    </wheels>
    <speedRotatingParts>
        <speedRotatingPart node="driveShaft" wheelIndex="1" wheelScale="3"/>
    </speedRotatingParts>
    <lights>
        <sharedLight linkNode="yellowRound_01_01" node="0" filename="$data/shared/assets/reflectors/lizard/yellowRound_01.xml"/>
        <sharedLight linkNode="yellowRound_01_02" node="0" filename="$data/shared/assets/reflectors/lizard/yellowRound_01.xml"/>
        <sharedLight linkNode="redRound_01_01" node="0" filename="$data/shared/assets/reflectors/lizard/redRound_01.xml"/>
        <sharedLight linkNode="redRound_01_02" node="0" filename="$data/shared/assets/reflectors/lizard/redRound_01.xml"/>
        <sharedLight linkNode="workingLightCircle_01_01" node="0" lightTypes="2" filename="$data/shared/assets/lights/lizard/workingLightCircle_01.xml"/>
        <sharedLight linkNode="workingLightCircle_01_02" node="0" lightTypes="2" filename="$data/shared/assets/lights/lizard/workingLightCircle_01.xml"/>
		<sharedLight linkNode="frontLightOval_01Right"      node="0" lightTypes="0 3"   filename="$data/shared/assets/lights/lizard/frontLightOval_01_right.xml" />
        <sharedLight linkNode="frontLightOval_01Left"       node="0" lightTypes="0 3"   filename="$data/shared/assets/lights/lizard/frontLightOval_01_left.xml" />
		<sharedLight linkNode="0>3|0|2|0|8" node="0" lightTypes="1" filename="$data/shared/assets/lights/lizard/workingLight04.xml"/>
        <sharedLight linkNode="0>3|0|2|0|10" node="0" lightTypes="1" filename="$data/shared/assets/lights/lizard/workingLight04.xml"/>
		<sharedLight linkNode="0>3|0|2|0|9" node="0" lightTypes="2" filename="$data/shared/assets/lights/lizard/workingLight04.xml"/>
        <sharedLight linkNode="0>3|0|2|0|11" node="0" lightTypes="2" filename="$data/shared/assets/lights/lizard/workingLight04.xml"/>
		<sharedLight linkNode="0>3|0|2|0|12" node="0" lightTypes="2" filename="$data/shared/assets/lights/lizard/workingLight04.xml"/>
        <sharedLight linkNode="0>3|0|2|0|13" node="0" lightTypes="2" filename="$data/shared/assets/lights/lizard/workingLight04.xml"/>
		<sharedLight linkNode="0>3|0|2|0|14" node="0" lightTypes="1" filename="$data/shared/assets/lights/lizard/workingLight04.xml"/>
        <sharedLight linkNode="0>3|0|2|0|15" node="0" lightTypes="1" filename="$data/shared/assets/lights/lizard/workingLight04.xml"/>
		
		<sharedLight linkNode="0>3|0|2|0|23" node="0" lightTypes="2" filename="$data/shared/assets/lights/hella/hellaWorkingLightOval_01_front.xml"/>
		<sharedLight linkNode="0>3|0|2|0|24" node="0" lightTypes="2" filename="$data/shared/assets/lights/hella/hellaWorkingLightOval_01_front.xml"/>
		<sharedLight linkNode="0>3|0|2|0|25" node="0" lightTypes="1" filename="$data/shared/assets/lights/hella/hellaWorkingLightOval_01_back.xml"/>
		<sharedLight linkNode="0>3|0|2|0|26" node="0" lightTypes="1" filename="$data/shared/assets/lights/hella/hellaWorkingLightOval_01_back.xml"/>
        <states>
            <state lightTypes="0"/>
            <state lightTypes="0 1"/>
            <state lightTypes="0 1 2"/>
        </states>
        <realLights>
            <low>
                <light node="frontLightLow" lightTypes="0" excludedLightTypes="2 3"/>
                <light node="workLightBackLow" lightTypes="1"/>
                <light node="workLightFrontLow" lightTypes="2"/>
                <light node="highBeamLow" lightTypes="3"/>
				<light node="0>4|2|4" lightTypes="0"/>
				<light node="0>4|2|5" lightTypes="0"/>
                <light node="0>4|2|6" lightTypes="2"/>
			    <light node="0>4|2|7" lightTypes="2"/>
			    <light node="0>4|2|8" lightTypes="1"/>
			    <light node="0>4|2|9" lightTypes="1"/>
            </low>
            <high>
                <light node="frontLightHigh" lightTypes="0" excludedLightTypes="2 3"/>
                <light node="workLightBackHigh" lightTypes="1"/>
                <light node="workLightFrontHigh" lightTypes="2"/>
                <light node="highBeamHigh" lightTypes="3"/>
                <light node="backLightsHigh" lightTypes="0"/>
                <brakeLight node="backLightsHigh"/>
                <turnLightLeft node="turnLightLeftFront"/>
                <turnLightRight node="turnLightRightFront"/>
				<light node="0>3|0|2|0|22|3" lightTypes="0" excludedLightTypes=" 3"/>
				<light node="0>3|0|2|0|22|4" lightTypes="0" excludedLightTypes=" 3"/>
				<light node="0>3|0|2|0|22|5" lightTypes="0" excludedLightTypes=" 3"/>
				<light node="0>3|0|2|0|22|6" lightTypes="0" excludedLightTypes=" 3"/>
				<light node="0>3|0|2|0|22|7" lightTypes="0" excludedLightTypes=" 3"/>
				<light node="0>3|0|2|0|22|8" lightTypes="0" excludedLightTypes=" 3"/>
				<light node="0>3|0|2|0|22|9" lightTypes="0" excludedLightTypes=" 3"/>
				<light node="0>3|0|2|0|22|10" lightTypes="0" excludedLightTypes=" 3"/>
				<light node="0>3|0|2|0|22|11" lightTypes="0" excludedLightTypes=" 3"/>
				<light node="0>3|0|2|0|22|12" lightTypes="0" excludedLightTypes="2 3"/>
				<light node="0>3|0|2|0|22|13" lightTypes="0" excludedLightTypes="2 3"/>
				<light node="0>3|0|2|0|22|14" lightTypes="0" excludedLightTypes=" 3"/>
				<light node="0>3|0|2|0|22|15" lightTypes="0" excludedLightTypes=" 3"/>
				<light node="0>3|0|2|0|22|16" lightTypes="0" excludedLightTypes=" 3"/>
				<light node="0>3|0|2|0|22|17" lightTypes="0" excludedLightTypes=" 3"/>
				<light node="0>3|0|2|0|22|18" lightTypes="0" excludedLightTypes=" 3"/>
				<light node="1>0|0|0|2|1" lightTypes="2" excludedLightTypes=" 3"/>
				<light node="1>0|1|0|2|1" lightTypes="2" excludedLightTypes=" 3"/>
				
				
				
            </high>
        </realLights>
        <defaultLights>
            <defaultLight shaderNode="0>13|5|0|5|0|2" lightTypes="3" intensity="70"/> 
			<defaultLight shaderNode="0>13|5|0|5|1|2" lightTypes="3" intensity="70"/>
			<defaultLight shaderNode="0>13|5|0|5|2|2" lightTypes="0 3" intensity="100"/>
			<defaultLight shaderNode="0>13|5|0|5|3|2" lightTypes="0 3" intensity="100"/>
			<defaultLight shaderNode="0>3|0|2|0|21|2" lightTypes="0" intensity="200"/>
			<defaultLight shaderNode="0>3|0|2|0|18|2" lightTypes="0" intensity="200"/>
			<defaultLight shaderNode="0>3|0|2|0|22|0" lightTypes="0 3" intensity="0.6"/>
			<defaultLight shaderNode="0>3|0|2|0|22|1" lightTypes="0 3" intensity="30"/>
			<defaultLight shaderNode="0>3|0|29|0|1" lightTypes="2" intensity="100"/>
			<defaultLight shaderNode="0>3|0|28|0|1" lightTypes="2" intensity="100"/>
			<defaultLight shaderNode="0>3|0|30|0|0" lightTypes="1" intensity="100"/>
			<defaultLight shaderNode="0>3|0|31|1" lightTypes="0" intensity="100"/>
			<defaultLight shaderNode="0>3|0|32|1" lightTypes="0" intensity="100"/>
			<defaultLight shaderNode="0>3|0|33|2" lightTypes="0" intensity="100"/>
			<defaultLight shaderNode="0>3|0|34|2" lightTypes="0" intensity="100"/>
			<defaultLight shaderNode="0>3|0|45|0" lightTypes="0" intensity="100"/>
			<defaultLight shaderNode="0>3|0|44|0" lightTypes="0" intensity="50"/>
			<defaultLight shaderNode="0>3|0|43|0" lightTypes="0" intensity="50"/>
			<defaultLight shaderNode="0>13|5|0|5|0|5" lightTypes="0" intensity="1000"/>
			<defaultLight shaderNode="0>13|5|0|5|1|5" lightTypes="0" intensity="1000"/>
			<defaultLight shaderNode="0>3|0|2|0|22|2" lightTypes="0 3" intensity="0.6"/>
			
			<defaultLight shaderNode="0>13|5|0|5|0|0" lightTypes="0 3" intensity="2"/>
			<defaultLight shaderNode="0>13|5|0|5|1|0" lightTypes="0 3" intensity="2"/>
			<defaultLight shaderNode="0>13|5|0|5|2|0" lightTypes="0 3" intensity="2"/>
			<defaultLight shaderNode="0>13|5|0|5|3|0" lightTypes="0 3" intensity="2"/>
			
			
		</defaultLights>
		
		<turnLights>
            <turnLightLeft shaderNode="0>3|0|2|0|20|0" />
            <turnLightRight shaderNode="0>3|0|2|0|19|0" />
			<turnLightLeft shaderNode="0>13|5|0|5|4|0" />
			<turnLightLeft shaderNode="0>3|0|43|2" />
            <turnLightRight shaderNode="0>13|5|0|5|5|0" />
			<turnLightRight shaderNode="0>3|0|44|2" />
        </turnLights>
		
		<brakeLights>
            <brakeLight shaderNode="0>3|0|2|0|18|3"/>
			<brakeLight shaderNode="0>3|0|2|0|19|2"/>
			<brakeLight shaderNode="0>3|0|2|0|20|2"/>
			<brakeLight shaderNode="0>3|0|2|0|21|3"/>
			<brakeLight shaderNode="0>3|0|35|0|1|1"/>
			<brakeLight shaderNode="0>3|0|35|0|1|0"/>
        </brakeLights>
		
		
		
        <beaconLights>
            <beaconLight node="0>3|0|2|1|0" filename="GameMasTer/serko.xml"/>
			<beaconLight node="0>3|0|2|1|1" filename="GameMasTer/serko.xml"/>
			<beaconLight node="0>3|0|36" filename="klar/FBK2.0_Frontblitz.xml"/>
			<beaconLight node="0>3|0|35" filename="klar/FBK2.1_Frontblitz.xml"/>
			<beaconLight node="0>3|0|39" filename="klar/FBK2.0_Frontblitz.xml"/>
			<beaconLight node="0>3|0|40" filename="klar/FBK2.0_Frontblitz.xml"/>
			<beaconLight node="0>3|0|41" filename="klar/FBK2.0_Frontblitz.xml"/>
			<beaconLight node="0>13|18" filename="klar/FBK2.0_Frontblitz.xml"/>
			<beaconLight node="0>13|20" filename="klar/FBK2.0_Frontblitz.xml"/>
			<beaconLight node="0>3|0|37" filename="klar/FBK2.1_Frontblitz.xml"/>
			<beaconLight node="0>3|0|38" filename="klar/FBK2.1_Frontblitz.xml"/>
			<beaconLight node="0>3|0|42" filename="klar/FBK2.1_Frontblitz.xml"/>
			<beaconLight node="0>13|17" filename="klar/FBK2.1_Frontblitz.xml"/>
			<beaconLight node="0>13|19" filename="klar/FBK2.1_Frontblitz.xml"/>
        </beaconLights>
        <sounds>
            <switchLight template="SWITCH_01" linkNode="trac1104_main_component1"/>
            <turnLight template="SWITCH_TURNLIGHT" linkNode="trac1104_main_component1"/>
        </sounds>
        <dashboards>

			<dashboard displayType="emitter" valueType="turnLightLeft"  node="0>3|0|12|0|16"      baseColor="BLACK" emitColor="GREEN" groups="MOTOR_ACTIVE"/>
            <dashboard displayType="emitter" valueType="turnLightRight" node="0>3|0|12|0|17"     baseColor="BLACK" emitColor="GREEN" groups="MOTOR_ACTIVE"/>
			
			<dashboard displayType="EMITTER" valueType="lightState" node="0>3|0|12|0|0"  baseColor="BLACK" emitColor="GREEN" intensity="2" lightTypes="0"  groups="MOTOR_ACTIVE"/>
			<dashboard displayType="EMITTER" valueType="lightState" node="0>3|0|12|0|15"  baseColor="BLACK" emitColor="GREEN" intensity="2" lightTypes="0"  groups="MOTOR_ACTIVE"/>
			<dashboard displayType="EMITTER" valueType="lightState" node="0>3|0|12|0|14"  baseColor="BLACK" emitColor="BLUE"  intensity="2" lightTypes="3"   groups="MOTOR_ACTIVE"/>
			<dashboard displayType="EMITTER" valueType="lightState" node="0>3|0|11|6|1" intensity="0.45" lightTypes="0" groups="MOTOR_ACTIVE"/>
			<dashboard displayType="EMITTER" valueType="lightState" node="0>3|0|11|21" intensity="0.45" lightTypes="0" groups="MOTOR_ACTIVE"/>
			<dashboard displayType="EMITTER" valueType="lightState" node="0>3|0|11|4" intensity="0.45" lightTypes="0" groups="MOTOR_ACTIVE"/>
			<dashboard displayType="EMITTER" valueType="turnLightHazard" node="0>3|0|11|25" intensity="0.45" lightTypes="0" groups="MOTOR_ACTIVE"/>
			<dashboard displayType="EMITTER" valueType="lightState" node="0>3|0|11|22" intensity="0.50" lightTypes="2" groups="MOTOR_ACTIVE"/>
			<dashboard displayType="EMITTER" valueType="lightState" node="0>3|0|11|23" intensity="0.50" lightTypes="1" groups="MOTOR_ACTIVE"/>
			<dashboard displayType="EMITTER" valueType="beaconLight" node="0>3|0|11|24" intensity="0.45" groups="MOTOR_ACTIVE"/>
        
			
		
		
		</dashboards>
    </lights>
	
    <attacherJoints comboDuration="0">
        <attacherJoint node="attacherJointBack" lowerRotationOffset="2.45" upperRotationOffset="0.36" moveTime="2.5" comboTime="1">
            <distanceToGround lower="0.43" upper="0.7"/>
            <rotationNode node="attacherJointBackRot" lowerRotation="-22 0 0" upperRotation="30 0 0"/>
            <rotationNode2 node="attacherJointBackRot2"/>
            <bottomArm rotationNode="attacherJointBackArmBottom" translationNode="attacherJointBackArmBottomLink" referenceNode="referencePointBackBottom" zScale="-1" startRotation="-10 0 0"/>
            <topArm baseNode="attacherJointBackArmTop" filename="$data/shared/assets/upperLinks/walterscheid04.i3d" zScale="-1" color="SHARED_GREY5"/>
            <schema position="1 0" rotation="0" invertX="false"/>
            <objectChange node="trailerAttacherNode" visibilityActive="false" visibilityInactive="true"/>
            <objectChange node="trailerLowNode" visibilityActive="false" visibilityInactive="true"/>
        </attacherJoint>
        <attacherJoint node="trailerAttacherJointBack" jointType="trailer" lowerRotLimit="10 50 50" upperRotRotationOffset="0" allowsJointLimitMovement="false" comboTime="1">
            <distanceToGround lower="0.51" upper="1.09"/>
            <transNode node="trailerAttacherNode" minY="0.571" maxY="0.96" height="0.3"/>
            <schema position="1 0" rotation="0" invertX="false"/>
            <objectChange node="trailerLowNode" visibilityActive="false" visibilityInactive="true"/>
        </attacherJoint>
        <attacherJoint node="trailerAttacherJointBackLow" jointType="trailerLow" lowerRotLimit="10 50 50" lowerTransLimit="0 0 0" upperRotRotationOffset="0" allowsJointLimitMovement="false" comboTime="1">
            <distanceToGround lower="0.51" upper="1.03"/>
            <transNode node="trailerLowNode" minY="0.534" maxY="0.534" height="0.2"/>
            <schema position="1 0" rotation="0" invertX="false"/>
            <objectChange node="attacherJointBackArmBottom" rotationActive="30 0 0" rotationInactive="-17 0 0"/>
            <objectChange node="trailerAttacherNode" visibilityActive="false" visibilityInactive="true"/>
            <steeringBars leftNode="trailerLowSteeringBarLeftRef" rightNode="trailerLowSteeringBarRightRef"/>
        </attacherJoint>
        <attacherJoint node="trailerAttacherJointFront" jointType="trailer" lowerRotLimit="10 50 50" lowerTransLimit="0 0 0" upperRotRotationOffset="0" allowsJointLimitMovement="false" comboTime="0">
            <schema position="1 0" rotation="0" invertX="true"/>
        </attacherJoint>
		
        <sounds>
            <attach template="ATTACH_01" linkNode="trac1104_main_component1"/>
            <hydraulic template="DEFAULT_HYDRAULIC_SOUND" linkNode="trac1104_main_component1"/>
        </sounds>
    </attacherJoints>
    <powerTakeOffs>
        <output attacherJointIndices="1 2 3" outputNode="ptoOutputBack"/>
    </powerTakeOffs>
    <connectionHoses>
        <target attacherJointIndices="1 2 3" type="hydraulicIn" node="hydraulicIn01"/>
        <target attacherJointIndices="1 2 3" type="hydraulicOut" node="hydraulicOut01"/>
        <target attacherJointIndices="1 2 3" type="hydraulicIn" node="hydraulicIn02"/>
        <target attacherJointIndices="1 2 3" type="hydraulicOut" node="hydraulicOut02"/>
        <target attacherJointIndices="1 2 3" type="hydraulicIn" node="hydraulicIn03"/>
        <target attacherJointIndices="1 2 3" type="hydraulicOut" node="hydraulicOut03"/>
        <target attacherJointIndices="1 2 3" type="hydraulicIn" node="hydraulicIn04"/>
        <target attacherJointIndices="1 2 3" type="hydraulicOut" node="hydraulicOut04"/>
        <target attacherJointIndices="1 2 3" type="airDoubleRed" node="airDoubleOrange" socket="air_red"/>
        <target attacherJointIndices="1 2 3" type="airDoubleYellow" node="airDoubleYellow" socket="air_yellow"/>
        <target attacherJointIndices="1 2 3" type="electric" node="electricBack" socket="electric"/>
    </connectionHoses>
    <enterable isTabbable="true">
        <enterReferenceNode node="trac1104_main_component1"/>
        <exitPoint node="exitPoint"/>
        <cameras>
            <camera node="outdoorCamera" rotatable="true" rotateNode="outdoorCameraTarget" limit="true" useWorldXZRotation="true" rotMinX="-1.4" rotMaxX="1" transMin="4" transMax="40" translation="0 0 5" rotation="-20 180 0">
                <raycastNode node="cameraRaycastNode1"/>
                <raycastNode node="cameraRaycastNode2"/>
            </camera>
            <camera node="indoorCamera" rotatable="true" limit="true" rotMinX="-1.1" rotMaxX="0.4" transMin="0" transMax="0" useMirror="true" isInside="true" shadowFocusBox="shadowFocusBox"/>
			<camera node="0>2|3" rotatable="true" limit="true" rotMinX="-1.1" rotMaxX="0.4" transMin="0" transMax="0" useMirror="true" isInside="true" shadowFocusBox="shadowFocusBox"/>
			
			
        </cameras>
        <characterNode node="playerSkin" cameraMinDistance="1.5" spineRotation="-90 0 90">
            <target ikChain="leftFoot" targetNode="playerLeftFootTarget"/>
            <target ikChain="rightFoot" targetNode="playerRightFootTarget"/>
            <target ikChain="leftArm" targetNode="playerLeftHandTarget"/>
            <target ikChain="rightArm" targetNode="playerRightHandTarget"/>
        </characterNode>
        <characterTargetNodeModifier node="playerRightFootTarget" transitionTime="0.1">
            <state node="playerRightFootTargetGas" referenceNode="gasPedal" directionReferenceNode="playerRightFootTargetGasRef"/>
            <state node="playerRightFootTargetBrake" referenceNode="brakePedal"/>
        </characterTargetNodeModifier>
        <mirrors>
            <mirror node="0>3|0|3|0" prio="1"/>
			<mirror node="0>3|0|3|1" prio="1"/>
			<mirror node="0>3|0|3|2" prio="1"/>
        </mirrors>
		
		<dashboards>
            <dashboard displayType="NUMBER" valueType="time" numbers="numbersTime" numberColor="1 1 1 1" precision="2" groups="MOTOR_ACTIVE"/>
            <dashboard displayType="NUMBER" valueType="operatingTime" numbers="0>3|0|11|20|1|2" precision="1" groups="MOTOR_ACTIVE"/>
        </dashboards>
		
	</enterable>
	<licensePlates>
        <licensePlate node="0>14" position="FRONT" preferedType="SQUARISH" placementArea="0.25 0.25 0.25 0.25"/>
    </licensePlates>
    <motorized>
        <consumerConfigurations>
            <consumerConfiguration>
                <consumer fillUnitIndex="1" usage="50" fillType="diesel"/>
                <!-- usage is per hour at max load and max rpm -->
                <consumer fillUnitIndex="2" usage="200" fillType="air" permanentConsumption="false" refillLitersPerSecond="250" refillCapacityPercentage="0.5"/>
                <!-- usage per second at full brake power -->
            </consumerConfiguration>
        </consumerConfigurations>
        <differentialConfigurations>
            <differentialConfiguration>
                <differentials>
                    <differential torqueRatio="0.5" maxSpeedRatio="1.8" wheelIndex1="1" wheelIndex2="2"/>
                    <!-- front left-right -->
                    <differential torqueRatio="0.5" maxSpeedRatio="1.8" wheelIndex1="3" wheelIndex2="4"/>
                    <!-- back left-right -->
                    <differential torqueRatio="0.5" maxSpeedRatio="1.8" differentialIndex1="1" differentialIndex2="2"/>
                    <!-- front-back -->
                </differentials>
            </differentialConfiguration>
        </differentialConfigurations>
        <motorConfigurations>
             <motorConfiguration hp="115">
                <motor torqueScale="6.000" minRpm="650" maxRpm="3100" maxForwardSpeed="63" maxBackwardSpeed="63" brakeForce="20" lowBrakeForceScale="0.22" lowBrakeForceSpeedLimit="1">
                    <torque normRpm="0.45" torque="0.9"/>
                    <torque normRpm="0.5" torque="0.97"/>
                    <torque normRpm="0.59" torque="1"/>
                    <torque normRpm="0.72" torque="1"/>
                    <torque normRpm="0.86" torque="1"/>
                    <torque normRpm="1" torque="1"/>
                </motor>
				<transmission autoGearChangeTime="0.5" gearChangeTime="0.4" name="$l10n_info_transmission_manualWithPowerShiftGroups">
                    <directionChange useGroup="false" useGear="false" changeTime="0.5"/>
                    <groups type="POWERSHIFT" changeTime="0.2">
                        <group ratio="0.20"  name="1" />
                        <group ratio="0.45"  name="2" />
						<group ratio="0.60"  name="3" />
						<group ratio="0.90"  name="4" />
						
                    </groups>
                    <forwardGear maxSpeed="5.0" name="A" />
                    <forwardGear maxSpeed="10.0" name="B" />
                    <forwardGear maxSpeed="20.0" name="C" />
                    <forwardGear maxSpeed="35.0" name="D" />
					<forwardGear maxSpeed="45.0" name="E" />
					<forwardGear maxSpeed="70.0" name="F" />
                </transmission>
                <transmission minForwardGearRatio="8.2" maxForwardGearRatio="560" minBackwardGearRatio="57" maxBackwardGearRatio="560"/>
            </motorConfiguration>
        </motorConfigurations>
        <exhaustEffects>
            <exhaustEffect node="exhaustParticleLinkNode" filename="$data/effects/exhaust/exhaust.i3d" minRpmColor="0.0 0.0 0.0 9.9" maxRpmColor="0.0 0.0 0.0 9.9" minRpmScale="0.05" maxRpmScale="0.5" xzRotationsOffset="-180 0" xzRotationsForward="0 300" xzRotationsBackward="150 0" xzRotationsLeft="20 80" xzRotationsRight="40 -200"/>
			<exhaustEffect node="0>13|29" filename="$data/effects/exhaust/exhaust.i3d" minRpmColor="0.0 0.0 0.0 9.9" maxRpmColor="0.0 0.0 0.0 9.9" minRpmScale="0.05" maxRpmScale="0.5" xzRotationsOffset="-180 0" xzRotationsForward="0 300" xzRotationsBackward="150 0" xzRotationsLeft="20 80" xzRotationsRight="40 -200"/>
        </exhaustEffects>
        <motorStartDuration>2500</motorStartDuration>
		
		<animationNodes>
            <animationNode node="0>13|4" rotSpeed="1500" rotAxis="3" turnOnFadeTime="0" turnOffFadeTime="1" />
        </animationNodes>
		
        <dashboards>
			<dashboard displayType="ANIMATION" valueType="motorTemperature" animName="temperatureNeedle" minValueAnim="20" maxValueAnim="120" groups="MOTOR_ACTIVE"/>
            <dashboard displayType="ANIMATION" valueType="speed" animName="speedAnim" minValueAnim="0" maxValueAnim="40" groups="MOTOR_ACTIVE"/>
			<dashboard displayType="ANIMATION" valueType="rpm" animName="rpmNeedle" minValueAnim="0" maxValueAnim="2500" groups="MOTOR_ACTIVE"/>
			<dashboard displayType="NUMBER" valueType="rpm"   numbers="numbersRpm"   precision="0" numberColor="0.4508 0.6307 0.7157 1" groups="MOTOR_ACTIVE"/>
            <dashboard displayType="NUMBER" valueType="speed" numbers="numbersSpeed" precision="1" numberColor="0.4508 0.6307 0.7157 1" groups="MOTOR_ACTIVE"/>
			<dashboard displayType="NUMBER" valueType="fuelUsage" numbers="numbersFuelUsage1" precision="1" groups="MOTOR_ACTIVE"/>
        </dashboards>
        
    </motorized>
    <drivable>
        <sounds>
            <waterSplash template="WATER_SPLASH_01" linkNode="trac1104_main_component1"/>
        </sounds>
        <steeringWheel node="steeringWheel" indoorRotation="540" outdoorRotation="50"/>
        <dashboards>
            <dashboard displayType="ROT" valueType="accelerationAxis" node="gasPedal" minRot="0 0 0" maxRot="-10 0 0" doInterpolation="true" groups="MOTOR_ACTIVE"/>
            <dashboard displayType="ROT" valueType="decelerationAxis" node="brakePedal" minRot="0 0 0" maxRot="-11 0 0" doInterpolation="true" groups="MOTOR_ACTIVE"/>
			<dashboard displayType="EMITTER" valueType="directionBackward"   node="0>3|0|12|0|8"       baseColor="BLACK" emitColor="ORANGE"  groups="MOTOR_ACTIVE"/>
			<dashboard displayType="NUMBER"  valueType="cruiseControl" numbers="numbersCruiseControl" numberColor="0.4508 0.6307 0.7157 1" precision="1" groups="MOTOR_ACTIVE"/>
        </dashboards>
    </drivable>	
	<animations>
        <animation name="wiperFrontAnimation">
            <part node="0>3|0|13" startTime="0.0" endTime="0.9" startRot="0 0 0" endRot="0 0 -180"/>
        </animation>
        <animation name="wiperBackAnimation">
            <part node="0>3|0|11|15|2|0|1" startTime="0.0" endTime="0.9" startRot="0 0 0" endRot="0 0 165"/>
        </animation>
        <animation name="rpmNeedle">
            <part node="0>3|0|11|7|3" startTime="0.0" endTime="0.7" startRot="0 0 0" endRot="0 -180 0"/>
        </animation>
        <animation name="temperatureNeedle">
            <part node="0>3|0|11|7|0" startTime="0.0" endTime="0.9" startRot="0 0 0" endRot="0 45 0"/>
        </animation>
        <animation name="fuelNeedle">
            <part node="0>3|0|11|7|1" startTime="0.0" endTime="0.9" startRot="0 0 0" endRot="0 91 0"/>
		</animation>
		<animation name="speedAnim" >  
            <part node="0>3|0|11|7|2" startTime="0.0" endTime="0.9"    startRot="0 0 0"  endRot="0 -250 0" />
	    </animation>
		
		<animation name="LeftDoorOpening">
		    <openSound file="GameMasTer/sounds/door_open.ogg" />
			<closeSound file="GameMasTer/sounds/door_close.ogg" />
            <part node="sol_kapi" startTime="0" endTime="1.5" startRot="0 0 0" endRot="0 40 0" />			
		</animation>
		<animation name="RightDoorOpening">
		    <openSound file="GameMasTer/sounds/door_open.ogg" />
			<closeSound file="GameMasTer/sounds/door_close.ogg" />
            <part node="sag_kapi" startTime="0" endTime="1.5" startRot="0 0 0" endRot="0 -40 0" />	
		</animation>
		<animation name="backWindowOpening">
		    <openSound file="GameMasTer/sounds/door_open.ogg" />
			<closeSound file="GameMasTer/sounds/roof_close.ogg" />	
			<part node="arka_kapi" startTime="0.5" endTime="2" startRot="0 0 0" endRot="70 0 0" />
			<part node="0>3|0|11|15|2|0|5" startTime="0" duration="0.5" startRot="0 0 0" endRot="0 0 60"/>	
            <part node="0>3|0|11|15|2|0|6" startTime="0" duration="0.5" startRot="0 0 0" endRot="0 0 -60"/>			
		</animation>
		 <animation name="caput_anim">
            <part node="0>13|5" startTime="0" endTime="1.5" startRot="0 0 0" endRot="-55 0 0" />
		</animation>
    </animations>
	
	<simpleIC outsideInteractionTrigger="playerTrigger"> 
		<animation animationName="LeftDoorOpening" animationSpeed="1" sharedAnimation="false" soundVolumeIncreasePercentage="0.6" >
			<insideTrigger triggerPoint="doorLeft_innerNode" triggerPointSize="0.04" />
			<outsideTrigger triggerPoint="doorLeft_outerNode" triggerPointSize="0.06" />
		</animation>	
		<animation animationName="RightDoorOpening" animationSpeed="1" sharedAnimation="false" soundVolumeIncreasePercentage="0.6" >
			<insideTrigger triggerPoint="doorRight_innerNode" triggerPointSize="0.04" />
			<outsideTrigger triggerPoint="doorRight_outerNode" triggerPointSize="0.06" />
		</animation>			
		<animation animationName="backWindowOpening" animationSpeed="1" sharedAnimation="false" soundVolumeIncreasePercentage="0.6" >
			<insideTrigger triggerPoint="BackWindow_innerNode" triggerPointSize="0.04" />
		</animation>
		<animation animationName="caput_anim" animationSpeed="1" sharedAnimation="false" soundVolumeIncreasePercentage="0.6" >
		    <insideTrigger triggerPoint="caput_innerNode" triggerPointSize="0.1" />
			<outsideTrigger triggerPoint="caput_outerNode" triggerPointSize="0.1" />
		</animation>
	
	</simpleIC>	
	
    <cylindered>
        <movingTools>
            <movingTool node="attacherJointBackArmBottom">
                <dependentPart node="mainArm"/>
            </movingTool>
        </movingTools>
        <movingParts>
            <movingPart node="1>0|0|0|1" referencePoint="1>1|0|0" referenceFrame="1>1|0|0" isActiveDirty="true" maxUpdateDistance="30" scaleZ="true" />
             <movingPart node="1>0|1|0|1" referencePoint="1>1|0|1" referenceFrame="1>1|0|1" isActiveDirty="true" maxUpdateDistance="30" scaleZ="true" />
            <movingPart node="mainArm" referencePoint="mainArmRef" localReferencePoint="mainArmPart" referenceFrame="attacherJointBackRot">
                <dependentPart node="mainArmPart"/>
            </movingPart>
            <movingPart node="mainArmPart" referencePoint="mainArmRef" referenceFrame="mainArmRef">
                <dependentPart node="mainArmHydraulic"/>
                <dependentPart node="bottomLinkLeft"/>
                <dependentPart node="bottomLinkRight"/>
            </movingPart>
            <movingPart node="bottomLinkLeft" referencePoint="bottomLinkLeftRef" referenceFrame="bottomLinkLeftRef"/>
            <movingPart node="bottomLinkRight" referencePoint="bottomLinkRightRef" referenceFrame="bottomLinkRightRef"/>
			
			<movingPart node="mainArmHydraulic" referencePoint="mainArmHydraulicRef" referenceFrame="mainArmHydraulicRef">
                <translatingPart node="mainArmHydraulicPunch"/>
            </movingPart>
			<movingPart node="cylinderLeftDoor" referencePoint="leftDoorRef" referenceFrame="leftDoorRef" isActiveDirty="true" maxUpdateDistance="30">
                <translatingPart node="punchLeftDoor"/>
            </movingPart>
			<movingPart node="cylinderRightDoor" referencePoint="rightDoorRef" referenceFrame="rightDoorRef" isActiveDirty="true" maxUpdateDistance="30">
                <translatingPart node="punchRightDoor"/>
            </movingPart>
			<movingPart node="cylinderLeft" referencePoint="backWindowLeftRef" referenceFrame="backWindowLeftRef" isActiveDirty="true" maxUpdateDistance="30">
                <translatingPart node="punchLeft"/>
            </movingPart>
			<movingPart node="cylinderRight" referencePoint="backWindowRightRef" referenceFrame="backWindowRightRef" isActiveDirty="true" maxUpdateDistance="30">
                <translatingPart node="punchRight"/>
            </movingPart>
		</movingParts>
        <sounds>
            <hydraulic template="DEFAULT_HYDRAULIC_SOUND" linkNode="trac1104_main_component1"/>
        </sounds>
    </cylindered>
    <wipers>
        <wiper animName="wiperFrontAnimation">
            <state animSpeed="1.0" animPause="2.0"/>
            <state animSpeed="1.0" animPause="1.0"/>
            <state animSpeed="1.0" animPause="0.0"/>
            <state animSpeed="1.5" animPause="0.0"/>
        </wiper>
        <wiper animName="wiperBackAnimation">
            <state animSpeed="1.0" animPause="2.0"/>
            <state animSpeed="1.0" animPause="1.0"/>
            <state animSpeed="1.0" animPause="0.0"/>
            <state animSpeed="1.5" animPause="0.0"/>
        </wiper>
    </wipers>
    <suspensions>
        <suspension node="cabinSuspension" weight="400" minRotation="-5 0 -5" maxRotation="5 0 5" suspensionParametersX="200 17" suspensionParametersZ="200 17"/>
        <suspension node="seatSuspension" weight="200" minTranslation="-0.05 -0.15 0.0" maxTranslation="0.05 0.15 0.0" suspensionParametersX="20 4" suspensionParametersY="5 1" suspensionParametersZ="20 4"/>
        <suspension useCharacterTorso="true" weight="90" minRotation="0 -5 -5" maxRotation="0 5 5" suspensionParametersY="7 1" suspensionParametersZ="7 1"/>
    </suspensions>
    <fillUnit>
        <fillUnitConfigurations>
            <fillUnitConfiguration>
                <fillUnits>
                    <fillUnit unit="$l10n_unit_literShort" showOnHud="false" showInShop="false" fillTypes="diesel" capacity="180">
                        <dashboard displayType="ANIMATION" valueType="fillLevel" animName="fuelNeedle" doInterpolation="true" interpolationSpeed="0.3" groups="MOTOR_ACTIVE"/>
                    </fillUnit>
                    <fillUnit unit="$l10n_unit_literShort" showOnHud="false" showInShop="false" fillTypes="air" capacity="2000"/>
                </fillUnits>
            </fillUnitConfiguration>
        </fillUnitConfigurations>
    </fillUnit>
    <honk>
        <sound file="sounds/korna1.wav" innerRadius="10">
            <volume indoor="3.20" outdoor="9.00"/>
            <pitch outdoor="1.00"/>
            <lowpassGain indoor="0.95"/>
        </sound>
    </honk>
    <dashboard>
        <groups>
            <group name="MOTOR_STARTING" isMotorStarting="true"/>
            <group name="MOTOR_ACTIVE" isMotorStarting="true" isMotorRunning="true"/>
        </groups>
        <default>
			<dashboard displayType="EMITTER" node="0>3|0|12|0|1"   baseColor="BLACK" emitColor="RED" groups="MOTOR_STARTING" />
			<dashboard displayType="EMITTER" node="0>3|0|12|0|2"   baseColor="BLACK" emitColor="RED" groups="MOTOR_STARTING" />
			<dashboard displayType="EMITTER" node="0>3|0|12|0|3"   baseColor="BLACK" emitColor="ORANGE" intensity="0.55" groups="MOTOR_ACTIVE" />
			<dashboard displayType="EMITTER" node="0>3|0|12|0|4"   baseColor="BLACK" emitColor="ORANGE" groups="MOTOR_STARTING" />
			<dashboard displayType="EMITTER" node="0>3|0|12|0|5"   baseColor="BLACK" emitColor="RED" groups="MOTOR_STARTING" />
			<dashboard displayType="EMITTER" node="0>3|0|12|0|6"   baseColor="BLACK" emitColor="RED" groups="MOTOR_STARTING" />
			<dashboard displayType="EMITTER" node="0>3|0|12|0|7"   baseColor="BLACK" emitColor="ORANGE" groups="MOTOR_STARTING" />
			<dashboard displayType="EMITTER" node="0>3|0|12|0|9"   baseColor="BLACK" emitColor="RED" groups="MOTOR_STARTING" />
			<dashboard displayType="EMITTER" node="0>3|0|12|0|10"   baseColor="BLACK" emitColor="ORANGE" groups="MOTOR_STARTING" />
			<dashboard displayType="EMITTER" node="0>3|0|12|0|11"   baseColor="BLACK" emitColor="GREEN" groups="MOTOR_STARTING" />
			<dashboard displayType="EMITTER" node="0>3|0|12|0|12"   baseColor="BLACK" emitColor="ORANGE" groups="MOTOR_STARTING" />
			<dashboard displayType="EMITTER" node="0>3|0|12|0|13"   baseColor="BLACK" emitColor="ORANGE" groups="MOTOR_STARTING" />
			<dashboard displayType="VISIBILITY" node="0>3|0|11|20|0" groups="MOTOR_STARTING" />
		
        </default>
    </dashboard>
    <ai>
        <collisionTrigger node="aiCollisionTrigger"/>
    </ai>
    <foliageBending>
        <bendingNode minX="-0.95" maxX="0.95" minZ="-0.65" maxZ="1.55" yOffset="0.6"/>
        <bendingNode minX="-0.95" maxX="0.95" minZ="-2.25" maxZ="-0.65" yOffset="0.6"/>
    </foliageBending>
    <baseMaterial>
        <material name="caput" baseNode="0>13|5|0|4">
            <shaderParameter name="colorMat0" value="0.494 0.001 0.002"/>
        </material>
        <material name="cabin_dis" baseNode="0>3|0|11|0">
            <shaderParameter name="colorMat0" value="0.494 0.001 0.002"/>
        </material>
		 <material name="cabin_dis" baseNode="0>3|0|11|0">
            <shaderParameter name="colorMat0" value="0.494 0.001 0.002"/>
        </material>
		
		<material name="rearRim" baseNode="0>0|0|1|0">
            <shaderParameter name="colorMat0" value="0.46 0.47 0.48"/>
        </material>
		<material name="cerceve" baseNode="0>0|0|1|1">
            <shaderParameter name="colorMat0" value="0.46 0.47 0.48"/>
        </material>
		<material name="rimsFont" baseNode="1>0|0|0|0|0|1|0">
            <shaderParameter name="colorMat0" value="0.46 0.47 0.48"/>
        </material>
		<material name="cerceveFont" baseNode="1>0|0|0|0|0|1|1">
            <shaderParameter name="colorMat0" value="0.46 0.47 0.48"/>
        </material>
		<material name="34Rim" baseNode="0>0|1|2|0">
            <shaderParameter name="colorMat0" value="0.46 0.47 0.48"/>
        </material>
    </baseMaterial>
	<designMaterialConfigurations defaultColorIndex="0">
        <designMaterialConfiguration name="STANDARD" color="0.494 0.001 0.002"/>
		<designMaterialConfiguration name="BLACK" color="SHARED_BLACK2" price="300"/>
		<designMaterialConfiguration name="GREY" color="SHARED_GREY4" price="300"/>
		<designMaterialConfiguration name="COMMUNAL" color="1 0.238 0.013" price="300"/>
		<designMaterialConfiguration name="CHROME"  color="SHARED_WHITE2" price="400" material="3"/>
		<designMaterialConfiguration name="GOLD" color="VALTRA_GOLD1" price="500" material="35"/>		
		<designMaterialConfiguration name="SILVER" color="SHARED_GREY1" price="500" material="27"/>
		<designMaterialConfiguration name="BLACK" color="0.01 0.01 0.01" price="500"/>
		<designMaterialConfiguration name="BLACK MAT" color="0.01 0.01 0.0101" price="500" material="27"/>	
        <material name="caput" shaderParameter="colorMat0" />
	    <material name="cabin_dis" shaderParameter="colorMat0" />
    </designMaterialConfigurations>
	
	<baseMaterialConfigurations price="50" useDefaultColors="false" defaultColorIndex="0">
	    <baseMaterialConfiguration name="Tumosan" color="0.46 0.47 0.48" /> 
		<baseMaterialConfiguration name="BLACK" color="SHARED_BLACK2"/>
		<baseMaterialConfiguration name="BLACK MAT" color="0.01 0.01 0.0101" material="27"/>	
		<baseMaterialConfiguration name="RED" color="0.494 0.001 0.002"/>
		<baseMaterialConfiguration name="GREY" color="SHARED_GREY4" price="300"/>
		<baseMaterialConfiguration name="COMMUNAL" color="1 0.238 0.013" price="300"/>
		<baseMaterialConfiguration name="CHROME"  color="SHARED_WHITE2" price="400" material="3"/>
		<baseMaterialConfiguration name="GOLD" color="VALTRA_GOLD1" price="500" material="35"/>		
		<baseMaterialConfiguration name="SILVER" color="SHARED_GREY1" price="500" material="27"/>
		
        <material name="rearRim" shaderParameter="colorMat0" />
		<material name="cerceve" shaderParameter="colorMat0" />
		<material name="rimsFont" shaderParameter="colorMat0" />
		<material name="cerceveFont" shaderParameter="colorMat0" />
		<material name="34Rim" shaderParameter="colorMat0" />
		
    </baseMaterialConfigurations>
	
    
	<wearable wearDuration="900" workMultiplier="5" fieldMultiplier="2"/>
    <washable dirtDuration="90" washDuration="1" workMultiplier="3" fieldMultiplier="2"/>
    <i3dMappings>
        <i3dMapping id="trac1104_main_component1" node="0>"/>
        <i3dMapping id="wheelBackLeft" node="0>0|0"/>
        <i3dMapping id="wheelBackRight" node="0>0|1"/>
        <i3dMapping id="frontAxisComponentJoint" node="0>0|2"/>
        <i3dMapping id="exitPoint" node="0>1"/>
        <i3dMapping id="outdoorCameraTarget" node="0>2|0"/>
        <i3dMapping id="outdoorCamera" node="0>2|0|0"/>
        <i3dMapping id="cameraRaycastNode1" node="0>2|2"/>
        <i3dMapping id="cameraRaycastNode2" node="0>2|3"/>
        <i3dMapping id="cabinSuspension" node="0>3|0"/>
        <i3dMapping id="seatSuspension" node="0>3|0|0"/>
        <i3dMapping id="playerSkin" node="0>3|0|0|0|0"/>
        <i3dMapping id="steeringWheel" node="0>3|0|1|0|0"/>
        <i3dMapping id="playerRightHandTarget" node="0>3|0|1|0|0|0"/>
        <i3dMapping id="playerLeftHandTarget" node="0>3|0|1|0|0|1"/>
        <i3dMapping id="yellowRound_01_01" node="0>3|0|2|0|0"/>
        <i3dMapping id="yellowRound_01_02" node="0>3|0|2|0|1"/>
        <i3dMapping id="workingLightCircle_01_01" node="0>3|0|2|0|2"/>
        <i3dMapping id="workingLightCircle_01_02" node="0>3|0|2|0|3"/>
        <i3dMapping id="frontLightOval_01Right" node="0>3|0|2|0|4"/>
        <i3dMapping id="frontLightOval_01Left" node="0>3|0|2|0|5"/>
        <i3dMapping id="rear2ChamberLight_06Right" node="0>3|0|2|0|6"/>
        <i3dMapping id="rear2ChamberLight_06Left" node="0>3|0|2|0|7"/>
        <i3dMapping id="workingLightOval_01Right01" node="0>3|0|2|0|8"/>
        <i3dMapping id="workingLightOval_01Right02" node="0>3|0|2|0|9"/>
        <i3dMapping id="workingLightOval_01Left01" node="0>3|0|2|0|10"/>
        <i3dMapping id="workingLightOval_01Left02" node="0>3|0|2|0|11"/>
        <i3dMapping id="beaconLight" node="0>3|0|2|1|0"/>
        <i3dMapping id="playerLeftFootTarget" node="0>3|0|5|0"/>
        <i3dMapping id="playerRightFootTarget" node="0>3|0|5|1"/>
        <i3dMapping id="gasPedal" node="0>3|0|6|0"/>
        <i3dMapping id="playerRightFootTargetGasRef" node="0>3|0|6|0|0"/>
        <i3dMapping id="playerRightFootTargetGas" node="0>3|0|6|1"/>
        <i3dMapping id="brakePedal" node="0>3|0|6|2"/>
        <i3dMapping id="playerRightFootTargetBrake" node="0>3|0|6|2|0"/>
        <i3dMapping id="shadowFocusBox" node="0>3|0|8"/>
        <i3dMapping id="frontLightLow" node="0>4|2|0"/>
        <i3dMapping id="highBeamLow" node="0>4|2|1"/>
        <i3dMapping id="frontLightHigh" node="0>4|2|2"/>
        <i3dMapping id="highBeamHigh" node="0>4|2|3"/>
        <i3dMapping id="turnLightRightFront" node="0>4|3|0"/>
        <i3dMapping id="turnLightRightBack" node="0>4|3|0|0"/>
        <i3dMapping id="turnLightLeftFront" node="0>4|3|1"/>
        <i3dMapping id="turnLightLeftBack" node="0>4|3|1|0"/>
        <i3dMapping id="workLightFrontHigh" node="0>4|4|0"/>
        <i3dMapping id="workLightFrontLow" node="0>4|4|1"/>
        <i3dMapping id="workLightBackLow" node="0>4|4|2"/>
        <i3dMapping id="workLightBackHigh" node="0>4|4|3"/>
        <i3dMapping id="backLightsHigh" node="0>4|5|0"/>
        <i3dMapping id="attacherJointBackRot" node="0>5|0|0"/>
        <i3dMapping id="attacherJointBackRot2" node="0>5|0|0|0"/>
        <i3dMapping id="attacherJointBack" node="0>5|0|0|0|0"/>
        <i3dMapping id="attacherJointBackArmBottom" node="0>5|0|1"/>
        <i3dMapping id="attacherJointBackArmBottomLink" node="0>5|0|1|0"/>
        <i3dMapping id="referencePointBackBottom" node="0>5|0|1|0|0"/>
        <i3dMapping id="mainArmRef" node="0>5|0|1|0|1"/>
        <i3dMapping id="bottomLinkLeftRef" node="0>5|0|1|0|1|0"/>
        <i3dMapping id="bottomLinkRightRef" node="0>5|0|1|0|1|1"/>
        <i3dMapping id="attacherJointBackArmTop" node="0>5|0|2"/>
        <i3dMapping id="trailerAttacherNode" node="0>5|1|0"/>
        <i3dMapping id="trailerAttacherJointBack" node="0>5|1|0|0"/>
        <i3dMapping id="trailerLowNode" node="0>5|1|1"/>
        <i3dMapping id="trailerAttacherJointBackLow" node="0>5|1|1|0"/>
        <i3dMapping id="trailerLowSteeringBarLeftRef" node="0>5|1|1|1"/>
        <i3dMapping id="trailerLowSteeringBarRightRef" node="0>5|1|1|2"/>
        <i3dMapping id="trailerAttacherJointFront" node="0>5|1|2"/>
        <i3dMapping id="ptoOutputBack" node="0>5|2|0"/>
        <i3dMapping id="hydraulicIn01" node="0>3|0|14|0"/>
        <i3dMapping id="hydraulicOut01" node="0>3|0|14|1"/>
        <i3dMapping id="hydraulicIn02" node="0>3|0|14|2"/>
        <i3dMapping id="hydraulicOut02" node="0>3|0|14|3"/>
        <i3dMapping id="hydraulicIn03" node="0>3|0|14|4"/>
        <i3dMapping id="hydraulicOut03" node="0>3|0|14|5"/>
        <i3dMapping id="hydraulicIn04" node="0>3|0|14|6"/>
        <i3dMapping id="hydraulicOut04" node="0>3|0|14|7"/>
        <i3dMapping id="airDoubleYellow" node="0>3|0|14|8"/>
        <i3dMapping id="airDoubleOrange" node="0>3|0|14|9"/>
        <i3dMapping id="electricBack" node="0>3|0|14|10"/>
        <i3dMapping id="aiCollisionTrigger" node="0>6|0"/>
        <i3dMapping id="exactFillRootNode" node="0>6|1"/>
        <i3dMapping id="exhaustParticleLinkNode" node="0>7"/>
        <i3dMapping id="mainArmHydraulic" node="0>9|0"/>
        <i3dMapping id="mainArmHydraulicPunch" node="0>9|0|0"/>
        <i3dMapping id="bottomLinkLeft" node="0>9|1"/>
        <i3dMapping id="bottomLinkRight" node="0>9|2"/>
        <i3dMapping id="mainArmRefFrame" node="0>9|3"/>
        <i3dMapping id="mainArm" node="0>9|4"/>
        <i3dMapping id="mainArmHydraulicRef" node="0>9|4|0"/>
        <i3dMapping id="mainArmPart" node="0>9|4|1"/>
        <i3dMapping id="steeringBar" node="1>0|0|0"/>
        <i3dMapping id="steeringBarLeftRef" node="1>0|0|0|0"/>
        <i3dMapping id="steeringBarRightRef" node="1>0|0|0|1"/>
        <i3dMapping id="wheelFrontLeftAxis" node="1>0|1|0"/>
        <i3dMapping id="wheelFrontLeft" node="1>0|1|0|0|0"/>
        <i3dMapping id="fenderFrontLeft" node="1>0|1|0|2"/>
		<i3dMapping id="cylinderLeftDoor" node="0>3|0|11|15|0|0|0|0|0"/>
		<i3dMapping id="punchLeftDoor" node="0>3|0|11|15|0|0|0|0|0|0"/>
		<i3dMapping id="leftDoorRef" node="0>3|0|11|15|3|2"/>
		<i3dMapping id="cylinderLeft" node="0>3|0|11|15|2|0|2|0|0"/>
		<i3dMapping id="punchLeft" node="0>3|0|11|15|2|0|2|0|0|0"/>
		<i3dMapping id="backWindowLeftRef" node="0>3|0|11|15|3|0"/>
		<i3dMapping id="cylinderRight" node="0>3|0|11|15|2|0|3|0|0"/>
		<i3dMapping id="punchRight" node="0>3|0|11|15|2|0|3|0|0|0"/>
		<i3dMapping id="backWindowRightRef" node="0>3|0|11|15|3|1"/>
		<i3dMapping id="cylinderRightDoor" node="0>3|0|11|15|1|0|1|0|0"/>
		<i3dMapping id="punchRightDoor" node="0>3|0|11|15|1|0|1|0|0|0"/>
		<i3dMapping id="rightDoorRef" node="0>3|0|11|15|3|3"/>
		<i3dMapping id="arka_kapi" node="0>3|0|11|15|2|0"/>
		<i3dMapping id="sol_kapi" node="0>3|0|11|15|0|0"/>
		<i3dMapping id="sag_kapi" node="0>3|0|11|15|1|0"/>
		<i3dMapping id="numbersSpeed" node="0>3|0|11|20|1|0" />
        <i3dMapping id="numbersRpm" node="0>3|0|11|20|1|1" />
		<i3dMapping id="numbersFuelUsage1" node="0>3|0|11|20|1|3"/>
		<i3dMapping id="numbersTime" node="0>3|0|11|20|1|4"/>
		<i3dMapping id="numbersCruiseControl" node="0>3|0|11|20|1|5"/>
		<i3dMapping id="indoorCamera" node="0>3|0|0|0|4"/>
			<!-- SimpleIC -->
		<i3dMapping id="playerTrigger" node="0>3|0|11|15|4" />		
		<i3dMapping id="doorLeft_innerNode" node="0>3|0|11|15|0|0|2" />		
		<i3dMapping id="doorLeft_outerNode" node="0>3|0|11|15|0|0|3" />		
		<i3dMapping id="doorRight_innerNode" node="0>3|0|11|15|1|0|2" />		
		<i3dMapping id="doorRight_outerNode" node="0>3|0|11|15|1|0|3" />		
		<i3dMapping id="BackWindow_innerNode" node="0>3|0|11|15|2|0|4" />
        <i3dMapping id="caput_outerNode" node="0>13|5|1" />
        <i3dMapping id="caput_innerNode" node="0>13|5|2" />				
		
    </i3dMappings>
</vehicle>
