<?xml version="1.0" encoding="utf-8" standalone="no" ?>
<wheel xmlns:xsi="http://www.w3.org/2001/XMLSchema-instance" xsi:noNamespaceSchemaLocation="../../../../../../shared/xml/schema/wheel.xsd">
    <brand>LIZARD</brand>
    <name>SKAYER</name>
    <default>
        <physics radius="0.75" width="0.345" mass="0.145" tireType="mud" frictionScale="1.60" maxLongStiffness="8" maxLatStiffness="100" maxLatStiffnessLoad="2" />
        <tire filename="wheels/Skayer/Stomil/Lastikler.i3d" nodeLeft="1|1" nodeRight="1|1" maxDeformation="0.058" isCareWheel="false" tireTrackAtlasIndex="0" />
        <innerRim filename="wheels/Rims/Jant.i3d" nodeLeft="0|4" nodeRight="0|5" offset="" scale="1.03 0.93 0.93"/>
    </default>
</wheel>
