<?xml version="1.0" encoding="utf-8" standalone="no" ?>
<wheel xmlns:xsi="http://www.w3.org/2001/XMLSchema-instance" xsi:noNamespaceSchemaLocation="../../../../../../shared/xml/schema/wheel.xsd">
    <brand>LIZARD</brand>
    <name>SKAYER</name>
    <default>
        <physics radius="0.61" width="0.284" mass="0.093" tireType="mud" frictionScale="1.60" maxLongStiffness="8" maxLatStiffness="100" maxLatStiffnessLoad="2" />
        <tire filename="wheels/Skayer/Stomil/Lastikler.i3d" nodeLeft="0|0" nodeRight="0|0" maxDeformation="0.058" isCareWheel="false" tireTrackAtlasIndex="0" />
        <innerRim filename="wheels/Rims/Jant.i3d" nodeLeft="0|0" nodeRight="0|1" offset="-0.045" scale="1.83 1.7 1.7"/>
    </default>
</wheel>
