<?xml version="1.0" encoding="utf-8" standalone="no"?>
<configuration machineType="bucket" modName="FS22_40TonBucketPack" typeName="balde" xmlName="balde3">
    <terraform>
        <i3d parent="0>" y="0" z="-0.1">
            <node x="0.715" y="0.08" z="1.195" />
            <node x="0.345" y="0.08" z="1.195" />
            <node x="0.0" y="0.08" z="1.195" />
            <node x="-0.345" y="0.08" z="1.195" />
            <node x="-0.715" y="0.08" z="1.195" />
        </i3d>
        <modes>
            <mode>NORMAL</mode>
            <mode>LOWER</mode>
            <mode>FLATTEN</mode>
            <mode>SMOOTH</mode>
        </modes>
    </terraform>
    <collision>
        <i3d parent="0>" y="0" z="0">
            <node x="0.715" y="0.08" z="1.195" />
            <node x="0.345" y="0.08" z="1.195" />
            <node x="0.0" y="0.08" z="1.195" />
            <node x="-0.345" y="0.08" z="1.195" />
            <node x="-0.715" y="0.08" z="1.195" />
        </i3d>
    </collision>
    <paint>
        <i3d parent="0>0|0|1|4" y="0" z="-0.1">
            <node />
        </i3d>
    </paint>
    <discharge>
        <modes>
            <mode>NORMAL</mode>
            <mode>RAISE</mode>
            <mode>FLATTEN</mode>
            <mode>SMOOTH</mode>
            <mode>PAINT</mode>
        </modes>
    </discharge>
</configuration>