<?xml version="1.0" encoding="utf-8" standalone="no"?>
<configuration machineType="bucket" modName="FS22M_Tool_ENGCON_Pack" typeName="shovel" xmlName="deepDigging">
    <terraform>
        <i3d parent="0>" z="0.87">
            <node x="-0.32" />
            <node x="-0.1" />
            <node x="0.1" />
            <node x="0.32" />
        </i3d>
        <modes>
            <mode>NORMAL</mode>
            <mode>LOWER</mode>
            <mode>FLATTEN</mode>
            <mode>SMOOTH</mode>
        </modes>
        <radius>2</radius>
    </terraform>
    <collision>
        <i3d parent="0>" y="-0.15" z="1.0">
            <node x="-0.32" z="-1.2" />
            <node x="-0.32" />
            <node x="-0.1" />
            <node x="0.1" />
            <node x="0.32" />
            <node x="0.32" z="-1.2" />
        </i3d>
    </collision>
    <paint>
        <i3d parent="0>" z="0.8">
            <node />
        </i3d>
        <radius>2.5</radius>
    </paint>
    <discharge>
        <modes>
            <mode>NORMAL</mode>
            <mode>RAISE</mode>
            <mode>FLATTEN</mode>
            <mode>SMOOTH</mode>
            <mode>PAINT</mode>
        </modes>
    </discharge>
</configuration>