﻿<?xml version="1.0" encoding="utf-8" standalone="no" ?>
<sounds xmlns:xsi="http://www.w3.org/2001/XMLSchema-instance" xsi:noNamespaceSchemaLocation="../../../../../shared/xml/schema/vehicle_sounds.xsd">
    <motorized>
        <sounds>
            <motor template="engineMedium" file="$data/vehicles/deutzFahr/series6C/sounds/deutz6C.gls" linkNodeOffset="0 1.8 1.2" pitchScale="1" volumeScale="1.0" >
                <volume outdoor="1.0" indoor="0.65"/>
            </motor>
            <motor template="fanModern_01" linkNodeOffset="0 1.5 2" volumeScale="1.6"/>
            <motor template="cabinTractor_02" linkNodeOffset="0.5 2.5 -0.7"  volumeScale="1.0" pitchScale="1.1"/>
            <motor template="cabinTractor_02" linkNodeOffset="-0.5 2.5 -0.7" volumeScale="1.0" pitchScale="1.0"/>
            <gearbox template="transmissionModern_04" linkNode="wheelBackLeft" pitchScale="0.8"  volumeScale="1.3"/>
            <gearbox template="transmissionModern_04" linkNode="wheelBackRight" pitchScale="1.0" volumeScale="1.3"/>
            <motor template="indoorCabinRumble" volumeScale="6" pitchScale="1.3" linkNodeOffset="0.5 2 0"/>
            <motor template="indoorCabinRumble" volumeScale="6" pitchScale="1.1" linkNodeOffset="-0.5 2 0"/>
            <compressedAir template="compressedAir" volumeScale="1.4"/>
            <airCompressorRun template="brakeCompressorMedium" linkNodeOffset="0 1.7 1.7" volumeScale="2.5"/>
            <airCompressorStop template="compressedAir" volumeScale="1.4"/>
        </sounds>
    </motorized>

    <enterable>
        <sounds>
            <rain template="rainInVehicle" linkNodeOffset="0 1.5 0">
                <loopSynthesisRpm>
                    <modifier type="SPEED" value="0.0" modifiedValue="0.0" />
                    <modifier type="SPEED" value="42.0" modifiedValue="1" />
                </loopSynthesisRpm>
                <volume>
                    <modifier type="SPEED" value="0" modifiedValue="1" />
                    <modifier type="SPEED" value="25" modifiedValue="1" />
                    <modifier type="SPEED" value="42" modifiedValue="1.2" />
                </volume>

                <pitch>
                    <modifier type="SPEED" value="0" modifiedValue="1" />
                    <modifier type="SPEED" value="25" modifiedValue="1" />
                    <modifier type="SPEED" value="42" modifiedValue="1.0" />
                </pitch>
            </rain>
            <hail template="hailInVehicle" linkNodeOffset="0 1.5 0" volumeScale="1.5">
                <loopSynthesisRpm>
                    <modifier type="SPEED" value="0.0" modifiedValue="0.0" />
                    <modifier type="SPEED" value="40.0" modifiedValue="1" />
                </loopSynthesisRpm>
                <volume>
                    <modifier type="SPEED" value="0" modifiedValue="1" />
                    <modifier type="SPEED" value="25" modifiedValue="1" />
                    <modifier type="SPEED" value="40" modifiedValue="1.2" />
                </volume>

                <pitch>
                    <modifier type="SPEED" value="0" modifiedValue="1" />
                    <modifier type="SPEED" value="25" modifiedValue="1" />
                    <modifier type="SPEED" value="40" modifiedValue="1.0" />
                </pitch>
            </hail>
        </sounds>
    </enterable>

    <lights>
        <sounds>
            <toggleLights template="switch01"  />
            <turnLight template="switchTurnlight"  />
        </sounds>
    </lights>

    <attacherJoints>
        <sounds>
            <attach template="attach01" />
            <hydraulic template="hydraulicOpen02" volumeScale="3.5" pitchScale="0.6"/>
        </sounds>
    </attacherJoints>

    <drivable>
        <sounds>
            <waterSplash template="waterSplash01" />
        </sounds>
    </drivable>

    <ai>
        <automaticSteering>
            <sounds>
                <engage template="gpsEngageDeutz"/>
                <disengage template="gpsDisengageDeutz"/>
                <lineEnd template="gpsLineEndDeutz"/>
            </sounds>
        </automaticSteering>
    </ai>

    <honk>
        <sound template="honkDeutz" />
    </honk>
</sounds>