<?xml version="1.0" encoding="utf-8" standalone="no" ?>


<!-- Strobe1         -->

<vehicle>
       <beaconLights>
            <beaconLight node="strobeLens" intensity="50" multiBlink="true">
                <realLight node="realLightStrobe"/>
                <device mode="DOUBLE_BLINK_TRIPLE_WAIT" rpm="100" numLEDScale="1" brightnessScale="1"/>
            </beaconLight>                                                                            
        </beaconLights>

    <i3dMappings>
        <i3dMapping id="realLightStrobe" node="3>0|1" />
        <i3dMapping id="strobeLens" node="3>1" />
    </i3dMappings>

</vehicle>

