<?xml version="1.0" encoding="utf-8" standalone="no" ?>
<wheel xmlns:xsi="http://www.w3.org/2001/XMLSchema-instance" xsi:noNamespaceSchemaLocation="../../../../../../shared/xml/schema/wheel.xsd">
    <brand>VREDESTEIN</brand>
    <name>Traxion 85</name>
    <default>
        <physics radius="0.628" width="0.32" mass="0.147" tireType="mud" frictionScale="1.60" maxLongStiffness="8" maxLatStiffness="100" maxLatStiffnessLoad="2"/>
        <tire filename="$data/shared/wheels/tires/vredestein/traxion85/R28_traxion85.i3d" nodeLeft="1|0" nodeRight="1|0" maxDeformation="0.054" sideDeformOffset="0.973" isCareWheel="false" tireTrackAtlasIndex="0"/>
        <outerRim filename="series5M.i3d" node="0|0|11|4|0" widthAndDiam="11 28" />
        <innerRim filename="series5M.i3d" nodeLeft="0|0|11|4|3|0" nodeRight="0|0|11|4|3|1" scale="1 0.75 0.75" offset="0.065"/>
    </default>
    <configurations>
        <configuration id="dual">
            <innerRim filename="-"/>
        </configuration>
        <configuration id="rim4">
            <innerRim filename="$data/shared/wheels/rims/rim004.i3d" nodeLeft="0|1" nodeRight="0|0"/>
        </configuration>
    </configurations>
</wheel>
