<?xml version="1.0" encoding="utf-8" standalone="no" ?>
<wheel xmlns:xsi="http://www.w3.org/2001/XMLSchema-instance" xsi:noNamespaceSchemaLocation="../../../../../../shared/xml/schema/wheel.xsd">
    <brand>VREDESTEIN</brand>
    <name>Traxion 85</name>
    <default>
        <physics radius="0.84" width="0.42" mass="0.267" tireType="mud" frictionScale="1.60" maxLongStiffness="8" maxLatStiffness="100" maxLatStiffnessLoad="2"/>
        <tire filename="$data/shared/wheels/tires/vredestein/traxion85/R38_traxion85.i3d" nodeLeft="2|0" nodeRight="2|0" maxDeformation="0.071" sideDeformOffset="0.973" isCareWheel="false" tireTrackAtlasIndex="0"/>
        <outerRim filename="series5M.i3d" node="0|0|11|4|0" widthAndDiam="15 38"/>
        <innerRim filename="series5M.i3d" nodeLeft="0|0|11|4|3|2" nodeRight="0|0|11|4|3|3" scale="1 0.87 0.87"/>
    </default>
    <configurations>
        <configuration id="dual">
            <innerRim filename="-"/>
        </configuration>
        <configuration id="weight1">
            <additional filename="$data/shared/wheels/weights/weight001.i3d" nodeLeft="0|0" nodeRight="0|1" offset="0.05" scale="0.45 0.7 0.7" mass="0.6"/>
        </configuration>
        <configuration id="weight3">
            <additional filename="$data/shared/wheels/weights/weight003.i3d" nodeLeft="0|0" nodeRight="0|1" offset="0.05" scale="0.28 0.87 0.87" mass="0.6"/>
        </configuration>
    </configurations>
</wheel>
