<?xml version="1.0" encoding="utf-8" standalone="no" ?>

<universalPassengerVehicles>
    <vehicle xmlFilename="Tumosan9115.xml" modName="FS19_Tumosan_9115v4_cng">
         <passenger>
            <passengerNode position="0.612 1.8 -0.93" rotation="0 -17 0" spineRotation="-90 0 96" customTargets="true">
                <leftFoot position="0.205 -0.602 0.3" rotation="3.724 5.015 -3.724"/>
                <rightFoot position="0.032 -0.602 0.3" rotation="3.724 5.015 3.724"/>
                <rightArm position="0.019 0.074 0.375" rotation="-90.336 117.551 -26.006"/>
                <leftArm position="0.01 0.07 0.35" rotation="-92.572 -123.255 47.217"/>
            </passengerNode>

            <cameras>
                <camera cameraPosition="0 0 11" rotateNodePosition="0 1.297 0.204" rotateNodeRotation="-24 180 0" rotatable="true" limit="true" useWorldXZRotation="true" rotMinX="-1.4" rotMaxX="1" transMin="4" transMax="40">
                    <raycastNode position="0 2.931 -1.408"/>
                    <raycastNode position="0 2.931 0.344"/>
                    <raycastNode position="0 1.658 2.013"/>
                </camera>
                <camera cameraPosition="0.548 2.4 -0.816" cameraRotation="-12 180 0" rotatable="true" limit="true" rotMinX="-1.1" rotMaxX="0.4" transMin="0" transMax="0" useMirror="true" isInside="true"/>
            </cameras>
        </passenger>
    </vehicle>
</universalPassengerVehicles>
