<?xml version="1.0" encoding="utf-8" standalone="no"?>
<modDesc descVersion="72">
    <author>Xande</author>
    <version>1.0.0.0</version>
    <title>
        <en>Erkunt Servet 80</en>
    </title>
    <description>
        <en><![CDATA[
Price: 92000 €
Power: 80 hp
Category: small tractors
The mod has:
-Wheel configurations and rim color
]]></en>
        <de><![CDATA[
Preis: 92000 €
Leistung: 80 PS
Kategorie: kleine Traktoren
Der Mod hat folgende Features:
-Radkonfigurationen und Felgenfarbe
]]></de>
        <pl><![CDATA[
Cena: 92000 €
Moc: 115-125 km
Kategoria: małe traktory
Mod posiada:
-Konfiguracje kół i kolor obręczy
]]></pl>
    </description>

    <iconFilename>icon_Servet.dds</iconFilename>
    <multiplayer supported="true"/>

    <vehicleTypes>	
        <type name="Servet" parent="tractor" className="Vehicle" filename="$dataS/scripts/vehicles/Vehicle.lua">	
            <specialization name="cover" />		
        </type>	
    </vehicleTypes>
	
    <storeItems>
        <storeItem rootNode="vehicle" xmlFilename="shared/Michelin/480_85R34.xml"/>
    </storeItems>

    <brands>
        <brand name="ERKUNT" title="ERKUNT" image="textures/erkunt_brand.dds"/>
    </brands>

    <l10n>
        <text name="configuration_withoutMaskProtection">
            <en>Without mask protection</en>
            <de>Ohne Maskenschutz</de>
            <pl>Bez zabezpieczeń maski</pl>
        </text>
         <text name="Red">
            <en>Red</en>
        </text>
         <text name="White">
            <en>White</en>
        </text>
         <text name="Grey">
            <en>Grey</en>
        </text>
         <text name="Black">
            <en>Black</en>
        </text>
         <text name="Gray">
            <en>Gray</en>
        </text>
        <text name="configuration_fenders">
            <en>Fenders</en>
        </text>
         <text name="configuration_without">
            <en>Without</en>
        </text>
    </l10n>
</modDesc>
