<?xml version="1.0" encoding="utf-8" standalone="no" ?>
<vehicle type="Servet">
    <annotation>Copyright (C) GIANTS Software GmbH, All Rights Reserved.</annotation>
    <storeData>
        <name>            <en>Servet 80</en>
        </name>
        <specs>
            <power>80</power>
            <maxSpeed>40</maxSpeed>
        </specs>
        <functions>
            <function>$l10n_function_tractor</function>
            <function>$l10n_function_tractorFrontloader</function>
        </functions>
        <image>store_Servet.png</image>
        <price>92000</price>
        <lifetime>600</lifetime>
        <rotation>0</rotation>
        <brand>ERKUNT</brand>
        <category>tractorsS</category>
        <shopTranslationOffset>0 -0.13 0</shopTranslationOffset>
        <shopRotationOffset>-1 0 0</shopRotationOffset>
        <vertexBufferMemoryUsage>3304240</vertexBufferMemoryUsage>
        <indexBufferMemoryUsage>599760</indexBufferMemoryUsage>
        <textureMemoryUsage>25168824</textureMemoryUsage>
        <instanceVertexBufferMemoryUsage>0</instanceVertexBufferMemoryUsage>
        <instanceIndexBufferMemoryUsage>0</instanceIndexBufferMemoryUsage>
    </storeData>
    <base>
        <typeDesc>$l10n_typeDesc_tractor</typeDesc>
        <filename>shared/ayna.dds</filename>
        <sounds filename="sounds/series6105.xml" volumeFactor="1.10"/>
        <size width="2.5" length="5" lengthOffset="-0.5"/>
        <components>
            <component centerOfMass="0 0.8 -0.2" solverIterationCount="20" mass="2050"/>
            <component centerOfMass="0 0.0 0" solverIterationCount="20" mass="1200"/>
            <joint component1="1" component2="2" node="frontAxisComponentJoint" rotLimit="0 0 10" rotLimitSpring="0 0 4000" rotLimitDamping="0 0 25" maxRotDriveForce="0 0 10" rotDriveRotation="0 0 0" rotDriveSpring="0 0 15" rotDriveDamping="0 0 10" breakable="false"/>
        </components>
        <schemaOverlay attacherJointPosition="0 0">
            <default name="DEFAULT_VEHICLE"/>
            <turnedOn name="DEFAULT_VEHICLE_ON"/>
            <selected name="DEFAULT_VEHICLE_SELECTED"/>
            <turnedOnSelected name="DEFAULT_VEHICLE_SELECTED_ON"/>
        </schemaOverlay>
    </base>
    <wheels>
        <wheelConfigurations>
            <wheelConfiguration name="$l10n_configuration_valueDefault" price="0" brand="TRELLEBORG">
                <wheels autoRotateBackSpeed="2.2">
                    <wheel filename="shared/Trelleborg/trelleborg_R18.xml" isLeft="true" hasTireTracks="true" hasParticles="true">
                        <physics rotSpeed="1" restLoad="1.4" repr="wheelFrontLeftAxis2wd" driveNode="LeftWheel2wd" forcePointRatio="0.5" initialCompression="25" suspTravel="0.13" spring="40" damper="20"/>
                        <steering node="SteerCylinder" nodeMinTransX="0.065" nodeMaxTransX="-0.065"/>
                    </wheel>
                    <wheel filename="shared/Trelleborg/trelleborg_R18.xml" isLeft="false" hasTireTracks="true" hasParticles="true">
                        <physics rotSpeed="1" restLoad="1.4" repr="wheelFrontRightAxis2wd" driveNode="RightWheel2wd" forcePointRatio="0.5" initialCompression="25" suspTravel="0.13" spring="40" damper="20"/>
                    </wheel>
                    <wheel filename="shared/Trelleborg/420_85R34.xml" isLeft="true" hasTireTracks="true" hasParticles="true">
                        <physics rotSpeed="0" restLoad="0.8" repr="wheelBackLeft" forcePointRatio="0.5" initialCompression="20" suspTravel="0.2" spring="18" damper="20"/>
                    </wheel>
                    <wheel filename="shared/Trelleborg/420_85R34.xml" isLeft="false" hasTireTracks="true" hasParticles="true">
                        <physics rotSpeed="0" restLoad="0.8" repr="wheelBackRight" forcePointRatio="0.5" initialCompression="20" suspTravel="0.2" spring="18" damper="20"/>
                    </wheel>
                    <foliageBendingModifier index="1" minX="-1" maxX="1"/>
                    <foliageBendingModifier index="2" minX="-1.07" maxX="1.07"/>
                </wheels>
            <objectChange node="frontWheels" visibilityActive="false"/>
            <objectChange node="axis_vis" visibilityActive="false"/>
            </wheelConfiguration>
            <wheelConfiguration name="$l10n_configuration_valueWheelWeights" price="500" brand="TRELLEBORG">
                <wheels autoRotateBackSpeed="2.2">
                    <wheel filename="shared/Trelleborg/trelleborg_R18.xml" isLeft="true" hasTireTracks="true" hasParticles="true">
                        <physics rotSpeed="1" restLoad="1.4" repr="wheelFrontLeftAxis2wd" driveNode="LeftWheel2wd" forcePointRatio="0.5" initialCompression="25" suspTravel="0.13" spring="40" damper="20"/>
                        <steering node="SteerCylinder" nodeMinTransX="0.085" nodeMaxTransX="-0.085"/>
                    </wheel>
                    <wheel filename="shared/Trelleborg/trelleborg_R18.xml" isLeft="false" hasTireTracks="true" hasParticles="true">
                        <physics rotSpeed="1" restLoad="1.4" repr="wheelFrontRightAxis2wd" driveNode="RightWheel2wd" forcePointRatio="0.5" initialCompression="25" suspTravel="0.13" spring="40" damper="20"/>
                    </wheel>
                    <wheel filename="shared/Trelleborg/420_85R34.xml" configId="weight1" isLeft="true" hasTireTracks="true" hasParticles="true">
                        <physics rotSpeed="0" restLoad="1.4" repr="wheelBackLeft" forcePointRatio="0.5" initialCompression="20" suspTravel="0.2" spring="18" damper="20"/>
                    </wheel>
                    <wheel filename="shared/Trelleborg/420_85R34.xml" configId="weight1" isLeft="false" hasTireTracks="true" hasParticles="true">
                        <physics rotSpeed="0" restLoad="1.4" repr="wheelBackRight" forcePointRatio="0.5" initialCompression="20" suspTravel="0.2" spring="18" damper="20"/>
                    </wheel>
                    <foliageBendingModifier index="1" minX="-1" maxX="1"/>
                    <foliageBendingModifier index="2" minX="-1.07" maxX="1.07"/>
                </wheels>
            <objectChange node="frontWheels" visibilityActive="false"/>
            <objectChange node="axis_vis" visibilityActive="false"/>
            </wheelConfiguration>
            <wheelConfiguration name="$l10n_configuration_valueDefault" price="0" brand="TRELLEBORG">
                <wheels autoRotateBackSpeed="2.2">
                    <wheel filename="shared/Trelleborg/280_85R24.xml" isLeft="true" hasTireTracks="true" hasParticles="true">
                        <physics rotSpeed="1" restLoad="1.4" repr="wheelFrontLeftAxis" driveNode="wheelFrontLeft" forcePointRatio="0.5" initialCompression="25" suspTravel="0.13" spring="40" damper="20"/>
                        <steering node="steeringBar" nodeMinTransX="0.1" nodeMaxTransX="-0.1"/>
                        <fender node="fenderFrontLeft" rotMax="23"/>
                    </wheel>
                    <wheel filename="shared/Trelleborg/280_85R24.xml" isLeft="false" hasTireTracks="true" hasParticles="true">
                        <physics rotSpeed="1" restLoad="1.4" repr="wheelFrontRightAxis" driveNode="wheelFrontRight" forcePointRatio="0.5" initialCompression="25" suspTravel="0.13" spring="40" damper="20"/>
                        <fender node="fenderFrontRight" rotMin="-23"/>
                    </wheel>
                    <wheel filename="shared/Trelleborg/420_85R34.xml" isLeft="true" hasTireTracks="true" hasParticles="true">
                        <physics rotSpeed="0" restLoad="0.8" repr="wheelBackLeft" forcePointRatio="0.5" initialCompression="20" suspTravel="0.2" spring="18" damper="20"/>
                    </wheel>
                    <wheel filename="shared/Trelleborg/420_85R34.xml" isLeft="false" hasTireTracks="true" hasParticles="true">
                        <physics rotSpeed="0" restLoad="0.8" repr="wheelBackRight" forcePointRatio="0.5" initialCompression="20" suspTravel="0.2" spring="18" damper="20"/>
                    </wheel>
                    <foliageBendingModifier index="1" minX="-1" maxX="1"/>
                    <foliageBendingModifier index="2" minX="-1.07" maxX="1.07"/>
                </wheels>
            <objectChange node="frontAxle2Wd" visibilityActive="false"/>
            </wheelConfiguration>
            <wheelConfiguration name="$l10n_configuration_valueWheelWeights" price="1000" brand="TRELLEBORG">
                <wheels autoRotateBackSpeed="2.2">
                    <wheel filename="shared/Trelleborg/280_85R24.xml" isLeft="true" hasTireTracks="true" hasParticles="true">
                        <physics rotSpeed="1" restLoad="1.4" repr="wheelFrontLeftAxis" driveNode="wheelFrontLeft" forcePointRatio="0.5" initialCompression="25" suspTravel="0.13" spring="40" damper="20"/>
                        <fender node="fenderFrontLeft" rotMax="23"/>
                        <steering node="steeringBar" nodeMinTransX="0.1" nodeMaxTransX="-0.1"/>
                    </wheel>
                    <wheel filename="shared/Trelleborg/280_85R24.xml" isLeft="false" hasTireTracks="true" hasParticles="true">
                        <physics rotSpeed="1" restLoad="1.4" repr="wheelFrontRightAxis" driveNode="wheelFrontRight" forcePointRatio="0.5" initialCompression="25" suspTravel="0.13" spring="40" damper="20"/>
                        <fender node="fenderFrontRight" rotMin="-23"/>
                    </wheel>
                    <wheel filename="shared/Trelleborg/420_85R34.xml" configId="weight1" isLeft="true" hasTireTracks="true" hasParticles="true">
                        <physics rotSpeed="0" restLoad="1.4" repr="wheelBackLeft" forcePointRatio="0.5" initialCompression="20" suspTravel="0.2" spring="18" damper="20"/>
                    </wheel>
                    <wheel filename="shared/Trelleborg/420_85R34.xml" configId="weight1" isLeft="false" hasTireTracks="true" hasParticles="true">
                        <physics rotSpeed="0" restLoad="1.4" repr="wheelBackRight" forcePointRatio="0.5" initialCompression="20" suspTravel="0.2" spring="18" damper="20"/>
                    </wheel>
                    <foliageBendingModifier index="1" minX="-1" maxX="1"/>
                    <foliageBendingModifier index="2" minX="-1.07" maxX="1.07"/>
                </wheels>
            <objectChange node="frontAxle2Wd" visibilityActive="false"/>
            </wheelConfiguration>
            <wheelConfiguration name="$l10n_configuration_valueDefault" price="0" brand="TRELLEBORG">
                <wheels autoRotateBackSpeed="2.2">
                    <wheel filename="shared/Trelleborg/320_85R24.xml" isLeft="true" hasTireTracks="true" hasParticles="true">
                        <physics rotSpeed="1" restLoad="1.4" repr="wheelFrontLeftAxis" driveNode="wheelFrontLeft" forcePointRatio="0.5" initialCompression="25" suspTravel="0.13" spring="40" damper="20"/>
                        <steering node="steeringBar" nodeMinTransX="0.1" nodeMaxTransX="-0.1"/>
                        <fender node="fenderFrontLeft" rotMax="23"/>
                    </wheel>
                    <wheel filename="shared/Trelleborg/320_85R24.xml" isLeft="false" hasTireTracks="true" hasParticles="true">
                        <physics rotSpeed="1" restLoad="1.4" repr="wheelFrontRightAxis" driveNode="wheelFrontRight" forcePointRatio="0.5" initialCompression="25" suspTravel="0.13" spring="40" damper="20"/>
                        <fender node="fenderFrontRight" rotMin="-23"/>
                    </wheel>
                    <wheel filename="shared/Trelleborg/460_85R34.xml" isLeft="true" hasTireTracks="true" hasParticles="true">
                        <physics rotSpeed="0" restLoad="0.8" repr="wheelBackLeft" forcePointRatio="0.5" initialCompression="20" suspTravel="0.2" spring="18" damper="20"/>
                    </wheel>
                    <wheel filename="shared/Trelleborg/460_85R34.xml" isLeft="false" hasTireTracks="true" hasParticles="true">
                        <physics rotSpeed="0" restLoad="0.8" repr="wheelBackRight" forcePointRatio="0.5" initialCompression="20" suspTravel="0.2" spring="18" damper="20"/>
                    </wheel>
                    <foliageBendingModifier index="1" minX="-1" maxX="1"/>
                    <foliageBendingModifier index="2" minX="-1.07" maxX="1.07"/>
                </wheels>
            <objectChange node="fenderFrontRight" scaleActive="1.01 1.01 1.01"/>
            <objectChange node="fenderFrontLeft" scaleActive="1.01 1.01 1.01"/>
            <objectChange node="frontAxle2Wd" visibilityActive="false"/>
            </wheelConfiguration>
            <wheelConfiguration name="$l10n_configuration_valueWheelWeights" price="1000" brand="TRELLEBORG">
                <wheels autoRotateBackSpeed="2.2">
                    <wheel filename="shared/Trelleborg/320_85R24.xml" isLeft="true" hasTireTracks="true" hasParticles="true">
                        <physics rotSpeed="1" restLoad="1.4" repr="wheelFrontLeftAxis" driveNode="wheelFrontLeft" forcePointRatio="0.5" initialCompression="25" suspTravel="0.13" spring="40" damper="20"/>
                        <fender node="fenderFrontLeft" rotMax="23"/>
                        <steering node="steeringBar" nodeMinTransX="0.1" nodeMaxTransX="-0.1"/>
                    </wheel>
                    <wheel filename="shared/Trelleborg/320_85R24.xml" isLeft="false" hasTireTracks="true" hasParticles="true">
                        <physics rotSpeed="1" restLoad="1.4" repr="wheelFrontRightAxis" driveNode="wheelFrontRight" forcePointRatio="0.5" initialCompression="25" suspTravel="0.13" spring="40" damper="20"/>
                        <fender node="fenderFrontRight" rotMin="-23"/>
                    </wheel>
                    <wheel filename="shared/Trelleborg/460_85R34.xml" configId="weight1" isLeft="true" hasTireTracks="true" hasParticles="true">
                        <physics rotSpeed="0" restLoad="1.4" repr="wheelBackLeft" forcePointRatio="0.5" initialCompression="20" suspTravel="0.2" spring="18" damper="20"/>
                    </wheel>
                    <wheel filename="shared/Trelleborg/460_85R34.xml" configId="weight1" isLeft="false" hasTireTracks="true" hasParticles="true">
                        <physics rotSpeed="0" restLoad="1.4" repr="wheelBackRight" forcePointRatio="0.5" initialCompression="20" suspTravel="0.2" spring="18" damper="20"/>
                    </wheel>
                    <foliageBendingModifier index="1" minX="-1" maxX="1"/>
                    <foliageBendingModifier index="2" minX="-1.07" maxX="1.07"/>
                </wheels>
            <objectChange node="fenderFrontRight" scaleActive="1.01 1.01 1.01"/>
            <objectChange node="fenderFrontLeft" scaleActive="1.01 1.01 1.01"/>
            <objectChange node="frontAxle2Wd" visibilityActive="false"/>
            </wheelConfiguration>
            <wheelConfiguration name="$l10n_configuration_valueDefault" price="0" brand="MICHELIN">
                <wheels autoRotateBackSpeed="2.2">
                    <wheel filename="shared/Trelleborg/trelleborg_R18.xml" isLeft="true" hasTireTracks="true" hasParticles="true">
                        <physics rotSpeed="1" restLoad="1.4" repr="wheelFrontLeftAxis2wd" driveNode="LeftWheel2wd" forcePointRatio="0.5" initialCompression="25" suspTravel="0.13" spring="40" damper="20"/>
                        <steering node="SteerCylinder" nodeMinTransX="0.065" nodeMaxTransX="-0.065"/>
                    </wheel>
                    <wheel filename="shared/Trelleborg/trelleborg_R18.xml" isLeft="false" hasTireTracks="true" hasParticles="true">
                        <physics rotSpeed="1" restLoad="1.4" repr="wheelFrontRightAxis2wd" driveNode="RightWheel2wd" forcePointRatio="0.5" initialCompression="25" suspTravel="0.13" spring="40" damper="20"/>
                    </wheel>
                    <wheel filename="shared/Michelin/420_85R34.xml" isLeft="true" hasTireTracks="true" hasParticles="true">
                        <physics rotSpeed="0" restLoad="0.8" repr="wheelBackLeft" forcePointRatio="0.5" initialCompression="20" suspTravel="0.2" spring="18" damper="20"/>
                    </wheel>
                    <wheel filename="shared/Michelin/420_85R34.xml" isLeft="false" hasTireTracks="true" hasParticles="true">
                        <physics rotSpeed="0" restLoad="0.8" repr="wheelBackRight" forcePointRatio="0.5" initialCompression="20" suspTravel="0.2" spring="18" damper="20"/>
                    </wheel>
                    <foliageBendingModifier index="1" minX="-1" maxX="1"/>
                    <foliageBendingModifier index="2" minX="-1.07" maxX="1.07"/>
                </wheels>
            <objectChange node="frontWheels" visibilityActive="false"/>
            <objectChange node="axis_vis" visibilityActive="false"/>
            </wheelConfiguration>
            <wheelConfiguration name="$l10n_configuration_valueDefault" price="0" brand="MICHELIN">
                <wheels autoRotateBackSpeed="2.2">
                    <wheel filename="shared/Trelleborg/trelleborg_R18.xml" isLeft="true" hasTireTracks="true" hasParticles="true">
                        <physics rotSpeed="1" restLoad="1.4" repr="wheelFrontLeftAxis2wd" driveNode="LeftWheel2wd" forcePointRatio="0.5" initialCompression="25" suspTravel="0.13" spring="40" damper="20"/>
                        <steering node="SteerCylinder" nodeMinTransX="0.065" nodeMaxTransX="-0.065"/>
                    </wheel>
                    <wheel filename="shared/Trelleborg/trelleborg_R18.xml" isLeft="false" hasTireTracks="true" hasParticles="true">
                        <physics rotSpeed="1" restLoad="1.4" repr="wheelFrontRightAxis2wd" driveNode="RightWheel2wd" forcePointRatio="0.5" initialCompression="25" suspTravel="0.13" spring="40" damper="20"/>
                    </wheel>
                    <wheel filename="shared/Michelin/420_85R34.xml" configId="weight1" isLeft="true" hasTireTracks="true" hasParticles="true">
                        <physics rotSpeed="0" restLoad="0.8" repr="wheelBackLeft" forcePointRatio="0.5" initialCompression="20" suspTravel="0.2" spring="18" damper="20"/>
                    </wheel>
                    <wheel filename="shared/Michelin/420_85R34.xml" configId="weight1" isLeft="false" hasTireTracks="true" hasParticles="true">
                        <physics rotSpeed="0" restLoad="0.8" repr="wheelBackRight" forcePointRatio="0.5" initialCompression="20" suspTravel="0.2" spring="18" damper="20"/>
                    </wheel>
                    <foliageBendingModifier index="1" minX="-1" maxX="1"/>
                    <foliageBendingModifier index="2" minX="-1.07" maxX="1.07"/>
                </wheels>
            <objectChange node="frontWheels" visibilityActive="false"/>
            <objectChange node="axis_vis" visibilityActive="false"/>
            </wheelConfiguration>
            <wheelConfiguration name="$l10n_configuration_valueDefault" price="0" brand="MICHELIN">
                <wheels autoRotateBackSpeed="2.2">
                    <wheel filename="shared/Michelin/12_4R24.xml" isLeft="true" hasTireTracks="true" hasParticles="true">
                        <physics rotSpeed="1" restLoad="1.4" repr="wheelFrontLeftAxis" driveNode="wheelFrontLeft" forcePointRatio="0.5" initialCompression="25" suspTravel="0.13" spring="40" damper="20"/>
                        <steering node="steeringBar" nodeMinTransX="0.1" nodeMaxTransX="-0.1"/>
                        <fender node="fenderFrontLeft" rotMax="23"/>
                    </wheel>
                    <wheel filename="shared/Michelin/12_4R24.xml" isLeft="false" hasTireTracks="true" hasParticles="true">
                        <physics rotSpeed="1" restLoad="1.4" repr="wheelFrontRightAxis" driveNode="wheelFrontRight" forcePointRatio="0.5" initialCompression="25" suspTravel="0.13" spring="40" damper="20"/>
                        <fender node="fenderFrontRight" rotMin="-23"/>
                    </wheel>
                    <wheel filename="shared/Michelin/420_85R34.xml" isLeft="true" hasTireTracks="true" hasParticles="true">
                        <physics rotSpeed="0" restLoad="0.8" repr="wheelBackLeft" forcePointRatio="0.5" initialCompression="20" suspTravel="0.2" spring="18" damper="20"/>
                    </wheel>
                    <wheel filename="shared/Michelin/420_85R34.xml" isLeft="false" hasTireTracks="true" hasParticles="true">
                        <physics rotSpeed="0" restLoad="0.8" repr="wheelBackRight" forcePointRatio="0.5" initialCompression="20" suspTravel="0.2" spring="18" damper="20"/>
                    </wheel>
                    <foliageBendingModifier index="1" minX="-1" maxX="1"/>
                    <foliageBendingModifier index="2" minX="-1.07" maxX="1.07"/>
                </wheels>
            <objectChange node="fenderFrontRight" scaleActive="1.01 1 1"/>
            <objectChange node="fenderFrontLeft" scaleActive="1.01 1 1"/>
            <objectChange node="frontAxle2Wd" visibilityActive="false"/>
            </wheelConfiguration>
            <wheelConfiguration name="$l10n_configuration_valueWheelWeights" price="1000" brand="MICHELIN">
                <wheels autoRotateBackSpeed="2.2">
                    <wheel filename="shared/Michelin/12_4R24.xml" isLeft="true" hasTireTracks="true" hasParticles="true">
                        <physics rotSpeed="1" restLoad="1.4" repr="wheelFrontLeftAxis" driveNode="wheelFrontLeft" forcePointRatio="0.5" initialCompression="25" suspTravel="0.13" spring="40" damper="20"/>
                        <fender node="fenderFrontLeft" rotMax="23"/>
                        <steering node="steeringBar" nodeMinTransX="0.1" nodeMaxTransX="-0.1"/>
                    </wheel>
                    <wheel filename="shared/Michelin/12_4R24.xml" isLeft="false" hasTireTracks="true" hasParticles="true">
                        <physics rotSpeed="1" restLoad="1.4" repr="wheelFrontRightAxis" driveNode="wheelFrontRight" forcePointRatio="0.5" initialCompression="25" suspTravel="0.13" spring="40" damper="20"/>
                        <fender node="fenderFrontRight" rotMin="-23"/>
                    </wheel>
                    <wheel filename="shared/Michelin/420_85R34.xml" configId="weight1" isLeft="true" hasTireTracks="true" hasParticles="true">
                        <physics rotSpeed="0" restLoad="1.4" repr="wheelBackLeft" forcePointRatio="0.5" initialCompression="20" suspTravel="0.2" spring="18" damper="20"/>
                    </wheel>
                    <wheel filename="shared/Michelin/420_85R34.xml" configId="weight1" isLeft="false" hasTireTracks="true" hasParticles="true">
                        <physics rotSpeed="0" restLoad="1.4" repr="wheelBackRight" forcePointRatio="0.5" initialCompression="20" suspTravel="0.2" spring="18" damper="20"/>
                    </wheel>
                    <foliageBendingModifier index="1" minX="-1" maxX="1"/>
                    <foliageBendingModifier index="2" minX="-1.07" maxX="1.07"/>
                </wheels>
            <objectChange node="fenderFrontRight" scaleActive="1.01 1 1"/>
            <objectChange node="fenderFrontLeft" scaleActive="1.01 1 1"/>
            <objectChange node="frontAxle2Wd" visibilityActive="false"/>
            </wheelConfiguration>

            <wheelConfiguration name="$l10n_configuration_valueWheelNarrow" price="1000" brand="TRELLEBORG">
                <wheels autoRotateBackSpeed="2.2">
                    <wheel filename="$data/shared/wheels/tires/trelleborg/TM100/230_95R32.xml" isLeft="true" hasTireTracks="true" hasParticles="true">
                        <physics rotSpeed="1" restLoad="1.4" repr="wheelFrontLeftAxis" driveNode="wheelFrontLeft" forcePointRatio="0.5" initialCompression="25" suspTravel="0.13" spring="40" damper="20"/>
                        <fender node="fenderFrontLeft" rotMax="23"/>
                        <steering node="steeringBar" nodeMinTransX="0.1" nodeMaxTransX="-0.1"/>
                    </wheel>
                    <wheel filename="$data/shared/wheels/tires/trelleborg/TM100/230_95R32.xml" isLeft="false" hasTireTracks="true" hasParticles="true">
                        <physics rotSpeed="1" restLoad="1.4" repr="wheelFrontRightAxis" driveNode="wheelFrontRight" forcePointRatio="0.5" initialCompression="25" suspTravel="0.13" spring="40" damper="20"/>
                        <fender node="fenderFrontRight" rotMin="-23"/>
                    </wheel>
                    <wheel filename="$data/shared/wheels/tires/trelleborg/TM100/300_95R46.xml" isLeft="true" hasTireTracks="true" hasParticles="true">
                        <physics rotSpeed="0" restLoad="0.8" repr="wheelBackLeft" forcePointRatio="0.5" initialCompression="20" suspTravel="0.2" spring="18" damper="20"/>
                    </wheel>
                    <wheel filename="$data/shared/wheels/tires/trelleborg/TM100/300_95R46.xml" isLeft="false" hasTireTracks="true" hasParticles="true">
                        <physics rotSpeed="0" restLoad="0.8" repr="wheelBackRight" forcePointRatio="0.5" initialCompression="20" suspTravel="0.2" spring="18" damper="20"/>
                    </wheel>
                    <foliageBendingModifier index="1" minX="-1" maxX="1"/>
                </wheels>
            <objectChange node="fenderFrontRight" scaleActive="1.01 1.01 1.01"/>
            <objectChange node="fenderFrontLeft" scaleActive="1.01 1.01 1.01"/>
            <objectChange node="frontAxle2Wd" visibilityActive="false"/>
            </wheelConfiguration>
        </wheelConfigurations>
        <hubs>
            <color0>0.045 0.045 0.045 32</color0>
            <color1>0.95 0.95 0.95 2</color1>
            <hub linkNode="wheelFrontLeft" filename="$data/shared/wheels/hubs/hub_n10_2.xml" isLeft="true" scale="0.18 0.25 0.25"/>
            <hub linkNode="wheelFrontRight" filename="$data/shared/wheels/hubs/hub_n10_2.xml" isLeft="false" scale="0.18 0.25 0.25"/>
            <hub linkNode="wheelBackLeft" filename="$data/shared/wheels/hubs/hub_n10_14.xml" isLeft="true" scale="0.25 0.25 0.25"/>
            <hub linkNode="wheelBackRight" filename="$data/shared/wheels/hubs/hub_n10_14.xml" isLeft="false" scale="0.25 0.25 0.25"/>
        </hubs>
        <ackermannSteeringConfigurations>
            <ackermannSteering rotSpeed="40" rotMax="32" rotCenterWheel1="3" rotCenterWheel2="4"/>
        </ackermannSteeringConfigurations>
    </wheels>


    <speedRotatingParts>
        <speedRotatingPart node="driveShaft" wheelIndex="1" wheelScale="3"/>
    </speedRotatingParts>

    <lights>
        <sharedLight linkNode="yellowRound_01_01" node="0" filename="$data/shared/assets/reflectors/lizard/yellowRound_01.xml"/>
        <sharedLight linkNode="yellowRound_01_02" node="0" filename="$data/shared/assets/reflectors/lizard/yellowRound_01.xml"/>
        <sharedLight linkNode="redRound_01_01" node="0" filename="$data/shared/assets/reflectors/lizard/redRound_01.xml"/>
        <sharedLight linkNode="redRound_01_02" node="0" filename="$data/shared/assets/reflectors/lizard/redRound_01.xml"/>
        <sharedLight linkNode="workingLightCircle_01_01" node="0" lightTypes="2" filename="$data/shared/assets/lights/lizard/workingLight01.xml"/>
        <sharedLight linkNode="workingLightCircle_01_02" node="0" lightTypes="2" filename="$data/shared/assets/lights/lizard/workingLight01.xml"/>
        <sharedLight linkNode="frontLightOval_01Right" node="0" lightTypes="0 3" filename="$data/shared/assets/lights/lizard/frontLight03_right.xml"/>
        <sharedLight linkNode="frontLightOval_01Left" node="0" lightTypes="0 3" filename="$data/shared/assets/lights/lizard/frontLight03_left.xml"/>
        <sharedLight linkNode="rear2ChamberLight_06Right" node="0" filename="$data/shared/assets/lights/lizard/rearLight06_right.xml"/>
        <sharedLight linkNode="rear2ChamberLight_06Left" node="0" filename="$data/shared/assets/lights/lizard/rearLight06_left.xml"/>
        <sharedLight linkNode="workingLightOval_01Right01" node="0" lightTypes="1" filename="$data/shared/assets/lights/lizard/workingLight06.xml"/>
        <sharedLight linkNode="workingLightOval_01Right02" node="0" lightTypes="2" filename="$data/shared/assets/lights/lizard/workingLight06.xml"/>
        <sharedLight linkNode="workingLightOval_01Left01" node="0" lightTypes="1" filename="$data/shared/assets/lights/lizard/workingLight06.xml"/>
        <sharedLight linkNode="workingLightOval_01Left02" node="0" lightTypes="2" filename="$data/shared/assets/lights/lizard/workingLight06.xml"/>
        <states>
            <state lightTypes="0"/>
            <state lightTypes="0 1"/>
            <state lightTypes="0 1 2"/>
        </states>
        <realLights>
            <low>
                <light node="frontLightLow" lightTypes="0" excludedLightTypes="2 3"/>
                <light node="workLightBackLow" lightTypes="1"/>
                <light node="workLightFrontLow" lightTypes="2"/>
                <light node="highBeamLow" lightTypes="3"/>
            </low>
            <high>
                <light node="frontLightHigh" lightTypes="0" excludedLightTypes="2 3"/>
                <light node="workLightBackHigh" lightTypes="1"/>
                <light node="workLightFrontHigh" lightTypes="2"/>
                <light node="highBeamHigh" lightTypes="3"/>
                <light node="backLightsHigh" lightTypes="0"/>
                <brakeLight node="backLightsHigh"/>
                <turnLightLeft node="turnLightLeftFront"/>
                <turnLightRight node="turnLightRightFront"/>
                <interiorLight node="interiorScreenLight"/>
            </high>
        </realLights>
        <defaultLights>
            <defaultLight shaderNode="lights_interior" lightTypes="0 3"/>
        </defaultLights>
        <beaconLights>
            <beaconLight node="beaconLight01" filename="$data/shared/assets/beaconLights/lizard/beaconLight02.xml"/>
            <beaconLight node="beaconLight02" filename="$data/shared/assets/beaconLights/lizard/beaconLight02.xml"/>
        </beaconLights>
        <dashboards>
            <dashboard displayType="EMITTER" valueType="lightState" node="cabinDecalLight" intensity="0.03" lightTypes="0" groups="MOTOR_ACTIVE"/>
            <dashboard displayType="EMITTER" valueType="lightState" node="decal_console" intensity="0.5" lightTypes="0" groups="MOTOR_ACTIVE"/>
            <dashboard displayType="EMITTER" valueType="lightState" node="decalStickerLight" lightTypes="0" baseColor="GREY" emitColor="GREY" groups="MOTOR_ACTIVE"/>
            <dashboard displayType="EMITTER" valueType="lightState" node="decalStickerWorklight" lightTypes="1 2" baseColor="GREY" emitColor="GREY" groups="MOTOR_ACTIVE"/>
            <dashboard displayType="EMITTER" valueType="turnLightHazard" node="decalStickerHazardlight" baseColor="GREY" emitColor="RED" intensity="4" groups="MOTOR_ACTIVE"/>
            <dashboard displayType="emitter" valueType="turnLightLeft" node="decalStickerTurnLeft" baseColor="GREY" emitColor="GREEN" groups="MOTOR_ACTIVE"/>
            <dashboard displayType="EMITTER" valueType="turnLightRight" node="decalStickerTurnRight" baseColor="GREY" emitColor="GREEN" groups="MOTOR_ACTIVE"/>
        </dashboards>
    </lights>

    <attacherJoints comboDuration="0">
        <attacherJoint node="attacherJointBack" lowerRotationOffset="-1.5" upperRotationOffset="-1.5" moveTime="2.5" comboTime="1">
            <distanceToGround lower="0.36" upper="1.07"/>
            <rotationNode node="attacherJointBackRot" lowerRotation="-11 0 0" upperRotation="30 0 0"/>
            <rotationNode2 node="attacherJointBackRot2"/>
            <bottomArm rotationNode="attacherJointBackArmBottom" translationNode="attacherJointBackArmBottomLink" referenceNode="referencePointBackBottom" zScale="-1" startRotation="-10 0 0"/>
            <topArm baseNode="attacherJointBackArmTop" filename="$data/shared/assets/upperLinks/walterscheid03.i3d" zScale="-1" color="SHARED_GREY5"/>
            <schema position="1 0" rotation="0" invertX="false"/>
            <objectChange node="trailerAttacherNode" visibilityActive="false" visibilityInactive="true"/>
            <objectChange node="trailerLowNode" visibilityActive="false" visibilityInactive="true"/>
        </attacherJoint>
        <attacherJoint node="trailerAttacherJointBack" jointType="trailer" lowerRotLimit="10 50 50" upperRotRotationOffset="0" allowsJointLimitMovement="false" comboTime="1">
            <distanceToGround lower="0.44" upper="1.02"/>
            <transNode node="trailerAttacherNode" minY="0.367" maxY="0.947" height="0.3"/>
            <schema position="1 0" rotation="0" invertX="false"/>
            <objectChange node="trailerLowNode" visibilityActive="false" visibilityInactive="true"/>
        </attacherJoint>
        <attacherJoint node="trailerAttacherJointBackLow" jointType="trailerLow" lowerRotLimit="10 50 50" lowerTransLimit="0 0 0" upperRotRotationOffset="0" allowsJointLimitMovement="false" comboTime="1">
            <distanceToGround lower="0.44" upper="0.96"/>
            <transNode node="trailerLowNode" minY="0.37" maxY="0.89" height="0.2"/>
            <schema position="1 0" rotation="0" invertX="false"/>
            <objectChange node="attacherJointBackArmBottom" rotationActive="30 0 0" rotationInactive="-17 0 0"/>
            <objectChange node="trailerAttacherNode" visibilityActive="false" visibilityInactive="true"/>
            <steeringBars leftNode="trailerLowSteeringBarLeftRef" rightNode="trailerLowSteeringBarRightRef"/>
        </attacherJoint>
        <attacherJoint node="trailerAttacherJointFront" jointType="trailer" lowerRotLimit="10 50 50" lowerTransLimit="0 0 0" upperRotRotationOffset="0" allowsJointLimitMovement="false" comboTime="0">
            <schema position="1 0" rotation="0" invertX="true"/>
        </attacherJoint>
    </attacherJoints>

    <powerTakeOffs>
        <output attacherJointIndices="1 2 3" outputNode="ptoOutputBack"/>
    </powerTakeOffs>

    <connectionHoses>
        <target attacherJointIndices="1 2 3" type="hydraulicIn" node="hydraulicIn01"/>
        <target attacherJointIndices="1 2 3" type="hydraulicOut" node="hydraulicOut01"/>
        <target attacherJointIndices="1 2 3" type="hydraulicIn" node="hydraulicIn02"/>
        <target attacherJointIndices="1 2 3" type="hydraulicOut" node="hydraulicOut02"/>
        <target attacherJointIndices="1 2 3" type="hydraulicIn" node="hydraulicIn03"/>
        <target attacherJointIndices="1 2 3" type="hydraulicOut" node="hydraulicOut03"/>
        <target attacherJointIndices="1 2 3" type="hydraulicIn" node="hydraulicIn04"/>
        <target attacherJointIndices="1 2 3" type="hydraulicOut" node="hydraulicOut04"/>
        <target attacherJointIndices="1 2 3" type="airDoubleRed" node="airDoubleOrange" socket="air_red"/>
        <target attacherJointIndices="1 2 3" type="airDoubleYellow" node="airDoubleYellow" socket="air_yellow"/>
        <target attacherJointIndices="1 2 3" type="electric" node="electricBack" socket="electric"/>
    </connectionHoses>

    <frontloaderConfigurations>
        <frontloaderConfiguration name="Default" price="0">
            <objectChange node="frontloaderAttacherBlock" visibilityActive="false"/>
        </frontloaderConfiguration>
        <frontloaderConfiguration name="Attacher Joint" price="1500">
            <objectChange node="frontloaderAttacherBlock" visibilityActive="true" visibilityInactive="false"/>
            <objectChange node="frontloaderBlock" visibilityActive="true" visibilityInactive="false"/>
            <attacherJoint node="frontloaderAttacherJoint" jointType="attachableFrontloader" lowerTransLimit="0 0 0" lowerRotLimit="0 0 0" moveTime="2">
                <schema position="1 0.4" rotation="0" invertX="true"/>
            </attacherJoint>
        </frontloaderConfiguration>
    </frontloaderConfigurations>

    <enterable isTabbable="true">
        <enterReferenceNode node="trac1104_main_component1"/>
        <exitPoint node="exitPoint"/>
        <cameras>
            <camera node="outdoorCamera" rotatable="true" rotateNode="outdoorCameraTarget" limit="true" useWorldXZRotation="true" rotMinX="-1.4" rotMaxX="1" transMin="4" transMax="40" translation="0 0 5" rotation="-20 180 0">
                <raycastNode node="cameraRaycastNode1"/>
                <raycastNode node="cameraRaycastNode2"/>
            </camera>
            <camera node="indoorCamera" rotatable="true" limit="true" rotMinX="-1.1" rotMaxX="0.4" transMin="0" transMax="0" useMirror="true" isInside="true" shadowFocusBox="shadowFocusBox"/>
        </cameras>
        <characterNode node="playerSkin" cameraMinDistance="1.5" spineRotation="-90 0 90">
            <target ikChain="leftFoot" targetNode="playerLeftFootTarget"/>
            <target ikChain="rightFoot" targetNode="playerRightFootTarget"/>
            <target ikChain="leftArm" targetNode="playerLeftHandTarget"/>
            <target ikChain="rightArm" targetNode="playerRightHandTarget"/>
        </characterNode>
        <characterTargetNodeModifier node="playerRightFootTarget" transitionTime="0.1">
            <state node="playerRightFootTargetGas" referenceNode="gasPedal" directionReferenceNode="playerRightFootTargetGasRef"/>
            <state node="playerRightFootTargetBrake" referenceNode="brakePedal"/>
        </characterTargetNodeModifier>

        <mirrors>
            <mirror node="mirrorRight" prio="1"/>
            <mirror node="mirrorLeft" prio="1"/>
            <mirror node="mirrorInterior" prio="2"/>
        </mirrors>

        <dashboards>
            <dashboard displayType="NUMBER" valueType="operatingTime" numbers="numbersOperatingTime" precision="1" groups="MOTOR_ACTIVE"/>
        </dashboards>
    </enterable>

    <motorized>
        <consumerConfigurations>
            <consumerConfiguration>
                <consumer fillUnitIndex="1" usage="33" fillType="diesel"/>
                <!-- usage is per hour at max load and max rpm -->
                <consumer fillUnitIndex="2" usage="200" fillType="air" permanentConsumption="false" refillLitersPerSecond="250" refillCapacityPercentage="0.5"/>
                <!-- usage per second at full brake power -->
            </consumerConfiguration>
        </consumerConfigurations>
        <differentialConfigurations>
            <differentialConfiguration>
                <differentials>
                    <differential torqueRatio="0.5" maxSpeedRatio="1.8" wheelIndex1="1" wheelIndex2="2"/>
                    <!-- front left-right -->
                    <differential torqueRatio="0.5" maxSpeedRatio="1.8" wheelIndex1="3" wheelIndex2="4"/>
                    <!-- back left-right -->
                    <differential torqueRatio="0.5" maxSpeedRatio="1.8" differentialIndex1="1" differentialIndex2="2"/>
                    <!-- front-back -->
                </differentials>
            </differentialConfiguration>
        </differentialConfigurations>

        <motorConfigurations>
            <motorConfiguration name="Servet" hp="80" price="0">
                <motor torqueScale="0.422" minRpm="850" maxRpm="2200" maxForwardSpeed="43" maxBackwardSpeed="22" brakeForce="4" lowBrakeForceScale="0.22">
                    <torque normRpm="0.45" torque="0.9"/>
                    <torque normRpm="0.5" torque="0.97"/>
                    <torque normRpm="0.59" torque="1"/>
                    <torque normRpm="0.72" torque="1"/>
                    <torque normRpm="0.86" torque="0.88"/>
                    <torque normRpm="1" torque="0.72"/>
                </motor>
                <transmission minForwardGearRatio="19.2" maxForwardGearRatio="300" minBackwardGearRatio="57" maxBackwardGearRatio="300"/>
            </motorConfiguration>
        </motorConfigurations>

        <exhaustEffects>
            <exhaustEffect node="exhaustParticleLinkNode" filename="$data/particleSystems/shared/exhaust.i3d" minRpmColor="0.9 0.9 0.9 0.1" maxRpmColor="0.9 0.9 0.9 0.4" minRpmScale="0.05" maxRpmScale="0.5" xzRotationsOffset="-180 0" xzRotationsForward="0 300" xzRotationsBackward="150 0" xzRotationsLeft="20 80" xzRotationsRight="40 -200"/>
        </exhaustEffects>

        <motorStartDuration>3000</motorStartDuration>

        <animationNodes>
            <animationNode node="airFilterCleaner" rotSpeed="400" rotAxis="2" turnOnFadeTime="2" turnOffFadeTime="4"/>
        </animationNodes>

        <dashboards>
            <dashboard displayType="ANIMATION" valueType="rpm" animName="rpmNeedle" minValueAnim="0" maxValueAnim="3000" groups="MOTOR_ACTIVE"/>
            <dashboard displayType="ANIMATION" valueType="motorTemperature" animName="temperatureNeedle" minValueAnim="40" maxValueAnim="120" doInterpolation="true" interpolationSpeed="0.3" groups="MOTOR_ACTIVE"/>
        </dashboards>
    </motorized>

    <drivable>
        <steeringWheel node="steeringWheel" indoorRotation="540" outdoorRotation="50"/>
        <dashboards>
            <dashboard displayType="ROT" valueType="accelerationAxis" node="gasPedal" minRot="0 0 0" maxRot="-10 0 0" doInterpolation="true" groups="MOTOR_ACTIVE"/>
            <dashboard displayType="ROT" valueType="decelerationAxis" node="brakePedal" minRot="0 0 0" maxRot="-11 0 0" doInterpolation="true" groups="MOTOR_ACTIVE"/>
        </dashboards>
    </drivable>

    <animations>
        <animation name="wiperFrontAnimation">
            <part node="frontWiperRot" startTime="0.0" endTime="0.35" startRot="-8 0 0" endRot="-10 0 0"/>
            <part node="frontWiperRot" startTime="0.35" endTime="0.7" startRot="-10 0 0" endRot="-8 0 0"/>
            <part node="frontWiper" startTime="0.0" endTime="0.7" startRot="0 0 0" endRot="0 0 95"/>
        </animation>
        <animation name="wiperBackAnimation">
            <part node="rearWiper" startTime="0.0" endTime="0.5" startRot="0 0 0" endRot="0 0 -60"/>
        </animation>
        <animation name="rpmNeedle">
            <part node="indoorHudRPMNeedle" startTime="0.0" endTime="1.0" startRot="0 0 0" endRot="0 0 215"/>
        </animation>
        <animation name="temperatureNeedle">
            <part node="indoorHudTemperatureNeedle" startTime="0.0" endTime="1.0" startRot="0 0 0" endRot="0 0 90"/>
        </animation>
        <animation name="fuelNeedle">
            <part node="indoorHudFuelNeedle" startTime="0.0" endTime="1.0" startRot="0 0 0" endRot="0 0 93"/>
        </animation>
    </animations>

    <cylindered>
        <movingTools>
            <movingTool node="attacherJointBackArmBottom">
                <dependentPart node="mainArm"/>
            </movingTool>
        </movingTools>
        <movingParts>
            <movingPart node="steeringBarRight" referencePoint="steeringBarRightRef" referenceFrame="steeringBarRightRef" scaleZ="true" isActiveDirty="true"/>
            <movingPart node="steeringBarLeft" referencePoint="steeringBarLeftRef" referenceFrame="steeringBarLeftRef" scaleZ="true" isActiveDirty="true"/>
            <movingPart node="mainArm" referencePoint="mainArmRef" localReferencePoint="mainArmPart" referenceFrame="attacherJointBackRot">
                <dependentPart node="mainArmPart"/>
            </movingPart>
            <movingPart node="mainArmPart" referencePoint="mainArmRef" referenceFrame="mainArmRef">
                <dependentPart node="mainArmHydraulic"/>
                <dependentPart node="bottomLinkLeft"/>
                <dependentPart node="bottomLinkRight"/>
            </movingPart>
            <movingPart node="mainArmHydraulic" referencePoint="mainArmHydraulicRef" referenceFrame="mainArmHydraulicRef">
                <translatingPart node="mainArmHydraulicPunch"/>
            </movingPart>
            <movingPart node="bottomLinkLeft" referencePoint="bottomLinkLeftRef" referenceFrame="bottomLinkLeftRef"/>
            <movingPart node="bottomLinkRight" referencePoint="bottomLinkRightRef" referenceFrame="bottomLinkRightRef"/>
        </movingParts>
    </cylindered>

        <licensePlates>
        <licensePlate node="0>3|0|10"  position="BACK"  preferedType="ELONGATED" placementArea="0.08 0.27 0.06 0.27"/>
    </licensePlates>

    <wipers>
        <wiper animName="wiperFrontAnimation">
            <state animSpeed="1.0" animPause="2.0"/>
            <state animSpeed="1.0" animPause="1.0"/>
            <state animSpeed="1.0" animPause="0.0"/>
            <state animSpeed="1.5" animPause="0.0"/>
        </wiper>
        <wiper animName="wiperBackAnimation">
            <state animSpeed="1.0" animPause="2.0"/>
            <state animSpeed="1.0" animPause="1.0"/>
            <state animSpeed="1.0" animPause="0.0"/>
            <state animSpeed="1.5" animPause="0.0"/>
        </wiper>
    </wipers>

    <suspensions>
        <suspension node="cabinSuspension" weight="400" minRotation="-5 0 -5" maxRotation="5 0 5" suspensionParametersX="200 17" suspensionParametersZ="200 17"/>
        <suspension node="seatSuspension" weight="150" minTranslation="-0.05 -0.15 0.0" maxTranslation="0.05 0.15 0.0" suspensionParametersX="20 4" suspensionParametersY="5 1" suspensionParametersZ="20 4"/>
        <suspension useCharacterTorso="true" weight="90" minRotation="0 -5 -5" maxRotation="0 5 5" suspensionParametersY="7 1" suspensionParametersZ="7 1"/>
    </suspensions>

    <fillUnit>
        <fillUnitConfigurations>
            <fillUnitConfiguration>
                <fillUnits>
                    <fillUnit unit="$l10n_unit_literShort" showOnHud="false" showInShop="false" fillTypes="diesel" capacity="100">
                        <dashboard displayType="ANIMATION" valueType="fillLevel" animName="fuelNeedle" doInterpolation="true" interpolationSpeed="0.3" groups="MOTOR_ACTIVE"/>
                    </fillUnit>
                    <fillUnit unit="$l10n_unit_literShort" showOnHud="false" showInShop="false" fillTypes="air" capacity="2000"/>
                </fillUnits>
            </fillUnitConfiguration>
        </fillUnitConfigurations>
    </fillUnit>

    <dashboard>
        <groups>
            <group name="MOTOR_STARTING" isMotorStarting="true"/>
            <group name="MOTOR_ACTIVE" isMotorStarting="true" isMotorRunning="true"/>
        </groups>
        <default>
            <dashboard displayType="EMITTER" node="decalStickerAny" baseColor="GREY" emitColor="RED" groups="MOTOR_STARTING"/>
            <dashboard displayType="VISIBILITY" node="dashboard_lightupdecal" groups="MOTOR_ACTIVE"/>
            <dashboard displayType="VISIBILITY" node="dashboard_decalSticker" groups="MOTOR_ACTIVE"/>
        </default>
    </dashboard>

    <ai>
        <collisionTrigger node="aiCollisionTrigger"/>
    </ai>

    <foliageBending>
        <bendingNode minX="-0.95" maxX="0.95" minZ="-0.65" maxZ="1.55" yOffset="0.6"/>
        <bendingNode minX="-0.95" maxX="0.95" minZ="-2.25" maxZ="-0.65" yOffset="0.6"/>
    </foliageBending>

    <rimColorConfigurations useDefaultColors="false">
        <rimColorConfiguration name="$l10n_Red" color="0.494 0.001 0.002 32" price="300"/>
        <rimColorConfiguration name="$l10n_White" color="0.45 0.45 0.45 32" price="300"/>
        <rimColorConfiguration name="$l10n_Grey" color="0.27 0.27 0.285 32" price="300"/>
        <rimColorConfiguration name="$l10n_Black" color="0.045 0.045 0.045 32" price="300"/>
    </rimColorConfigurations>

    <baseMaterial>
        <material name="ursusC3130_mat" baseNode="erkunt_vis">
            <shaderParameter name="colorMat0" value="0.494 0.001 0.002"/>
            <shaderParameter name="colorMat2" value="0.025 0.025 0.025"/>
        </material>
        <material name="cabpart_1" baseNode="cabin_part1">
            <shaderParameter name="colorMat0" value="0.494 0.001 0.002"/>
        </material>
        <material name="rearHitch_mat" baseNode="rearHitchBase">
            <shaderParameter name="colorMat0" value="0.025 0.025 0.025"/>
        </material>
        <material name="stollFrontLoaderFZ_mat" baseNode="frontloaderAttacherBlock">
            <shaderParameter name="colorMat0" value="0.025 0.025 0.025"/>
        </material>
    </baseMaterial>


     <baseMaterialConfigurations price="500" useDefaultColors="true" defaultColorIndex="0">
        <baseMaterialConfiguration name="$l10n_Red" color="0.494 0.001 0.002" price="0"/>
        <baseMaterialConfiguration name="$l10n_White" color="0.45 0.45 0.45 32" price="0"/>
        <baseMaterialConfiguration name="$l10n_Black" color="0.045 0.045 0.045 32" price="0"/>
        <baseMaterialConfiguration name="$l10n_Grey" color="0.27 0.27 0.285 32" price="0"/>
        <material name="ursusC3130_mat" shaderParameter="colorMat0" />
        <material name="cabpart_1" shaderParameter="colorMat0" />
    </baseMaterialConfigurations>

    <cover>
        <coverConfigurations title="$l10n_configuration_fenders">
            <coverConfiguration name="$l10n_configuration_valueDefault" price="500" >
				<objectChange node="1>0|1|0|2" visibilityActive="true" />
				<objectChange node="1>0|2|0|2" visibilityActive="true" />

            </coverConfiguration>
            <coverConfiguration name="$l10n_configuration_without" price="0" >
				<objectChange node="1>0|1|0|2" visibilityActive="false" />
				<objectChange node="1>0|2|0|2" visibilityActive="false" />
            </coverConfiguration>			
        </coverConfigurations>
    </cover>

    <wearable wearDuration="480" workMultiplier="5" fieldMultiplier="2"/>
    <washable dirtDuration="90" washDuration="1" workMultiplier="3" fieldMultiplier="2"/>

    <i3dMappings>
        <i3dMapping id="trac1104_main_component1" node="0>"/>
        <i3dMapping id="wheelBackLeft" node="0>0|0"/>
        <i3dMapping id="wheelBackRight" node="0>0|1"/>
        <i3dMapping id="frontAxisComponentJoint" node="0>0|2"/>
        <i3dMapping id="exitPoint" node="0>1"/>
        <i3dMapping id="outdoorCameraTarget" node="0>2|0"/>
        <i3dMapping id="outdoorCamera" node="0>2|0|0"/>
        <i3dMapping id="indoorCamera" node="0>2|1"/>
        <i3dMapping id="cameraRaycastNode1" node="0>2|2"/>
        <i3dMapping id="cameraRaycastNode2" node="0>2|3"/>
        <i3dMapping id="cabinSuspension" node="0>3|0"/>
        <i3dMapping id="seatSuspension" node="0>3|0|0"/>
        <i3dMapping id="playerSkin" node="0>3|0|0|0|0"/>
        <i3dMapping id="steeringWheel" node="0>3|0|1|0|0"/>
        <i3dMapping id="playerRightHandTarget" node="0>3|0|1|0|0|0"/>
        <i3dMapping id="playerLeftHandTarget" node="0>3|0|1|0|0|1"/>
        <i3dMapping id="yellowRound_01_01" node="0>3|0|2|0|0"/>
        <i3dMapping id="yellowRound_01_02" node="0>3|0|2|0|1"/>
        <i3dMapping id="workingLightCircle_01_01" node="0>3|0|2|0|2"/>
        <i3dMapping id="workingLightCircle_01_02" node="0>3|0|2|0|3"/>
        <i3dMapping id="frontLightOval_01Right" node="0>3|0|2|0|4"/>
        <i3dMapping id="frontLightOval_01Left" node="0>3|0|2|0|5"/>
        <i3dMapping id="rear2ChamberLight_06Right" node="0>3|0|2|0|6"/>
        <i3dMapping id="rear2ChamberLight_06Left" node="0>3|0|2|0|7"/>
        <i3dMapping id="workingLightOval_01Right01" node="0>3|0|2|0|8"/>
        <i3dMapping id="workingLightOval_01Right02" node="0>3|0|2|0|9"/>
        <i3dMapping id="workingLightOval_01Left01" node="0>3|0|2|0|10"/>
        <i3dMapping id="workingLightOval_01Left02" node="0>3|0|2|0|11"/>
        <i3dMapping id="beaconLight01" node="0>3|0|2|1|0|0"/>
        <i3dMapping id="beaconLight02" node="0>3|0|2|1|1|0"/>
        <i3dMapping id="mirrorInterior" node="0>3|0|3|0"/>
        <i3dMapping id="mirrorRight" node="0>3|0|3|1"/>
        <i3dMapping id="mirrorLeft" node="0>3|0|3|2"/>
        <i3dMapping id="frontWiperRot" node="0>3|0|4|0"/>
        <i3dMapping id="frontWiper" node="0>3|0|4|0|0"/>
        <i3dMapping id="rearWiperRot" node="0>3|0|4|1"/>
        <i3dMapping id="rearWiper" node="0>3|0|4|1|0"/>
        <i3dMapping id="playerLeftFootTarget" node="0>3|0|5|0"/>
        <i3dMapping id="playerRightFootTarget" node="0>3|0|5|1"/>
        <i3dMapping id="gasPedal" node="0>3|0|6|0"/>
        <i3dMapping id="playerRightFootTargetGasRef" node="0>3|0|6|0|0"/>
        <i3dMapping id="playerRightFootTargetGas" node="0>3|0|6|1"/>
        <i3dMapping id="brakePedal" node="0>3|0|6|2"/>
        <i3dMapping id="playerRightFootTargetBrake" node="0>3|0|6|2|0"/>
        <i3dMapping id="indoorHudTemperatureNeedle" node="0>3|0|7|0|0"/>
        <i3dMapping id="indoorHudRPMNeedle" node="0>3|0|7|1|0"/>
        <i3dMapping id="indoorHudFuelNeedle" node="0>3|0|7|2|0"/>
        <i3dMapping id="numbersOperatingTime" node="0>3|0|7|3"/>
        <i3dMapping id="shadowFocusBox" node="0>3|0|8"/>
        <i3dMapping id="interiorScreenLight" node="0>3|0|9|7|0"/>
        <i3dMapping id="decalStickerLight" node="0>3|0|9|7|2"/>
        <i3dMapping id="decalStickerWorklight" node="0>3|0|9|7|3"/>
        <i3dMapping id="decalStickerHazardlight" node="0>3|0|9|7|4"/>
        <i3dMapping id="decalStickerTurnRight" node="0>3|0|9|7|5"/>
        <i3dMapping id="decalStickerTurnLeft" node="0>3|0|9|7|6"/>
        <i3dMapping id="decalStickerAny" node="0>3|0|9|7|7"/>
        <i3dMapping id="dashboard_decalSticker" node="0>3|0|9|7|8"/>
        <i3dMapping id="dashboard_lightupdecal" node="0>3|0|9|7|9"/>
        <i3dMapping id="cabinDecalLight" node="0>3|0|9|7|10"/>
        <i3dMapping id="decal_console" node="0>3|0|9|0|1|0"/>
        <i3dMapping id="lights_interior" node="0>4|0|1"/>
        <i3dMapping id="redRound_01_02" node="0>4|1|0"/>
        <i3dMapping id="redRound_01_01" node="0>4|1|1"/>
        <i3dMapping id="frontLightLow" node="0>4|2|0"/>
        <i3dMapping id="highBeamLow" node="0>4|2|1"/>
        <i3dMapping id="frontLightHigh" node="0>4|2|2"/>
        <i3dMapping id="highBeamHigh" node="0>4|2|3"/>
        <i3dMapping id="turnLightRightFront" node="0>4|3|0"/>
        <i3dMapping id="turnLightRightBack" node="0>4|3|0|0"/>
        <i3dMapping id="turnLightLeftFront" node="0>4|3|1"/>
        <i3dMapping id="turnLightLeftBack" node="0>4|3|1|0"/>
        <i3dMapping id="workLightFrontHigh" node="0>4|4|0"/>
        <i3dMapping id="workLightFrontLow" node="0>4|4|1"/>
        <i3dMapping id="workLightBackLow" node="0>4|4|2"/>
        <i3dMapping id="workLightBackHigh" node="0>4|4|3"/>
        <i3dMapping id="backLightsHigh" node="0>4|5|0"/>
        <i3dMapping id="attacherJointBackRot" node="0>5|0|0"/>
        <i3dMapping id="attacherJointBackRot2" node="0>5|0|0|0"/>
        <i3dMapping id="attacherJointBack" node="0>5|0|0|0|0"/>
        <i3dMapping id="attacherJointBackArmBottom" node="0>5|0|1"/>
        <i3dMapping id="attacherJointBackArmBottomLink" node="0>5|0|1|0"/>
        <i3dMapping id="referencePointBackBottom" node="0>5|0|1|0|0"/>
        <i3dMapping id="mainArmRef" node="0>5|0|1|0|1"/>
        <i3dMapping id="bottomLinkLeftRef" node="0>5|0|1|0|1|0"/>
        <i3dMapping id="bottomLinkRightRef" node="0>5|0|1|0|1|1"/>
        <i3dMapping id="attacherJointBackArmTop" node="0>5|0|2"/>
        <i3dMapping id="trailerAttacherNode" node="0>5|1|0"/>
        <i3dMapping id="trailerAttacherJointBack" node="0>5|1|0|0"/>
        <i3dMapping id="trailerLowNode" node="0>5|1|1"/>
        <i3dMapping id="trailerAttacherJointBackLow" node="0>5|1|1|0"/>
        <i3dMapping id="trailerLowSteeringBarLeftRef" node="0>5|1|1|1"/>
        <i3dMapping id="trailerLowSteeringBarRightRef" node="0>5|1|1|2"/>
        <i3dMapping id="trailerAttacherJointFront" node="0>5|1|2"/>
        <i3dMapping id="ptoOutputBack" node="0>5|2|0"/>
        <i3dMapping id="frontloaderAttacherBlock" node="0>5|3|0"/>
        <i3dMapping id="frontloaderAttacherJoint" node="0>5|3|0|0"/>
        <i3dMapping id="hydraulicIn01" node="0>5|4|0"/>
        <i3dMapping id="hydraulicOut01" node="0>5|4|1"/>
        <i3dMapping id="hydraulicIn02" node="0>5|4|2"/>
        <i3dMapping id="hydraulicOut02" node="0>5|4|3"/>
        <i3dMapping id="hydraulicIn03" node="0>5|4|4"/>
        <i3dMapping id="hydraulicOut03" node="0>5|4|5"/>
        <i3dMapping id="hydraulicIn04" node="0>5|4|6"/>
        <i3dMapping id="hydraulicOut04" node="0>5|4|7"/>
        <i3dMapping id="airDoubleYellow" node="0>5|4|8"/>
        <i3dMapping id="airDoubleOrange" node="0>5|4|9"/>
        <i3dMapping id="electricBack" node="0>5|4|10"/>
        <i3dMapping id="aiCollisionTrigger" node="0>6|0"/>
        <i3dMapping id="exactFillRootNode" node="0>6|1"/>
        <i3dMapping id="exhaustParticleLinkNode" node="0>7"/>
        <i3dMapping id="driveShaft" node="0>8|0|0"/>
        <i3dMapping id="erkunt_vis" node="0>8|1"/>
        <i3dMapping id="cabin_part1" node="0>3|0|9|0|0"/>
        <i3dMapping id="rearHitchBase" node="0>8|4"/>
        <i3dMapping id="airFilterCleaner" node="0>8|5"/>
        <i3dMapping id="mainArmHydraulic" node="0>9|0"/>
        <i3dMapping id="mainArmHydraulicPunch" node="0>9|0|0"/>
        <i3dMapping id="bottomLinkLeft" node="0>9|1"/>
        <i3dMapping id="bottomLinkRight" node="0>9|2"/>
        <i3dMapping id="mainArmRefFrame" node="0>9|3"/>
        <i3dMapping id="mainArm" node="0>9|4"/>
        <i3dMapping id="mainArmHydraulicRef" node="0>9|4|0"/>
        <i3dMapping id="mainArmPart" node="0>9|4|1"/>
        <i3dMapping id="steeringBar" node="1>0|0|0"/>
        <i3dMapping id="steeringBarLeftRef" node="1>0|0|0|0"/>
        <i3dMapping id="steeringBarRightRef" node="1>0|0|0|1"/>
        <i3dMapping id="wheelFrontLeftAxis" node="1>0|1|0"/>
        <i3dMapping id="wheelFrontLeftAxis2wd" node="1>2|0"/>
        <i3dMapping id="wheelFrontRightAxis2wd" node="1>2|1"/>
        <i3dMapping id="RightWheel2wd" node="1>2|1|0|0|0"/>
        <i3dMapping id="LeftWheel2wd" node="1>2|0|0|0|0"/>
        <i3dMapping id="axis_vis" node="1>1"/>
        <i3dMapping id="frontWheels" node="1>0"/>
        <i3dMapping id="frontAxle2Wd" node="1>2"/>
        <i3dMapping id="SteerCylinder" node="1>2|2|0"/>
        <i3dMapping id="SteerBarLeft" node="1>2|2|0|0"/>
        <i3dMapping id="SteerBarRight" node="1>2|2|0|1"/>
        <i3dMapping id="wheelFrontLeft" node="1>0|1|0|0|0"/>
        <i3dMapping id="steeringBarLeft" node="1>0|1|0|1"/>
        <i3dMapping id="fenderFrontLeft" node="1>0|1|0|2"/>
        <i3dMapping id="wheelFrontRightAxis" node="1>0|2|0"/>
        <i3dMapping id="wheelFrontRight" node="1>0|2|0|0|0"/>
        <i3dMapping id="steeringBarRight" node="1>0|2|0|1"/>
        <i3dMapping id="fenderFrontRight" node="1>0|2|0|2"/>
        <i3dMapping id="frontloaderBlock" node="0>5|3|0|1"/>
    </i3dMappings>
</vehicle>
