<?xml version="1.0" encoding="utf-8" standalone="no" ?>
<wheel>
    <brand>BKT</brand>
    <name>FL648</name>
    <default>
        <physics radius="0.422" width="0.5" mass="0.069" tireType="mud" frictionScale="1.60" maxLongStiffness="8" maxLatStiffness="100" maxLatStiffnessLoad="2" />
        <tire filename="Wheels/Rodas.i3d" node="1|0" maxDeformation="0.044" isCareWheel="false" tireTrackAtlasIndex="3" />
        <innerRim filename="Wheels/Rodas.i3d" nodeLeft="0|0" nodeRight="0|1" />
    </default>
</wheel>
