﻿<?xml version="1.0" encoding="utf-8" standalone="no" ?>
<modDesc descVersion="77">
  <author>Semih</author>
  <version>2.0.0.0</version>
  <title>
    <en>WardRopePlus - Basic</en>
  </title>

  <description>
    <en>
<![CDATA[This mod is an example Mod]]>
    </en>
  </description>



  <iconFilename>icon_WardRobePlus.dds</iconFilename>
  <multiplayer supported="true" />
  
  <extraSourceFiles>
    <sourceFile filename="WardRobePlus_helper.lua" />
  </extraSourceFiles>
 
  <clothes>
    <item type="beanie" diffuse="textures/BeanieRagnar1_diffuse.dds" mask="textures/BeanieRagnar1_mask.dds" icon="textures/Beanie_icon1.dds" />
    <item type="tShirtM" diffuse="textures/TeeShirtBjk_diffuse.dds" mask="textures/TeeShirtBjk_mask.dds" icon="textures/TeeShirtBjk_icon.dds" />
    <item type="tShirtM" diffuse="textures/TeeShirtFb_diffuse.dds" mask="textures/TeeShirtFb_mask.dds" icon="textures/TeeShirtFb_icon.dds" />
    <item type="tShirtM" diffuse="textures/TeeShirtGs_diffuse.dds" mask="textures/TeeShirtGs_mask.dds" icon="textures/TeeShirtGs_icon.dds" />
    <item type="FISHER" diffuse="textures/FisherRagnar1_diffuse.dds" mask="textures/FisherRagnar1_mask.dds" icon="textures/Fisher_icon1.dds" />
  </clothes>
</modDesc>