<?xml version="1.0" encoding="utf-8" standalone="no" ?>
<wheel xmlns:xsi="http://www.w3.org/2001/XMLSchema-instance" xsi:noNamespaceSchemaLocation="../../../../../../shared/xml/schema/wheel.xsd">
    <brand>MITAS</brand>
    <name>AC 65</name>
    <default>
        <physics radius="0.593" width="0.44" mass="0.141" tireType="mud" frictionScale="1.60" maxLongStiffness="8" maxLatStiffness="100" maxLatStiffnessLoad="2" />
        <tire filename="$data/shared/wheels/tires/mitas/AC65/R24_AC65.i3d" nodeLeft="0|0" nodeRight="0|0" maxDeformation="0.057" isCareWheel="false" tireTrackAtlasIndex="0" />
        <outerRim filename="$data/shared/wheels/rims/rim001.i3d" node="1|0" widthAndDiam="14 24" />
        <innerRim filename="$data/shared/wheels/rims/rim010.i3d" nodeLeft="0|0" nodeRight="0|1" scale="1 0.89 0.89"/>
    </default>
    <configurations>
        <configuration id="rim013" >
            <innerRim filename="wheels/rims/rim013.i3d" nodeLeft="0|0|0" nodeRight="0|0|1" offset="0.05"/>
        </configuration>		
    </configurations>
</wheel>
