<?xml version="1.0" encoding="utf-8" standalone="no" ?>
<sounds>
    <motorStart template="SMALL_TRACTOR_MOTOR_START" file="sounds/motorStart.wav" linkNode="0>"/>
    <motorStop template="SMALL_TRACTOR_MOTOR_STOP" file="sounds/motorStop.wav" linkNode="0>"/>

    <motor template="SMALL_TRACTOR_MOTOR_IDLE" file="sounds/motorIdle.wav" linkNode="0>"/>
    <motor template="SMALL_TRACTOR_MOTOR_OFFLOAD_RUN" file="sounds/oldTractor_run.wav" linkNode="0>"/>
    <motor template="SMALL_TRACTOR_MOTOR_ONLOAD_RUN" file="sounds/motorLoad.wav" linkNode="0>"/>

    <gearbox template="DEFAULT_GEARBOX" file="sounds/transmissionOld.wav" linkNode="0>"/>
    <retarder template="DEFAULT_RETARDER" file="$data/sounds/vehicles/retarder/retarder_loop_01.wav" linkNode="0>"/>

    <airCompressorStart template="BRAKE_COMPRESSOR_START" linkNode="0>"/>
    <airCompressorStop template="BRAKE_COMPRESSOR_STOP" linkNode="0>"/>
    <airCompressorRun template="BRAKE_COMPRESSOR_RUN" linkNode="0>"/>
    <compressedAir template="BRAKE_SMALL" linkNode="0>"/>
    <airRelease template="BRAKE_REGULATOR_VALVE" linkNode="0>"/>
</sounds>
