<?xml version="1.0" encoding="utf-8" standalone="no" ?>
<sounds>
	<motorstart file="sounds/3512_start.ogg" innerRadius="15.0" outerRadius="110.0">
		<volume indoor="1.00" outdoor="1.00"/>
        <lowpassGain indoor="1.0" outdoor="1.0"/>
	</motorstart>
	<motorStop file="sounds/3512_stop.ogg" innerRadius="15.0" outerRadius="110.0">	
		<volume indoor="1.00" outdoor="1.00"/>
        <lowpassGain indoor="1.0" outdoor="1.0"/>
	</motorStop>
	
	<motor file="sounds/3512_idle.ogg" innerRadius="15.0" outerRadius="110.0">
        <volume indoor="1.00" outdoor="1.00">
            <modifier type="MOTOR_RPM" value="0.00" modifiedValue="1.00"/>
            <modifier type="MOTOR_RPM" value="0.80" modifiedValue="0.00"/>
        </volume>
        <pitch indoor="1.0" outdoor="1.0">
            <modifier type="MOTOR_RPM" value="0.00" modifiedValue="1.00"/>
            <modifier type="MOTOR_RPM" value="0.75" modifiedValue="1.50"/>
        </pitch>
		 <lowpassGain indoor="1.0" outdoor="1.0"/>
    </motor>
	
	<motor file="sounds/3512_run.ogg" innerRadius="15.0" outerRadius="110.0">
	    <volume indoor="1.00" outdoor="1.00">
            <modifier type="MOTOR_RPM" value="0.00" modifiedValue="0.00"/>
            <modifier type="MOTOR_RPM" value="0.40" modifiedValue="0.50"/>
        </volume>
        <pitch indoor="1.0" outdoor="1.0" >
            <modifier type="MOTOR_RPM" value="0.25" modifiedValue="0.75"/>
            <modifier type="MOTOR_RPM" value="1.00" modifiedValue="1.00"/>
        </pitch>
		 <lowpassGain indoor="1.0" outdoor="1.0"/>
	</motor>
	
	<motor file="sounds/3512_load.ogg" innerRadius="15.0" outerRadius="110.0">
	<volume indoor="1.00" outdoor="1.00">
            <modifier type="MOTOR_LOAD" value="0.00" modifiedValue="0.00"/>
            <modifier type="MOTOR_LOAD" value="0.80" modifiedValue="1.20"/>
        </volume>
		<pitch indoor="1.0" outdoor="1.0">
            <modifier type="MOTOR_RPM" value="0.25" modifiedValue="0.75"/>
            <modifier type="MOTOR_RPM" value="2.50" modifiedValue="2.50"/>
        </pitch>
		 <lowpassGain indoor="1.0" outdoor="1.0"/>
	</motor>
	
	<gearbox file="sounds/3512_load.ogg" innerRadius="15.0" outerRadius="90.0">
		<volume indoor="2" outdoor="2">
            <modifier type="SPEED" value="6.0" modifiedValue="0.0"/>
            <modifier type="SPEED" value="50.0" modifiedValue="1.0"/>
        </volume>
        <pitch indoor="1.0" outdoor="1.0" >
            <modifier type="SPEED" value="0.0" modifiedValue="0.8"/>
            <modifier type="SPEED" value="50.0" modifiedValue="1.2"/>
        </pitch>
        <lowpassGain indoor="1.00" outdoor="1.0"/>
	</gearbox>		
	
	<retarder file="sounds/3512_low.ogg" innerRadius="15.0" outerRadius="70.0">	
		<volume indoor="1" outdoor="1">
           <modifier type="SPEED" value="0.0" modifiedValue="0.0"/>
            <modifier type="SPEED" value="50.0" modifiedValue="1.0"/>
            <modifier type="ACCELERATE" value="0" modifiedValue="1.0"/>
            <modifier type="ACCELERATE" value="0.01" modifiedValue="0.0"/>
            <modifier type="CRUISECONTROL" value="0" modifiedValue="1.0"/>
            <modifier type="CRUISECONTROL" value="0.01" modifiedValue="0.0"/>
        </volume>
        <pitch indoor="0.5" outdoor="0.5">
           <modifier type="SPEED" value="0.0"   modifiedValue="0.8"/>
            <modifier type="SPEED" value="50.0" modifiedValue="3.0"/>
        </pitch>
        <lowpassGain indoor="0.6" outdoor="1.0"/>
	</retarder>
	
	<compressedAir file="sounds/brake.ogg" innerRadius="5.0" outerRadius="45.0">
        <volume indoor="1.00" outdoor="2.00">
            <modifier type="BRAKE_TIME" value="0.0" modifiedValue="0.0"/>
            <modifier type="BRAKE_TIME" value="1.0" modifiedValue="1.0"/>
        </volume>
        <pitch indoor="1.0" outdoor="1.0" />
        <lowpassGain indoor="0.50" outdoor="1.0"/>
    </compressedAir>
</sounds>