﻿<?xml version="1.0" encoding="utf-8" standalone="no" ?>
<modDesc descVersion="79">
    <author>R6kun</author>
    <version>1.0.0.0</version>
    <iconFilename>Huds/icon_Sun.dds</iconFilename>
    <title>
        <tr>Sun Römork</tr>
        <en>Sun Trailer</en>
		<de>Sun Anhänger</de>
    </title>
<description>
<en><![CDATA[Sun Trailer
Price: 8830 £

Animations:
Left side door
Right side door
Rear door

Main Color Options

Capacity:
- 3700 l
- 4200 l
- 4500 l
- 5500 l
]]></en>
<de><![CDATA[Sun Anhänger
Preis: 8830 €

Animationen:
Linke Seitentür
Rechte Seitentür
Hintertür

Farbkonfiguration

- 3700 l
- 4200 l
- 4500 l
- 5500 l
]]></de>
</description>
    <storeItems>
        <storeItem xmlFilename="xml/Sun.xml"/>
    </storeItems>
    <multiplayer supported="true"/>
	<brands>
	    <brand name="SUN" title="Sun" image="brand_Sun.dds"/>
    </brands>
</modDesc>
