﻿<?xml version="1.0" encoding="utf-8" standalone="no" ?>
<modDesc descVersion="64">
  
    <author>ViperGTS96</author>
  
    <version>1.5.0.0</version>
	
    <title>
        <en>Store Deliveries</en>
        <de>Filiallieferungen</de>
        <fr>Livraisons En Magasin</fr>
        <es>Entregas En Tienda</es>
        <it>Consegne Al Negozio</it>
        <pl>Dostawy Do Sklepów</pl>
        <cz>Dodávky Do Obchodu</cz>
    </title>
	
    <description>
<en><![CDATA[Get the store to deliver your purchases for a fee.

-Location is set based on the player's position.
-A delivery charge of 2.5% per item cost is applied to your purchases when using delivery.
-All deliveries are confirmed by a special sound at the time of purchase.

Controls

-Hold "Left Shift" + "Left Alt" to view the marker on the ground which represents the location.
-Hold "Left Shift" + "Left Alt" and press "S" to set the location. (A sound will play and the marker will flash once.)
-Hold "Left Shift" + "Left Alt" and press "R" to reset the location back to default (the store).

ChangeLog v1.5.0.0
- Fixed Multiplayer Support.]]></en>
<de><![CDATA[Fordern Sie das Geschäft auf, Ihre Einkäufe gegen eine Gebühr zu liefern.

-Die Position richtet sich nach der Position des Spielers.
-Eine Versandkostenpauschale von 2,5% pro Artikel wird für Ihre Einkäufe berechnet, wenn Sie die Lieferung verwenden.
-Alle Lieferungen werden zum Zeitpunkt des Kaufs durch einen speziellen Ton bestätigt.

Kontrollen

-Halten Sie die linke Umschalttaste + die linke Alt-Taste gedrückt, um die Markierung auf dem Boden anzuzeigen, die die Position darstellt.
-Halten Sie "Left Shift" + "Left Alt" und drücken Sie "S", um die Position festzulegen. (Ein Ton wird abgespielt und der Marker blinkt einmal.)
-Halten Sie "Links-Umschalt" + "Links-Alt" gedrückt und drücken Sie "R", um den Speicherort auf den Standardwert (den Speicherort) zurückzusetzen.

Änderungsprotokoll v1.5.0.0
- Multiplayer-Unterstützung behoben]]> </de>
<fr><![CDATA[Obtenez le magasin pour livrer vos achats pour une taxe.

-La localisation est définie en fonction de la position du joueur.
-Des frais de livraison de 2,5% par article sont appliqués à vos achats lorsque vous utilisez la livraison.
-Toutes les livraisons sont confirmées par un son spécial au moment de l'achat.

Les contrôles

-Maintenez "Maj gauche" + "Alt gauche" pour afficher le marqueur au sol qui représente l'emplacement.
-Maintenez «Maj gauche» + «Alt gauche» et appuyez sur «S» pour définir l'emplacement. (Un son sera joué et le marqueur clignotera une fois.)
-Maintenez "Maj gauche" + "Alt gauche" et appuyez sur "R" pour rétablir l'emplacement par défaut (magasin).

Journal des modifications v1.5.0.0
- Correction du support multijoueur.]]></fr>
<es><![CDATA[Obtenga la tienda para entregar sus compras por una tarifa.

-La ubicación se establece en función de la posición del jugador.
-Una carga de entrega del 2.5% por costo del artículo se aplica a sus compras al usar la entrega.
-Todas las entregas son confirmadas por un sonido especial en el momento de la compra.

Controles

-Mantenga "Izquierda Shift" + "Izquierda Alt" para ver el marcador en el suelo que representa la ubicación.
-Mantenga presionado "Mayús izquierda" + "Alt izquierda" y presione "S" para establecer la ubicación. (Se reproducirá un sonido y el marcador parpadeará una vez.)
-Mantenga "Izquierda Shift" + "Izquierda Alt" y presione "R" para restablecer la ubicación a la predeterminada (la tienda).

Registro de cambios v1.5.0.0
- Soporte multijugador fijo.]]> </es>
<pl><![CDATA[Pobierz sklep za dostarczenie zakupów za opłatą.

-Lokalizacja jest ustalana na podstawie pozycji gracza.
-W przypadku korzystania z dostawy opłata za dostawę w wysokości 2,5% za każdy przedmiot jest stosowana do zakupów.
-Wszystkie dostawy są potwierdzone specjalnym dźwiękiem w momencie zakupu.

Sterownica

-Przytrzymaj „Lewy Shift” + „Lewy Alt”, aby wyświetlić znacznik na ziemi, który reprezentuje lokalizację.
-Przytrzymaj „Lewy Shift” + „Lewy Alt” i naciśnij „S”, aby ustawić lokalizację. (Usłyszysz dźwięk, a znacznik zacznie migać raz.)
-Przytrzymaj „Lewy Shift” + „Lewy Alt” i naciśnij „R”, aby zresetować lokalizację z powrotem do domyślnego (sklepu).

Dziennik zmian v1.5.0.0
- Naprawiono obsługę trybu multiplayer.]]></pl>
<it><![CDATA[Ottieni il negozio per consegnare i tuoi acquisti a pagamento.

-La posizione è impostata in base alla posizione del giocatore.
-Quando si utilizza la consegna, viene applicata una commissione di spedizione del 2,5% per articolo.
-Tutte le consegne sono confermate da un suono speciale al momento dell'acquisto.

controlli

-Hold "Left Shift" + "Left Alt" per visualizzare il marker sul terreno che rappresenta la posizione.
-Tenere "Maiusc sinistro" + "Alt sinistro" e premere "S" per impostare la posizione. (Verrà riprodotto un suono e l'indicatore lampeggerà una volta.)
-Tenere "Left Shift" + "Left Alt" e premere "R" per ripristinare la posizione di default (il negozio).

Registro delle modifiche v1.5.0.0
- Supporto multiplayer fisso.]]></it>
<cz><![CDATA[Získejte obchod za poplatek.

-Umístění je nastaveno na základě pozice hráče.
-Při nákupu se při nákupu použije při dodací ceně poplatek za doručení ve výši 2,5% za položku.
-Všechny dodávky jsou v okamžiku nákupu potvrzeny zvláštním zvukem.

Řízení

-Hold "Left Shift" + "Left Alt" pro zobrazení značky na zemi, která představuje umístění.
-Hold "Left Shift" + "Left Alt" a stiskněte "S" pro nastavení umístění. (Přehraje se zvuk a značka bude blikat jednou.)
-Hold "Levý Shift" + "Levý Alt" a stiskem "R" resetujete polohu zpět na výchozí (úložiště).

Změnit protokol  v1.5.0.0
- Opravena podpora hry více hráčů.]]></cz>
    </description>
	
    <iconFilename>icon.dds</iconFilename>
  
    <multiplayer supported="true"/>
	
    <extraSourceFiles>
        <sourceFile filename="storeDeliveries.lua"/>
    </extraSourceFiles>
  
    <l10n>
      <text name ="pda_StoreDeliveries">
        <en>Store Deliveries</en>
        <de>Filiallieferungen</de>
        <fr>Livraisons en Magasin</fr>
        <es>Entregas en Tienda</es>
        <it>Consegne al Negozio</it>
        <pl>Dostawy do Sklepów</pl>
        <cz>Dodávky do Obchodu</cz>
      </text>
    </l10n>
  
</modDesc>
