<?xml version="1.0" encoding="utf-8" standalone="no"?>
<configuration machineType="bucket" modName="FS22_Case_CX245_FSM" typeName="kouppaCX250D_LR" xmlName="Bucket2">
    <terraform>
        <i3d parent="0>" y="0.1" z="1.25">
            <node x="-1.42" />
            <node x="-0.35" />
            <node x="0.35" />
            <node x="1.42" />
        </i3d>
        <modes>
            <mode>NORMAL</mode>
            <mode>LOWER</mode>
            <mode>FLATTEN</mode>
            <mode>SMOOTH</mode>
        </modes>
    </terraform>
    <collision>
        <i3d parent="0>" y="0.1" z="1.45">
            <node x="-1.42" y="0" z="0" />
            <node x="1.42" y="0" z="0" />
            <node x="1.42" y="-0.45" z="-0.98" />
            <node x="-1.42" y="-0.45" z="-0.98" />
        </i3d>
    </collision>
    <paint>
        <i3d parent="0>" y="0.1" z="1.05">
            <node />
        </i3d>
    </paint>
    <discharge>
        <modes>
            <mode>NORMAL</mode>
            <mode>RAISE</mode>
            <mode>FLATTEN</mode>
            <mode>SMOOTH</mode>
            <mode>PAINT</mode>
        </modes>
    </discharge>
</configuration>