<?xml version="1.0" encoding="utf-8" standalone="no"?>
<configuration machineType="bucketWheelLoader" modName="FS22_CAT_953D_FSM" typeName="953D" xmlName="953D">
    <terraform>
        <i3d parent="Bucket" y="-0.396" z="1.353">
            <node x="-1.45" />
            <node x="-0.725" />
            <node x="-0.362" />
            <node x="0.362" />
            <node x="0.725" />
            <node x="1.45" />
        </i3d>
        <modes>
            <mode>NORMAL</mode>
            <mode>LOWER</mode>
            <mode>FLATTEN</mode>
            <mode>SMOOTH</mode>
        </modes>
    </terraform>
    <collision>
        <i3d parent="Bucket" y="-0.396" z="1.353">
            <node x="-1.45" />
            <node x="-0.725" />
            <node x="-0.362" />
            <node x="0.362" />
            <node x="0.725" />
            <node x="1.45" />
        </i3d>
    </collision>
    <paint>
        <i3d parent="Bucket" y="-0.396" z="1.353">
            <node />
        </i3d>
    </paint>
    <discharge>
        <modes>
            <mode>NORMAL</mode>
            <mode>RAISE</mode>
            <mode>FLATTEN</mode>
            <mode>SMOOTH</mode>
            <mode>PAINT</mode>
        </modes>
    </discharge>
</configuration>