<?xml version="1.0" encoding="utf-8" standalone="no"?>
<configuration machineType="bucket" modName="FS22_CAT_990H_FSM" typeName="bucket990H" xmlName="Bucket">
    <terraform>
        <i3d parent="0>1" x="0.365" y="-0.215" z="2.035">
            <node x="-2.3" y="0" z="0" />
            <node x="-0.7" y="0" z="0.32" />
            <node x="0.7" y="0" z="0.32" />
            <node x="2.3" y="0" z="0" />
        </i3d>
        <modes>
            <mode>NORMAL</mode>
            <mode>LOWER</mode>
            <mode>FLATTEN</mode>
            <mode>SMOOTH</mode>
        </modes>
    </terraform>
    <collision>
        <i3d parent="0>1" x="0.365" y="-0.215" z="1.96">
            <node x="-2.3" y="-0.16" z="0" />
            <node x="-2.3" y="-0.16" z="-1.4" />
            <node x="2.3" y="-0.16" z="0" />
            <node x="2.3" y="-0.16" z="-1.4" />
        </i3d>
    </collision>
    <paint>
        <i3d parent="0>1">
            <node />
        </i3d>
    </paint>
    <discharge>
        <modes>
            <mode>NORMAL</mode>
            <mode>RAISE</mode>
            <mode>FLATTEN</mode>
            <mode>SMOOTH</mode>
            <mode>PAINT</mode>
        </modes>
    </discharge>
</configuration>