<?xml version="1.0" encoding="utf-8" standalone="no"?>
<configuration machineType="bucket" modName="EXP22_Cat7495HD" typeName="bucket" xmlName="bucket">
    <terraform>
        <i3d parent="0>0|4" y="0.1" z="0.4">
            <node x="-2.25" y="0.56" z="0" />
            <node x="-1.8" y="0.35" z="0" />
            <node x="-1.3" y="0.17" z="0" />
            <node x="-0.8" y="0.05" z="0" />
            <node x="-0.25" y="0" z="0" />
            <node x="0.25" y="0" z="0" />
            <node x="0.8" y="0.05" z="0" />
            <node x="1.3" y="0.17" z="0" />
            <node x="1.8" y="0.35" z="0" />
            <node x="2.25" y="0.56" z="0" />
        </i3d>
        <modes>
            <mode>NORMAL</mode>
            <mode>LOWER</mode>
            <mode>FLATTEN</mode>
            <mode>SMOOTH</mode>
        </modes>
    </terraform>
    <collision>
        <i3d parent="0>0|4" y="-0.15" z="0.5">
            <node x="-2.25" y="0.56" z="0" />
            <node x="-1.8" y="0.35" z="0" />
            <node x="-1.3" y="0.17" z="0" />
            <node x="-0.8" y="0.05" z="0" />
            <node x="-0.25" y="0" z="0" />
            <node x="0.25" y="0" z="0" />
            <node x="0.8" y="0.05" z="0" />
            <node x="1.3" y="0.17" z="0" />
            <node x="1.8" y="0.35" z="0" />
            <node x="2.25" y="0.56" z="0" />
        </i3d>
    </collision>
    <paint>
        <i3d parent="0>0|4" y="0.1" z="1.3">
            <node />
        </i3d>
    </paint>
 </configuration>