<?xml version="1.0" encoding="utf-8" standalone="no"?>
<configuration machineType="bucket" modName="FS22_Komatsu_PC_8000_FSM" typeName="PC8000" xmlName="Pc8000">
    <terraform>
        <i3d parent="pickUpNode"  >
            <node x="2.582" />
            <node x="1.084" />
            <node x="-1.084" />
            <node x="-2.582" />
        </i3d>
        <modes>
            <mode>NORMAL</mode>
            <mode>LOWER</mode>
            <mode>FLATTEN</mode>
            <mode>SMOOTH</mode>
        </modes>
    </terraform>
    <collision>
        <i3d parent="pickUpNode" >
            <node x="2.582" />
            <node x="1.084" />
            <node x="-1.084" />
            <node x="-2.582" />
        </i3d>
    </collision>
    <paint>
        <i3d parent="pickUpNode" >
            <node />
        </i3d>
    </paint>
    <discharge>
        <modes>
            <mode>NORMAL</mode>
            <mode>RAISE</mode>
            <mode>FLATTEN</mode>
            <mode>SMOOTH</mode>
            <mode>PAINT</mode>
        </modes>
    </discharge>
</configuration>