<?xml version="1.0" encoding="utf-8" standalone="no"?>
<configuration machineType="bulldozer" modName="FS22_Komatsu_575D_FSM" typeName="575D" xmlName="575D">
    <terraform>
        <i3d parent="levelerNode" >
            <node x="-3.788" />
            <node x="-1.689" />
            <node x="0" />
            <node x="1.689" />
            <node x="3.788" />
        </i3d>
        <modes>
            <mode>NORMAL</mode>
            <mode>FLATTEN</mode>
            <mode>SMOOTH</mode>
            <mode>PAINT</mode>
        </modes>
    </terraform>
    <collision>
        <i3d parent="levelerNode" >
            <node x="-3.788" />
            <node x="-1.689" />
            <node x="0" />
            <node x="1.689" />
            <node x="3.788" />
        </i3d>
    </collision>
    <discharge>
        <i3d parent="levelerNode" >
            <line
                x1="4" z1="-1"
                x2="0" z2="-2"
            />
            <line
                x1="-4" z1="-1"
                x2="0" z2="-2"
            />
        </i3d>
    </discharge>
    <paint>
        <i3d parent="levelerNode" >
            <node x="-3.788" />
            <node x="1.588" />
            <node x="0." />
            <node x="1.588" />
            <node x="3.788" />
        </i3d>
    </paint>
</configuration>