<?xml version="1.0" encoding="utf-8" standalone="no"?>
<configuration machineType="bucketWheelLoader" modName="FS22_Komatsu_WA1800_FSM" typeName="CoalLoader" xmlName="wa1800">
    <terraform>
        <i3d parent="pickUpNode" y="-0" z="0">
            <node x="-4.022" z="-0.14" />
            <node x="-2" z="-0.06" />
            <node x="-0.45" />
            <node />
            <node x="0.45" />
            <node x="2" z="-0.06" />
            <node x="4.022" z="-0.14" />
        </i3d>
        <modes>
            <mode>NORMAL</mode>
            <mode>LOWER</mode>
            <mode>FLATTEN</mode>
            <mode>SMOOTH</mode>
        </modes>
    </terraform>
    <collision>
        <i3d parent="pickUpNode" y="-0" z="0">
           <node x="-4.022" z="-0.14" />
            <node x="-2" z="-0.06" />
            <node x="-0.45" />
            <node />
            <node x="0.45" />
            <node x="2" z="-0.06" />
            <node x="4.022" z="-0.14" />
        </i3d>
    </collision>
    <paint>
        <i3d parent="pickUpNode" y="-0" z="0">
            <node />
        </i3d>
    </paint>
    <discharge>
        <modes>
            <mode>NORMAL</mode>
            <mode>RAISE</mode>
            <mode>FLATTEN</mode>
            <mode>SMOOTH</mode>
            <mode>PAINT</mode>
        </modes>
    </discharge>
</configuration>