<?xml version="1.0" encoding="utf-8" standalone="no"?>
<configuration machineType="bucket" modName="FS22_Volvo_L350H_Gearbox" typeName="bucket350" xmlName="Bucket">
    <terraform>
        <i3d parent="0>1" y="1.834" z="0.422">
            <node x="-1.9" y="0.45" />
            <node x="-0.6" y="0.75" />
            <node x="0.6" y="0.75" />
            <node x="1.9" y="0.45" />
        </i3d>
        <modes>
            <mode>NORMAL</mode>
            <mode>LOWER</mode>
            <mode>FLATTEN</mode>
            <mode>SMOOTH</mode>
        </modes>
    </terraform>
    <collision>
        <i3d parent="0>1" y="1.834" z="0.542">
            <node x="-1.9" y="0.65" />
            <node x="-0.6" y="0.95" />
            <node x="1.9" y="0.65" />
            <node x="0.6" y="0.95" />
            <node x="1.9" y="-1.5" z="0.1" />
            <node x="-1.9" y="-1.5" z="0.1" />
        </i3d>
    </collision>
    <paint>
        <i3d parent="0>1" y="1.834" z="0.422">
            <node />
        </i3d>
    </paint>
    <discharge>
        <modes>
            <mode>NORMAL</mode>
            <mode>RAISE</mode>
            <mode>FLATTEN</mode>
            <mode>SMOOTH</mode>
            <mode>PAINT</mode>
        </modes>
    </discharge>
</configuration>