<?xml version="1.0" encoding="utf-8" standalone="no"?>
<configuration machineType="bucketExcavator" modName="FS22_Volvo_EC950_FSM" typeName="ec950" xmlName="ec950">
    <terraform>
        <i3d parent="pickUpNode" >
            <node x="-1" />
            <node x="-0.5" />
            <node x="0.01" />
            <node x="0.5" />
            <node x="1" />
        </i3d>
        <modes>
            <mode>NORMAL</mode>
            <mode>LOWER</mode>
            <mode>FLATTEN</mode>
            <mode>SMOOTH</mode>
        </modes>
    </terraform>
    <collision>
        <i3d parent="pickUpNode">
           <node x="-1" />
            <node x="-0.5" />
            <node x="0.01" />
            <node x="0.5" />
            <node x="1" />
        </i3d>
    </collision>
    <paint>
        <i3d parent="pickUpNode" >
            <node />
        </i3d>
    </paint>
    <discharge>
        <modes>
            <mode>NORMAL</mode>
            <mode>RAISE</mode>
            <mode>FLATTEN</mode>
            <mode>SMOOTH</mode>
            <mode>PAINT</mode>
        </modes>
    </discharge>
</configuration>