<?xml version="1.0" encoding="utf-8" standalone="no"?>
<configuration machineType="bucket" modName="FS22_EC380_BucketPack_FSM" typeName="WbucketFSM" xmlName="wideBucket">
    <terraform>
        <i3d parent="pickUpNode" >
            <node x="-1.074"  />
            <node x="-0.35" />
            <node x="0.35" />
            <node x="1.074"  />
        </i3d>
        <modes>
            <mode>NORMAL</mode>
            <mode>LOWER</mode>
            <mode>FLATTEN</mode>
            <mode>SMOOTH</mode>
        </modes>
    </terraform>
    <collision>
        <i3d parent="pickUpNode" >
            <node x="-1.074"  />
            <node x="-0.7"  />
            <node x="0.7"  />
            <node x="1.074"  />
        </i3d>
    </collision>
    <paint>
        <i3d parent="pickUpNode" >
            <node />
        </i3d>
    </paint>
    <discharge>
        <modes>
            <mode>NORMAL</mode>
            <mode>RAISE</mode>
            <mode>FLATTEN</mode>
            <mode>SMOOTH</mode>
            <mode>PAINT</mode>
        </modes>
    </discharge>
</configuration>