﻿<?xml version="1.0" encoding="utf-8" standalone="no" ?>
<modDesc descVersion="71">
     <author>STv-Modding</author>
    <version>1.1.0.1</version>
	<title>
        <en>New Holland T7 Edit 21Modding</en>
    </title>
	<description>
<en>
<![CDATA[
Price: 210.000 $
Power: 288-313 hp

- Design Color Configurations
- Tires Configurations
- Animated Doors
- New Parts
- Motor configuration
- Rims configuration
- Daylight LED

Changelog 1.1.0.0:
- Fixed Various Bugs
- New Details
- New Interior Configurations
- New Tires Configurations
]]>
</en>
<de>
<![CDATA[
Preis: 210.000€
Leistung: 288-313 PS

- Design-Konfigurationen
- Neue Reifenkonfigurationen
- Animierte Tür
- Felge konfigurierbar
- Motor-Konfigurationen
- Neue Teile
- LED Tagfahrlicht

Changelog 1.1.0.0:
- Verschiedene Fehler behoben
- Neue Details
- Neue Design-Konfigurationen
- Neue Reifen Konfigurationen
]]>
</de>
<it>
<![CDATA[
Prezzo: 210.000 €
Potenza: 288-313 cv

- Configurazione Design
- Configurazione gomme
- Animazione Porte
- Luci Diurne e vari miglioramenti

Changelog 1.1.0.0:
- Fix Vari Bug
- Nuovi Dettagli
- Nuove Configurazioni Design
- Nuove Configurazioni Gomme
]]>
</it>
    </description>
	<multiplayer supported="true" />
    <iconFilename>icon.dds</iconFilename>
	
	<l10n>
	    <text name="configuration_valueBluePower">
            <en>Blue Power</en>
            <de>Blue Power</de>
			<it>Blue Power</it>
        </text>	
		<text name="configuration_valueFiatPower">
            <en>Fiat Power</en>
            <de>Fiat Power</de>
			<it>Fiat Power</it>
        </text>	
		<text name="configuration_valueBP2">
            <en>Blue Power Design</en>
            <de>Blue Power Design</de>
			<it>Blue Power Design</it>
        </text>	
	</l10n>
	
	<storeItems>
        <storeItem xmlFilename="T7_HD.xml"/>
    </storeItems>

</modDesc>
