<?xml version="1.0" encoding="utf-8" standalone="no" ?>
<sounds xmlns:xsi="http://www.w3.org/2001/XMLSchema-instance" xsi:noNamespaceSchemaLocation="../../../../../shared/xml/schema/vehicle_sounds.xsd">
    <motorized>
        <sounds>
            <motor template="engineMediumVintage" file="$data/vehicles/johnDeere/series7810/sounds/series7810_loop.gls" volumeScale="0.8"/>
            <motor template="indoorCabinRumble" />
            <gearbox template="transmissionMediumVintage" volumeScale="0.4"/>
            <compressedAir template="compressedAir"/>
            <airCompressorRun template="brakeCompressorMedium" />
            <airCompressorStop template="compressedAir"/>
            <gearLeverStart template="gearDisengaged"/>
            <gearLeverEnd template="gearEngaged"/>
            <gearGroupLeverStart template="gearDisengaged"/>
            <gearGroupLeverEnd template="gearEngaged"/>
        </sounds>
    </motorized>

    <lights>
        <sounds>
            <toggleLights template="SWITCH_01"  />
            <turnLight template="SWITCH_TURNLIGHT_JD" />
        </sounds>
    </lights>

    <attacherJoints>
        <sounds>
            <attach template="ATTACH_01" />
            <hydraulic template="defaultHydraulicSound" />
        </sounds>
    </attacherJoints>

    <drivable>
        <sounds>
            <waterSplash template="WATER_SPLASH_01" />
        </sounds>
    </drivable>

    <honk>
        <sound template="HONK_JD6250R" />
    </honk>
</sounds>
