<?xml version="1.0" encoding="utf-8" standalone="no" ?>
<wheel xmlns:xsi="http://www.w3.org/2001/XMLSchema-instance" xsi:noNamespaceSchemaLocation="../../../../../../shared/xml/schema/wheel.xsd">
    <brand>MICHELIN</brand>
    <name>AXIOBIB2</name>
    <default>
        <physics radius="1.082" width="0.65" mass="0.338" tireType="mud" frictionScale="1.60" maxLongStiffness="8" maxLatStiffness="100" maxLatStiffnessLoad="2" />
        <tire filename="$data/shared/wheels/tires/michelin/axioBib2/R42_axioBib2.i3d" nodeLeft="1|0" nodeRight="1|0" maxDeformation="0.11" sideDeformOffset="0.971" isCareWheel="false" tireTrackAtlasIndex="0" />
        <outerRim filename="$data/shared/wheels/rims/rim001.i3d" node="1|0" widthAndDiam="23 42" />
        <innerRim filename="$data/shared/wheels/rims/rim001.i3d" nodeLeft="3|0" nodeRight="3|1" widthAndDiam="23 42" />
    </default>
    <configurations>
        <configuration id="dual" >
            <innerRim filename="-" />
        </configuration>
        <configuration id="jd" >
            <innerRim filename="$data/shared/wheels/rims/rim007.i3d" nodeLeft="1|0" nodeRight="1|1" />
            <additional filename="$data/shared/wheels/weights/weight004.i3d" nodeLeft="0|0" nodeRight="0|1" offset="0.05" scale="0.94 0.94 0.94" mass="1" />
            <additional filename="$data/shared/wheels/weights/weight006.i3d" nodeLeft="0|0" nodeRight="0|1" offset="-0.01" scale="1.10 1.10 1.10" mass="0.3" />
        </configuration>
        <configuration id="weight3" >
            <additional filename="$data/shared/wheels/weights/weight003.i3d" nodeLeft="0|0" nodeRight="0|1" offset="0.05" scale="0.5 0.93 0.93" mass="0.6" />
        </configuration>
		<configuration id="cnh" >
            <innerRim filename="wheels/rimsBack.i3d" nodeLeft="0|0" nodeRight="0|1" />
        </configuration>
    </configurations>
</wheel>
