<?xml version="1.0" encoding="utf-8" standalone="no" ?>
<wheel xmlns:xsi="http://www.w3.org/2001/XMLSchema-instance" xsi:noNamespaceSchemaLocation="../../../../../../shared/xml/schema/wheel.xsd">
    <brand>TRELLEBORG</brand>
    <name>TM800</name>
    <default>
        <physics radius="0.668" width="0.48" mass="0.15" tireType="mud" frictionScale="1.60" maxLongStiffness="21" maxLatStiffness="300" maxLatStiffnessLoad="15" />
        <tire filename="$data/shared/wheels/tires/trelleborg/TM800/R28_TM800.i3d" nodeLeft="1|0" nodeRight="1|0" maxDeformation="0.062" sideDeformOffset="0.955" isCareWheel="false" tireTrackAtlasIndex="0" />
		<outerRim filename="$data/shared/wheels/rims/rim001.i3d" node="1|0" widthAndDiam="15 28" />
        <innerRim filename="wheels/28jant.i3d" nodeLeft="0|0" nodeRight="0|1" scale="1 1.8 1.8" offset="-0.075" />
    </default>
</wheel>
