<?xml version="1.0" encoding="utf-8" standalone="no" ?>
<wheel xmlns:xsi="http://www.w3.org/2001/XMLSchema-instance" xsi:noNamespaceSchemaLocation="../../../../../../shared/xml/schema/wheel.xsd">
    <brand>TRELLEBORG</brand>
    <name>TM700</name>
    <default>
        <physics radius="0.87" width="0.52" mass="0.225" tireType="mud" frictionScale="1.60" maxLongStiffness="21" maxLatStiffness="300" maxLatStiffnessLoad="15" />
        <tire filename="$data/shared/wheels/tires/trelleborg/TM700/R38_TM700.i3d" nodeLeft="2|0" nodeRight="2|0" maxDeformation="0.077" sideDeformOffset="0.965" isCareWheel="false" tireTrackAtlasIndex="0" />
		<outerRim filename="$data/shared/wheels/rims/rim001.i3d" node="0|0" widthAndDiam="16 38" />
        <innerRim filename="wheels/38jant.i3d" nodeLeft="0|0" nodeRight="0|1" scale="1 1.05 1.05" />
    </default>
    <configurations>
        <configuration id="weight3" >
            <additional filename="wheels/weight.i3d" nodeLeft="0|0" nodeRight="0|1" offset="-0.05" scale="1 1 1" mass="0.6" />
        </configuration>
    </configurations>
</wheel>
