<?xml version="1.0" encoding="utf-8" standalone="no"?>
<configuration machineType="bucket" modName="FS22_Hidromek_Pack_CX" typeName="shovel" xmlName="Godet5">
    <terraform>
        <i3d parent="0>8|4" >
            <node x="-1.004" />
            <node x="-0.1" />
            <node x="0.1" />
            <node x="1.004" />
        </i3d>
        <modes>
            <mode>NORMAL</mode>
            <mode>LOWER</mode>
            <mode>FLATTEN</mode>
            <mode>SMOOTH</mode>
        </modes>
    </terraform>
    <collision>
        <i3d parent="0>8|4" >
            <node x="-1.004" />
            <node x="-0.1"  />
            <node x="0.1" />
            <node x="1.004"  />
        </i3d>
    </collision>
    <paint>
        <i3d parent="0>8|4" >
            <node />
        </i3d>
    </paint>
    <discharge>
        <modes>
            <mode>NORMAL</mode>
            <mode>RAISE</mode>
            <mode>FLATTEN</mode>
            <mode>SMOOTH</mode>
            <mode>PAINT</mode>
        </modes>
    </discharge>
</configuration>