<?xml version="1.0" encoding="utf-8" standalone="no" ?>
<wheel xmlns:xsi="http://www.w3.org/2001/XMLSchema-instance" xsi:noNamespaceSchemaLocation="../../../../../../shared/xml/schema/wheel.xsd">
    <brand>MITAS</brand>
    <name>AC 65</name>
    <default>
        <physics radius="0.875" width="0.6" mass="0.251" tireType="mud" frictionScale="1.60" maxLongStiffness="20" maxLatStiffness="800" maxLatStiffnessLoad="9" />
        <tire filename="$data/shared/wheels/tires/mitas/AC65/R38_AC65.i3d" nodeLeft="1|0" nodeRight="1|0" maxDeformation="0.078" isCareWheel="false" tireTrackAtlasIndex="0" />
	    <outerRim filename="$data/shared/wheels/rims/rim001.i3d" node="1|0" widthAndDiam="18 38" /> 
        <innerRim filename="wheels/38jant.i3d" nodeLeft="0|0" nodeRight="0|1" scale="1 0.99 0.99" offset="-0.05" />
    </default>
	  <configurations>
        <configuration id="weight3" >
            <additional filename="wheels/weight.i3d" nodeLeft="0|0" nodeRight="0|1" offset="-0.1" scale="1 1 1" mass="0.2" />
        </configuration>
    </configurations>
</wheel>
