﻿<?xml version="1.0" encoding="utf-8" standalone="no" ?>
<vehicle type="tractor" xmlns:xsi="http://www.w3.org/2001/XMLSchema-instance" xsi:noNamespaceSchemaLocation="../../../../shared/xml/schema/vehicle.xsd">
    <annotation>Copyright (C) GIANTS Software GmbH, All Rights Reserved.</annotation>

    <parentFile xmlFilename="T5.xml">
        <attributes>
            <set path="vehicle.storeData.name" value="T5 DynamicCommand"/>
            <set path="vehicle.base.objectChanges.objectChange(16)#visibilityActive" value="false"/>
			<set path="vehicle.base.objectChanges.objectChange(17)#visibilityActive" value="true"/>
            <set path="vehicle.motorized.motorConfigurations.motorConfiguration(0).transmission#name" value="DynamicCommand™"/>			
			<set path="vehicle.motorized.motorConfigurations.motorConfiguration(0)#name" value="T5.110 DC"/>
			<set path="vehicle.motorized.motorConfigurations.motorConfiguration(1)#name" value="T5.120 DC"/>
			<set path="vehicle.motorized.motorConfigurations.motorConfiguration(2)#name" value="T5.130 DC"/>
			<set path="vehicle.motorized.motorConfigurations.motorConfiguration(3)#name" value="T5.140 DC"/>
			<set path="vehicle.motorized.motorConfigurations.motorConfiguration(4)#name" value="T5.140 DC Tuning"/>
			<set path="vehicle.motorized.motorConfigurations.motorConfiguration(5)#name" value="T5.140 DC Tuning 50"/>
			<set path="vehicle.motorized.motorConfigurations.motorConfiguration(5)#name" value="T5.140 DC Tuning 50"/>
			<!-- Getriebe -->
			<remove path="vehicle.motorized.motorConfigurations.motorConfiguration(0).transmission#minForwardGearRatio"/>
			<remove path="vehicle.motorized.motorConfigurations.motorConfiguration(0).transmission#maxForwardGearRatio"/>
			<remove path="vehicle.motorized.motorConfigurations.motorConfiguration(0).transmission#minBackwardGearRatio"/>
			<remove path="vehicle.motorized.motorConfigurations.motorConfiguration(0).transmission#maxBackwardGearRatio"/>
			<remove path="vehicle.motorized.motorConfigurations.motorConfiguration(5)"/>
			<set path="vehicle.motorized.motorConfigurations.motorConfiguration(0).transmission#autoGearChangeTime" value="0"/>
			<set path="vehicle.motorized.motorConfigurations.motorConfiguration(0).transmission#gearChangeTime" value="0"/>
			<set path="vehicle.motorized.motorConfigurations.motorConfiguration(0).transmission#axleRatio" value="1"/>
			<set path="vehicle.motorized.motorConfigurations.motorConfiguration(0).transmission.directionChange#useGear" value="false"/>
			<set path="vehicle.motorized.motorConfigurations.motorConfiguration(0).transmission.directionChange#useGroup" value="false"/>
			<set path="vehicle.motorized.motorConfigurations.motorConfiguration(0).transmission.directionChange#reverseGroupIndex" value="1"/>
			<set path="vehicle.motorized.motorConfigurations.motorConfiguration(0).transmission.directionChange#ChangeTime" value="0"/>
			<set path="vehicle.motorized.motorConfigurations.motorConfiguration(0).transmission.forwardGear(0)#maxSpeed" value="2.6"/>
			<set path="vehicle.motorized.motorConfigurations.motorConfiguration(0).transmission.forwardGear(0)#name" value="A1"/>
			<set path="vehicle.motorized.motorConfigurations.motorConfiguration(0).transmission.forwardGear(1)#maxSpeed" value="3.2"/>
			<set path="vehicle.motorized.motorConfigurations.motorConfiguration(0).transmission.forwardGear(1)#name" value="A2"/>
			<set path="vehicle.motorized.motorConfigurations.motorConfiguration(0).transmission.forwardGear(2)#maxSpeed" value="3.9"/>
			<set path="vehicle.motorized.motorConfigurations.motorConfiguration(0).transmission.forwardGear(2)#name" value="A3"/>
			<set path="vehicle.motorized.motorConfigurations.motorConfiguration(0).transmission.forwardGear(3)#maxSpeed" value="4.8"/>
			<set path="vehicle.motorized.motorConfigurations.motorConfiguration(0).transmission.forwardGear(3)#name" value="A4"/>
			<set path="vehicle.motorized.motorConfigurations.motorConfiguration(0).transmission.forwardGear(4)#maxSpeed" value="5.9"/>
			<set path="vehicle.motorized.motorConfigurations.motorConfiguration(0).transmission.forwardGear(4)#name" value="A5"/>
			<set path="vehicle.motorized.motorConfigurations.motorConfiguration(0).transmission.forwardGear(5)#maxSpeed" value="7.2"/>
			<set path="vehicle.motorized.motorConfigurations.motorConfiguration(0).transmission.forwardGear(5)#name" value="A6"/>
			<set path="vehicle.motorized.motorConfigurations.motorConfiguration(0).transmission.forwardGear(6)#maxSpeed" value="9.9"/>
			<set path="vehicle.motorized.motorConfigurations.motorConfiguration(0).transmission.forwardGear(6)#name" value="A7"/>
			<set path="vehicle.motorized.motorConfigurations.motorConfiguration(0).transmission.forwardGear(7)#maxSpeed" value="10.9"/>
			<set path="vehicle.motorized.motorConfigurations.motorConfiguration(0).transmission.forwardGear(7)#name" value="A8"/>
			<set path="vehicle.motorized.motorConfigurations.motorConfiguration(0).transmission.forwardGear(8)#maxSpeed" value="4.3"/>
			<set path="vehicle.motorized.motorConfigurations.motorConfiguration(0).transmission.forwardGear(8)#name" value="B1"/>
			<set path="vehicle.motorized.motorConfigurations.motorConfiguration(0).transmission.forwardGear(9)#maxSpeed" value="5.2"/>
			<set path="vehicle.motorized.motorConfigurations.motorConfiguration(0).transmission.forwardGear(9)#name" value="B2"/>
			<set path="vehicle.motorized.motorConfigurations.motorConfiguration(0).transmission.forwardGear(10)#maxSpeed" value="6.5"/>
			<set path="vehicle.motorized.motorConfigurations.motorConfiguration(0).transmission.forwardGear(10)#name" value="B3"/>
			<set path="vehicle.motorized.motorConfigurations.motorConfiguration(0).transmission.forwardGear(11)#maxSpeed" value="7.9"/>
			<set path="vehicle.motorized.motorConfigurations.motorConfiguration(0).transmission.forwardGear(11)#name" value="B4"/>
			<set path="vehicle.motorized.motorConfigurations.motorConfiguration(0).transmission.forwardGear(12)#maxSpeed" value="9.8"/>
			<set path="vehicle.motorized.motorConfigurations.motorConfiguration(0).transmission.forwardGear(12)#name" value="B5"/>
			<set path="vehicle.motorized.motorConfigurations.motorConfiguration(0).transmission.forwardGear(13)#maxSpeed" value="12.0"/>
			<set path="vehicle.motorized.motorConfigurations.motorConfiguration(0).transmission.forwardGear(13)#name" value="B6"/>
			<set path="vehicle.motorized.motorConfigurations.motorConfiguration(0).transmission.forwardGear(14)#maxSpeed" value="14.8"/>
			<set path="vehicle.motorized.motorConfigurations.motorConfiguration(0).transmission.forwardGear(14)#name" value="B7"/>
			<set path="vehicle.motorized.motorConfigurations.motorConfiguration(0).transmission.forwardGear(15)#maxSpeed" value="18.1"/>
			<set path="vehicle.motorized.motorConfigurations.motorConfiguration(0).transmission.forwardGear(15)#name" value="B8"/>
			<set path="vehicle.motorized.motorConfigurations.motorConfiguration(0).transmission.forwardGear(16)#maxSpeed" value="12.4"/>
			<set path="vehicle.motorized.motorConfigurations.motorConfiguration(0).transmission.forwardGear(16)#name" value="C1"/>
			<set path="vehicle.motorized.motorConfigurations.motorConfiguration(0).transmission.forwardGear(17)#maxSpeed" value="15.4"/>
			<set path="vehicle.motorized.motorConfigurations.motorConfiguration(0).transmission.forwardGear(17)#name" value="C2"/>
			<set path="vehicle.motorized.motorConfigurations.motorConfiguration(0).transmission.forwardGear(18)#maxSpeed" value="18.9"/>
			<set path="vehicle.motorized.motorConfigurations.motorConfiguration(0).transmission.forwardGear(18)#name" value="C3"/>
			<set path="vehicle.motorized.motorConfigurations.motorConfiguration(0).transmission.forwardGear(19)#maxSpeed" value="22.2"/>
			<set path="vehicle.motorized.motorConfigurations.motorConfiguration(0).transmission.forwardGear(19)#name" value="C4"/>
			<set path="vehicle.motorized.motorConfigurations.motorConfiguration(0).transmission.forwardGear(20)#maxSwpeed" value="28.5"/>
			<set path="vehicle.motorized.motorConfigurations.motorConfiguration(0).transmission.forwardGear(20)#name" value="C5"/>
			<set path="vehicle.motorized.motorConfigurations.motorConfiguration(0).transmission.forwardGear(21)#maxSpeed" value="34.9"/>
			<set path="vehicle.motorized.motorConfigurations.motorConfiguration(0).transmission.forwardGear(21)#name" value="C6"/>
			<set path="vehicle.motorized.motorConfigurations.motorConfiguration(0).transmission.forwardGear(22)#maxSpeed" value="40.2"/>
			<set path="vehicle.motorized.motorConfigurations.motorConfiguration(0).transmission.forwardGear(22)#name" value="C7"/>
			<set path="vehicle.motorized.motorConfigurations.motorConfiguration(0).transmission.forwardGear(23)#maxSpeed" value="41.5"/>
			<set path="vehicle.motorized.motorConfigurations.motorConfiguration(0).transmission.forwardGear(23)#name" value="C8"/>
         </attributes>
    </parentFile>
    <storeData>
        <vertexBufferMemoryUsage>0</vertexBufferMemoryUsage>
        <indexBufferMemoryUsage>0</indexBufferMemoryUsage>
        <textureMemoryUsage>0</textureMemoryUsage>
        <audioMemoryUsage>0</audioMemoryUsage>
        <instanceVertexBufferMemoryUsage>0</instanceVertexBufferMemoryUsage>
        <instanceIndexBufferMemoryUsage>0</instanceIndexBufferMemoryUsage>
    </storeData>
</vehicle>


