<?xml version="1.0" encoding="utf-8" standalone="no" ?>
<wheel xmlns:xsi="http://www.w3.org/2001/XMLSchema-instance" xsi:noNamespaceSchemaLocation="../../../../../../shared/xml/schema/wheel.xsd">
    <brand>TRELLEBORG</brand>
    <name>TM600</name>
    <default>
        <physics radius="0.805" width="0.38" mass="0.131" tireType="mud" frictionScale="1.60" maxLongStiffness="8" maxLatStiffness="100" maxLatStiffnessLoad="2" />
        <tire filename="$data/shared/wheels/tires/trelleborg/TM600/R38_TM600.i3d" nodeLeft="3|0" nodeRight="3|0" maxDeformation="0.064" sideDeformOffset="0.958" isCareWheel="true" tireTrackAtlasIndex="0" />
    </default>
</wheel>
