<?xml version="1.0" encoding="utf-8" standalone="no" ?>
<wheel xmlns:xsi="http://www.w3.org/2001/XMLSchema-instance" xsi:noNamespaceSchemaLocation="../../../../../../shared/xml/schema/wheel.xsd">
    <brand>CONTINENTAL</brand>
    <name>Tractor85</name>
    <default>
        <physics radius="0.772" width="0.479" mass="0.131" tireType="mud" frictionScale="1.60" maxLongStiffness="8" maxLatStiffness="100" maxLatStiffnessLoad="2" />
        <tire filename="$data/shared/wheels/tires/continental/tractor85/R30_tractor85.i3d" nodeLeft="2|0" nodeRight="2|0" maxDeformation="0.0762" sideDeformOffset="0.963" isCareWheel="false" tireTrackAtlasIndex="0" />
    </default>
    <configurations>
        <configuration id="dual" >
            <innerRim filename="-" />
        </configuration>
        <configuration id="weight3" >
            <additional filename="$data/shared/wheels/weights/weight003.i3d" nodeLeft="0|0" nodeRight="0|1" offset="0.05" scale="0.35 0.68 0.68" mass="0.6" />
        </configuration>
    </configurations>
</wheel>
