<?xml version="1.0" encoding="utf-8" standalone="no" ?>
<wheel>
    <default>
               <!-- Tire data here -->
    </default>
	
               <!-- Copy this to your wheel.xml -->
    <configurations>
        <configuration id="valtraWeight1" >
            <additional filename="wheels/valtraWheelWeight.i3d" nodeLeft="0|0" nodeRight="0|1" offset="0.08" scale="1 1 1" mass="0.08" />
        </configuration>
        <configuration id="valtraWeight2" >
            <additional filename="wheels/valtraWheelWeight.i3d" nodeLeft="1|0" nodeRight="1|1" offset="0.08" scale="1 1 1" mass="0.16" />
        </configuration>
        <configuration id="valtraWeight3" >
            <additional filename="wheels/valtraWheelWeight.i3d" nodeLeft="2|0" nodeRight="2|1" offset="0.08" scale="1 1 1" mass="0.24" />
        </configuration>
        <configuration id="valtraWeight4" >
            <additional filename="wheels/valtraWheelWeight.i3d" nodeLeft="3|0" nodeRight="3|1" offset="0.08" scale="1 1 1" mass="0.32" />
        </configuration>
    </configurations>
</wheel>
