<?xml version="1.0" encoding="utf-8" standalone="no" ?>
<wheel xmlns:xsi="http://www.w3.org/2001/XMLSchema-instance" xsi:noNamespaceSchemaLocation="../../../../../../shared/xml/schema/wheel.xsd">
    <brand>MICHELIN</brand>
    <name>AGRIBIB</name>
    <default>
        <physics radius="0.823" width="0.46" mass="0.189" tireType="mud" frictionScale="1.60" maxLongStiffness="8" maxLatStiffness="100" maxLatStiffnessLoad="2" />
        <tire filename="$data/shared/wheels/tires/michelin/agriBib/R34_agriBib.i3d" nodeLeft="0|0" nodeRight="0|0" maxDeformation="0.078" sideDeformOffset="0.950" isCareWheel="false" tireTrackAtlasIndex="0" />
    </default>
    <configurations>
        <configuration id="dual" >
            <innerRim filename="-" />
        </configuration>
        <configuration id="jd" >
            <outerRim node="0|0" />
            <innerRim filename="$data/shared/wheels/rims/rim006.i3d" nodeLeft="1|0" nodeRight="0|1" />
        </configuration>
        <configuration id="weight1" >
            <additional filename="$data/shared/wheels/weights/weight001.i3d" nodeLeft="0|0" nodeRight="0|1" offset="0.05" scale="0.5 0.65 0.65" mass="0.6" />
        </configuration>
        <configuration id="weight3" >
            <additional filename="$data/shared/wheels/weights/weight003.i3d" nodeLeft="0|0" nodeRight="0|1" offset="0.05" scale="0.35 0.75 0.75" mass="0.6" />
        </configuration>
    </configurations>
</wheel>
