<?xml version="1.0" encoding="utf-8" standalone="no" ?>
<sounds xmlns:xsi="http://www.w3.org/2001/XMLSchema-instance" xsi:noNamespaceSchemaLocation="../../../../../shared/xml/schema/vehicle_sounds.xsd">
    <motorized>
        <sounds>
            <motorStart template="CAR_MOTOR_START"       file="sounds/fiat_8066_start4.wav"     volumeScale="2.8"/>
            <motorStop  template="CAR_MOTOR_STOP"        file="sounds/fiat_8066_stop3.wav"      volumeScale="2.8"/>
            <motor      template="CAR_MOTOR_IDLE"        file="sounds/fiat_8066_idle_loop6.wav" volumeScale="3.8"/>
            <motor      template="CAR_MOTOR_OFFLOAD_RUN" file="sounds/fiat_8066_run_loop4.wav"  volumeScale="5.0"/>
            <motor      template="CAR_MOTOR_ONLOAD_RUN"  file="sounds/fiat_8066_run_loop5.wav" volumeScale="3.0"/>
            <gearbox template="transmissionMedium"       file="data/sounds/vehicles/transmission/transmissionLoop.ogg" pitchScale="0.8"  volumeScale="0.1"/>
            <gearGroupLeverStart template="gearDisengaged"/>
            <gearGroupLeverEnd template="gearEngaged"/>
            <gearLeverStart template="gearDisengaged"/>
            <gearLeverEnd template="gearEngaged"/>
            <compressedAir template="compressedAir-" file="sounds/fiat_8066_brakeOld3.ogg" volumeScale="3.0"/>
            <airCompressorRun template="brakeCompressorSmall-" file="sounds/fiat_8066_brakeOld3.ogg" volumeScale="3.0"/>
            <airCompressorStop template="compressedAir-" file="sounds/fiat_8066_brakeOld3.ogg" volumeScale="3.0"/>
        </sounds>
    </motorized>



  <!-- Youtube= HüdaiAydın , Tiktok=hudai.aydin (Abone Mabone oluver be knk,modu indirmişin o kadar bak ne güzel kullanıyorsun abone ol da benim de yüzüm gülsün) -->



    <lights>
        <sounds>
            <toggleLights template="SWITCH_01"  />
            <turnLight template="SWITCH_TURNLIGHT"  />
        </sounds>
    </lights>

    <attacherJoints>
        <sounds>
            <attach template="ATTACH_01" />
            <hydraulic template="defaultHydraulicSound" />
        </sounds>
    </attacherJoints>

    <drivable>
        <sounds>
            <waterSplash template="WATER_SPLASH_01" />
        </sounds>
    </drivable>

    <honk>
        <sound template="hornDefault" file="sounds/fiat_8066_honk.wav"     volumeScale="4.8"/> />
    </honk>
</sounds>
