﻿<?xml version="1.0" encoding="utf-8" standalone="no" ?>
<modDesc descVersion="64">
    <author>KZmodding, v1 convert Starlexs</author>
    <version>1.0.0.0</version>
    <title>
        <en>Lizard Tur Plow</en>
    </title>
    <description><en>
<![CDATA[Lizard Tur 

- Base Price: 14000 $
- Working Width: 2.1 m
- 5li option - width: 2.5 m
- Needed Power: 110 hp

Main color configuration.
]]></en>
<de>
<![CDATA[Lizard Tur

- Basispreis: 14000 €
- Arbeitsbreite: 2.1 m
- 5li Option - Breite: 2.5 m
- Leistungsbedarf: 110 PS

Hauptfarbe konfigurierbar
]]></de>
<fr>
<![CDATA[Lizard Tur

- Prix de base: 14000 €
- Largeur de travail: 2.1 m
- Option 5li - largeur: 2.5 m
- Puissance nécessaire: 110 CV

Configuration de la couleur principale
]]></fr>
</description>
    <iconFilename>TexTure/icon_Tur.dds</iconFilename>
    <multiplayer supported="true"/>
    <storeItems>
        <storeItem xmlFilename="TurPlow.xml"/>
    </storeItems>
</modDesc>
