﻿<?xml version="1.0" encoding="utf-8" standalone="no" ?>
<vehicle type="plow">
    <annotation>Copyright (C) GIANTS Software GmbH, All Rights Reserved.</annotation>
    <storeData>
        <name>
            <en>Tur Plow</en></name>
        <specs>
            <neededPower>110</neededPower>
            <workingWidth>2.1</workingWidth>
        </specs>
        <functions>
            <function>$l10n_function_plow</function>
        </functions>
        <image>TexTure/store_Tur.png</image>
        <price>14000</price>
        <lifetime>600</lifetime>
        <rotation>0</rotation>
        <brand>LIZARD</brand>
        <category>plows</category>
        <vertexBufferMemoryUsage>2154304</vertexBufferMemoryUsage>
        <indexBufferMemoryUsage>342360</indexBufferMemoryUsage>
        <textureMemoryUsage>15379496</textureMemoryUsage>
        <instanceVertexBufferMemoryUsage>0</instanceVertexBufferMemoryUsage>
        <instanceIndexBufferMemoryUsage>0</instanceIndexBufferMemoryUsage>
    </storeData>
    <base>
        <typeDesc>$l10n_typeDesc_plow</typeDesc>
        <filename>TurPlow.i3d</filename>
        <size width="4" length="6.5" widthOffset="1" lengthOffset="-2.5"/>
        <speedLimit value="12"/>
        <components>
            <component centerOfMass="0.0 0.3 -1.6" solverIterationCount="10" mass="1740"/>
        </components>
       <schemaOverlay attacherJointPosition="0 0" name="IMPLEMENT" />
        <mapHotspot type="TOOL" />
    </base>
	<designConfigurations>
		<designConfiguration name="Standart">
			<objectChange node="0>0|1|0|0|0|11" visibilityActive="false"/>
		</designConfiguration>
		<designConfiguration name="5.option" price="1400">
			<objectChange node="0>0|1|0|0|0|1|2" translationActive="1.72599995 -0.09341842 -5.03419876" translationInactive="1.19099998 -0.09341842 -3.86494303"/>
			<objectChange node="0>0|1|0|0|0|6" translationActive="0.60399997 -0.93606162 -1.97056246" translationInactive="0.15000001 -0.93606198 -1.10107005"/>
		</designConfiguration>
	</designConfigurations>
	
	<wheels>
        <wheelConfigurations>
            <wheelConfiguration name="$l10n_configuration_valueDefault" price="0">
                <wheels hasSurfaceSounds="false">
                    <wheel filename="$data/shared/wheels/tires/trelleborg/AW305/260_70R16.xml" isLeft="true">
                        <physics restLoad="0.6" repr="0>0|1|0|0|0|6|1|0|0" useReprDirection="true" forcePointRatio="0.2" initialCompression="50" suspTravel="0.05" spring="25" damper="30" rotationDamping="0.006"/>
                    </wheel>
                </wheels>
            </wheelConfiguration>
        </wheelConfigurations>
    </wheels>

    <powerConsumer forceNode="TurPlow_main_component1" maxForce="60"/>
    <groundReferenceNodes>
        <groundReferenceNode node="groundReferneceNode01" threshold="0.05"/>
        <groundReferenceNode node="groundReferenceNode02" threshold="0.3" depthNode="0>0|1|0|0|0|3|1"/>
        <groundReferenceNode node="groundReferenceNode03" threshold="0.3" depthNode="0>0|1|0|0|0|3|3"/>
    </groundReferenceNodes>
    <workAreas>
        <workArea type="plow" functionName="processPlowArea">
            <area startNode="start" widthNode="width" heightNode="height"/>
            <groundReferenceNode index="1"/>
        </workArea>
    </workAreas>
   <workParticles>
        <particleAnimation>
            <node node="0>0|1|0|0|0|3|0|0" refNodeIndex="2" materialType="SOIL"/>
            <node node="0>0|1|0|0|0|11|0" refNodeIndex="2" materialType="SOIL"/>
            <node node="0>0|1|0|0|0|3|2|0" refNodeIndex="3" materialType="SOIL"/>
            <node node="0>0|1|0|0|0|11|1" refNodeIndex="3" materialType="SOIL"/>
        </particleAnimation>
        <particle>
            <node node="0>0|1|0|0|0|3|0|1" refNodeIndex="2" particleType="SOIL_SMOKE"/>
            <node node="0>0|1|0|0|0|3|0|2" refNodeIndex="2" particleType="SOIL"/>
            <node node="0>0|1|0|0|0|3|0|3" refNodeIndex="2" particleType="SOIL_CHUNKS" worldSpace="false"/>
            <node node="0>0|1|0|0|0|3|2|1" refNodeIndex="3" particleType="SOIL_SMOKE"/>
            <node node="0>0|1|0|0|0|3|2|2" refNodeIndex="3" particleType="SOIL"/>
            <node node="0>0|1|0|0|0|3|2|3" refNodeIndex="3" particleType="SOIL_CHUNKS" worldSpace="false"/>
        </particle>
    </workParticles>
    <attachable allowFoldingWhileLowered="false">
        <inputAttacherJoints>
            <inputAttacherJoint node="attacherJoint" jointType="implement" topReferenceNode="topReferenceNode" upperRotationOffset="12">
                <distanceToGround lower="0.4" upper="1.8"/>
            </inputAttacherJoint>
        </inputAttacherJoints>
        <support animationName="moveSupport"/>
    </attachable>
    <animations>
        <!-- move wheel down/up -->
        <animation name="rotatePlow">
            <!-- rotation -->
            <part node="0>0|1|0" startTime="1.0" endTime="6.0" startRot="0 0 0" endRot="0 0 -180"/>
            <part node="0>0|1|0|0|0|6|1" startTime="3.0" endTime="5.0" startRot="1 0 0" endRot="43 0 0"/>
			<part node="0>0|1|0|0|0|6|1|0"    startTime="3.0" endTime="5.0"   startRot="-10 0 0" endRot="150.9980011 0 0" />
			<part node="foliageBendingNode" startTime="1.0" endTime="6.0"   startRot="0 0 0" endRot="0 0 -180" />
        </animation>
        <!-- move support wheel down/up -->
        <animation name="moveSupport">
            <part node="leftSlidingCollision" startTime="0" endTime="0.75" startTrans="0 -0.3 0" endTrans="0 0 0"/>
            <part node="rightSlidingCollision" startTime="0" endTime="0.75" startTrans="0 0.3 0" endTrans="0 0 0"/>
            <part node="support" startTime="0" endTime="0.3" startRot="90 0 0" endRot="0 0 0"/>
        </animation>
    </animations>
    <cylindered>
        <movingTools>
            <!-- rotPart -->
            <movingTool node="0>0|1|0" wheelIndices="1">
                <dependentPart node="0>0|5|0"/>
            </movingTool>
        </movingTools>
        <movingParts isActiveDirty="true" maxUpdateDistance="40">
	    <movingPart node="0>0|5|0" referencePoint="0>0|1|0|1" referenceFrame="0>0|6" >
            <translatingPart node="0>0|5|0|0" />
        </movingPart>
        </movingParts>

    </cylindered>
    <plow>
        <rotationPart turnAnimationName="rotatePlow"/>
        <sounds>
            <turn template="DEFAULT_PLOW_TURN" linkNode="TurPlow_main_component1"/>
            <work template="DEFAULT_PLOW_WORK" linkNode="TurPlow_main_component1"/>
        </sounds>
    </plow>
	
	<connectionHoses>
        <hose inputAttacherJointIndices="1" type="hydraulicIn" node="0>0|5|0|1" length="1" diameter="0.02" straighteningFactor="0.5">
            <objectChange node="0>0|5|0|1|0" visibilityActive="false" visibilityInactive="true"/>
        </hose>
		<hose inputAttacherJointIndices="1" type="hydraulicOut" node="0>0|5|0|2" length="1" diameter="0.02" straighteningFactor="0.5">
            <objectChange node="0>0|5|0|2|0" visibilityActive="false" visibilityInactive="true"/>
        </hose>
    </connectionHoses>
	
    <ai>
        <needsLowering value="true"/>
        <collisionTrigger node="aiCollisionTrigger"/>
        <areaMarkers leftNode="areaMarkerLeft" rightNode="areaMarkerRight" backNode="areaMarkerBack"/>
        <sizeMarkers leftNode="sizeMarkerLeft" rightNode="sizeMarkerRight" backNode="sizeMarkerBack"/>
        <hasNoFullCoverageArea value="true"/>
		  <agentAttachment width="2.5" height="2" length="3.5" lengthOffset="-0.2" />
    </ai>
    <foliageBending>
        <bendingNode minX="-0.75" maxX="0.75" minZ="-0.7" maxZ="5.0" yOffset="-0.4" node="foliageBendingNode"/>
    </foliageBending>
	
	<baseMaterial>
        <material name="Tur_mat" baseNode="TurPlow_vis">
            <shaderParameter name="colorMat0" value="0 0.127 0 0"/>
        </material>
		<material name="Tur_Mat" baseNode="0>0|1|0">
            <shaderParameter name="colorMat0" value="0 0.127 0 0"/>
        </material>
		<material name="Tur_Matt" baseNode="0>0|1|0|0|0|6|0">
            <shaderParameter name="colorMat1" value="0 0.127 0 0"/>
        </material>
		<material name="Tur_mat1" baseNode="0>0|1|0">
            <shaderParameter name="colorMat2" value="0.492 0.001 0.001 0"/>
        </material>
		<material name="Tur_mat2" baseNode="0>0|1|0|0|0|6|0">
            <shaderParameter name="colorMat2" value="0.492 0.001 0.001 0"/>
        </material>
		<material name="piston1" baseNode="0>0|5|0">
            <shaderParameter name="colorMat2" value="0.492 0.001 0.001 0"/>
        </material>
    </baseMaterial>
    <baseMaterialConfigurations price="100" useDefaultColors="true" defaultColorIndex="0">
        <baseMaterialConfiguration color="0 0.127 0 0"/>
        <material name="Tur_mat" shaderParameter="colorMat0"/>
        <material name="Tur_Mat" shaderParameter="colorMat0"/>
        <material name="Tur_Matt" shaderParameter="colorMat1"/>
    </baseMaterialConfigurations>
	
	<designMaterialConfigurations price="200" useDefaultColors="true" defaultColorIndex="0">
        <designMaterialConfiguration color="0.492 0.001 0.001 0"/>
        <material name="Tur_mat1" shaderParameter="colorMat2"/>
        <material name="Tur_mat2" shaderParameter="colorMat2"/>
        <material name="piston1" shaderParameter="colorMat2"/>
    </designMaterialConfigurations>
	
    <wearable wearDuration="480" workMultiplier="5" fieldMultiplier="2"/>
    <washable dirtDuration="90" washDuration="1" workMultiplier="3" fieldMultiplier="2"/>
    <i3dMappings>
        <i3dMapping id="TurPlow_main_component1" node="0>"/>
        <i3dMapping id="TurPlow_vis" node="0>0"/>
        <i3dMapping id="attacherJoint" node="0>0|0"/>
        <i3dMapping id="topReferenceNode" node="0>0|0|0"/>
        <i3dMapping id="start" node="0>0|1|0|0|0|1|0"/>
        <i3dMapping id="width" node="0>0|1|0|0|0|1|1"/>
        <i3dMapping id="height" node="0>0|1|0|0|0|1|2"/>
        <i3dMapping id="groundReferenceNode02" node="0>0|1|0|0|0|1|3"/>
        <i3dMapping id="groundReferenceNode03" node="0>0|1|0|0|0|1|5"/>
        <i3dMapping id="areaMarkerLeft" node="0>0|1|0|0|0|2|0|0"/>
        <i3dMapping id="areaMarkerRight" node="0>0|1|0|0|0|2|0|1"/>
        <i3dMapping id="areaMarkerBack" node="0>0|1|0|0|0|2|0|2"/>
        <i3dMapping id="sizeMarkerLeft" node="0>0|1|0|0|0|2|1|0"/>
        <i3dMapping id="sizeMarkerRight" node="0>0|1|0|0|0|2|1|1"/>
        <i3dMapping id="sizeMarkerBack" node="0>0|1|0|0|0|2|1|2"/>
        <i3dMapping id="aiCollisionTrigger" node="0>0|1|0|0|0|2|2"/>
        <i3dMapping id="support" node="0>0|4"/>
        <i3dMapping id="leftSlidingCollision" node="0>0|1|0|0|0|7|0"/>
        <i3dMapping id="rightSlidingCollision" node="0>0|1|0|0|0|7|1"/>
        <i3dMapping id="foliageBendingNode" node="0>0|1|0|0|0|8"/>
        <i3dMapping id="groundReferneceNode01" node="0>0|2|0"/>
    </i3dMappings>
</vehicle>
