<?xml version="1.0" encoding="utf-8" standalone="no" ?>
<modDesc descVersion="61">
    <author>Rigby</author>
    <version>1.0.0.0</version>
    <title>
        <en>ONAL TARIM</en>
    </title>
    <description>
        <tr>
<![CDATA[
BU MO ONAL TARIM MARKASI OLAN TEK DİNGİL 5TON RÖMORKTUR YAPIMCISI İSE MEHMET EMİN KAHRAMANDIR NAMRIDEĞER RİGBY
-Configuration des d�calcomanies
]]>
        </tr>
    </description>
	<vehicleTypes>
		<type name="ONAL1" parent="trailer" className="Vehicle" filename="$dataS/scripts/vehicles/Vehicle.lua">
            <specialization name="baleLoader"/>
        </type>
    </vehicleTypes>
	
    <iconFilename>store_onal.dds</iconFilename>
    <multiplayer supported="true" />
    <storeItems>
        <storeItem xmlFilename="onal.xml"/>
    </storeItems>
	<brands>
        <brand name="RIGBY" title="RIGBY" image="logo.png"/>
    </brands>
</modDesc>
