<?xml version="1.0" encoding="utf-8" standalone="no" ?>
<vehicle type="ONAL1">
    <annotation>BU MOD MEHMET EMİN KAHRAMAN TARAFINDAN YAPILMIŞTIR</annotation>

    <storeData>
        <name>ONAL TARIM</name>
        <functions>
            <function>$l10n_function_tipper</function>
        </functions>
        <image>store_onal.dds</image>
        <price>5700</price>
        <lifetime>600</lifetime>
        <rotation>0</rotation>
        <brand>RIGBY</brand>
        <category>trailers</category>
        <vertexBufferMemoryUsage>714104</vertexBufferMemoryUsage>
        <indexBufferMemoryUsage>114120</indexBufferMemoryUsage>
        <textureMemoryUsage>3146104</textureMemoryUsage>
        <instanceVertexBufferMemoryUsage>0</instanceVertexBufferMemoryUsage>
        <instanceIndexBufferMemoryUsage>0</instanceIndexBufferMemoryUsage>
    </storeData>
	<base>
        <typeDesc>$l10n_typeDesc_tipper</typeDesc>
         <filename>ONAL.i3d</filename>
        <size width="1.8" length="5"/>
        <components>
            <component centerOfMass="0 0 0"  solverIterationCount="10" mass="2080" />
        </components>
        <schemaOverlay attacherJointPosition="0 0">
            <default name="DEFAULT_IMPLEMENT"/>
            <selected name="DEFAULT_IMPLEMENT_SELECTED"/>
        </schemaOverlay>
    </base>
	<wheels>
        <wheelConfigurations>
            <wheelConfiguration name="$l10n_configuration_valueDefault" price="0" brand="LIZARD">
                <wheels>
                    <wheel filename="wheels/wheels.xml" isLeft="true" hasTireTracks="true" hasParticles="true" >
                        <physics tipOcclusionAreaGroupId="1" restLoad="1.1" repr="0>0|0|0"  forcePointRatio="0.5" initialCompression="20" suspTravel="0.20" spring="22" damper="50" />
                    </wheel>
                    <wheel filename="wheels/wheels.xml" isLeft="false" hasTireTracks="true" hasParticles="true" >
                        <physics tipOcclusionAreaGroupId="1" restLoad="1.1" repr="0>0|0|1" forcePointRatio="0.5" initialCompression="20" suspTravel="0.20" spring="22" damper="50" />
                    </wheel>
                </wheels>
            </wheelConfiguration>
        </wheelConfigurations>
    </wheels>
    <attachable>
        <inputAttacherJoints>
            <inputAttacherJoint node="0>0|2|0" jointType="trailerLow" attacherHeight="0.285"/>
        </inputAttacherJoints>
        <support animationName="moveSupport" />
        <brakeForce>0.1</brakeForce>
    </attachable>

	<connectionHoses>
        <hose inputAttacherJointIndices="1" type="hydraulicIn"  node="0>0|2|2"  length="1" diameter="0.021" >
           <objectChange node="0>0|2|1" visibilityActive="false" visibilityInactive="true"/>
        </hose>
    </connectionHoses>
	
	<lights>
        <states>
            <state lightTypes="0"/>
            <state lightTypes="0 1 "/>
        </states>
        <realLights>
            <low>
                <light node="0>0|1|1|0" lightTypes="0" excludedLightTypes="3"/>
                <light node="0>0|1|1|1" lightTypes="0"/>
            </low>
            <high>
                <light node="0>0|1|1|4" lightTypes="0"/>
				<light node="0>0|1|3|0" lightTypes="0"/>
                <light node="0>0|1|1|2" lightTypes="0" excludedLightTypes="3"/>
                <light node="0>0|1|1|3" lightTypes="0"/>
                <brakeLight node="0>0|1|3|0"/>
                <turnLightLeft node="0>0|1|2|0"/>
                <turnLightRight node="0>0|1|2|1"/>
				<reverseLight node="0>0|1|1|5"/>
            </high>
        </realLights>
        <defaultLights>
            <defaultLight shaderNode="0>0|6|0|0" lightTypes="0"/>
			<defaultLight shaderNode="0>0|6|1|0" lightTypes="0"/>
        </defaultLights>
        <brakeLights>
            <brakeLight shaderNode="0>0|6|1|1"/>
            <brakeLight shaderNode="0>0|6|0|1"/>
        </brakeLights>
        <turnLights>
            <turnLightLeft shaderNode="0>0|6|0|2"/>
			<turnLightRight shaderNode="0>0|6|1|2"/>
        </turnLights>
    </lights>
	
    <animations>	
        <animation name="tipAnimationBack">
            <part node="0>0|5|0|2|0|0|6"        startTime="0.3" endTime="0.75" startRot="0 0 0" endRot="160 0 0" />
            <part node="0>0|5|0|2"        startTime="1" endTime="6" startRot="0 0 0" endRot="-27 0 0" />
			<part node="0>0|7|0|0"        startTime="1" endTime="6" startTrans="0 0 0" endTrans="0 0 0.291" />
			<part node="0>0|7|0|0|0"        startTime="1" endTime="6" startTrans="0 0 0" endTrans="0 0 0.291" />
			<part node="0>0|7|0|0|0|0"        startTime="1" endTime="6" startTrans="0 0 0" endTrans="0 0 0.291" />
			<part node="0>0|7|0|0|0|0|0"        startTime="1" endTime="6" startTrans="0 0 0" endTrans="0 0 0.291" />
			<part node="0>0|7|0|0|0|0|0|0"        startTime="1" endTime="6" startTrans="0 0 0" endTrans="0 0 0.217" />
        </animation>
         <animation name="moveSupport">
			 <part node="0>0|10|0|2" startTime="0" duration="0.15" startTrans="0 0.366 0" endTrans="0 0 0" />
        </animation>
		<animation name="s1">
            <part node="0>0|5|0|2|0|0|8"        startTime="0.3" endTime="0.75" startRot="0 0 0" endRot="0 0 170" />
        </animation>
		<animation name="s2">
            <part node="0>0|5|0|2|0|0|9"        startTime="0.3" endTime="0.75" startRot="0 0 0" endRot="0 0 170" />
        </animation>
		<animation name="sa1">
            <part node="0>0|5|0|2|0|0|10"        startTime="0.3" endTime="0.75" startRot="0 0 0" endRot="0 0 -170" />
        </animation>
		<animation name="sa2">
            <part node="0>0|5|0|2|0|0|11"        startTime="0.3" endTime="0.75" startRot="0 0 0" endRot="0 0 -170" />
        </animation>
		<animation name="arka">
            <part node="0>0|5|0|2|0|0|6"        startTime="0.3" endTime="0.75" startRot="0 0 0" endRot="165 0 0" />
        </animation>
		<animation name="bale">
			<part node="0>0|9"        startTime="1" endTime="6" startTrans="0 0 0" endTrans="8.913 0 0" />
        </animation>
    </animations>
	
	<simpleIC outsideInteractionTrigger="0>0|8" reachDistance="3" >
		<animation animationName="s1" animationSpeed="1" sharedAnimation="false" >
			<outsideTrigger triggerPoint="0>0|5|0|2|0|0|8|1" triggerPointSize="0.03" />
		</animation>
		<animation animationName="s2" animationSpeed="1" sharedAnimation="false" >
			<outsideTrigger triggerPoint="0>0|5|0|2|0|0|9|1" triggerPointSize="0.03" />
		</animation>
		<animation animationName="sa1" animationSpeed="1" sharedAnimation="false" >
			<outsideTrigger triggerPoint="0>0|5|0|2|0|0|11|1" triggerPointSize="0.03" />
		</animation>
		<animation animationName="sa2" animationSpeed="1" sharedAnimation="false" >
			<outsideTrigger triggerPoint="0>0|5|0|2|0|0|10|1" triggerPointSize="0.03" />
		</animation>
		<animation animationName="arka" animationSpeed="1" sharedAnimation="false" >
			<outsideTrigger triggerPoint="0>0|5|0|2|0|0|6|1" triggerPointSize="0.03" />
		</animation>
	</simpleIC>
	
    <cylindered>
	<movingTools>
			<movingTool node="0>0|9">
                <controls axis="AXIS_CRANE_ARM2" invertAxis="true" mouseSpeedFactor="0.8" iconName="TOP_DOOR_ROTATE" />
                <animation animSpeed="0.8" animAcceleration="200" animName="bale" />
            </movingTool>
        </movingTools>
		
        <sounds>
            <hydraulic template="DEFAULT_HYDRAULIC_SOUND" linkNode="0>"/>
        </sounds>
    </cylindered>
	
	<fillRootNode node="0>" />
    <fillMassNode node="0>" />
    <supportsFillTriggers value="true" />
	
    <fillUnit>
        <fillUnitConfigurations>
             <fillUnitConfiguration name="İLAVELİ" price="0" params="2500" >
                <fillUnits>
                    <fillUnit unit="$l10n_unit_literShort" fillTypeCategories="bulk" capacity="6500" >
                        <exactFillRootNode node="0>0|1|1|9" />
                        <autoAimTargetNode node="0>0|1|1|10" startZ="0.9" endZ="-2.8" invert="false" fillUnitIndex="1" startPercentage="25"/>
                    </fillUnit>
                </fillUnits>
				<objectChange node="0>0|5|0|2|0|0|5" visibilityActive="true"/> 	
            </fillUnitConfiguration>
			<fillUnitConfiguration name="BALYA" price="0" params="2500" >
                <fillUnits>
                    <fillUnit capacity="203" fillTypes="squareBale" showInShop="true" showOnHud="true" unit="$l10n_unit_bale" updateMass="false">
                        <exactFillRootNode node="0>0|1|1|9" />
                        <autoAimTargetNode node="0>0|1|1|10" startZ="0.9" endZ="-2.8" invert="false" fillUnitIndex="1" startPercentage="25"/>
                    </fillUnit>
                </fillUnits>
				<objectChange node="0>0|5|0|2|0|0|5" visibilityActive="false"/> 	
				<objectChange node="0>0|5|0|2|0|1|3" visibilityActive="false"/> 	
            </fillUnitConfiguration>
		</fillUnitConfigurations>
    </fillUnit>
	
	<baleLoader>
        <texts lowerPlattform="action_baleloaderTransportPosition"/>
        <grabber grabNode="0>0|9|0" triggerNode="0>0|9|1" pickupRange="10" transportPositionAfterUnloading="true">
            <grabParticleSystem disableDuration="0" position="0 0.5 0" rotation="0 0 0" file="$data/particleSystems/shared/threshingStrawParticles.i3d"/>
        </grabber>
        <balePlaces startBalePlace="0>0|9|9">
             <balePlace node="0>0|9|8"/>
        </balePlaces>
        <baleTypes>
            <baleType width="0.45" height="0.35" length="1.2" mixedFillTypes="false"/>
        </baleTypes>
    </baleLoader>
	
    <fillVolume>
        <fillVolumeConfigurations>
            <fillVolumeConfiguration>
                <volumes>
					<volume node="0>0|5|0|2|0|1|3" maxDelta="0.2" maxAllowedHeapAngle="18" fillUnitIndex="1" />
                </volumes>
            </fillVolumeConfiguration>
        </fillVolumeConfigurations>

        <unloadInfos>
            <unloadInfo>
                <node node="0>0|1|1|6|0|1" width="1.5" length="1.0" />
            </unloadInfo>
        </unloadInfos>
    </fillVolume>


    <trailer>
        <trailerConfigurations>
            <trailerConfiguration>
                <trailer>
                    <tipSide name="$l10n_info_tipSideBack" dischargeNodeIndex="1" unloadInfoIndex="1">
                        <animation name="tipAnimationBack" speedScale="1.0" startTipTime="0.1" />
                    </tipSide>
                </trailer>
            </trailerConfiguration>
        </trailerConfigurations>
    </trailer>
	
	<tensionBelts>
        <tensionBeltsConfigurations>
            <tensionBeltsConfiguration>
                <tensionBelts linkNode="0>0|8" jointNode="0>" width="0.075" maxEdgeLength="0.1" geometryBias="0.01" ratchetPosition="0.2" defaultOffset="-0.25" defaultOffsetSide="0.1" defaultHeight="2.75" interactionRadius="1.5" totalInteractionRadius="6.5" activationTrigger="0>10|4">
                    <tensionBelt startNode="0>0|5|0|2|0|2|0" endNode="0>0|5|0|2|0|2|0|0" offsetLeft="0.95"/>
                    <tensionBelt startNode="0>0|5|0|2|0|2|1" endNode="0>0|5|0|2|0|2|1|0"/>
					<tensionBelt startNode="0>0|5|0|2|0|2|2" endNode="0>0|5|0|2|0|2|2|0"/>
					<tensionBelt startNode="0>0|5|0|2|0|2|3" endNode="0>0|5|0|2|0|2|3|0"/>
					<tensionBelt startNode="0>0|5|0|2|0|2|4" endNode="0>0|5|0|2|0|2|4|0"/>
                </tensionBelts>
            </tensionBeltsConfiguration>
        </tensionBeltsConfigurations>
    </tensionBelts>
	
    <dischargeable>
        <dischargeNode node="0>0|1|4|0" emptySpeed="256" fillUnitIndex="1" unloadInfoIndex="1" >
            <info width="1.1" length="0.5" zOffset="-1" />
            <effects>
                <effectNode effectClass="TipEffect">
                    <effectNode effectNode="0>0|1|1|5|0|1|0" effectClass="ParticleEffect" extraDistance="1"/>
                    <effectNode effectNode="0>0|1|1|5|0|0|0" materialType="unloading" materialTypeId="1" fadeTime="0.5" extraDistance="0.1" extraDistanceNode="0>1|1|7|0"/>
                </effectNode>
                <effectNode effectNode="0>0|1|1|5|0|0|1" materialType="smoke" materialTypeId="1" fadeTime="0.5" />
            </effects>
        </dischargeNode>
    </dischargeable>
	
	
    <ai>
        <allowTurnBackward value="false"/>
        <turningRadiusLimitation radius="7"/>
    </ai>
	
    <wearable wearDuration="480" workMultiplier="5" fieldMultiplier="2"/>
    <washable dirtDuration="90" washDuration="1" workMultiplier="3" fieldMultiplier="2"/>
	
</vehicle>