<?xml version="1.0" encoding="utf-8" standalone="no" ?>
<wheel xmlns:xsi="http://www.w3.org/2001/XMLSchema-instance" xsi:noNamespaceSchemaLocation="../../../../../../shared/xml/schema/wheel.xsd">
    <brand>BKT</brand>
    <name>AGRIMAX V-FLECTO</name>
    <default>
        <physics radius="0.859" width="0.65" mass="0.28" tireType="mud" frictionScale="1.60" maxLongStiffness="10" maxLatStiffness="120" maxLatStiffnessLoad="2" />
        <tire filename="$data/shared/wheels/tires/bkt/agrimaxVFlecto/R38_agrimaxVFlecto.i3d" nodeLeft="2|0" nodeRight="2|0" maxDeformation="0.087" sideDeformOffset="0.998" isCareWheel="false" tireTrackAtlasIndex="0" />
        <outerRim filename="$data/shared/wheels/rims/rim001.i3d" node="1|0" widthAndDiam="23 38" />
        <innerRim filename="$data/shared/wheels/rims/rim001.i3d" nodeLeft="3|0" nodeRight="3|1" widthAndDiam="23 38" />
    </default>
    <configurations>
        <configuration id="dual" >
            <innerRim filename="-" />
        </configuration>
        <configuration id="rim3" >
            <innerRim filename="$data/shared/wheels/rims/rim003.i3d" nodeLeft="1|1" nodeRight="1|0" />
        </configuration>
        <configuration id="weight3" >
            <additional filename="$data/shared/wheels/weights/weight003.i3d" nodeLeft="0|0" nodeRight="0|1" offset="0.05" scale="0.5 0.83 0.83" mass="0.6" />
        </configuration>
		<configuration id="cnh" >
            <innerRim filename="$data/shared/wheels/rims/rim006.i3d" nodeLeft="1|1" nodeRight="1|0" />
        </configuration>
    </configurations>
</wheel>
