﻿<?xml version="1.0" encoding="utf-8" standalone="no" ?>
<vehicle type="ERKUNT">
    <annotation>Copyright (C) GIANTS Software GmbH, All Rights Reserved.</annotation>
    <storeData>
        <name>            <en>Servet 85Plus</en>
        </name>
        <specs>
            <power>85</power>
            <maxSpeed>40</maxSpeed>
        </specs>
        <functions>
            <function>$l10n_function_tractor</function>
            <function>$l10n_function_tractorFrontloader</function>
        </functions>
        <image>store_Kudret.png</image>
        <price>42000</price>
        <lifetime>600</lifetime>
        <rotation>0</rotation>
        <brand>LIZARD</brand>
        <category>tractorsS</category>
        <shopTranslationOffset>0 -0.13 0</shopTranslationOffset>
        <shopRotationOffset>-1 0 0</shopRotationOffset>
    </storeData>
    <base>
        <typeDesc>$l10n_typeDesc_tractor</typeDesc>
        <filename>1104.i3d</filename>
		<sounds filename="sounds/uzaykasa.xml" volumeFactor="1.7"/>
        <size width="2.5" length="5" lengthOffset="-0.5"/>
        <components>
            <component centerOfMass="0 0.8 -0.4" solverIterationCount="20" mass="2150"/>
            <component centerOfMass="0 0.0 0" solverIterationCount="20" mass="1500"/>
            <joint component1="1" component2="2" node="frontAxisComponentJoint" rotLimit="0 0 10" transLimit="0 0 0" rotLimitSpring="0 0 0" rotLimitDamping="0 0 20"/>
        </components>
        <schemaOverlay attacherJointPosition="0 0">
            <default name="DEFAULT_VEHICLE"/>
            <turnedOn name="DEFAULT_VEHICLE_ON"/>
            <selected name="DEFAULT_VEHICLE_SELECTED"/>
            <turnedOnSelected name="DEFAULT_VEHICLE_SELECTED_ON"/>
        </schemaOverlay>
    </base>
	
	<designConfigurations title="Çamurluk">
		<designConfiguration name="Boş" price="0">
			<objectChange node="0>3|0|18" visibilityActive="false"/>
			<objectChange node="0>3|0|19" visibilityActive="false"/>
        </designConfiguration>       
		<designConfiguration name="Çamurluk" price="0">
			<objectChange node="0>3|0|18" visibilityActive="true"/>
			<objectChange node="0>3|0|19" visibilityActive="true"/>
        </designConfiguration>
	</designConfigurations>
	
	<licensePlates>
        <licensePlate node="0>3|0|16" position="FRONT" preferedType="SQUARISH" placementArea="1 1 1"/>
        <licensePlate node="0>3|0|17" position="BACK" preferedType="ELONGATED" placementArea="1 1 1"/>
    </licensePlates>
	
    <wheels>
        <wheelConfigurations>
            <wheelConfiguration name="TRELLEBORG STANDART" price="500">
                <wheels autoRotateBackSpeed="2.2">
                    <wheel filename="wheel/380_85R24.xml" isLeft="true" hasTireTracks="true" hasParticles="true">
                        <physics rotSpeed="1" restLoad="1.4" repr="wheelFrontLeftAxis" driveNode="wheelFrontLeft" forcePointRatio="0.5" initialCompression="25" suspTravel="0.13" spring="40" damper="20"/>
						<steering node="steeringBar" nodeMinTransX="0.1" nodeMaxTransX="-0.1"/>
                        <fender node="fenderFrontLeft" rotMax="23"/>
                    </wheel>
                    <wheel filename="wheel/380_85R24.xml" isLeft="false" hasTireTracks="true" hasParticles="true">
                        <physics rotSpeed="1" restLoad="1.4" repr="wheelFrontRightAxis" driveNode="wheelFrontRight" forcePointRatio="0.5" initialCompression="25" suspTravel="0.13" spring="40" damper="20"/>
						<fender node="fenderFrontRight" rotMin="-23"/>
                    </wheel>
                    <wheel filename="wheel/460_85R30.xml" isLeft="true" hasTireTracks="true" hasParticles="true">
                        <physics rotSpeed="0" restLoad="0.8" repr="wheelBackLeft" forcePointRatio="0.5" initialCompression="20" suspTravel="0.2" spring="40" damper="50"/>
                    </wheel>
                    <wheel filename="wheel/460_85R30.xml" isLeft="false" hasTireTracks="true" hasParticles="true">
                        <physics rotSpeed="0" restLoad="0.8" repr="wheelBackRight" forcePointRatio="0.5" initialCompression="20" suspTravel="0.2" spring="40" damper="50"/>
                    </wheel>
                    <foliageBendingModifier index="1" minX="-1" maxX="1"/>
                    <foliageBendingModifier index="2" minX="-1.07" maxX="1.07"/>
                </wheels>
				<objectChange node="wheelFrontLeftAxis" 			scaleActive="0.92 1.05 1.05" />
				<objectChange node="wheelFrontRightAxis" 			scaleActive="0.92 1.05 1.05" />
				
				<objectChange node="wheelBackLeft" 				scaleActive="1.01 1.06 1.06" />
				<objectChange node="wheelBackRight" 			scaleActive="1.01 1.06 1.06" />
            </wheelConfiguration>
			<wheelConfiguration name="TRELLEBORG STANDART AGR" price="500">
                <wheels autoRotateBackSpeed="2.2">
                    <wheel filename="wheel/380_85R24.xml" isLeft="true" hasTireTracks="true" hasParticles="true">
                        <physics rotSpeed="1" restLoad="1.4" repr="wheelFrontLeftAxis" driveNode="wheelFrontLeft" forcePointRatio="0.5" initialCompression="25" suspTravel="0.13" spring="40" damper="20"/>
						<steering node="steeringBar" nodeMinTransX="0.1" nodeMaxTransX="-0.1"/>
                        <fender node="fenderFrontLeft" rotMax="23"/>
                    </wheel>
                    <wheel filename="wheel/380_85R24.xml" isLeft="false" hasTireTracks="true" hasParticles="true">
                        <physics rotSpeed="1" restLoad="1.4" repr="wheelFrontRightAxis" driveNode="wheelFrontRight" forcePointRatio="0.5" initialCompression="25" suspTravel="0.13" spring="40" damper="20"/>
						<fender node="fenderFrontRight" rotMin="-23"/>
                    </wheel>
                    <wheel filename="wheel/460_85R30.xml" configId="weight3" isLeft="true" hasTireTracks="true" hasParticles="true">
                        <physics rotSpeed="0" restLoad="0.8" repr="wheelBackLeft" forcePointRatio="0.5" initialCompression="20" suspTravel="0.2" spring="40" damper="50"/>
                    </wheel>
                    <wheel filename="wheel/460_85R30.xml" configId="weight3" isLeft="false" hasTireTracks="true" hasParticles="true">
                        <physics rotSpeed="0" restLoad="0.8" repr="wheelBackRight" forcePointRatio="0.5" initialCompression="20" suspTravel="0.2" spring="40" damper="50"/>
                    </wheel>
                    <foliageBendingModifier index="1" minX="-1" maxX="1"/>
                    <foliageBendingModifier index="2" minX="-1.07" maxX="1.07"/>
                </wheels>
				<objectChange node="wheelFrontLeftAxis" 			scaleActive="0.92 1.05 1.05" />
				<objectChange node="wheelFrontRightAxis" 			scaleActive="0.92 1.05 1.05" />
				
				<objectChange node="wheelBackLeft" 				scaleActive="1.01 1.06 1.06" />
				<objectChange node="wheelBackRight" 			scaleActive="1.01 1.06 1.06" />
            </wheelConfiguration>
			<wheelConfiguration name="TRELLEBORG INCE" price="500">
                <wheels autoRotateBackSpeed="2.2">
                    <wheel filename="wheel/320_85R24.xml" isLeft="true" hasTireTracks="true" hasParticles="true">
                        <physics rotSpeed="1" restLoad="1.4" repr="wheelFrontLeftAxis" driveNode="wheelFrontLeft" forcePointRatio="0.5" initialCompression="25" suspTravel="0.13" spring="40" damper="20"/>
						<steering node="steeringBar" nodeMinTransX="0.1" nodeMaxTransX="-0.1"/>
                        <fender node="fenderFrontLeft" rotMax="23"/>
                    </wheel>
                    <wheel filename="wheel/320_85R24.xml" isLeft="false" hasTireTracks="true" hasParticles="true">
                        <physics rotSpeed="1" restLoad="1.4" repr="wheelFrontRightAxis" driveNode="wheelFrontRight" forcePointRatio="0.5" initialCompression="25" suspTravel="0.13" spring="40" damper="20"/>
						<fender node="fenderFrontRight" rotMin="-23"/>
                    </wheel>
                    <wheel filename="wheel/340_85R38.xml" isLeft="true" hasTireTracks="true" hasParticles="true">
                        <physics rotSpeed="0" restLoad="0.8" repr="wheelBackLeft" forcePointRatio="0.5" initialCompression="20" suspTravel="0.2" spring="40" damper="50"/>
                    </wheel>
                    <wheel filename="wheel/340_85R38.xml" isLeft="false" hasTireTracks="true" hasParticles="true">
                        <physics rotSpeed="0" restLoad="0.8" repr="wheelBackRight" forcePointRatio="0.5" initialCompression="20" suspTravel="0.2" spring="40" damper="50"/>
                    </wheel>
                    <foliageBendingModifier index="1" minX="-1" maxX="1"/>
                    <foliageBendingModifier index="2" minX="-1.07" maxX="1.07"/>
                </wheels>
				<objectChange node="wheelFrontLeftAxis" 			scaleActive="0.92 1.05 1.05" />
				<objectChange node="wheelFrontRightAxis" 			scaleActive="0.92 1.05 1.05" />
				
				<objectChange node="wheelBackLeft" 				scaleActive="1.01 1.06 1.06" />
				<objectChange node="wheelBackRight" 			scaleActive="1.01 1.06 1.06" />
            </wheelConfiguration>
			<wheelConfiguration name="TRELLEBORG INCE AGR" price="500">
                <wheels autoRotateBackSpeed="2.2">
                    <wheel filename="wheel/320_85R24.xml" isLeft="true" hasTireTracks="true" hasParticles="true">
                        <physics rotSpeed="1" restLoad="1.4" repr="wheelFrontLeftAxis" driveNode="wheelFrontLeft" forcePointRatio="0.5" initialCompression="25" suspTravel="0.13" spring="40" damper="20"/>
						<steering node="steeringBar" nodeMinTransX="0.1" nodeMaxTransX="-0.1"/>
                        <fender node="fenderFrontLeft" rotMax="23"/>
                    </wheel>
                    <wheel filename="wheel/320_85R24.xml" isLeft="false" hasTireTracks="true" hasParticles="true">
                        <physics rotSpeed="1" restLoad="1.4" repr="wheelFrontRightAxis" driveNode="wheelFrontRight" forcePointRatio="0.5" initialCompression="25" suspTravel="0.13" spring="40" damper="20"/>
						<fender node="fenderFrontRight" rotMin="-23"/>
                    </wheel>
                    <wheel filename="wheel/340_85R38.xml" configId="weight3" isLeft="true" hasTireTracks="true" hasParticles="true">
                        <physics rotSpeed="0" restLoad="0.8" repr="wheelBackLeft" forcePointRatio="0.5" initialCompression="20" suspTravel="0.2" spring="40" damper="50"/>
                    </wheel>
                    <wheel filename="wheel/340_85R38.xml" configId="weight3" isLeft="false" hasTireTracks="true" hasParticles="true">
                        <physics rotSpeed="0" restLoad="0.8" repr="wheelBackRight" forcePointRatio="0.5" initialCompression="20" suspTravel="0.2" spring="40" damper="50"/>
                    </wheel>
                    <foliageBendingModifier index="1" minX="-1" maxX="1"/>
                    <foliageBendingModifier index="2" minX="-1.07" maxX="1.07"/>
                </wheels>
				<objectChange node="wheelFrontLeftAxis" 			scaleActive="0.92 1.05 1.05" />
				<objectChange node="wheelFrontRightAxis" 			scaleActive="0.92 1.05 1.05" />
				
				<objectChange node="wheelBackLeft" 				scaleActive="1.01 1.06 1.06" />
				<objectChange node="wheelBackRight" 			scaleActive="1.01 1.06 1.06" />
            </wheelConfiguration>
        </wheelConfigurations>
        <hubs>
            <color0>ARMATRAC_GREY1</color0>
            <color1>SHARED_GREY1</color1>
            <hub linkNode="wheelFrontLeft"  filename="$data/shared/wheels/hubs/hub_n8_1.xml" isLeft="true"  scale="0.285 0.25 0.25" />
            <hub linkNode="wheelFrontRight" filename="$data/shared/wheels/hubs/hub_n8_1.xml" isLeft="false" scale="0.285 0.25 0.25" />
            <hub linkNode="wheelBackLeft" filename="$data/shared/wheels/hubs/hub_n10_14.xml" isLeft="true" scale="0.3 0.25 0.25"/>
            <hub linkNode="wheelBackRight" filename="$data/shared/wheels/hubs/hub_n10_14.xml" isLeft="false" scale="0.3 0.25 0.25"/>
        </hubs>
        <ackermannSteeringConfigurations>
            <ackermannSteering rotSpeed="40" rotMax="42" rotCenterWheel1="3" rotCenterWheel2="4"/>
        </ackermannSteeringConfigurations>
    </wheels>
    <speedRotatingParts>
        <speedRotatingPart node="driveShaft" wheelIndex="1" wheelScale="3"/>
    </speedRotatingParts>
    <lights>
        <sharedLight linkNode="workingLightCircle_01_01" node="0" lightTypes="2" filename="$data/shared/assets/lights/lizard/workingLightCircle_01.xml"/>
        <sharedLight linkNode="workingLightCircle_01_02" node="0" lightTypes="2" filename="$data/shared/assets/lights/lizard/workingLightCircle_01.xml"/>
        <sharedLight linkNode="frontLightOval_01Right" node="0" lightTypes="0 3" filename="$data/shared/assets/lights/lizard/frontLightOval_01_right.xml"/>
        <sharedLight linkNode="frontLightOval_01Left" node="0" lightTypes="0 3" filename="$data/shared/assets/lights/lizard/frontLightOval_01_left.xml"/>
        <sharedLight linkNode="rear2ChamberLight_06Right" node="0" filename="$data/shared/assets/lights/lizard/rear2ChamberLight_06_right.xml"/>
        <sharedLight linkNode="rear2ChamberLight_06Left" node="0" filename="$data/shared/assets/lights/lizard/rear2ChamberLight_06_left.xml"/>
        <sharedLight linkNode="workingLightOval_01Right01" node="0" lightTypes="1" filename="$data/shared/assets/lights/lizard/workingLightOval_01_right.xml"/>
        <sharedLight linkNode="workingLightOval_01Right02" node="0" lightTypes="2" filename="$data/shared/assets/lights/lizard/workingLightOval_01_right.xml"/>
        <sharedLight linkNode="workingLightOval_01Left01" node="0" lightTypes="1" filename="$data/shared/assets/lights/lizard/workingLightOval_01_left.xml"/>
        <sharedLight linkNode="workingLightOval_01Left02" node="0" lightTypes="2" filename="$data/shared/assets/lights/lizard/workingLightOval_01_left.xml"/>
        <states>
            <state lightTypes="0"/>
            <state lightTypes="0 1"/>
            <state lightTypes="0 1 2"/>
        </states>
        <realLights>
            <low>
                <light node="frontLightLow" lightTypes="0" excludedLightTypes="2 3"/>
                <light node="workLightBackLow" lightTypes="1"/>
                <light node="workLightFrontLow" lightTypes="2"/>
                <light node="highBeamLow" lightTypes="3"/>
				<light node="0>3|0|9|11" lightTypes="0"/>
            </low>
            <high>
                <light node="frontLightHigh" lightTypes="0" excludedLightTypes="2 3"/>
                <light node="workLightBackHigh" lightTypes="1"/>
                <light node="workLightFrontHigh" lightTypes="2"/>
                <light node="highBeamHigh" lightTypes="3"/>
                <light node="backLightsHigh" lightTypes="0"/>
                <brakeLight node="backLightsHigh"/>
                <turnLightLeft node="turnLightLeftFront"/>
                <turnLightRight node="turnLightRightFront"/>
				<light node="0>3|0|9|11" lightTypes="0"/>
            </high>
        </realLights>
        <defaultLights>
            <defaultLight shaderNode="0>8|13|5" lightTypes="0 3"/>
			<defaultLight shaderNode="0>3|0|2|0|2|0|0|0" lightTypes="2"/>
			<defaultLight shaderNode="0>3|0|2|0|3|0|0|0" lightTypes="2"/>
			<defaultLight shaderNode="0>3|0|2|0|6|0|1" lightTypes="0 3"/>
			<defaultLight shaderNode="0>3|0|2|0|7|0|1" lightTypes="0 3"/>
			<defaultLight shaderNode="0>3|0|2|0|8|0|0|0" lightTypes="1"/>
			<defaultLight shaderNode="0>3|0|2|0|9|0|0|0" lightTypes="2"/>
			<defaultLight shaderNode="0>3|0|2|0|10|0|0|0" lightTypes="1"/>
			<defaultLight shaderNode="0>3|0|2|0|11|0|0|0" lightTypes="2"/>
			<defaultLight shaderNode="0>3|0|9|9|0" lightTypes="0"/>
        </defaultLights>
		
		<brakeLights>
            <brakeLight shaderNode="0>3|0|2|0|7|0|1" />
			<brakeLight shaderNode="0>3|0|2|0|6|0|1" />
        </brakeLights>
		
		<turnLights>
            <turnLightLeft  shaderNode="0>3|0|2|0|6|0|0"  />
            <turnLightRight shaderNode="0>3|0|2|0|7|0|0" />
			<turnLightLeft  shaderNode="turnLightLeftGlass_static_wide"  />
            <turnLightRight shaderNode="turnLightRightGlass_static_wide" />
        </turnLights>
		
        <beaconLights>
            <beaconLight node="0>3|0|2|1" filename="$data/shared/assets/beaconLights/lizard/beaconLight07.xml"/>
			<beaconLight node="0>3|0|15|0|1" intensity="50" multiBlink="true">
                <realLight node="realLightStrobe"/>
                <device mode="DOUBLE_BLINK_TRIPLE_WAIT" rpm="75" numLEDScale="1" brightnessScale="1"/>
            </beaconLight>  
			<beaconLight node="0>3|0|15|1|1" intensity="50" multiBlink="true">
                <realLight node="realLightStrobe"/>
                <device mode="DOUBLE_BLINK_TRIPLE_WAIT" rpm="75" numLEDScale="1" brightnessScale="1"/>
            </beaconLight>  
			<beaconLight node="0>3|0|15|2|1" intensity="50" multiBlink="true">
                <realLight node="realLightStrobe"/>
                <device mode="DOUBLE_BLINK_TRIPLE_WAIT" rpm="75" numLEDScale="1" brightnessScale="1"/>
            </beaconLight>  
			<beaconLight node="0>3|0|15|3|1" intensity="65" multiBlink="true">
                <realLight node="realLightStrobe"/>
                <device mode="DOUBLE_BLINK_TRIPLE_WAIT" rpm="75" numLEDScale="1" brightnessScale="1"/>
            </beaconLight>  
			<beaconLight node="0>3|0|15|4|1" intensity="65" multiBlink="true">
                <realLight node="realLightStrobe"/>
                <device mode="DOUBLE_BLINK_TRIPLE_WAIT" rpm="75" numLEDScale="1" brightnessScale="1"/>
            </beaconLight>  
			<beaconLight node="0>3|0|15|5|1" intensity="65" multiBlink="true">
                <realLight node="realLightStrobe"/>
                <device mode="DOUBLE_BLINK_TRIPLE_WAIT" rpm="75" numLEDScale="1" brightnessScale="1"/>
            </beaconLight>  
        </beaconLights>
        <sounds>
            <switchLight template="SWITCH_01" linkNode="trac1104_main_component1"/>
            <turnLight template="SWITCH_TURNLIGHT" linkNode="trac1104_main_component1"/>
        </sounds>
        <dashboards>
            <dashboard displayType="EMITTER" valueType="lightState" node="cabinDecalLight" intensity="0.03" lightTypes="0" groups="MOTOR_ACTIVE"/>
            <dashboard displayType="EMITTER" valueType="lightState" node="decalStickerLight" lightTypes="0" baseColor="GREY" emitColor="GREY" groups="MOTOR_ACTIVE"/>
            <dashboard displayType="EMITTER" valueType="lightState" node="decalStickerWorklight" lightTypes="1 2" baseColor="GREY" emitColor="GREY" groups="MOTOR_ACTIVE"/>
            <dashboard displayType="EMITTER" valueType="turnLightHazard" node="decalStickerHazardlight" baseColor="GREY" emitColor="RED" intensity="4" groups="MOTOR_ACTIVE"/>
            <dashboard displayType="emitter" valueType="turnLightLeft" node="decalStickerTurnLeft" baseColor="GREY" emitColor="GREEN" groups="MOTOR_ACTIVE"/>
            <dashboard displayType="EMITTER" valueType="turnLightRight" node="decalStickerTurnRight" baseColor="GREY" emitColor="GREEN" groups="MOTOR_ACTIVE"/>
        </dashboards>
    </lights>
    <attacherJoints comboDuration="0">
        <attacherJoint node="attacherJointBack" lowerRotationOffset="0.36" upperRotationOffset="0.36" moveTime="2.5" comboTime="1">
            <distanceToGround lower="0.43" upper="1.15"/>
            <rotationNode node="attacherJointBackRot" lowerRotation="-11 0 0" upperRotation="30 0 0"/>
            <rotationNode2 node="attacherJointBackRot2"/>
            <bottomArm rotationNode="attacherJointBackArmBottom" translationNode="attacherJointBackArmBottomLink" referenceNode="referencePointBackBottom" zScale="-1" startRotation="-10 0 0"/>
            <topArm baseNode="attacherJointBackArmTop" filename="$data/shared/assets/upperLinks/walterscheid03.i3d" zScale="-1" color="SHARED_GREY5"/>
            <schema position="1 0" rotation="0" invertX="false"/>
            <objectChange node="trailerAttacherNode" visibilityActive="false" visibilityInactive="true"/>
            <objectChange node="trailerLowNode" visibilityActive="false" visibilityInactive="true"/>
        </attacherJoint>
        <attacherJoint node="trailerAttacherJointBack" jointType="trailer" lowerRotLimit="10 50 50" upperRotRotationOffset="0" allowsJointLimitMovement="false" comboTime="1">
            <distanceToGround lower="0.51" upper="1.09"/>
            <transNode node="trailerAttacherNode" minY="0.367" maxY="0.947" height="0.3"/>
            <schema position="1 0" rotation="0" invertX="false"/>
            <objectChange node="trailerLowNode" visibilityActive="false" visibilityInactive="true"/>
        </attacherJoint>
        <attacherJoint node="trailerAttacherJointBackLow" jointType="trailerLow" lowerRotLimit="10 50 50" lowerTransLimit="0 0 0" upperRotRotationOffset="0" allowsJointLimitMovement="false" comboTime="1">
            <distanceToGround lower="0.51" upper="1.03"/>
            <transNode node="trailerLowNode" minY="0.37" maxY="0.89" height="0.2"/>
            <schema position="1 0" rotation="0" invertX="false"/>
            <objectChange node="attacherJointBackArmBottom" rotationActive="30 0 0" rotationInactive="-17 0 0"/>
            <objectChange node="trailerAttacherNode" visibilityActive="false" visibilityInactive="true"/>
            <steeringBars leftNode="trailerLowSteeringBarLeftRef" rightNode="trailerLowSteeringBarRightRef"/>
        </attacherJoint>
        <attacherJoint node="trailerAttacherJointFront" jointType="trailer" lowerRotLimit="10 50 50" lowerTransLimit="0 0 0" upperRotRotationOffset="0" allowsJointLimitMovement="false" comboTime="0">
            <schema position="1 0" rotation="0" invertX="true"/>
        </attacherJoint>
        <sounds>
            <attach template="ATTACH_01" linkNode="trac1104_main_component1"/>
            <hydraulic template="DEFAULT_HYDRAULIC_SOUND" linkNode="trac1104_main_component1"/>
        </sounds>
    </attacherJoints>
    <powerTakeOffs>
        <output attacherJointIndices="1 2 3" outputNode="ptoOutputBack"/>
    </powerTakeOffs>
    <connectionHoses>
        <target attacherJointIndices="1 2 3" type="hydraulicIn" node="hydraulicIn01"/>
        <target attacherJointIndices="1 2 3" type="hydraulicOut" node="hydraulicOut01"/>
        <target attacherJointIndices="1 2 3" type="hydraulicIn" node="hydraulicIn02"/>
        <target attacherJointIndices="1 2 3" type="hydraulicOut" node="hydraulicOut02"/>
        <target attacherJointIndices="1 2 3" type="hydraulicIn" node="hydraulicIn03"/>
        <target attacherJointIndices="1 2 3" type="hydraulicOut" node="hydraulicOut03"/>
        <target attacherJointIndices="1 2 3" type="hydraulicIn" node="hydraulicIn04"/>
        <target attacherJointIndices="1 2 3" type="hydraulicOut" node="hydraulicOut04"/>
        <target attacherJointIndices="1 2 3" type="airDoubleRed" node="airDoubleOrange" socket="air_red"/>
        <target attacherJointIndices="1 2 3" type="airDoubleYellow" node="airDoubleYellow" socket="air_yellow"/>
        <target attacherJointIndices="1 2 3" type="electric" node="electricBack" socket="electric"/>
    </connectionHoses>
    <enterable isTabbable="true">
        <enterReferenceNode node="trac1104_main_component1"/>
        <exitPoint node="exitPoint"/>
        <cameras>
            <camera node="outdoorCamera" rotatable="true" rotateNode="outdoorCameraTarget" limit="true" useWorldXZRotation="true" rotMinX="-1.4" rotMaxX="1" transMin="4" transMax="40" translation="0 0 5" rotation="-20 180 0">
                <raycastNode node="cameraRaycastNode1"/>
                <raycastNode node="cameraRaycastNode2"/>
            </camera>
            <camera node="indoorCamera" rotatable="true" limit="true" rotMinX="-1.1" rotMaxX="0.4" transMin="0" transMax="0" useMirror="true" isInside="true" shadowFocusBox="shadowFocusBox"/>
        </cameras>
        <characterNode node="playerSkin" cameraMinDistance="1.5" spineRotation="-90 0 90">
            <target ikChain="leftFoot" targetNode="playerLeftFootTarget"/>
            <target ikChain="rightFoot" targetNode="playerRightFootTarget"/>
            <target ikChain="leftArm" targetNode="playerLeftHandTarget"/>
            <target ikChain="rightArm" targetNode="playerRightHandTarget"/>
        </characterNode>
        <characterTargetNodeModifier node="playerRightFootTarget" transitionTime="0.1">
            <state node="playerRightFootTargetGas" referenceNode="gasPedal" directionReferenceNode="playerRightFootTargetGasRef"/>
            <state node="playerRightFootTargetBrake" referenceNode="brakePedal"/>
        </characterTargetNodeModifier>
		<characterTargetNodeModifier node="playerLeftFootTarget" transitionTime="0.1">
            <state node="playerLeftFootTargetClutch" referenceNode="clutchPedal"/>
        </characterTargetNodeModifier>
		<characterTargetNodeModifier node="playerRightHandTarget" transitionTime="0.2">
            <state node="playerRightHandTargetDirection" referenceNode="directionStick"/>
        </characterTargetNodeModifier>
        <mirrors>
            <mirror node="mirrorRight" prio="1"/>
            <mirror node="mirrorLeft" prio="1"/>
            <mirror node="mirrorRightSmall" prio="2"/>
            <mirror node="mirrorInterior" prio="2"/>
        </mirrors>
        <dashboards>
            <dashboard displayType="NUMBER" valueType="operatingTime" numbers="numbersOperatingTime" precision="1" groups="MOTOR_ACTIVE"/>
        </dashboards>
    </enterable>
    <motorized>
        <consumerConfigurations>
            <consumerConfiguration>
                <consumer fillUnitIndex="1" usage="33" fillType="diesel"/>
                <!-- usage is per hour at max load and max rpm -->
                <consumer fillUnitIndex="2" usage="200" fillType="air" permanentConsumption="false" refillLitersPerSecond="250" refillCapacityPercentage="0.5"/>
                <!-- usage per second at full brake power -->
            </consumerConfiguration>
        </consumerConfigurations>
        <differentialConfigurations>
            <differentialConfiguration>
                <differentials>
                    <differential torqueRatio="0.5" maxSpeedRatio="1.8" wheelIndex1="1" wheelIndex2="2"/>
                    <!-- front left-right -->
                    <differential torqueRatio="0.5" maxSpeedRatio="1.8" wheelIndex1="3" wheelIndex2="4"/>
                    <!-- back left-right -->
                    <differential torqueRatio="0.5" maxSpeedRatio="1.8" differentialIndex1="1" differentialIndex2="2"/>
                    <!-- front-back -->
                </differentials>
            </differentialConfiguration>
        </differentialConfigurations>
        <motorConfigurations>
            <motorConfiguration hp="105">
                <motor torqueScale="0.7" minRpm="850" maxRpm="2200" maxForwardSpeed="43" maxBackwardSpeed="15" brakeForce="3" lowBrakeForceScale="0.22">
                    <torque normRpm="0.65" torque="0.9"/>
                    <torque normRpm="0.6" torque="0.97"/>
                    <torque normRpm="0.69" torque="1"/>
                    <torque normRpm="0.72" torque="1"/>
                    <torque normRpm="0.86" torque="0.88"/>
                    <torque normRpm="1" torque="0.72"/>
                </motor>
                <transmission minForwardGearRatio="19.2" maxForwardGearRatio="300" minBackwardGearRatio="57" maxBackwardGearRatio="300"/>
            </motorConfiguration>
        </motorConfigurations>
        <exhaustEffects>
            <exhaustEffect node="exhaustParticleLinkNode" filename="$data/particleSystems/shared/exhaust.i3d" minRpmColor="0.9 0.9 0.9 0.1" maxRpmColor="0.9 0.9 0.9 0.4" minRpmScale="0.05" maxRpmScale="0.5" xzRotationsOffset="-180 0" xzRotationsForward="0 300" xzRotationsBackward="150 0" xzRotationsLeft="20 80" xzRotationsRight="40 -200"/>
        </exhaustEffects>
        <motorStartDuration>3000</motorStartDuration>
        <animationNodes>
            <animationNode node="airFilterCleaner" rotSpeed="400" rotAxis="2" turnOnFadeTime="2" turnOffFadeTime="4"/>
        </animationNodes>
        <dashboards>
            <dashboard displayType="ANIMATION" valueType="rpm" animName="rpmNeedle" minValueAnim="0" maxValueAnim="3000" groups="MOTOR_ACTIVE"/>
            <dashboard displayType="ANIMATION" valueType="motorTemperature" animName="temperatureNeedle" minValueAnim="40" maxValueAnim="120" doInterpolation="true" interpolationSpeed="0.3" groups="MOTOR_ACTIVE"/>
        </dashboards>
        <sounds externalSoundFile="sounds/uzaykasa.xml"/>
    </motorized>
    <drivable>
        <sounds>
            <waterSplash template="WATER_SPLASH_01" linkNode="trac1104_main_component1"/>
        </sounds>
        <steeringWheel node="steeringWheel" indoorRotation="540" outdoorRotation="50"/>
        <dashboards>
            <dashboard displayType="ROT" valueType="accelerationAxis" node="gasPedal" minRot="0 0 0" maxRot="-10 0 0" doInterpolation="true" groups="MOTOR_ACTIVE"/>
            <dashboard displayType="ROT" valueType="decelerationAxis" node="brakePedal" minRot="0 0 0" maxRot="-11 0 0" doInterpolation="true" groups="MOTOR_ACTIVE"/>
			<dashboard displayType="ROT" valueType="accelerationAxis" node="clutchPedal" minRot="-10 0 0" maxRot="0 0 0" doInterpolation="true" groups="MOTOR_ACTIVE"/>
			<dashboard displayType="ROT" valueType="movingDirection" node="directionStick" minRot="-10 0 0" maxRot="10 0 0" doInterpolation="true" interpolationSpeed="0.01" groups="MOTOR_ACTIVE"/>
        </dashboards>
    </drivable>
    <animations>
        <animation name="rpmNeedle">
            <part node="indoorHudRPMNeedle" startTime="0.0" endTime="1.0" startRot="0 0 0" endRot="0 0 230"/>
        </animation>
        <animation name="temperatureNeedle">
            <part node="indoorHudTemperatureNeedle" startTime="0.0" endTime="1.0" startRot="0 0 0" endRot="0 0 87"/>
        </animation>
        <animation name="fuelNeedle">
            <part node="indoorHudFuelNeedle" startTime="0.0" endTime="1.0" startRot="0 0 0" endRot="0 0 79.5"/>
        </animation>
		<animation name="LeftDoorOpening">
            <part node="leftDoor_vis" startTime="0" endTime="1.5" startRot="0 0 0" endRot="0 60 0" />			
		</animation>
		<animation name="backWindowOpening">
			<part node="backWindow_vis" startTime="0" endTime="1.5" startRot="0 0 0" endRot="60 0 0" />
        </animation>
		<animation name="backWindowOpening">
			<part node="backWindow_vis" startTime="0" endTime="1.5" startRot="0 0 0" endRot="60 0 0" />
        </animation>
		<animation name="Kaput">
			<part node="0>8|13" startTime="0" endTime="1.5" startRot="0 0 0" endRot="-45 0 0" />
        </animation>
    </animations>
	<simpleIC outsideInteractionTrigger="0>11">											
        <animation animationName="LeftDoorOpening" animationSpeed="1" sharedAnimation="false">				
			<outsideTrigger triggerPoint="0>3|0|10|0|0|4" triggerPointSize="0.05"/>												
		</animation>
		<animation animationName="LeftDoorOpening" animationSpeed="1" sharedAnimation="false">				
			<insideTrigger triggerPoint="0>3|0|10|0|0|5" triggerPointSize="0.05"/>												
		</animation>
		<animation animationName="backWindowOpening" animationSpeed="1" sharedAnimation="false">				
			<insideTrigger triggerPoint="0>3|0|10|1|0|6" triggerPointSize="0.05"/>												
		</animation>
		<animation animationName="Kaput" animationSpeed="1" sharedAnimation="false">				
			<outsideTrigger triggerPoint="0>8|13|7" triggerPointSize="0.05"/>												
		</animation>
    </simpleIC>
    <cylindered>
        <movingTools>
            <movingTool node="attacherJointBackArmBottom">
                <dependentPart node="mainArm"/>
            </movingTool>
			<movingTool node="leftDoor_vis">
                <controls axis="AXIS_CRANE_TOOL3" invertAxis="true" mouseSpeedFactor="0.8" iconName="TOP_DOOR_ROTATE" />
                <animation animSpeed="0.8" animAcceleration="200" animName="LeftDoorOpening" />
				<dependentPart node="cylinderDoor"/>
            </movingTool>
			<movingTool node="backWindow_vis">
                <controls axis="AXIS_FRONTLOADER_ARM2" invertAxis="true" mouseSpeedFactor="0.8" iconName="TOP_DOOR_ROTATE" />
                <animation animSpeed="0.8" animAcceleration="200" animName="backWindowOpening" />
				<dependentPart node="cylinderLeft"/>
				<dependentPart node="cylinderRight"/>
            </movingTool>
        </movingTools>
        <movingParts>
            <movingPart node="steeringBarRight" referencePoint="steeringBarRightRef" referenceFrame="steeringBarRightRef" scaleZ="true" isActiveDirty="true"/>
            <movingPart node="steeringBarLeft" referencePoint="steeringBarLeftRef" referenceFrame="steeringBarLeftRef" scaleZ="true" isActiveDirty="true"/>
            <movingPart node="mainArm" referencePoint="mainArmRef" localReferencePoint="mainArmPart" referenceFrame="attacherJointBackRot">
                <dependentPart node="mainArmPart"/>
            </movingPart>
            <movingPart node="mainArmPart" referencePoint="mainArmRef" referenceFrame="mainArmRef">
                <dependentPart node="mainArmHydraulic"/>
                <dependentPart node="bottomLinkLeft"/>
                <dependentPart node="bottomLinkRight"/>
            </movingPart>
            <movingPart node="mainArmHydraulic" referencePoint="mainArmHydraulicRef" referenceFrame="mainArmHydraulicRef">
                <translatingPart node="mainArmHydraulicPunch"/>
            </movingPart>
            <movingPart node="bottomLinkLeft" referencePoint="bottomLinkLeftRef" referenceFrame="bottomLinkLeftRef"/>
            <movingPart node="bottomLinkRight" referencePoint="bottomLinkRightRef" referenceFrame="bottomLinkRightRef"/>
			<movingPart node="cylinderLeft" referencePoint="cylinderLeftRef" referenceFrame="cylinderLeftRef">
                <translatingPart node="punchLeft"/>
            </movingPart>
			<movingPart node="cylinderRight" referencePoint="cylinderRightRef" referenceFrame="cylinderRightRef">
                <translatingPart node="punchRight"/>
            </movingPart>
			<movingPart node="cylinderDoor" referencePoint="cylinderDoorRef" referenceFrame="cylinderDoorRef">
                <translatingPart node="punchDoor"/>
            </movingPart>
        </movingParts>
        <sounds>
            <hydraulic template="DEFAULT_HYDRAULIC_SOUND" linkNode="trac1104_main_component1"/>
        </sounds>
    </cylindered>
    <wipers>
        <wiper animName="wiperFrontAnimation">
            <state animSpeed="1.0" animPause="2.0"/>
            <state animSpeed="1.0" animPause="1.0"/>
            <state animSpeed="1.0" animPause="0.0"/>
            <state animSpeed="1.5" animPause="0.0"/>
        </wiper>
        <wiper animName="wiperBackAnimation">
            <state animSpeed="1.0" animPause="2.0"/>
            <state animSpeed="1.0" animPause="1.0"/>
            <state animSpeed="1.0" animPause="0.0"/>
            <state animSpeed="1.5" animPause="0.0"/>
        </wiper>
    </wipers>
    <suspensions>
        <suspension node="cabinSuspension" weight="400" minRotation="-5 0 -5" maxRotation="5 0 5" suspensionParametersX="200 17" suspensionParametersZ="200 17"/>
        <suspension node="seatSuspension" weight="150" minTranslation="-0.05 -0.15 0.0" maxTranslation="0.05 0.15 0.0" suspensionParametersX="20 4" suspensionParametersY="5 1" suspensionParametersZ="20 4"/>
        <suspension useCharacterTorso="true" weight="90" minRotation="0 -5 -5" maxRotation="0 5 5" suspensionParametersY="7 1" suspensionParametersZ="7 1"/>
    </suspensions>
    <fillUnit>
        <fillUnitConfigurations>
            <fillUnitConfiguration>
                <fillUnits>
                    <fillUnit unit="$l10n_unit_literShort" showOnHud="false" showInShop="false" fillTypes="diesel" capacity="100">
                        <dashboard displayType="ANIMATION" valueType="fillLevel" animName="fuelNeedle" doInterpolation="true" interpolationSpeed="0.3" groups="MOTOR_ACTIVE"/>
                    </fillUnit>
                    <fillUnit unit="$l10n_unit_literShort" showOnHud="false" showInShop="false" fillTypes="air" capacity="2000"/>
                </fillUnits>
            </fillUnitConfiguration>
        </fillUnitConfigurations>
    </fillUnit>
     <honk>
         <sound file="sounds/maringorna.ogg" innerRadius="10">
            <volume indoor="3.20" outdoor="5.00"/>
            <pitch outdoor="1.00"/>
            <lowpassGain indoor="0.95"/>
        </sound>
    </honk>
    <dashboard>
        <groups>
            <group name="MOTOR_STARTING" isMotorStarting="true"/>
            <group name="MOTOR_ACTIVE" isMotorStarting="true" isMotorRunning="true"/>
        </groups>
        <default>
            <dashboard displayType="EMITTER" node="decalStickerAny" baseColor="GREY" emitColor="RED" groups="MOTOR_STARTING"/>
            <dashboard displayType="VISIBILITY" node="dashboard_lightupdecal" groups="MOTOR_ACTIVE"/>
            <dashboard displayType="VISIBILITY" node="dashboard_decalSticker" groups="MOTOR_ACTIVE"/>
			<dashboard displayType="VISIBILITY" node="0>8|13|6" groups="MOTOR_ACTIVE"/>
			<dashboard displayType="VISIBILITY" node="0>3|0|23|2" groups="MOTOR_ACTIVE"/>
        </default>
    </dashboard>
    <ai>
        <collisionTrigger node="aiCollisionTrigger"/>
    </ai>
    <foliageBending>
        <bendingNode minX="-0.95" maxX="0.95" minZ="-0.65" maxZ="1.55" yOffset="0.6"/>
        <bendingNode minX="-0.95" maxX="0.95" minZ="-2.25" maxZ="-0.65" yOffset="0.6"/>
    </foliageBending>
    <rimColorConfigurations useDefaultColors="false">
        <rimColorConfiguration name="WHITE" color="1 1 1" price="0"/>
        <rimColorConfiguration name="RED" color="MASSEYFERGUSON_RED" price="300"/>
    </rimColorConfigurations>
    <wearable wearDuration="480" workMultiplier="5" fieldMultiplier="2"/>
    <washable dirtDuration="90" washDuration="1" workMultiplier="3" fieldMultiplier="2"/>
    <i3dMappings>
        <i3dMapping id="trac1104_main_component1" node="0>"/>
        <i3dMapping id="wheelBackLeft" node="0>0|0"/>
        <i3dMapping id="wheelBackRight" node="0>0|1"/>
        <i3dMapping id="frontAxisComponentJoint" node="0>0|2"/>
        <i3dMapping id="exitPoint" node="0>1"/>
        <i3dMapping id="outdoorCameraTarget" node="0>2|0"/>
        <i3dMapping id="outdoorCamera" node="0>2|0|0"/>
        <i3dMapping id="indoorCamera" node="0>2|1"/>
        <i3dMapping id="cameraRaycastNode1" node="0>2|2"/>
        <i3dMapping id="cameraRaycastNode2" node="0>2|3"/>
        <i3dMapping id="cabinSuspension" node="0>3|0"/>
        <i3dMapping id="seatSuspension" node="0>3|0|0"/>
        <i3dMapping id="playerSkin" node="0>3|0|0|0|0"/>
        <i3dMapping id="steeringWheel" node="0>3|0|1|0|0"/>
        <i3dMapping id="playerRightHandTarget" node="0>3|0|1|0|0|0"/>
        <i3dMapping id="playerLeftHandTarget" node="0>3|0|1|0|0|1"/>
        <i3dMapping id="yellowRound_01_01" node="0>3|0|2|0|0"/>
        <i3dMapping id="yellowRound_01_02" node="0>3|0|2|0|1"/>
        <i3dMapping id="workingLightCircle_01_01" node="0>3|0|2|0|2"/>
        <i3dMapping id="workingLightCircle_01_02" node="0>3|0|2|0|3"/>
        <i3dMapping id="frontLightOval_01Right" node="0>3|0|2|0|4"/>
        <i3dMapping id="frontLightOval_01Left" node="0>3|0|2|0|5"/>
        <i3dMapping id="rear2ChamberLight_06Right" node="0>3|0|2|0|6"/>
        <i3dMapping id="rear2ChamberLight_06Left" node="0>3|0|2|0|7"/>
        <i3dMapping id="workingLightOval_01Right01" node="0>3|0|2|0|8"/>
        <i3dMapping id="workingLightOval_01Right02" node="0>3|0|2|0|9"/>
        <i3dMapping id="workingLightOval_01Left01" node="0>3|0|2|0|10"/>
        <i3dMapping id="workingLightOval_01Left02" node="0>3|0|2|0|11"/>
        <i3dMapping id="beaconLight" node="0>3|0|2|1|0"/>
		<i3dMapping id="beaconLight2" node="0>3|0|2|1|1"/>
        <i3dMapping id="mirrorInterior" node="0>3|0|3|0"/>
        <i3dMapping id="mirrorRight" node="0>3|0|3|1"/>
        <i3dMapping id="mirrorRightSmall" node="0>3|0|3|2"/>
        <i3dMapping id="mirrorLeft" node="0>3|0|3|3"/>
        <i3dMapping id="frontWiperRot" node="0>3|0|4|0"/>
        <i3dMapping id="frontWiper" node="0>3|0|4|0|0"/>
        <i3dMapping id="rearWiperRot" node="0>3|0|4|1"/>
        <i3dMapping id="rearWiper" node="0>3|0|10|1|0|3|0"/>
        <i3dMapping id="playerLeftFootTarget" node="0>3|0|5|0"/>
        <i3dMapping id="playerRightFootTarget" node="0>3|0|5|1"/>
        <i3dMapping id="gasPedal" node="0>3|0|6|0"/>
		<i3dMapping id="playerLeftFootTargetClutch" node="0>3|0|6|3|0"/>
        <i3dMapping id="clutchPedal" node="0>3|0|6|3"/>
		<i3dMapping id="playerRightHandTargetDirection" node="0>3|0|6|4|0|0"/>
        <i3dMapping id="directionStick" node="0>3|0|6|4|0"/>
        <i3dMapping id="playerRightFootTargetGasRef" node="0>3|0|6|0|0"/>
        <i3dMapping id="playerRightFootTargetGas" node="0>3|0|6|1"/>
        <i3dMapping id="brakePedal" node="0>3|0|6|2"/>
        <i3dMapping id="playerRightFootTargetBrake" node="0>3|0|6|2|0"/>
        <i3dMapping id="indoorHudTemperatureNeedle" node="0>3|0|7|0"/>
        <i3dMapping id="indoorHudRPMNeedle" node="0>3|0|7|1"/>
        <i3dMapping id="indoorHudFuelNeedle" node="0>3|0|7|2"/>
        <i3dMapping id="numbersOperatingTime" node="0>3|0|7|3"/>
        <i3dMapping id="shadowFocusBox" node="0>3|0|8"/>
        <i3dMapping id="decalStickerLight" node="0>3|0|9|4|2"/>
        <i3dMapping id="decalStickerWorklight" node="0>3|0|9|4|3"/>
        <i3dMapping id="decalStickerHazardlight" node="0>3|0|9|4|4"/>
        <i3dMapping id="decalStickerTurnRight" node="0>3|0|9|4|5"/>
        <i3dMapping id="decalStickerTurnLeft" node="0>3|0|9|4|6"/>
        <i3dMapping id="decalStickerAny" node="0>3|0|9|4|7"/>
        <i3dMapping id="dashboard_decalSticker" node="0>3|0|9|4|8"/>
        <i3dMapping id="dashboard_lightupdecal" node="0>3|0|9|4|9"/>
        <i3dMapping id="cabinDecalLight" node="0>3|0|9|4|0"/>
        <i3dMapping id="lights_interior" node="0>4|0|1"/>
        <i3dMapping id="redRound_01_02" node="0>4|1|0"/>
        <i3dMapping id="redRound_01_01" node="0>4|1|1"/>
        <i3dMapping id="frontLightLow" node="0>4|2|0"/>
        <i3dMapping id="highBeamLow" node="0>4|2|1"/>
        <i3dMapping id="frontLightHigh" node="0>4|2|2"/>
        <i3dMapping id="highBeamHigh" node="0>4|2|3"/>
        <i3dMapping id="turnLightRightFront" node="0>4|3|0"/>
        <i3dMapping id="turnLightRightBack" node="0>4|3|0|0"/>
        <i3dMapping id="turnLightLeftFront" node="0>4|3|1"/>
        <i3dMapping id="turnLightLeftBack" node="0>4|3|1|0"/>
        <i3dMapping id="workLightFrontHigh" node="0>4|4|0"/>
        <i3dMapping id="workLightFrontLow" node="0>4|4|1"/>
        <i3dMapping id="workLightBackLow" node="0>4|4|2"/>
        <i3dMapping id="workLightBackHigh" node="0>4|4|3"/>
        <i3dMapping id="backLightsHigh" node="0>4|5|0"/>
        <i3dMapping id="attacherJointBackRot" node="0>5|0|0"/>
        <i3dMapping id="attacherJointBackRot2" node="0>5|0|0|0"/>
        <i3dMapping id="attacherJointBack" node="0>5|0|0|0|0"/>
        <i3dMapping id="attacherJointBackArmBottom" node="0>5|0|1"/>
        <i3dMapping id="attacherJointBackArmBottomLink" node="0>5|0|1|0"/>
        <i3dMapping id="referencePointBackBottom" node="0>5|0|1|0|0"/>
        <i3dMapping id="mainArmRef" node="0>5|0|1|0|1"/>
        <i3dMapping id="bottomLinkLeftRef" node="0>5|0|1|0|1|0"/>
        <i3dMapping id="bottomLinkRightRef" node="0>5|0|1|0|1|1"/>
        <i3dMapping id="attacherJointBackArmTop" node="0>5|0|2"/>
        <i3dMapping id="trailerAttacherNode" node="0>5|1|0"/>
        <i3dMapping id="trailerAttacherJointBack" node="0>5|1|0|0"/>
        <i3dMapping id="trailerLowNode" node="0>5|1|1"/>
        <i3dMapping id="trailerAttacherJointBackLow" node="0>5|1|1|0"/>
        <i3dMapping id="trailerLowSteeringBarLeftRef" node="0>5|1|1|1"/>
        <i3dMapping id="trailerLowSteeringBarRightRef" node="0>5|1|1|2"/>
        <i3dMapping id="trailerAttacherJointFront" node="0>5|1|2"/>
        <i3dMapping id="ptoOutputBack" node="0>5|2|0"/>
        <i3dMapping id="hydraulicIn01" node="0>5|4|0"/>
        <i3dMapping id="hydraulicOut01" node="0>5|4|1"/>
        <i3dMapping id="hydraulicIn02" node="0>5|4|2"/>
        <i3dMapping id="hydraulicOut02" node="0>5|4|3"/>
        <i3dMapping id="hydraulicIn03" node="0>5|4|4"/>
        <i3dMapping id="hydraulicOut03" node="0>5|4|5"/>
        <i3dMapping id="hydraulicIn04" node="0>5|4|6"/>
        <i3dMapping id="hydraulicOut04" node="0>5|4|7"/>
        <i3dMapping id="airDoubleYellow" node="0>5|4|8"/>
        <i3dMapping id="airDoubleOrange" node="0>5|4|9"/>
        <i3dMapping id="electricBack" node="0>5|4|10"/>
        <i3dMapping id="aiCollisionTrigger" node="0>6|0"/>
        <i3dMapping id="exactFillRootNode" node="0>6|1"/>
        <i3dMapping id="exhaustParticleLinkNode" node="0>7"/>
        <i3dMapping id="driveShaft" node="0>8|0|0"/>
        <i3dMapping id="kudret105e_vis" node="0>8|1"/>
        <i3dMapping id="rearHitchBase" node="0>8|4"/>
        <i3dMapping id="airFilterCleaner" node="0>8|5"/>
        <i3dMapping id="mainArmHydraulic" node="0>9|0"/>
        <i3dMapping id="mainArmHydraulicPunch" node="0>9|0|0"/>
        <i3dMapping id="bottomLinkLeft" node="0>9|1"/>
        <i3dMapping id="bottomLinkRight" node="0>9|2"/>
        <i3dMapping id="mainArmRefFrame" node="0>9|3"/>
        <i3dMapping id="mainArm" node="0>9|4"/>
        <i3dMapping id="mainArmHydraulicRef" node="0>9|4|0"/>
        <i3dMapping id="mainArmPart" node="0>9|4|1"/>
        <i3dMapping id="steeringBar" node="1>0|0|0"/>
        <i3dMapping id="steeringBarLeftRef" node="1>0|0|0|0"/>
        <i3dMapping id="steeringBarRightRef" node="1>0|0|0|1"/>
        <i3dMapping id="wheelFrontLeftAxis" node="1>0|1|0"/>
        <i3dMapping id="wheelFrontLeft" node="1>0|1|0|0|0|0"/>
        <i3dMapping id="steeringBarLeft" node="1>0|1|0|1"/>
        <i3dMapping id="fenderFrontLeft" node="1>0|1|0|2"/>
        <i3dMapping id="wheelFrontRightAxis" node="1>0|2|0"/>
        <i3dMapping id="wheelFrontRight" node="1>0|2|0|0|0|0"/>
        <i3dMapping id="steeringBarRight" node="1>0|2|0|1"/>
        <i3dMapping id="fenderFrontRight" node="1>0|2|0|2"/>
		<i3dMapping id="leftDoor_vis" node="0>3|0|10|0|0"/>
		<i3dMapping id="backWindow_vis" node="0>3|0|10|1|0"/>
		<i3dMapping id="cylinderLeft" node="0>3|0|10|1|0|4|0|0"/>
		<i3dMapping id="cylinderRight" node="0>3|0|10|1|0|5|0|0"/>
		<i3dMapping id="punchLeft" node="0>3|0|10|1|0|4|0|0|0"/>
		<i3dMapping id="punchRight" node="0>3|0|10|1|0|5|0|0|0"/>
		<i3dMapping id="cylinderLeftRef" node="0>3|0|10|2|0"/>
		<i3dMapping id="cylinderRightRef" node="0>3|0|10|2|1"/>
		<i3dMapping id="cylinderDoor" node="0>3|0|10|0|0|0|0|0"/>
		<i3dMapping id="punchDoor" node="0>3|0|10|0|0|0|0|0|0"/>
		<i3dMapping id="cylinderDoorRef" node="0>3|0|10|2|2"/>
		<i3dMapping id="windows_exterior" node="0>3|0|9|5|0"/>
		<i3dMapping id="leftDoorWindow" node="0>3|0|10|0|0|3"/>
		<i3dMapping id="backWindow" node="0>3|0|10|1|0|2"/>
    </i3dMappings>
</vehicle>
