﻿<?xml version="1.0" encoding="utf-8" standalone="no" ?>
<modDesc descVersion="61">
    <author>Giants Software,DMG Modding</author>
    <version>1.0.0.0</version>
    <title>
        <en>Erkunt Servet 85Plus</en>
    </title>
    <description>
     <en>
        erkunt Servet 85Plus daha ne anlatıyım :D
        </en>
    </description>
    <iconFilename>icon_Kudret.png</iconFilename>
    <multiplayer supported="true"/>
    <storeItems>
        <storeItem xmlFilename="1104.xml"/>
    </storeItems>
    <vehicleTypes>
        <type name="ERKUNT" parent="baseDrivable" className="Vehicle" filename="$dataS/scripts/vehicles/Vehicle.lua" />
    </vehicleTypes>
</modDesc>
