<?xml version="1.0" encoding="utf-8" standalone="no" ?>
<prefabDesc descVersion="1">
    <author>RossN Mods</author>
    <version>1.0.0.0</version>
	<title>
        <en>Lightbars And Strobes</en>
		<de>Lichtbalken Und Blitze</de>
    </title>
	<description>
<en><![CDATA[Beacon lightbars in 3 sizes and a small strobe. Can be added to any vehicle as a prefab. Includes:

- Lighbar 600
- Lightbar 1200
- Lightbar 1800
- Small strobe pattern 1
- Small strobe pattern 2]]></en>
<de><![CDATA[Beacon Lightbars in 3 Größen und ein kleiner Blitz. Kann jedem Fahrzeug als Fertigteil hinzugefügt werden. Beinhaltet:

- Lichtbalken 600
- Lichtbalken 1200
- Lichtbalken 1800
- Kleines Stroboskopmuster 1
- Kleines Stroboskopmuster 2]]></de>

</description>
	
	<categories>
        <category>others</category>
    </categories>
	
	<prefabs>
		<prefab name="LightbarsAndStrobes" i3dFilename="beacons.i3d" />
    </prefabs>
	
	<iconFilename>modIcon.dds</iconFilename>
</prefabDesc>