<?xml version="1.0" encoding="utf-8" standalone="no" ?>
<wheel xmlns:xsi="http://www.w3.org/2001/XMLSchema-instance" xsi:noNamespaceSchemaLocation="../../../../../../shared/xml/schema/wheel.xsd">
    <brand>TRELLEBORG</brand>
    <name>TM600</name>
    <default>
        <physics radius="0.789" width="0.42" mass="0.17" tireType="mud" frictionScale="1.60" maxLongStiffness="8" maxLatStiffness="100" maxLatStiffnessLoad="2" />
        <tire filename="$data/shared/wheels/tires/trelleborg/TM600/R34_TM600.i3d" nodeLeft="1|0" nodeRight="1|0" maxDeformation="0.071" sideDeformOffset="0.952" isCareWheel="false" tireTrackAtlasIndex="0" />
    </default>
    <configurations>
        <configuration id="dual" >
            <outerRim node="1|0" />
            <innerRim filename="-" />
        </configuration>
        <configuration id="weight3" >
            <additional filename="$data/shared/wheels/weights/weight003.i3d" nodeLeft="0|0" nodeRight="0|1" offset="0.05" scale="0.25 0.78 0.78" mass="0.6" />
        </configuration>
    </configurations>
</wheel>
