<?xml version="1.0" encoding="utf-8" standalone="no" ?>
<wheel xmlns:xsi="http://www.w3.org/2001/XMLSchema-instance" xsi:noNamespaceSchemaLocation="../../../../../../shared/xml/schema/wheel.xsd">
    <brand>BKT</brand>
    <name>AGRIMAX FORCE</name>
    <default>
        <physics radius="1.148" width="0.75" mass="0.408" tireType="mud" frictionScale="1.60" maxLongStiffness="11" maxLatStiffness="130" maxLatStiffnessLoad="2" />
        <tire filename="$data/shared/wheels/tires/bkt/agrimaxForce/R46_agrimaxForce.i3d" nodeLeft="0|0" nodeRight="0|0" maxDeformation="0.113" sideDeformOffset="0.985" isCareWheel="false" tireTrackAtlasIndex="0" />
        <outerRim filename="wheels/rim001.i3d" node="1|0" widthAndDiam="25 46" />
        <innerRim filename="wheels/rim001.i3d" nodeLeft="3|0" nodeRight="3|1" widthAndDiam="25 46" />
    </default>
    <configurations>
        <configuration id="dual" >
            <innerRim filename="-" />
        </configuration>
        <configuration id="weight3" >
            <additional filename="$data/shared/wheels/weights/weight003.i3d" nodeLeft="0|0" nodeRight="0|1" offset="0.05" scale="0.6 1 1" mass="1.25" />
        </configuration>
    </configurations>
</wheel>
