﻿<?xml version="1.0" encoding="utf-8" standalone="no" ?>
<vehicle type="implement">
    <annotation>Copyright (C) fqC Art., All Rights Reserved.</annotation>

    <storeData>
        <name>Tr6s Weights</name>
        <functions>
            <function>$l10n_function_weight</function>
        </functions>
        <rotation>0</rotation>
        <image>storePacco.dds</image>
        <price>800</price>
        <lifetime>600</lifetime>
        <brand>NEWHOLLAND</brand>
        <category>weights</category>
        <vertexBufferMemoryUsage>367872</vertexBufferMemoryUsage>
        <indexBufferMemoryUsage>55296</indexBufferMemoryUsage>
        <textureMemoryUsage>458752</textureMemoryUsage>
        <audioMemoryUsage>0</audioMemoryUsage>
        <instanceVertexBufferMemoryUsage>0</instanceVertexBufferMemoryUsage>
        <instanceIndexBufferMemoryUsage>0</instanceIndexBufferMemoryUsage>
    </storeData>

    <base>
        <typeDesc>$l10n_typeDesc_weight</typeDesc>
        <filename>pacco.i3d</filename>
        <size width="1.5" length="1" />
        <components>
            <component centerOfMass="0 0.1 0" solverIterationCount="10" mass="140" />
        </components>
        <schemaOverlay attacherJointPosition="0 0" name="IMPLEMENT" />
		<mapHotspot type="OTHER" />
    </base>
	
	<attachable>
        <inputAttacherJoints>
            <inputAttacherJoint node="0>0" jointType="zavorra" lowerRotLimit="0 0 0" upperRotRotationOffset="0" >
                <distanceToGround lower="0" upper="1.5" />
            </inputAttacherJoint>
        </inputAttacherJoints>
	</attachable>
    
	 <attacherJoints>
        <attacherJoint node="0>1|6|0|0" jointType="trailer" lowerRotLimit="10 80 80" upperRotRotationOffset="0" allowsJointLimitMovement="false" >
            <schema position="1 0" rotation="0" invertX="false" />
		</attacherJoint>
    </attacherJoints>

	<foliageBending>
        <bendingNode minX="-0.5" maxX="0.5" minZ="-0.5" maxZ="0.3" yOffset="0.1" />
    </foliageBending>

    <designConfigurations title="$l10n_configuration_weight">
        <designConfiguration name="135Kg" price="0">
        </designConfiguration>
        <designConfiguration name="225Kg" price="300">
            <objectChange node="0>1|1" visibilityActive="true"/>
			<objectChange node="0>1|0|1" translationActive="0.046 0 -0.004" rotationActive="0 1.6 0"/>
			<objectChange node="0>1|0|2" translationActive="-0.046 0 -0.004" rotationActive="0 -1.6 0"/>
			<objectChange node="0>" massActive="230"/>
        </designConfiguration>
		<designConfiguration name="405Kg" price="600">
            <objectChange node="0>1|1" visibilityActive="true"/>
			<objectChange node="0>1|2" visibilityActive="true"/>
			<objectChange node="0>1|0|1" translationActive="0.092 0 -0.008" rotationActive="0 3.2 0"/>
			<objectChange node="0>1|0|2" translationActive="-0.092 0 -0.008" rotationActive="0 -3.2 0"/>
			<objectChange node="0>" massActive="410"/>
        </designConfiguration>
		<designConfiguration name="585Kg" price="900">
            <objectChange node="0>1|1" visibilityActive="true"/>
			<objectChange node="0>1|2" visibilityActive="true"/>
			<objectChange node="0>1|3" visibilityActive="true"/>
			<objectChange node="0>1|0|1" translationActive="0.138 0 -0.012" rotationActive="0 4.8 0"/>
			<objectChange node="0>1|0|2" translationActive="-0.138 0 -0.012" rotationActive="0 -4.8 0"/>
			<objectChange node="0>" massActive="590"/>
        </designConfiguration>
		<designConfiguration name="765Kg" price="1200">
            <objectChange node="0>1|1" visibilityActive="true"/>
			<objectChange node="0>1|2" visibilityActive="true"/>
			<objectChange node="0>1|3" visibilityActive="true"/>
			<objectChange node="0>1|4" visibilityActive="true"/>
			<objectChange node="0>1|0|1" translationActive="0.184 0 -0.016" rotationActive="0 6.4 0"/>
			<objectChange node="0>1|0|2" translationActive="-0.184 0 -0.016" rotationActive="0 -6.4 0"/>
			<objectChange node="0>" massActive="770"/>
        </designConfiguration>
		<designConfiguration name="945Kg" price="1500">
            <objectChange node="0>1|1" visibilityActive="true"/>
			<objectChange node="0>1|2" visibilityActive="true"/>
			<objectChange node="0>1|3" visibilityActive="true"/>
			<objectChange node="0>1|4" visibilityActive="true"/>
			<objectChange node="0>1|5" visibilityActive="true"/>
			<objectChange node="0>1|0|1" translationActive="0.23 0 -0.02" rotationActive="0 8 0"/>
			<objectChange node="0>1|0|2" translationActive="-0.23 0 -0.02" rotationActive="0 -8 0"/>
			<objectChange node="0>" massActive="950"/>
        </designConfiguration>
    </designConfigurations>
    
	<ai>
		<agentAttachment width="0.85" height="1.0" length="0.6" lengthOffset="-0.1"/>
	</ai>
	 
	<wearable wearDuration="480" workMultiplier="5" fieldMultiplier="2"/>
    <washable dirtDuration="90" washDuration="1" workMultiplier="2" fieldMultiplier="2"/>
</vehicle>
