<!-- Irish Number Plates by Eire Agri Modding | Dylan.C, GlengarBoy -->
<licensePlates xmlns:xsi="http://www.w3.org/2001/XMLSchema-instance" xsi:noNamespaceSchemaLocation="https://validation.gdn.giants-software.com/xml/fs22/mapLicensePlates.xsd">
    <font name="LICENSE_PLATE_UK" />

    <licensePlate filename="maps/licensePlates/licensePlatesIE.i3d" node="0" type="ELONGATED" width="0.52" height="0.11">
        <font size="0.052" scaleX="0.75" scaleY="1"/>

        <variations>
            <!-- Type 1 - 231-LM-123 -->
            <variation>
                <value node="0|0"  posX="-0.182" character="2" numerical="true"  alphabetical="false" special="false" locked="false" nextSection="false"/>
                <value node="0|1"  posX="-0.137" character="3" numerical="true"  alphabetical="false" special="false" locked="false" nextSection="false"/>
                <value node="0|2"  posX="-0.092" character="1" numerical="true"  alphabetical="false" special="false" locked="false" nextSection="false"/>
                <value node="0|3"  posX="-0.047" character="-" numerical="false" alphabetical="false" special="true"  locked="true"  nextSection="false"/>
                <value node="0|4"  posX="-0.002" character="L" numerical="false" alphabetical="true"  special="false" locked="false" nextSection="false"/>
                <value node="0|5"  posX="0.043"  character="M" numerical="false" alphabetical="true"  special="false" locked="false" nextSection="false"/>
                <value node="0|6"  posX="0.088"  character="-" numerical="true"  alphabetical="true"  special="true"  locked="false" nextSection="false"/>
                <value node="0|7"  posX="0.133"  character=" " numerical="true"  alphabetical="true"  special="true"  locked="false" nextSection="false"/>
                <value node="0|8"  posX="0.178"  character=" " numerical="true"  alphabetical="true"  special="true"  locked="false" nextSection="false"/>
                <value node="0|9"  posX="0.223"  character=" " numerical="true"  alphabetical="true"  special="true"  locked="false" nextSection="false"/>

                <color shaderParameter="colorMat0" color="0.75 0.75 0.75"/>         <!-- Background Colour -->
                <color shaderParameter="colorMat1" color="0.0212 0.0212 0.0212"/>   <!-- Frame Colour -->

                <value node="1|0" isStatic="true" position="ANY"/>  <!-- EU Decal -->
            </variation>
            <!-- Type 2 - 05-LM-1234 -->
            <variation>
                <value node="0|0"  posX="-0.182" character="0" numerical="true"  alphabetical="false" special="false" locked="false" nextSection="false"/>
                <value node="0|1"  posX="-0.137" character="5" numerical="true"  alphabetical="false" special="false" locked="false" nextSection="false"/>
                <value node="0|2"  posX="-0.092" character="-" numerical="false" alphabetical="false" special="true"  locked="true"  nextSection="false"/>
                <value node="0|3"  posX="-0.047" character="L" numerical="false" alphabetical="true"  special="false" locked="false" nextSection="false"/>
                <value node="0|4"  posX="-0.002" character="M" numerical="false" alphabetical="true"  special="false" locked="false" nextSection="false"/>
                <value node="0|5"  posX="0.043"  character="-" numerical="true"  alphabetical="true"  special="true"  locked="false" nextSection="false"/>
                <value node="0|6"  posX="0.088"  character=" " numerical="true"  alphabetical="true"  special="true"  locked="false" nextSection="false"/>
                <value node="0|7"  posX="0.133"  character=" " numerical="true"  alphabetical="true"  special="true"  locked="false" nextSection="false"/>
                <value node="0|8"  posX="0.178"  character=" " numerical="true"  alphabetical="true"  special="true"  locked="false" nextSection="false"/>
                <value node="0|9"  posX="0.223"  character=" " numerical="true"  alphabetical="true"  special="true"  locked="false" nextSection="false"/>

                <color shaderParameter="colorMat0" color="0.75 0.75 0.75"/>         <!-- Background Colour -->
                <color shaderParameter="colorMat1" color="0.0212 0.0212 0.0212"/>   <!-- Frame Colour -->

                <value node="1|0" isStatic="true" position="ANY"/>  <!-- EU Decal -->
            </variation>
            <!-- Type 3 - 231-T-1234 -->
            <variation>
                <value node="0|0"  posX="-0.182" character="2" numerical="true"  alphabetical="false" special="false" locked="false" nextSection="false"/>
                <value node="0|1"  posX="-0.137" character="3" numerical="true"  alphabetical="false" special="false" locked="false" nextSection="false"/>
                <value node="0|2"  posX="-0.092" character="1" numerical="true"  alphabetical="false" special="false" locked="false" nextSection="false"/>
                <value node="0|3"  posX="-0.047" character="-" numerical="false" alphabetical="false" special="true"  locked="true"  nextSection="false"/>
                <value node="0|4"  posX="-0.002" character="T" numerical="false" alphabetical="true"  special="false" locked="false" nextSection="false"/>
                <value node="0|5"  posX="0.043"  character="-" numerical="true"  alphabetical="true"  special="true"  locked="false" nextSection="false"/>
                <value node="0|6"  posX="0.088"  character=" " numerical="true"  alphabetical="true"  special="true"  locked="false" nextSection="false"/>
                <value node="0|7"  posX="0.133"  character=" " numerical="true"  alphabetical="true"  special="true"  locked="false" nextSection="false"/>
                <value node="0|8"  posX="0.178"  character=" " numerical="true"  alphabetical="true"  special="true"  locked="false" nextSection="false"/>
                <value node="0|9"  posX="0.223"  character=" " numerical="true"  alphabetical="true"  special="true"  locked="false" nextSection="false"/>

                <color shaderParameter="colorMat0" color="0.75 0.75 0.75"/>         <!-- Background Colour -->
                <color shaderParameter="colorMat1" color="0.0212 0.0212 0.0212"/>   <!-- Frame Colour -->

                <value node="1|0" isStatic="true" position="ANY"/>  <!-- EU Decal -->
            </variation>
            <!-- Type 4 - 05-C-12345 -->
            <variation>
                <value node="0|0"  posX="-0.182" character="0" numerical="true"  alphabetical="false" special="false" locked="false" nextSection="false"/>
                <value node="0|1"  posX="-0.137" character="5" numerical="true"  alphabetical="false" special="false" locked="false" nextSection="false"/>
                <value node="0|2"  posX="-0.092" character="-" numerical="false" alphabetical="false" special="true"  locked="true"  nextSection="false"/>
                <value node="0|3"  posX="-0.047" character="C" numerical="false" alphabetical="true"  special="false" locked="false" nextSection="false"/>
                <value node="0|4"  posX="-0.002" character="-" numerical="true"  alphabetical="true"  special="true"  locked="false" nextSection="false"/>
                <value node="0|5"  posX="0.043"  character=" " numerical="true"  alphabetical="true"  special="true"  locked="false" nextSection="false"/>
                <value node="0|6"  posX="0.088"  character=" " numerical="true"  alphabetical="true"  special="true"  locked="false" nextSection="false"/>
                <value node="0|7"  posX="0.133"  character=" " numerical="true"  alphabetical="true"  special="true"  locked="false" nextSection="false"/>
                <value node="0|8"  posX="0.178"  character=" " numerical="true"  alphabetical="true"  special="true"  locked="false" nextSection="false"/>
                <value node="0|9"  posX="0.223"  character=" " numerical="true"  alphabetical="true"  special="true"  locked="false" nextSection="false"/>

                <color shaderParameter="colorMat0" color="0.75 0.75 0.75"/>         <!-- Background Colour -->
                <color shaderParameter="colorMat1" color="0.0212 0.0212 0.0212"/>   <!-- Frame Colour -->

                <value node="1|0" isStatic="true" position="ANY"/>  <!-- EU Decal -->
            </variation>
            <!-- Type 5 - White Vintage Plates -->
            <variation>
                <value node="0|0"  posX="-0.182" character=" " numerical="true"  alphabetical="true"  special="true"  locked="false" nextSection="false"/>
                <value node="0|1"  posX="-0.137" character=" " numerical="true"  alphabetical="true"  special="true"  locked="false" nextSection="false"/>
                <value node="0|2"  posX="-0.092" character=" " numerical="true"  alphabetical="true"  special="true"  locked="false" nextSection="false"/>
                <value node="0|3"  posX="-0.047" character=" " numerical="true"  alphabetical="true"  special="true"  locked="false" nextSection="false"/>

                <value node="0|5"  posX="0.043"  character=" " numerical="true"  alphabetical="true"  special="true"  locked="false" nextSection="false"/>
                <value node="0|6"  posX="0.088"  character=" " numerical="true"  alphabetical="true"  special="true"  locked="false" nextSection="false"/>
                <value node="0|7"  posX="0.133"  character=" " numerical="true"  alphabetical="true"  special="true"  locked="false" nextSection="false"/>
                <value node="0|8"  posX="0.178"  character=" " numerical="true"  alphabetical="true"  special="true"  locked="false" nextSection="false"/>
                <value node="0|9"  posX="0.223"                numerical="false" alphabetical="false" special="false" locked="true"  nextSection="false" isStatic="true"/>
                <value node="0|4"  posX="-0.002"               numerical="false" alphabetical="false" special="false" locked="true"  nextSection="false" isStatic="true"/>

                <color shaderParameter="colorMat0" color="0.75 0.75 0.75"/>         <!-- Background Colour -->
                <color shaderParameter="colorMat1" color="0.0212 0.0212 0.0212"/>   <!-- Frame Colour -->

                <value node="1|0" isStatic="true" position="NONE"/>  <!-- EU Decal -->
            </variation>
            <!-- Type 6 - Black Frame Black Vintage Plates -->
            <variation>
                <value node="0|0"  posX="-0.182" character=" " numerical="true"  alphabetical="true"  special="true"  locked="false" nextSection="false"/>
                <value node="0|1"  posX="-0.137" character=" " numerical="true"  alphabetical="true"  special="true"  locked="false" nextSection="false"/>
                <value node="0|2"  posX="-0.092" character=" " numerical="true"  alphabetical="true"  special="true"  locked="false" nextSection="false"/>
                <value node="0|3"  posX="-0.047" character=" " numerical="true"  alphabetical="true"  special="true"  locked="false" nextSection="false"/>

                <value node="0|5"  posX="0.043"  character=" " numerical="true"  alphabetical="true"  special="true"  locked="false" nextSection="false"/>
                <value node="0|6"  posX="0.088"  character=" " numerical="true"  alphabetical="true"  special="true"  locked="false" nextSection="false"/>
                <value node="0|7"  posX="0.133"  character=" " numerical="true"  alphabetical="true"  special="true"  locked="false" nextSection="false"/>
                <value node="0|8"  posX="0.178"  character=" " numerical="true"  alphabetical="true"  special="true"  locked="false" nextSection="false"/>
                <value node="0|9"  posX="0.223"                numerical="false" alphabetical="false" special="false" locked="true"  nextSection="false" isStatic="true"/>
                <value node="0|4"  posX="-0.002"               numerical="false" alphabetical="false" special="false" locked="true"  nextSection="false" isStatic="true"/>

                <color shaderParameter="colorMat0" color="0.0212 0.0212 0.0212"/>   <!-- Background Colour -->
                <color shaderParameter="colorMat1" color="0.0212 0.0212 0.0212"/>   <!-- Frame Colour -->

                <value node="1|0" isStatic="true" position="NONE"/>  <!-- EU Decal -->
            </variation>
            <!-- Type 7 - Silver Frame Black Vintage Plates -->
            <variation>
                <value node="0|0"  posX="-0.182" character=" " numerical="true"  alphabetical="true"  special="true"  locked="false" nextSection="false"/>
                <value node="0|1"  posX="-0.137" character=" " numerical="true"  alphabetical="true"  special="true"  locked="false" nextSection="false"/>
                <value node="0|2"  posX="-0.092" character=" " numerical="true"  alphabetical="true"  special="true"  locked="false" nextSection="false"/>
                <value node="0|3"  posX="-0.047" character=" " numerical="true"  alphabetical="true"  special="true"  locked="false" nextSection="false"/>

                <value node="0|5"  posX="0.043"  character=" " numerical="true"  alphabetical="true"  special="true"  locked="false" nextSection="false"/>
                <value node="0|6"  posX="0.088"  character=" " numerical="true"  alphabetical="true"  special="true"  locked="false" nextSection="false"/>
                <value node="0|7"  posX="0.133"  character=" " numerical="true"  alphabetical="true"  special="true"  locked="false" nextSection="false"/>
                <value node="0|8"  posX="0.178"  character=" " numerical="true"  alphabetical="true"  special="true"  locked="false" nextSection="false"/>
                <value node="0|9"  posX="0.223"                numerical="false" alphabetical="false" special="false" locked="true"  nextSection="false" isStatic="true"/>
                <value node="0|4"  posX="-0.002"               numerical="false" alphabetical="false" special="false" locked="true"  nextSection="false" isStatic="true"/>

                <color shaderParameter="colorMat0" color="0.0212 0.0212 0.0212"/>   <!-- Background Colour -->
                <color shaderParameter="colorMat1" color="0.5 0.5 0.5"/>            <!-- Frame Colour -->

                <value node="1|0" isStatic="true" position="NONE"/>  <!-- EU Decal -->
            </variation>
            <!-- Type 8 - Red Vintage Plates -->
            <variation>
                <value node="0|0"  posX="-0.182" character=" " numerical="true"  alphabetical="true"  special="true"  locked="false" nextSection="false"/>
                <value node="0|1"  posX="-0.137" character=" " numerical="true"  alphabetical="true"  special="true"  locked="false" nextSection="false"/>
                <value node="0|2"  posX="-0.092" character=" " numerical="true"  alphabetical="true"  special="true"  locked="false" nextSection="false"/>
                <value node="0|3"  posX="-0.047" character=" " numerical="true"  alphabetical="true"  special="true"  locked="false" nextSection="false"/>

                <value node="0|5"  posX="0.043"  character=" " numerical="true"  alphabetical="true"  special="true"  locked="false" nextSection="false"/>
                <value node="0|6"  posX="0.088"  character=" " numerical="true"  alphabetical="true"  special="true"  locked="false" nextSection="false"/>
                <value node="0|7"  posX="0.133"  character=" " numerical="true"  alphabetical="true"  special="true"  locked="false" nextSection="false"/>
                <value node="0|8"  posX="0.178"  character=" " numerical="true"  alphabetical="true"  special="true"  locked="false" nextSection="false"/>
                <value node="0|9"  posX="0.223"                numerical="false" alphabetical="false" special="false" locked="true"  nextSection="false" isStatic="true"/>
                <value node="0|4"  posX="-0.002"               numerical="false" alphabetical="false" special="false" locked="true"  nextSection="false" isStatic="true"/>

                <color shaderParameter="colorMat0" color="0.5054 0.0097 0.0000"/>   <!-- Background Colour -->
                <color shaderParameter="colorMat1" color="0.0212 0.0212 0.0212"/>   <!-- Frame Colour -->

                <value node="1|0" isStatic="true" position="NONE"/>  <!-- EU Decal -->
            </variation>
            <!-- Type 9 - Yellow Vintage Plates -->
            <variation>
                <value node="0|0"  posX="-0.182" character=" " numerical="true"  alphabetical="true"  special="true"  locked="false" nextSection="false"/>
                <value node="0|1"  posX="-0.137" character=" " numerical="true"  alphabetical="true"  special="true"  locked="false" nextSection="false"/>
                <value node="0|2"  posX="-0.092" character=" " numerical="true"  alphabetical="true"  special="true"  locked="false" nextSection="false"/>
                <value node="0|3"  posX="-0.047" character=" " numerical="true"  alphabetical="true"  special="true"  locked="false" nextSection="false"/>

                <value node="0|5"  posX="0.043"  character=" " numerical="true"  alphabetical="true"  special="true"  locked="false" nextSection="false"/>
                <value node="0|6"  posX="0.088"  character=" " numerical="true"  alphabetical="true"  special="true"  locked="false" nextSection="false"/>
                <value node="0|7"  posX="0.133"  character=" " numerical="true"  alphabetical="true"  special="true"  locked="false" nextSection="false"/>
                <value node="0|8"  posX="0.178"  character=" " numerical="true"  alphabetical="true"  special="true"  locked="false" nextSection="false"/>
                <value node="0|9"  posX="0.223"                numerical="false" alphabetical="false" special="false" locked="true"  nextSection="false" isStatic="true"/>
                <value node="0|4"  posX="-0.002"               numerical="false" alphabetical="false" special="false" locked="true"  nextSection="false" isStatic="true"/>

                <color shaderParameter="colorMat0" color="0.64 0.3 0.04"/>          <!-- Background Colour -->
                <color shaderParameter="colorMat1" color="0.0212 0.0212 0.0212"/>   <!-- Frame Colour -->

                <value node="1|0" isStatic="true" position="NONE"/>  <!-- EU Decal -->
            </variation>
            <!-- Type 10 - White Fantasy License Plate With Decal -->
            <variation>
                <value node="0|0"  posX="-0.182" character=" " numerical="true" alphabetical="true" special="true" locked="false" nextSection="false"/>
                <value node="0|1"  posX="-0.137" character=" " numerical="true" alphabetical="true" special="true" locked="false" nextSection="false"/>
                <value node="0|2"  posX="-0.092" character=" " numerical="true" alphabetical="true" special="true" locked="false" nextSection="false"/>
                <value node="0|3"  posX="-0.047" character=" " numerical="true" alphabetical="true" special="true" locked="false" nextSection="false"/>
                <value node="0|4"  posX="-0.002" character=" " numerical="true" alphabetical="true" special="true" locked="false" nextSection="false"/>
                <value node="0|5"  posX="0.043"  character=" " numerical="true" alphabetical="true" special="true" locked="false" nextSection="false"/>
                <value node="0|6"  posX="0.088"  character=" " numerical="true" alphabetical="true" special="true" locked="false" nextSection="false"/>
                <value node="0|7"  posX="0.133"  character=" " numerical="true" alphabetical="true" special="true" locked="false" nextSection="false"/>
                <value node="0|8"  posX="0.178"  character=" " numerical="true" alphabetical="true" special="true" locked="false" nextSection="false"/>
                <value node="0|9"  posX="0.223"  character=" " numerical="true" alphabetical="true" special="true" locked="false" nextSection="false"/>

                <color shaderParameter="colorMat0" color="0.75 0.75 0.75"/>         <!-- Background Colour -->
                <color shaderParameter="colorMat1" color="0.0212 0.0212 0.0212"/>   <!-- Frame Colour -->

                <value node="1|0" isStatic="true" position="ANY"/>  <!-- EU Decal -->
            </variation>
            <!-- Type 11 - White Fantasy License Plate Without Decal -->
            <variation>
                <value node="0|0"  posX="-0.204" character=" " numerical="true" alphabetical="true" special="true" locked="false" nextSection="false"/>
                <value node="0|1"  posX="-0.159" character=" " numerical="true" alphabetical="true" special="true" locked="false" nextSection="false"/>
                <value node="0|2"  posX="-0.114" character=" " numerical="true" alphabetical="true" special="true" locked="false" nextSection="false"/>
                <value node="0|3"  posX="-0.069" character=" " numerical="true" alphabetical="true" special="true" locked="false" nextSection="false"/>
                <value node="0|4"  posX="-0.024" character=" " numerical="true" alphabetical="true" special="true" locked="false" nextSection="false"/>
                <value node="0|5"  posX="0.021"  character=" " numerical="true" alphabetical="true" special="true" locked="false" nextSection="false"/>
                <value node="0|6"  posX="0.066"  character=" " numerical="true" alphabetical="true" special="true" locked="false" nextSection="false"/>
                <value node="0|7"  posX="0.111"  character=" " numerical="true" alphabetical="true" special="true" locked="false" nextSection="false"/>
                <value node="0|8"  posX="0.156"  character=" " numerical="true" alphabetical="true" special="true" locked="false" nextSection="false"/>
                <value node="0|9"  posX="0.201"  character=" " numerical="true" alphabetical="true" special="true" locked="false" nextSection="false"/>

                <color shaderParameter="colorMat0" color="0.75 0.75 0.75"/>         <!-- Background Colour -->
                <color shaderParameter="colorMat1" color="0.0212 0.0212 0.0212"/>   <!-- Frame Colour -->

                <value node="1|0" isStatic="true" position="NONE"/>  <!-- EU Decal -->
            </variation>
            <!-- Type 12 - Yellow Fantasy License Plate With Decal -->
            <variation>
                <value node="0|0"  posX="-0.182" character=" " numerical="true" alphabetical="true" special="true" locked="false" nextSection="false"/>
                <value node="0|1"  posX="-0.137" character=" " numerical="true" alphabetical="true" special="true" locked="false" nextSection="false"/>
                <value node="0|2"  posX="-0.092" character=" " numerical="true" alphabetical="true" special="true" locked="false" nextSection="false"/>
                <value node="0|3"  posX="-0.047" character=" " numerical="true" alphabetical="true" special="true" locked="false" nextSection="false"/>
                <value node="0|4"  posX="-0.002" character=" " numerical="true" alphabetical="true" special="true" locked="false" nextSection="false"/>
                <value node="0|5"  posX="0.043"  character=" " numerical="true" alphabetical="true" special="true" locked="false" nextSection="false"/>
                <value node="0|6"  posX="0.088"  character=" " numerical="true" alphabetical="true" special="true" locked="false" nextSection="false"/>
                <value node="0|7"  posX="0.133"  character=" " numerical="true" alphabetical="true" special="true" locked="false" nextSection="false"/>
                <value node="0|8"  posX="0.178"  character=" " numerical="true" alphabetical="true" special="true" locked="false" nextSection="false"/>
                <value node="0|9"  posX="0.223"  character=" " numerical="true" alphabetical="true" special="true" locked="false" nextSection="false"/>

                <color shaderParameter="colorMat0" color="0.64 0.3 0.04"/>          <!-- Background Colour -->
                <color shaderParameter="colorMat1" color="0.0212 0.0212 0.0212"/>   <!-- Frame Colour -->

                <value node="1|0" isStatic="true" position="ANY"/>  <!-- EU Decal -->
            </variation>
            <!-- Type 13 - Yellow Fantasy License Plate Without Decal -->
            <variation>
                <value node="0|0"  posX="-0.204" character=" " numerical="true" alphabetical="true" special="true" locked="false" nextSection="false"/>
                <value node="0|1"  posX="-0.159" character=" " numerical="true" alphabetical="true" special="true" locked="false" nextSection="false"/>
                <value node="0|2"  posX="-0.114" character=" " numerical="true" alphabetical="true" special="true" locked="false" nextSection="false"/>
                <value node="0|3"  posX="-0.069" character=" " numerical="true" alphabetical="true" special="true" locked="false" nextSection="false"/>
                <value node="0|4"  posX="-0.024" character=" " numerical="true" alphabetical="true" special="true" locked="false" nextSection="false"/>
                <value node="0|5"  posX="0.021"  character=" " numerical="true" alphabetical="true" special="true" locked="false" nextSection="false"/>
                <value node="0|6"  posX="0.066"  character=" " numerical="true" alphabetical="true" special="true" locked="false" nextSection="false"/>
                <value node="0|7"  posX="0.111"  character=" " numerical="true" alphabetical="true" special="true" locked="false" nextSection="false"/>
                <value node="0|8"  posX="0.156"  character=" " numerical="true" alphabetical="true" special="true" locked="false" nextSection="false"/>
                <value node="0|9"  posX="0.201"  character=" " numerical="true" alphabetical="true" special="true" locked="false" nextSection="false"/>

                <color shaderParameter="colorMat0" color="0.64 0.3 0.04"/>          <!-- Background Colour -->
                <color shaderParameter="colorMat1" color="0.0212 0.0212 0.0212"/>   <!-- Frame Colour -->

                <value node="1|0" isStatic="true" position="NONE"/>  <!-- EU Decal -->
            </variation>
        </variations>
    </licensePlate>

    <licensePlate filename="maps/licensePlates/licensePlatesIE.i3d" node="1" type="SQUARISH" width="0.3" height="0.215">
        <font size="0.05" scaleX="0.75" scaleY="1"/>

        <variations>
            <!-- Type 1 -->
            <!-- 231-LM
                  1234 -->
            <variation>
                <value node="0|0"  posX="-0.083" character="2" numerical="true"  alphabetical="false" special="false" locked="false" nextSection="false"/>
                <value node="0|1"  posX="-0.043" character="3" numerical="true"  alphabetical="false" special="false" locked="false" nextSection="false"/>
                <value node="0|2"  posX="-0.003" character="1" numerical="true"  alphabetical="false" special="false" locked="false" nextSection="false"/>
                <value node="0|3"  posX="0.037"  character="-" numerical="false" alphabetical="false" special="true"  locked="true"  nextSection="false"/>
                <value node="0|4"  posX="0.077"  character="L" numerical="true"  alphabetical="true"  special="false" locked="false" nextSection="false"/>
                <value node="0|5"  posX="0.117"  character="M" numerical="true"  alphabetical="true"  special="false" locked="false" nextSection="false"/>

                <value node="0|8"  posX="-0.043" character=" " numerical="true"  alphabetical="true"  special="true"  locked="false" nextSection="false"/>
                <value node="0|9"  posX="-0.003" character=" " numerical="true"  alphabetical="true"  special="true"  locked="false" nextSection="false"/>
                <value node="0|10" posX="0.037"  character=" " numerical="true"  alphabetical="true"  special="true"  locked="false" nextSection="false"/>
                <value node="0|11" posX="0.077"  character=" " numerical="true"  alphabetical="true"  special="true"  locked="false" nextSection="false"/>

                <value node="0|6"  posX="-0.123" character=" " numerical="true"  alphabetical="true"  special="true"  locked="false" nextSection="false"/>
                <value node="0|7"  posX="-0.083" character=" " numerical="true"  alphabetical="true"  special="true"  locked="false" nextSection="false"/>
                <value node="0|12" posX="0.117"  character=" " numerical="true"  alphabetical="true"  special="true"  locked="false" nextSection="false"/>

                <color shaderParameter="colorMat0" color="0.75 0.75 0.75"/>         <!-- Background Colour -->
                <color shaderParameter="colorMat1" color="0.0212 0.0212 0.0212"/>   <!-- Frame Colour -->

                <value node="1|0" isStatic="true" position="ANY"/>  <!-- EU Decal -->
            </variation>
            <!-- Type 2 -->
            <!--  05-LM
                 12345 -->
            <variation>
                <value node="0|0"  posX="-0.083"               numerical="false" alphabetical="false" special="false" locked="true"  nextSection="false" isStatic="true"/>
                <value node="0|1"  posX="-0.043" character="0" numerical="true"  alphabetical="false" special="false" locked="false" nextSection="false"/>
                <value node="0|2"  posX="-0.003" character="5" numerical="true"  alphabetical="false" special="false" locked="false" nextSection="false"/>
                <value node="0|3"  posX="0.037"  character="-" numerical="false" alphabetical="false" special="true"  locked="true"  nextSection="false"/>
                <value node="0|4"  posX="0.077"  character="L" numerical="true"  alphabetical="true"  special="false" locked="false" nextSection="false"/>
                <value node="0|5"  posX="0.117"  character="M" numerical="true"  alphabetical="true"  special="false" locked="false" nextSection="false"/>

                <value node="0|6"  posX="-0.123"               numerical="false" alphabetical="false" special="false" locked="true"  nextSection="false" isStatic="true"/>
                <value node="0|7"  posX="-0.083" character=" " numerical="true"  alphabetical="true"  special="true"  locked="false" nextSection="false"/>
                <value node="0|8"  posX="-0.043" character=" " numerical="true"  alphabetical="true"  special="true"  locked="false" nextSection="false"/>
                <value node="0|9"  posX="-0.003" character=" " numerical="true"  alphabetical="true"  special="true"  locked="false" nextSection="false"/>
                <value node="0|10" posX="0.037"  character=" " numerical="true"  alphabetical="true"  special="true"  locked="false" nextSection="false"/>
                <value node="0|11" posX="0.077"  character=" " numerical="true"  alphabetical="true"  special="true"  locked="false" nextSection="false"/>
                <value node="0|12" posX="0.117"  character=" " numerical="true"  alphabetical="true"  special="true"  locked="false" nextSection="false"/>

                <color shaderParameter="colorMat0" color="0.75 0.75 0.75"/>         <!-- Background Colour -->
                <color shaderParameter="colorMat1" color="0.0212 0.0212 0.0212"/>   <!-- Frame Colour -->

                <value node="1|0" isStatic="true" position="ANY"/>  <!-- EU Decal -->
            </variation>
            <!-- Type 3 -->
            <!--  231-T
                 12345 -->
            <variation>
                <value node="0|0"  posX="-0.083"               numerical="false" alphabetical="false" special="false" locked="true"  nextSection="false" isStatic="true"/>
                <value node="0|1"  posX="-0.043" character="2" numerical="true"  alphabetical="false" special="false" locked="false" nextSection="false"/>
                <value node="0|2"  posX="-0.003" character="3" numerical="true"  alphabetical="false" special="false" locked="false" nextSection="false"/>
                <value node="0|3"  posX="0.037"  character="1" numerical="true"  alphabetical="false" special="false" locked="false" nextSection="false"/>
                <value node="0|4"  posX="0.077"  character="-" numerical="false" alphabetical="false" special="true"  locked="true"  nextSection="false"/>
                <value node="0|5"  posX="0.117"  character="T" numerical="true"  alphabetical="true"  special="false" locked="false" nextSection="false"/>

                <value node="0|6"  posX="-0.123"               numerical="false" alphabetical="false" special="false" locked="true"  nextSection="false" isStatic="true"/>
                <value node="0|7"  posX="-0.083" character=" " numerical="true"  alphabetical="true"  special="true"  locked="false" nextSection="false"/>
                <value node="0|8"  posX="-0.043" character=" " numerical="true"  alphabetical="true"  special="true"  locked="false" nextSection="false"/>
                <value node="0|9"  posX="-0.003" character=" " numerical="true"  alphabetical="true"  special="true"  locked="false" nextSection="false"/>
                <value node="0|10" posX="0.037"  character=" " numerical="true"  alphabetical="true"  special="true"  locked="false" nextSection="false"/>
                <value node="0|11" posX="0.077"  character=" " numerical="true"  alphabetical="true"  special="true"  locked="false" nextSection="false"/>
                <value node="0|12" posX="0.117"  character=" " numerical="true"  alphabetical="true"  special="true"  locked="false" nextSection="false"/>

                <color shaderParameter="colorMat0" color="0.75 0.75 0.75"/>         <!-- Background Colour -->
                <color shaderParameter="colorMat1" color="0.0212 0.0212 0.0212"/>   <!-- Frame Colour -->

                <value node="1|0" isStatic="true" position="ANY"/>  <!-- EU Decal -->
            </variation>
            <!-- Type 4 -->
            <!--  05-C
                 123456 -->
            <variation>
                <value node="0|0"  posX="-0.083"               numerical="false" alphabetical="false" special="false" locked="true"  nextSection="false" isStatic="true"/>
                <value node="0|1"  posX="-0.043" character="0" numerical="true"  alphabetical="false" special="false" locked="false" nextSection="false"/>
                <value node="0|2"  posX="-0.003" character="5" numerical="true"  alphabetical="false" special="false" locked="false" nextSection="false"/>
                <value node="0|3"  posX="0.037"  character="-" numerical="false" alphabetical="false" special="true"  locked="true"  nextSection="false"/>
                <value node="0|4"  posX="0.077"  character="C" numerical="true"  alphabetical="true"  special="false" locked="false" nextSection="false"/>
                <value node="0|5"  posX="0.117"                numerical="true"  alphabetical="true"  special="false" locked="true"  nextSection="false" isStatic="true"/>

                <value node="0|6"  posX="-0.123"               numerical="false" alphabetical="false" special="false" locked="true"  nextSection="false" isStatic="true"/>
                <value node="0|7"  posX="-0.083" character=" " numerical="true"  alphabetical="true"  special="true"  locked="false" nextSection="false"/>
                <value node="0|8"  posX="-0.043" character=" " numerical="true"  alphabetical="true"  special="true"  locked="false" nextSection="false"/>
                <value node="0|9"  posX="-0.003" character=" " numerical="true"  alphabetical="true"  special="true"  locked="false" nextSection="false"/>
                <value node="0|10" posX="0.037"  character=" " numerical="true"  alphabetical="true"  special="true"  locked="false" nextSection="false"/>
                <value node="0|11" posX="0.077"  character=" " numerical="true"  alphabetical="true"  special="true"  locked="false" nextSection="false"/>
                <value node="0|12" posX="0.117"  character=" " numerical="true"  alphabetical="true"  special="true"  locked="false" nextSection="false"/>

                <color shaderParameter="colorMat0" color="0.75 0.75 0.75"/>         <!-- Background Colour -->
                <color shaderParameter="colorMat1" color="0.0212 0.0212 0.0212"/>   <!-- Frame Colour -->

                <value node="1|0" isStatic="true" position="ANY"/>  <!-- EU Decal -->
            </variation>
            <!-- Type 5 - White Vintage Plates -->
            <variation>
                <value node="0|0"  posX="-0.101"               numerical="false" alphabetical="false" special="false" locked="true"  nextSection="false" isStatic="true"/>
                <value node="0|1"  posX="-0.061" character=" " numerical="true"  alphabetical="true"  special="true"  locked="false" nextSection="false"/>
                <value node="0|2"  posX="-0.021" character=" " numerical="true"  alphabetical="true"  special="true"  locked="false" nextSection="false"/>
                <value node="0|3"  posX="0.019"  character=" " numerical="true"  alphabetical="true"  special="true"  locked="false" nextSection="false"/>
                <value node="0|4"  posX="0.059"  character=" " numerical="true"  alphabetical="true"  special="true"  locked="false" nextSection="false"/>
                <value node="0|5"  posX="0.099"                numerical="false" alphabetical="false" special="false" locked="true"  nextSection="false" isStatic="true"/>

                <value node="0|6"  posX="-0.141"               numerical="false" alphabetical="false" special="false" locked="true"  nextSection="false" isStatic="true"/>
                <value node="0|7"  posX="-0.101"               numerical="false" alphabetical="false" special="false" locked="true"  nextSection="false" isStatic="true"/>
                <value node="0|8"  posX="-0.061" character=" " numerical="true"  alphabetical="true"  special="true"  locked="false" nextSection="false"/>
                <value node="0|9"  posX="-0.021" character=" " numerical="true"  alphabetical="true"  special="true"  locked="false" nextSection="false"/>
                <value node="0|10" posX="0.019"  character=" " numerical="true"  alphabetical="true"  special="true"  locked="false" nextSection="false"/>
                <value node="0|11" posX="0.059"  character=" " numerical="true"  alphabetical="true"  special="true"  locked="false" nextSection="false"/>
                <value node="0|12" posX="0.099"                numerical="false" alphabetical="false" special="false" locked="true"  nextSection="false" isStatic="true"/>

                <color shaderParameter="colorMat0" color="0.75 0.75 0.75"/>         <!-- Background Colour -->
                <color shaderParameter="colorMat1" color="0.0212 0.0212 0.0212"/>   <!-- Frame Colour -->

                <value node="1|0" isStatic="true" position="NONE"/>  <!-- EU Decal -->
            </variation>
            <!-- Type 6 - Black Frame Black Vintage Plates -->
            <variation>
                <value node="0|0"  posX="-0.101"               numerical="false" alphabetical="false" special="false" locked="true"  nextSection="false" isStatic="true"/>
                <value node="0|1"  posX="-0.061" character=" " numerical="true"  alphabetical="true"  special="true"  locked="false" nextSection="false"/>
                <value node="0|2"  posX="-0.021" character=" " numerical="true"  alphabetical="true"  special="true"  locked="false" nextSection="false"/>
                <value node="0|3"  posX="0.019"  character=" " numerical="true"  alphabetical="true"  special="true"  locked="false" nextSection="false"/>
                <value node="0|4"  posX="0.059"  character=" " numerical="true"  alphabetical="true"  special="true"  locked="false" nextSection="false"/>
                <value node="0|5"  posX="0.099"                numerical="false" alphabetical="false" special="false" locked="true"  nextSection="false" isStatic="true"/>

                <value node="0|6"  posX="-0.141"               numerical="false" alphabetical="false" special="false" locked="true"  nextSection="false" isStatic="true"/>
                <value node="0|7"  posX="-0.101"               numerical="false" alphabetical="false" special="false" locked="true"  nextSection="false" isStatic="true"/>
                <value node="0|8"  posX="-0.061" character=" " numerical="true"  alphabetical="true"  special="true"  locked="false" nextSection="false"/>
                <value node="0|9"  posX="-0.021" character=" " numerical="true"  alphabetical="true"  special="true"  locked="false" nextSection="false"/>
                <value node="0|10" posX="0.019"  character=" " numerical="true"  alphabetical="true"  special="true"  locked="false" nextSection="false"/>
                <value node="0|11" posX="0.059"  character=" " numerical="true"  alphabetical="true"  special="true"  locked="false" nextSection="false"/>
                <value node="0|12" posX="0.099"                numerical="false" alphabetical="false" special="false" locked="true"  nextSection="false" isStatic="true"/>

                <color shaderParameter="colorMat0" color="0.0212 0.0212 0.0212"/>   <!-- Background Colour -->
                <color shaderParameter="colorMat1" color="0.0212 0.0212 0.0212"/>   <!-- Frame Colour -->

                <value node="1|0" isStatic="true" position="NONE"/>  <!-- EU Decal -->
            </variation>
            <!-- Type 7 - Silver Frame Black Vintage Plates -->
            <variation>
                <value node="0|0"  posX="-0.101"               numerical="false" alphabetical="false" special="false" locked="true"  nextSection="false" isStatic="true"/>
                <value node="0|1"  posX="-0.061" character=" " numerical="true"  alphabetical="true"  special="true"  locked="false" nextSection="false"/>
                <value node="0|2"  posX="-0.021" character=" " numerical="true"  alphabetical="true"  special="true"  locked="false" nextSection="false"/>
                <value node="0|3"  posX="0.019"  character=" " numerical="true"  alphabetical="true"  special="true"  locked="false" nextSection="false"/>
                <value node="0|4"  posX="0.059"  character=" " numerical="true"  alphabetical="true"  special="true"  locked="false" nextSection="false"/>
                <value node="0|5"  posX="0.099"                numerical="false" alphabetical="false" special="false" locked="true"  nextSection="false" isStatic="true"/>

                <value node="0|6"  posX="-0.141"               numerical="false" alphabetical="false" special="false" locked="true"  nextSection="false" isStatic="true"/>
                <value node="0|7"  posX="-0.101"               numerical="false" alphabetical="false" special="false" locked="true"  nextSection="false" isStatic="true"/>
                <value node="0|8"  posX="-0.061" character=" " numerical="true"  alphabetical="true"  special="true"  locked="false" nextSection="false"/>
                <value node="0|9"  posX="-0.021" character=" " numerical="true"  alphabetical="true"  special="true"  locked="false" nextSection="false"/>
                <value node="0|10" posX="0.019"  character=" " numerical="true"  alphabetical="true"  special="true"  locked="false" nextSection="false"/>
                <value node="0|11" posX="0.059"  character=" " numerical="true"  alphabetical="true"  special="true"  locked="false" nextSection="false"/>
                <value node="0|12" posX="0.099"                numerical="false" alphabetical="false" special="false" locked="true"  nextSection="false" isStatic="true"/>

                <color shaderParameter="colorMat0" color="0.0212 0.0212 0.0212"/>   <!-- Background Colour -->
                <color shaderParameter="colorMat1" color="0.5 0.5 0.5"/>            <!-- Frame Colour -->

                <value node="1|0" isStatic="true" position="NONE"/>  <!-- EU Decal -->
            </variation>
            <!-- Type 8 - Red Vintage Plates -->
            <variation>
                <value node="0|0"  posX="-0.101"               numerical="false" alphabetical="false" special="false" locked="true"  nextSection="false" isStatic="true"/>
                <value node="0|1"  posX="-0.061" character=" " numerical="true"  alphabetical="true"  special="true"  locked="false" nextSection="false"/>
                <value node="0|2"  posX="-0.021" character=" " numerical="true"  alphabetical="true"  special="true"  locked="false" nextSection="false"/>
                <value node="0|3"  posX="0.019"  character=" " numerical="true"  alphabetical="true"  special="true"  locked="false" nextSection="false"/>
                <value node="0|4"  posX="0.059"  character=" " numerical="true"  alphabetical="true"  special="true"  locked="false" nextSection="false"/>
                <value node="0|5"  posX="0.099"                numerical="false" alphabetical="false" special="false" locked="true"  nextSection="false" isStatic="true"/>

                <value node="0|6"  posX="-0.141"               numerical="false" alphabetical="false" special="false" locked="true"  nextSection="false" isStatic="true"/>
                <value node="0|7"  posX="-0.101"               numerical="false" alphabetical="false" special="false" locked="true"  nextSection="false" isStatic="true"/>
                <value node="0|8"  posX="-0.061" character=" " numerical="true"  alphabetical="true"  special="true"  locked="false" nextSection="false"/>
                <value node="0|9"  posX="-0.021" character=" " numerical="true"  alphabetical="true"  special="true"  locked="false" nextSection="false"/>
                <value node="0|10" posX="0.019"  character=" " numerical="true"  alphabetical="true"  special="true"  locked="false" nextSection="false"/>
                <value node="0|11" posX="0.059"  character=" " numerical="true"  alphabetical="true"  special="true"  locked="false" nextSection="false"/>
                <value node="0|12" posX="0.099"                numerical="false" alphabetical="false" special="false" locked="true"  nextSection="false" isStatic="true"/>

                <color shaderParameter="colorMat0" color="0.5054 0.0097 0.0000"/>   <!-- Background Colour -->
                <color shaderParameter="colorMat1" color="0.0212 0.0212 0.0212"/>   <!-- Frame Colour -->

                <value node="1|0" isStatic="true" position="NONE"/>  <!-- EU Decal -->
            </variation>
            <!-- Type 9 - Yellow Vintage Plates -->
            <variation>
                <value node="0|0"  posX="-0.101"               numerical="false" alphabetical="false" special="false" locked="true"  nextSection="false" isStatic="true"/>
                <value node="0|1"  posX="-0.061" character=" " numerical="true"  alphabetical="true"  special="true"  locked="false" nextSection="false"/>
                <value node="0|2"  posX="-0.021" character=" " numerical="true"  alphabetical="true"  special="true"  locked="false" nextSection="false"/>
                <value node="0|3"  posX="0.019"  character=" " numerical="true"  alphabetical="true"  special="true"  locked="false" nextSection="false"/>
                <value node="0|4"  posX="0.059"  character=" " numerical="true"  alphabetical="true"  special="true"  locked="false" nextSection="false"/>
                <value node="0|5"  posX="0.099"                numerical="false" alphabetical="false" special="false" locked="true"  nextSection="false" isStatic="true"/>

                <value node="0|6"  posX="-0.141"               numerical="false" alphabetical="false" special="false" locked="true"  nextSection="false" isStatic="true"/>
                <value node="0|7"  posX="-0.101"               numerical="false" alphabetical="false" special="false" locked="true"  nextSection="false" isStatic="true"/>
                <value node="0|8"  posX="-0.061" character=" " numerical="true"  alphabetical="true"  special="true"  locked="false" nextSection="false"/>
                <value node="0|9"  posX="-0.021" character=" " numerical="true"  alphabetical="true"  special="true"  locked="false" nextSection="false"/>
                <value node="0|10" posX="0.019"  character=" " numerical="true"  alphabetical="true"  special="true"  locked="false" nextSection="false"/>
                <value node="0|11" posX="0.059"  character=" " numerical="true"  alphabetical="true"  special="true"  locked="false" nextSection="false"/>
                <value node="0|12" posX="0.099"                numerical="false" alphabetical="false" special="false" locked="true"  nextSection="false" isStatic="true"/>

                <color shaderParameter="colorMat0" color="0.64 0.3 0.04"/>          <!-- Background Colour -->
                <color shaderParameter="colorMat1" color="0.0212 0.0212 0.0212"/>   <!-- Frame Colour -->

                <value node="1|0" isStatic="true" position="NONE"/>  <!-- EU Decal -->
            </variation>
            <!-- Type 10 - White Fantasy License Plate With Decal -->
            <variation>
                <value node="0|0"  posX="-0.083"               numerical="false" alphabetical="false" special="false" locked="true"  nextSection="false" isStatic="true"/>
                <value node="0|1"  posX="-0.043" character=" " numerical="true"  alphabetical="true"  special="true"  locked="false" nextSection="false"/>
                <value node="0|2"  posX="-0.003" character=" " numerical="true"  alphabetical="true"  special="true"  locked="false" nextSection="false"/>
                <value node="0|3"  posX="0.037"  character=" " numerical="true"  alphabetical="true"  special="true"  locked="false" nextSection="false"/>
                <value node="0|4"  posX="0.077"  character=" " numerical="true"  alphabetical="true"  special="true"  locked="false" nextSection="false"/>
                <value node="0|5"  posX="0.117"                numerical="true"  alphabetical="true"  special="true"  locked="false" nextSection="false" isStatic="true"/>

                <value node="0|6"  posX="-0.123"               numerical="false" alphabetical="false" special="false" locked="true"  nextSection="false" isStatic="true"/>
                <value node="0|7"  posX="-0.083" character=" " numerical="true"  alphabetical="true"  special="true"  locked="false" nextSection="false"/>
                <value node="0|8"  posX="-0.043" character=" " numerical="true"  alphabetical="true"  special="true"  locked="false" nextSection="false"/>
                <value node="0|9"  posX="-0.003" character=" " numerical="true"  alphabetical="true"  special="true"  locked="false" nextSection="false"/>
                <value node="0|10" posX="0.037"  character=" " numerical="true"  alphabetical="true"  special="true"  locked="false" nextSection="false"/>
                <value node="0|11" posX="0.077"  character=" " numerical="true"  alphabetical="true"  special="true"  locked="false" nextSection="false"/>
                <value node="0|12" posX="0.117"  character=" " numerical="true"  alphabetical="true"  special="true"  locked="false" nextSection="false"/>

                <color shaderParameter="colorMat0" color="0.75 0.75 0.75"/>         <!-- Background Colour -->
                <color shaderParameter="colorMat1" color="0.0212 0.0212 0.0212"/>   <!-- Frame Colour -->

                <value node="1|0" isStatic="true" position="ANY"/>  <!-- EU Decal -->
            </variation>
            <!-- Type 11 - White Fantasy License Plate Without Decal -->
            <variation>
                <value node="0|0"  posX="-0.101"               numerical="false" alphabetical="false" special="false" locked="true"  nextSection="false" isStatic="true"/>
                <value node="0|1"  posX="-0.061" character=" " numerical="true"  alphabetical="true"  special="true"  locked="false" nextSection="false"/>
                <value node="0|2"  posX="-0.021" character=" " numerical="true"  alphabetical="true"  special="true"  locked="false" nextSection="false"/>
                <value node="0|3"  posX="0.019"  character=" " numerical="true"  alphabetical="true"  special="true"  locked="false" nextSection="false"/>
                <value node="0|4"  posX="0.059"  character=" " numerical="true"  alphabetical="true"  special="true"  locked="false" nextSection="false"/>
                <value node="0|5"  posX="0.099"                numerical="true"  alphabetical="true"  special="true"  locked="false" nextSection="false" isStatic="true"/>

                <value node="0|6"  posX="-0.141"               numerical="false" alphabetical="false" special="false" locked="true"  nextSection="false" isStatic="true"/>
                <value node="0|7"  posX="-0.101" character=" " numerical="true"  alphabetical="true"  special="true"  locked="false" nextSection="false"/>
                <value node="0|8"  posX="-0.061" character=" " numerical="true"  alphabetical="true"  special="true"  locked="false" nextSection="false"/>
                <value node="0|9"  posX="-0.021" character=" " numerical="true"  alphabetical="true"  special="true"  locked="false" nextSection="false"/>
                <value node="0|10" posX="0.019"  character=" " numerical="true"  alphabetical="true"  special="true"  locked="false" nextSection="false"/>
                <value node="0|11" posX="0.059"  character=" " numerical="true"  alphabetical="true"  special="true"  locked="false" nextSection="false"/>
                <value node="0|12" posX="0.099"  character=" " numerical="true"  alphabetical="true"  special="true"  locked="false" nextSection="false"/>

                <color shaderParameter="colorMat0" color="0.75 0.75 0.75"/>         <!-- Background Colour -->
                <color shaderParameter="colorMat1" color="0.0212 0.0212 0.0212"/>   <!-- Frame Colour -->

                <value node="1|0" isStatic="true" position="NONE"/>  <!-- EU Decal -->
            </variation>
            <!-- Type 12 - Yellow Fantasy License Plate With Decal -->
            <variation>
                <value node="0|0"  posX="-0.083"               numerical="false" alphabetical="false" special="false" locked="true"  nextSection="false" isStatic="true"/>
                <value node="0|1"  posX="-0.043" character=" " numerical="true"  alphabetical="true"  special="true"  locked="false" nextSection="false"/>
                <value node="0|2"  posX="-0.003" character=" " numerical="true"  alphabetical="true"  special="true"  locked="false" nextSection="false"/>
                <value node="0|3"  posX="0.037"  character=" " numerical="true"  alphabetical="true"  special="true"  locked="false" nextSection="false"/>
                <value node="0|4"  posX="0.077"  character=" " numerical="true"  alphabetical="true"  special="true"  locked="false" nextSection="false"/>
                <value node="0|5"  posX="0.117"                numerical="true"  alphabetical="true"  special="true"  locked="false" nextSection="false" isStatic="true"/>

                <value node="0|6"  posX="-0.123"               numerical="false" alphabetical="false" special="false" locked="true"  nextSection="false" isStatic="true"/>
                <value node="0|7"  posX="-0.083" character=" " numerical="true"  alphabetical="true"  special="true"  locked="false" nextSection="false"/>
                <value node="0|8"  posX="-0.043" character=" " numerical="true"  alphabetical="true"  special="true"  locked="false" nextSection="false"/>
                <value node="0|9"  posX="-0.003" character=" " numerical="true"  alphabetical="true"  special="true"  locked="false" nextSection="false"/>
                <value node="0|10" posX="0.037"  character=" " numerical="true"  alphabetical="true"  special="true"  locked="false" nextSection="false"/>
                <value node="0|11" posX="0.077"  character=" " numerical="true"  alphabetical="true"  special="true"  locked="false" nextSection="false"/>
                <value node="0|12" posX="0.117"  character=" " numerical="true"  alphabetical="true"  special="true"  locked="false" nextSection="false"/>

                <color shaderParameter="colorMat0" color="0.64 0.3 0.04"/>          <!-- Background Colour -->
                <color shaderParameter="colorMat1" color="0.0212 0.0212 0.0212"/>   <!-- Frame Colour -->

                <value node="1|0" isStatic="true" position="ANY"/>  <!-- EU Decal -->
            </variation>
            <!-- Type 13 - Yellow Fantasy License Plate Without Decal -->
            <variation>
                <value node="0|0"  posX="-0.101"               numerical="false" alphabetical="false" special="false" locked="true"  nextSection="false" isStatic="true"/>
                <value node="0|1"  posX="-0.061" character=" " numerical="true"  alphabetical="true"  special="true"  locked="false" nextSection="false"/>
                <value node="0|2"  posX="-0.021" character=" " numerical="true"  alphabetical="true"  special="true"  locked="false" nextSection="false"/>
                <value node="0|3"  posX="0.019"  character=" " numerical="true"  alphabetical="true"  special="true"  locked="false" nextSection="false"/>
                <value node="0|4"  posX="0.059"  character=" " numerical="true"  alphabetical="true"  special="true"  locked="false" nextSection="false"/>
                <value node="0|5"  posX="0.099"                numerical="true"  alphabetical="true"  special="true"  locked="false" nextSection="false" isStatic="true"/>

                <value node="0|6"  posX="-0.141"               numerical="false" alphabetical="false" special="false" locked="true"  nextSection="false" isStatic="true"/>
                <value node="0|7"  posX="-0.101" character=" " numerical="true"  alphabetical="true"  special="true"  locked="false" nextSection="false"/>
                <value node="0|8"  posX="-0.061" character=" " numerical="true"  alphabetical="true"  special="true"  locked="false" nextSection="false"/>
                <value node="0|9"  posX="-0.021" character=" " numerical="true"  alphabetical="true"  special="true"  locked="false" nextSection="false"/>
                <value node="0|10" posX="0.019"  character=" " numerical="true"  alphabetical="true"  special="true"  locked="false" nextSection="false"/>
                <value node="0|11" posX="0.059"  character=" " numerical="true"  alphabetical="true"  special="true"  locked="false" nextSection="false"/>
                <value node="0|12" posX="0.099"  character=" " numerical="true"  alphabetical="true"  special="true"  locked="false" nextSection="false"/>

                <color shaderParameter="colorMat0" color="0.64 0.3 0.04"/>          <!-- Background Colour -->
                <color shaderParameter="colorMat1" color="0.0212 0.0212 0.0212"/>   <!-- Frame Colour -->

                <value node="1|0" isStatic="true" position="NONE"/>  <!-- EU Decal -->
            </variation>
        </variations>
    </licensePlate>

    <!-- Font Colour -->
    <colorConfigurations shaderParameter="colorMat2" useDefaultColors="false">
        <colorConfiguration name="$l10n_ui_colorBlack" color="0.0212 0.0212 0.0212" isDefault="true"/>
		<colorConfiguration name="$l10n_ui_colorSilver" color="0.5 0.5 0.5" MaterialId="27"/>
        <colorConfiguration name="$l10n_ui_colorWhite" color="0.75 0.75 0.75"/>
        <colorConfiguration name="Gold" color="1.000 0.577 0.102"/>
    </colorConfigurations>

    <placement defaultType="NONE"/> <!-- both -->
</licensePlates>
