﻿<?xml version="1.0" encoding="utf-8" standalone="no" ?>
<prefabDesc descVersion="1">
    <author>deutzfreakwsm</author>
    <version>1.0.0.0</version>
	<title>
        <en>BKT AS504</en>
    </title>
	<description>
        <en>
<![CDATA[BKT AS504 Tires, used on agriculture tools.
Pack includes:
-BKT AS504 10.0/75 - 15.3 (PC Version)
-non branded 10.0/75 - 15.3 (Console Version)
-Rim 9.00x15.3 ET-5
]]>
        </en>
        <de>
<![CDATA[BKT AS504 Reifen, Einsatz auf landwirtschaftlichen Geräten
Enthalten sind:
-BKT AS504 10.0/75 - 15.3 (PC Version)
-Markenfreie 10.0/75 - 15.3 (Konsolen Version)
-Felge 9.00x15.3 ET-5
]]>
        </de>
    </description>
    <iconFilename>icon.dds</iconFilename>
	<categories>
        <category>others</category>
    </categories>
	<prefabs>
		<prefab name="BKT AS504" i3dFilename="AS504.i3d" />
    </prefabs>
</prefabDesc>
