﻿<?xml version="1.0" encoding="utf-8" standalone="no" ?>
<modDesc descVersion="66">
    <author>Gustav_fs22</author>
    <version>1.0.0.0</version>
    <title>
        <en>John Deere 6R Extra Large Frame</en>
		<de>John Deere 6R Extra Großer Rahmen</de>
    </title>
    <description>
        <en><![CDATA[6R Series: Go Smart, Do More
6R tractors with extra large frame: For extra powerful performance

Model: 6R 230
Type: Medium-sized tractors
Base price: €235,500
Engine power: 253 hp (186 kW) maximum power (ECE-R120) + 28 hp (20 kW) IPM
Engine: 6.8L 6 cylinder engine
Frame: 9.65 t and 2.90 m wheelbase
Transmission options to choose from: AutoPowr

Model: 6R 250
Type: Medium-sized tractors
Base price: €245,500
Engine power: 275 hp (202 kW) maximum power (ECE-R120) + 26 hp (20 kW) IPM
Engine: 6.8L 6 cylinder engine
Frame: 9.65 t and 2.90 m wheelbase
Transmission options to choose from: AutoPowr]]></en>
        <de><![CDATA[Serie 6R: Go Smart, Do More
6R Traktoren mit extragroßem Rahmen: Für extrastarke Leistung

Modell: 6R 230
Art: Mittelgroße Traktoren
Basispreis: 235.500€
Motorleistung: 253 PS (186 kW) Maximalleistung (ECE-R120) + 28 PS (20 kW) IPM
Motor: 6,8-l-Motor mit 6 Zylindern
Rahmen: 9,65 t und 2,90 m Radstand
Getriebevarianten zur Auswahl: AutoPowr

Modell: 6R 250
Art: Mittelgroße Traktoren
Basispreis: 245.500€
Motorleistung: 275 PS (202 kW) Maximalleistung (ECE-R120) + 26 PS (20 kW) IPM
Motor: 6,8-l-Motor mit 6 Zylindern
Rahmen: 9,65 t und 2,90 m Radstand
Getriebevarianten zur Auswahl: AutoPowr]]></de>
        <fr><![CDATA[Série 6R : Soyez intelligent, faites-en plus
Tracteurs 6R avec châssis extra large : pour des performances extra puissantes

Modèle : 6R 230
Type : Tracteurs de taille moyenne
Prix ​​de base : 235 500 €
Puissance moteur : 253 ch (186 kW) puissance maximale (ECE-R120) + 28 ch (20 kW) IPM
Moteur : 6 cylindres de 6,8 L
Châssis : 9,65 t et empattement 2,90 m
Options de transmission au choix : AutoPowr

Modèle : 6R 250
Type : Tracteurs de taille moyenne
Prix ​​de base : 245.500 €
Puissance moteur : 275 ch (202 kW) puissance maximale (ECE-R120) + 26 ch (20 kW) IPM
Moteur : 6 cylindres de 6,8 L
Châssis : 9,65 t et empattement 2,90 m
Options de transmission au choix : AutoPowr]]></fr>
    </description>
    <iconFilename>icon_series6R.png</iconFilename>
	<multiplayer supported="true"/>
    <storeItems>
        <storeItem xmlFilename="series6R.xml"/>
    </storeItems>
	<l10n>
		<text name="configuration_Fender">				<en>Fender</en>					<de>Kotflügel</de>					</text>
		<text name="configuration_withoutFenders">		<en>Without Fenders</en>		<de>ohne Kotflügel</de>				</text>
		<text name="configuration_beaconLight">			<en>Beacon Lights</en>			<de>Rundumleuchten</de>				</text>
		<text name="configuration_beaconLightLeft">		<en>Left Beacon</en>		<de>Rundumleuchte Links</de>		</text>
		<text name="configuration_beaconLightRight">	<en>Right Beacon</en>		<de>Rundumleuchte Rechts</de>		</text>
		<text name="configuration_bothbeaconLights">	<en>Both side</en>		<de>Beide Rundumleuchten</de>		</text>
		<text name="configuration_warningSigns">		<en>Warning Signs</en>			<de>Warntafeln</de>					</text>
		<text name="configuration_receiver">			<en>GPS Receiver</en>			<de>GPS Empfänger</de>				</text>
		<text name="configuration_starFire">			<en>StarFire 6000 Receiver</en>	<de>StarFire 6000 Empfänger</de>	</text>
		<text name="configuration_roofDoor">			<en>Roof door</en>				<de>Dachluke</de>					</text>
		<text name="configuration_roofWindow">			<en>Roof Window</en>			<de>Dachfenster</de>				</text>
		
		<text name="hvid/orange lys">			        <en>white/orange light</en>				</text>
		
		<text name="top lights">			            <en>top lights</en>				        </text>
		
		<text name="hella lys X2/X4/X6">			    <en>hella lights X2/X4/X6</en>		    </text>
		
	</l10n>
	
</modDesc>
