﻿<?xml version="1.0" encoding="utf-8" standalone="no" ?>
<modDesc descVersion="61">
    <author>Kzmodding,AliYurttutan</author>
    <version>1.0.0.0</version>
    <title>
        <en>Sakalak</en>
    </title>
	
    <description>
        <en>
            <![CDATA[
Irtem UY3000
Working Width: 3m
Price: € 7,000]]>
        </en>
        <de>
            <![CDATA[
Irtem UY3000
Arbeitsbreite: 3m
Preis: 7.000 €]]>
        </de>
        <fr>
            <![CDATA[
Irtem UY3000
Largeur de travail: 3m
Prix: 7000 €]]>
        </fr>
		<pl>
            <![CDATA[
Irtem UY3000
Szerokość robocza: 3 m
Cena: 7000 €]]>
        </pl>
    </description>
	
		<brands>
        <brand name="SAKALAK" title="Sakalak" image="brand_sakalak.dds"/>
    </brands>
	
    <iconFilename>store.dds</iconFilename>
    <multiplayer supported="true" />

    <storeItems>
        <storeItem xmlFilename="Sakalak.xml"/>
    </storeItems>
</modDesc>
