﻿<?xml version="1.0" encoding="utf-8" standalone="no" ?>
<vehicle type="fertilizingSowingMachine">
    <annotation>Copyright (C) GIANTS Software GmbH, All Rights Reserved.</annotation>

    <storeData>
        <name>SAKALAK</name>
        <specs>
            <neededPower>35</neededPower>
            <workingWidth>3</workingWidth>
            <combination>MKE 300</combination>
        </specs>
        <functions>
            <function>$l10n_function_sowingMachine</function>
        </functions>
        <image>store.png</image>
        <price>7000</price>
        <lifetime>100</lifetime>
        <rotation>0</rotation>
        <brand>SAKALAK</brand>
        <category>seeders</category>
		<shopTranslationOffset>0 0.35 0</shopTranslationOffset>		
    </storeData>

    <base>
        <typeDesc>$l10n_typeDesc_sowingMachine</typeDesc>
        <filename>Sakalak.i3d</filename>
        <size width="4" length="2" lengthOffset="-0.2"/>
        <speedLimit value="13" />
        <components>
            <component centerOfMass="0 -0.06 0.06" solverIterationCount="10" mass="300" />
        </components>
        <schemaOverlay attacherJointPosition="0 0">
            <default name="DEFAULT_IMPLEMENT"/>
            <turnedOn name="DEFAULT_IMPLEMENT_ON"/>
            <selected name="DEFAULT_IMPLEMENT_SELECTED"/>
            <turnedOnSelected name="DEFAULT_IMPLEMENT_SELECTED_ON"/>
        </schemaOverlay>
    </base>

    <powerConsumer forceNode="0>" maxForce="1" />
	
	<designConfigurations>
		<designConfiguration name="One Disc" price="0">
            <objectChange node="0>14|0" visibilityActive="true" />
			<objectChange node="0>14|1" visibilityActive="false" />
        </designConfiguration>	
		<designConfiguration name="Two Disc" price="0">
			<objectChange node="0>14|1" visibilityActive="true" />
            <objectChange node="0>14|0" visibilityActive="false" />
        </designConfiguration>	
    </designConfigurations>
	
	<wheels>
        <wheelConfigurations>
            <wheelConfiguration name="$l10n_configuration_valueDefault" price="0">
                <wheels>
                    <wheel filename="wheels/wheels.xml" isLeft="true" hasTireTracks="true" hasParticles="true">
                        <physics restLoad="1.7" repr="0>0|2"  forcePointRatio="0.3" initialCompression="40" suspTravel="0.05" spring="80" damper="20" rotationDamping="0.001"/>
                    </wheel>
                    <wheel filename="wheels/wheels.xml" isLeft="false" hasTireTracks="true" hasParticles="true">
                        <physics restLoad="1.7" repr="0>0|3" forcePointRatio="0.3" initialCompression="40" suspTravel="0.05" spring="80" damper="20" rotationDamping="0.001"/>
                    </wheel>
                </wheels>
            </wheelConfiguration>
        </wheelConfigurations>
    </wheels>

    <speedRotatingParts>
		<!-- wheels -->
        <speedRotatingPart node="0>0|2" radius="1" groundReferenceNodeIndex="1" onlyActiveWhenLowered="true" />
        <speedRotatingPart node="0>0|3" radius="1" groundReferenceNodeIndex="1" onlyActiveWhenLowered="true" />
		<!-- left and rightMarkerDisc -->
        <speedRotatingPart node="0>14|0|0|0|0|0" radius="0.2" foldMinLimit="0" foldMaxLimit="1" ridgeMarkerAnim="leftRidgeMarkerAnim" groundReferenceNodeIndex="1" />
        <speedRotatingPart node="0>14|0|1|0|0|0" radius="0.2" foldMinLimit="0" foldMaxLimit="1" ridgeMarkerAnim="rightRidgeMarkerAnim" groundReferenceNodeIndex="1" />
    </speedRotatingParts>>

    <attachable>
		<inputAttacherJoints>
            <inputAttacherJoint node="0>16" jointType="trailer" topReferenceNode="0>4">
                <distanceToGround lower="0.5" upper="1.2"/>
            </inputAttacherJoint>
            <inputAttacherJoint node="0>12" jointType="implement" topReferenceNode="0>4">
                <distanceToGround lower="0.5" upper="1.2"/>
            </inputAttacherJoint>
        </inputAttacherJoints>
	<support animationName="moveSupport" /> 
    </attachable>
	
	<lights>
        <states>
            <state lightTypes="0"/>
        </states>

        <realLights>
            <low>
                <light node="frontLightLow"       lightTypes="0" excludedLightTypes="2 3" />
            </low>
            <high>
                <light node="frontLightHigh"        lightTypes="0" excludedLightTypes="2 3" />
                <light node="backLightsHigh1"       lightTypes="0"/>
                <brakeLight node="backLightsHigh1" />
                <turnLightLeft node="turnLightLeftFront" />
                <turnLightRight node="turnLightRightFront" />
            </high>
        </realLights>
		
		<turnLights>
            <turnLightLeft shaderNode="0>1|0|0" intensity="5"/>
            <turnLightRight shaderNode="0>1|1|0" intensity="5"/>
        </turnLights>

        <defaultLights>
            <defaultLight shaderNode="0>1|1|1"     lightTypes="0 3" intensity="5"/>
            <defaultLight shaderNode="0>1|0|1"     lightTypes="0 3" intensity="5"/>
        </defaultLights>
    </lights>


   <groundReferenceNodes>
        <groundReferenceNode node="0>7|0|1" forceFactor="1" threshold="0.2" depthNode="0>7|0|1"/>
		<groundReferenceNode node="0>2|2|1|0|3" forceFactor="1" threshold="0.2" depthNode="0>2|2|1|0|3"/>
		<groundReferenceNode node="0>2|2|0|0|3" forceFactor="1" threshold="0.2" depthNode="0>2|2|0|0|3"/>
		<groundReferenceNode node="0>7|0|1" forceFactor="1" threshold="0.2" depthNode="0>2|2|1|0|3"/>
		<groundReferenceNode node="0>7|0|1" forceFactor="1" threshold="0.2" depthNode="0>2|2|0|0|3"/>
    </groundReferenceNodes>

    <workAreas>
        <workArea type="fertilizingSowingMachine" functionName="processSowingMachineArea">
            <area startNode="0>5|0" widthNode="0>5|1" heightNode="0>5|2"/>
            <groundReferenceNode index="1"/>
        </workArea>
    </workAreas>
	
    <sowingMachine fillUnitIndex="1" unloadInfoIndex="1" loadInfoIndex="1" >
        <seedFruitTypeCategories>sowingMachine</seedFruitTypeCategories>
        <needsActivation value="true" />
        <sounds>
            <work template="DEFAULT_SOWING_WORK" linkNode="0>" />
            <airBlower template="DEFAULT_SOWING_AIR_BLOWER" linkNode="0>" />
        </sounds>
    </sowingMachine>
	
	<sprayer fillUnitIndex="2" unloadInfoIndex="2" loadInfoIndex="2" >
        <usageScales workingWidth="4.5" scale="1" />
    </sprayer>

    <fillUnit>
        <fillUnitConfigurations>
            <fillUnitConfiguration>
                <fillUnits>
                    <unloading width="16" offset="0 0 0" />
                    <fillUnit unit="$l10n_unit_literShort" fillTypes="seeds" capacity="700">
                        <exactFillRootNode node="0>3|1" extraEffectDistance="0.3"/>
                    </fillUnit>
					<fillUnit unit="$l10n_unit_literShort" fillTypes="fertilizer" capacity="700">
                        <exactFillRootNode node="0>3|5" extraEffectDistance="0.3"/>
                    </fillUnit>
                </fillUnits>
            </fillUnitConfiguration>
        </fillUnitConfigurations>
    </fillUnit>

    <fillVolume>
        <fillVolumeConfigurations>
            <fillVolumeConfiguration>
                <volumes>
                    <volume node="0>3|4" fillUnitIndex="2" maxDelta="0.1"/>
                    <volume node="0>3|6" fillUnitIndex="1" maxDelta="0.1"/>
                </volumes>
            </fillVolumeConfiguration>
        </fillVolumeConfigurations>
        <unloadInfos>
            <unloadInfo>
                <node node="0>3|2" width="1.4" length="0.1"/>
            </unloadInfo>
        </unloadInfos>
        <loadInfos>
            <loadInfo>
                <node node="0>3|3" width="1.4" length="0.1"/>
            </loadInfo>
        </loadInfos>
    </fillVolume>
	
	<foldable>
        <foldingConfigurations>
            <foldingConfiguration>
                <foldingParts startMoveDirection="0" turnOnFoldDirection="-1" turnOnFoldMinLimit="0" turnOnFoldMaxLimit="0">
                    <foldingPart animationName="katlanma" speedScale="0.6" />
                </foldingParts>
            </foldingConfiguration>
        </foldingConfigurations>
    </foldable>

    <animations>
        <animation name="toggleCover">
            <part node="0>2|0" startTime="0" endTime="1.0" startRot="90 0 0" endRot="165 0 0"/>
			<part node="0>2|1" startTime="0" endTime="1.0" startRot="90 0 0" endRot="165 0 0"/>
        </animation>
		<animation name="moveSupport">
			<part node="0>15|19" startTime="0" endTime="0.4" startTrans="0.036 0.413 -0.548" endTrans="0.036 0.413 -0.352" />
			<part node="0>15|2|0" startTime="0" endTime="0.4" startTrans="0.052 0.014 -1.815" endTrans="0.052 -0.236 -1.793" />
			<part node="0>9|0" startTime="0" endTime="0.1" startTrans="0 0.325 0" endTrans="0 -0.05 0" />
		</animation> 
		<animation name="katlanma">
            <part node="0>15|2" startTime="0" endTime="2.0" startRot="-85 0 179" endRot="-175 0 179"/>
        </animation>
    </animations>

    <cover>
        <coverConfigurations>
            <coverConfiguration>
                <cover openAnimation="toggleCover" fillUnitIndices="1" openOnBuy="false"/>
            </coverConfiguration>
        </coverConfigurations>
    </cover>

    <cylindered>
	    <movingTools>
			<movingTool node="0>8" playSound="false">
			<inputAttacherJoint value="true"/>
			</movingTool>
	    </movingTools>
    <movingParts>
	</movingParts>

    </cylindered>

    <workParticles>
	    <particleAnimation>
         <node node="0>7|0|0|2" refNodeIndex="1" materialType="SOIL" />
         <node node="0>14|0|0|0|7|0" refNodeIndex="2" materialType="SOIL" />
         <node node="0>14|0|1|0|7|0" refNodeIndex="3" materialType="SOIL" />
        </particleAnimation>
        <particle>
            <node node="0>7|0|0|0" refNodeIndex="1" particleType="SOIL"/>
            <node node="0>7|0|0|2|0" refNodeIndex="1" particleType="SOIL_SMOKE"/>
            <node node="0>7|0|0|1" refNodeIndex="1" particleType="SOIL_CHUNKS" worldSpace="false"/>
			<node node="0>2|2|0|0|4" refNodeIndex="3" particleType="SOIL_CHUNKS" worldSpace="false"/>
			<node node="0>2|2|1|0|4" refNodeIndex="2" particleType="SOIL_CHUNKS" worldSpace="false"/>
        </particle>
    </workParticles>

    <ai>
        <areaMarkers leftNode="0>6|0" rightNode="0>6|1" backNode="0>6|2" />
		<sizeMarkers leftNode="0>13|0" rightNode="0>13|1" backNode="0>13|2" />
        <collisionTrigger node="0>6|3" />
        <needsLowering value="true"/>
    </ai>

    <foliageBending>
        <bendingNode minX="-1.6" maxX="1.6" minZ="-1.1" maxZ="0.7" yOffset="0.2" />
    </foliageBending>

    <wearable wearDuration="480" workMultiplier="5" fieldMultiplier="2"/>
    <washable dirtDuration="90" washDuration="1" workMultiplier="6" fieldMultiplier="2"/>
	
	<connectionHoses>
        <hose inputAttacherJointIndices="1" type="hydraulicIn" node="0>11|0|3" length="1" diameter="0.02">
            <objectChange node="0>11|0|3|0" visibilityActive="false" visibilityInactive="true"/>
        </hose><
		hose inputAttacherJointIndices="1" type="hydraulicIn" node="0>11|0|4" length="1" diameter="0.02">
            <objectChange node="0>11|0|4|0" visibilityActive="false" visibilityInactive="true"/>
        </hose>
		
		<hose inputAttacherJointIndices="1" type="electric" node="0>11|0|2|0|0" length="1.82" diameter="0.01" straighteningFactor="1.5">	
            <objectChange node="0>11|0|2|1|0"          rotationActive="0 0 0" rotationInactive="-90 0 0"/>
			<objectChange node="0>11|0|2|1" visibilityActive="true" visibilityInactive="false"/>
        </hose>	
    </connectionHoses>
	
	<baseMaterial>
        <material name="JD" baseNode="0>2|0">
            <shaderParameter name="colorMat0" value="0. 0.44 0.000 0"/>
        </material> 
		<material name="24" baseNode="0>11|0">
            <shaderParameter name="colorMat0" value="0.0 0.001 0.002 0"/>
        </material>
		<material name="89" baseNode="0>8|0">
            <shaderParameter name="colorMat0" value="0.492 0.001 0.002 0"/>
        </material>
		<material name="Wheel" baseNode="0>0|2">
            <shaderParameter name="colorMat0" value="1 0.3 0. 0"/>
        </material>
		<material name="Kzmodding" baseNode="0>14|1">
            <shaderParameter name="colorMat0" value="0. 0.44 0. 0"/>
        </material>
		<material name="FLG_mat" baseNode="0>14|0">
            <shaderParameter name="colorMat0" value="0.492 0.001 0.002 0"/>
        </material>
    </baseMaterial>
	
    <baseMaterialConfigurations price="2500" useDefaultColors="true">
	    <baseMaterialConfiguration name="YELLOW" color="1 0.3 0.0 0"  />
		<baseMaterialConfiguration color="STOLL_GREY1"/>
		<baseMaterialConfiguration name="BLACK MAT" color="0.01 0.01 0.0101" price="500" material="27"/>
		<material name="Kzmodding" shaderParameter="colorMat0"/>
		<material name="24" shaderParameter="colorMat0"/>
		<material name="89" shaderParameter="colorMat0"/>
		<material name="JD" shaderParameter="colorMat0"/>
		<material name="FLG_mat" shaderParameter="colorMat0"/>
	</baseMaterialConfigurations>
	
	<designMaterialConfigurations nameü="Jant Rengi" defaultColorIndex="0" price="6000" >
        <designMaterialConfiguration name="White" color="1 0.3 0 0"/>
		<designMaterialConfiguration name="BLACK MAT" color="0.01 0.01 0.0101" price="500" material="27"/>
        <designMaterialConfiguration color="STOLL_GREY1"/>		
        <material name="Wheel" shaderParameter="colorMat0" />
    </designMaterialConfigurations>
	
</vehicle>
