﻿<?xml version="1.0" encoding="utf-8" standalone="no" ?>
<vehicle type="implementDynamicMountAttacher" xmlns:xsi="http://www.w3.org/2001/XMLSchema-instance" xsi:noNamespaceSchemaLocation="../../../../shared/xml/schema/vehicle.xsd">
    <annotation>Copyright (C) GIANTS Software GmbH, All Rights Reserved.</annotation>

    <storeData>
        <name>$l10n_shopItem_frontloaderBaleFork</name>
        <specs>
            <workingWidth>1.0</workingWidth>
            <combination filterCategory="frontLoaders" />
            <combination filterCategory="frontLoaderVehicles" />
        </specs>
        <functions>
            <function>$l10n_function_frontloaderBaleFork</function>
        </functions>
        <storePacks>
            <storePack>STARTER_FORAGE</storePack>
        </storePacks>
        <image>store_baleSpike.png</image>
        <price>600</price>
        <lifetime>600</lifetime>
        <rotation>0</rotation>
        <brand>LIZARD</brand>
        <category>frontLoaderTools</category>
        <vertexBufferMemoryUsage>37120</vertexBufferMemoryUsage>
        <indexBufferMemoryUsage>6912</indexBufferMemoryUsage>
        <textureMemoryUsage>655360</textureMemoryUsage>
        <audioMemoryUsage>0</audioMemoryUsage>
        <instanceVertexBufferMemoryUsage>0</instanceVertexBufferMemoryUsage>
        <instanceIndexBufferMemoryUsage>0</instanceIndexBufferMemoryUsage>
    </storeData>

    <base>
        <typeDesc>$l10n_typeDesc_frontloaderTool</typeDesc>
        <filename>i3d/baleSpike.i3d</filename>
        <size width="1.0" length="0.8" lengthOffset="-0.2" height="1.6" />
        <components>
            <component centerOfMass="0 0 -0.2" solverIterationCount="10" mass="250" />
        </components>
        <schemaOverlay attacherJointPosition="0 0" name="IMPLEMENT" />
        <mapHotspot type="TOOL" />
    </base>

    <attachable>
        <inputAttacherJoints>
            <inputAttacherJoint node="attacherJoint" jointType="frontloader" />
        </inputAttacherJoints>
    </attachable>

    <dynamicMountAttacher node="0>">
        <mountCollisionMask node="colPart01" collisionMask="134225920" />
        <mountCollisionMask node="colPart02" collisionMask="134225920" />
        <mountCollisionMask node="colPart03" collisionMask="134225920" />
        <mountCollisionMask node="colPart04" collisionMask="134225920" />
    </dynamicMountAttacher>

    <ai>
        <agentAttachment width="1.0" height="1.6" length="0.8" lengthOffset="-0.2"/>
    </ai>

    <foliageBending>
        <bendingNode minX="-0.55" maxX="0.55" minZ="-0.6" maxZ="0.2" yOffset="0.01" />
    </foliageBending>

    <wearable wearDuration="480" workMultiplier="5" fieldMultiplier="2"/>
    <washable dirtDuration="90" washDuration="1" workMultiplier="2" fieldMultiplier="2"/>

    <i3dMappings>
      <i3dMapping id="baleFork_main_component" node="0>" />
      <i3dMapping id="baleFork_vis" node="0>0" />
      <i3dMapping id="attacherJoint" node="0>0|0" />
      <i3dMapping id="collisions" node="0>1" />
      <i3dMapping id="colPart01" node="0>1|0" />
      <i3dMapping id="colPart02" node="0>1|1" />
      <i3dMapping id="colPart03" node="0>1|2" />
      <i3dMapping id="colPart04" node="0>1|3" />
    </i3dMappings>
</vehicle>
