﻿<?xml version="1.0" encoding="utf-8" standalone="no" ?>
<vehicle type="shovelLeveler" xmlns:xsi="http://www.w3.org/2001/XMLSchema-instance" xsi:noNamespaceSchemaLocation="../../../../shared/xml/schema/vehicle.xsd">
    <annotation>Copyright (C) GIANTS Software GmbH, All Rights Reserved.</annotation>

    <storeData>
        <name>$l10n_shopItem_frontloaderShovel</name>
        <specs>
            <workingWidth>1.5</workingWidth>
            <combination filterCategory="frontLoaders" />
            <combination filterCategory="frontLoaderVehicles" />
        </specs>
        <functions>
            <function>$l10n_function_frontloaderShovel</function>
        </functions>
        <image>store_frontLoader.png</image>
        <price>1300</price>
        <lifetime>600</lifetime>
        <rotation>0</rotation>
        <brand>LIZARD</brand>
        <category>frontLoaderTools</category>
        <vertexBufferMemoryUsage>52480</vertexBufferMemoryUsage>
        <indexBufferMemoryUsage>9984</indexBufferMemoryUsage>
        <textureMemoryUsage>589824</textureMemoryUsage>
        <audioMemoryUsage>0</audioMemoryUsage>
        <instanceVertexBufferMemoryUsage>0</instanceVertexBufferMemoryUsage>
        <instanceIndexBufferMemoryUsage>0</instanceIndexBufferMemoryUsage>
    </storeData>

    <base>
        <typeDesc>$l10n_typeDesc_frontloaderTool</typeDesc>
        <filename>i3d/frontLoader.i3d</filename>
        <size width="1.5" length="0.8" lengthOffset="0.1" height="0.6"/>
        <components>
            <component centerOfMass="0 0 0.1" solverIterationCount="20" mass="230" />
        </components>
        <schemaOverlay attacherJointPosition="0 0" name="IMPLEMENT" />
        <mapHotspot type="TOOL" />
    </base>

    <attachable>
        <inputAttacherJoints>
            <inputAttacherJoint node="attacherJoint" jointType="frontloader" />
        </inputAttacherJoints>
    </attachable>

    <fillUnit>
        <fillUnitConfigurations>
            <fillUnitConfiguration>
                <fillUnits>
                    <fillUnit shopDisplayUnit="LITER" fillTypeCategories="SHOVEL" capacity="1200" >
                        <exactFillRootNode node="exactFillRootNode" />
                    </fillUnit>
                    <fillUnit unitTextOverride="$l10n_unit_literShort" fillTypeCategories="SHOVEL" capacity="10000" showInShop="false" showOnHud="false"/>
                </fillUnits>
            </fillUnitConfiguration>
        </fillUnitConfigurations>
    </fillUnit>

    <fillVolume>
        <fillVolumeConfigurations>
            <fillVolumeConfiguration>
                <volumes>
                    <volume node="fillVolume" maxDelta="0.5" maxAllowedHeapAngle="30" fillUnitIndex="1" maxSubDivEdgeLength="1.0" />
                </volumes>
            </fillVolumeConfiguration>
        </fillVolumeConfigurations>

        <loadInfos>
            <loadInfo>
                <node node="fillVolumeLoadNode" width="1.3" length="0.1" />
            </loadInfo>
        </loadInfos>

        <unloadInfos>
            <unloadInfo>
                <node node="fillVolumeUnloadNode" width="1.3" length="0.1" />
            </unloadInfo>
        </unloadInfos>
    </fillVolume>

    <dischargeable requiresTipOcclusionArea="false">
        <dischargeNode node="dischargeNode" fillUnitIndex="1" emptySpeed="1000" >
            <raycast node="dischargeNode" maxDistance="30" useWorldNegYDirection="true" yOffset="2"/>
            <info width="2.0" length="1" zOffset="0.5"/>

            <effects>
                <effectNode effectClass="TipEffect">
                    <effectNode effectNode="grainEffect" materialType="unloading" fadeTime="0.5" alignXAxisToWorldY="true" extraDistance="0.15"/>
                </effectNode>
            </effects>
        </dischargeNode>
    </dischargeable>

    <shovel>
        <shovelNode node="shovelNode" fillUnitIndex="1" loadInfoIndex="1" width="1.9" length="0.5" needsMovement="true" maxPickupAngle="105"/>
        <dischargeInfo node="dischargeNode" minSpeedAngle="105" maxSpeedAngle="130" />
    </shovel>

    <leveler fillUnitIndex="2" maxFillLevelPerMS="30">
        <levelerNode node="levelerNode" width="1.6" zOffset="0.2" minDropWidth="1" maxDropWidth="2.5" minDropDirOffset="1" maxDropDirOffset="1.5" minFillLevel="0.85">
            <smoothing allowed="true" radius="0.5" overlap="1.7" direction="0"/>
        </levelerNode>

        <pickUpDirection>1</pickUpDirection>
    </leveler>

    <suspensions>
        <suspension node="levelerNode" weight="150" minTranslation="0 -0.5 0.0" maxTranslation="0.0 0.5 0.0" suspensionParametersX="20 4" suspensionParametersY="1 1" suspensionParametersZ="20 4" serverOnly="true"/>
    </suspensions>

    <ai>
        <agentAttachment width="1.5" height="0.6" length="0.7" lengthOffset="-0.1"/>
    </ai>

    <foliageBending>
        <bendingNode minX="-0.8" maxX="0.8" minZ="-0.4" maxZ="0.65" yOffset="0.0" />
    </foliageBending>

    <wearable wearDuration="480" workMultiplier="5" fieldMultiplier="2"/>
    <washable dirtDuration="90" washDuration="1" workMultiplier="6" fieldMultiplier="2"/>

    <i3dMappings>
      <i3dMapping id="frontLoader_main_component" node="0>" />
      <i3dMapping id="frontLoader_vis" node="0>0" />
      <i3dMapping id="attacherJoint" node="0>0|0" />
      <i3dMapping id="fillUnit" node="0>0|1" />
      <i3dMapping id="fillVolume" node="0>0|1|0" />
      <i3dMapping id="exactFillRootNode" node="0>0|1|1" />
      <i3dMapping id="fillVolumeLoadNode" node="0>0|1|2" />
      <i3dMapping id="fillVolumeUnloadNode" node="0>0|1|3" />
      <i3dMapping id="shovelNode" node="0>0|1|4" />
      <i3dMapping id="dischargeNode" node="0>0|1|5" />
      <i3dMapping id="levelerNode" node="0>0|1|6" />
      <i3dMapping id="effects" node="0>0|2" />
      <i3dMapping id="grainEffect" node="0>0|2|0" />
      <i3dMapping id="collisions" node="0>1" />
      <i3dMapping id="bucketCol01" node="0>1|0" />
      <i3dMapping id="bucketCol02" node="0>1|1" />
      <i3dMapping id="bucketCol03" node="0>1|2" />
      <i3dMapping id="bucketCol04" node="0>1|3" />
      <i3dMapping id="bucketCol05" node="0>1|4" />
      <i3dMapping id="bucketCol06" node="0>1|5" />
      <i3dMapping id="bucketCol07" node="0>1|6" />
      <i3dMapping id="bucketCol08" node="0>1|7" />
    </i3dMappings>
</vehicle>
