<?xml version="1.0" encoding="utf-8" standalone="no" ?>
<vehicle type="attachableFrontloader" xmlns:xsi="http://www.w3.org/2001/XMLSchema-instance" xsi:noNamespaceSchemaLocation="../../../../shared/xml/schema/vehicle.xsd">
    <annotation>Copyright (C) GIANTS Software GmbH, All Rights Reserved.</annotation>

    <storeData>
        <name>
	    	<en>Lizard Scorpion</en>
	    	<tr>Lizard Akrep</tr>
            <de>Lizard Skorpion</de>
            <fr>Lizard Scorpion</fr>
            <pl>Lizard Scorpion</pl>
	    </name>
        <specs>
            <neededPower>105</neededPower>
            <combination xmlFilename="$data/vehicles/masseyFerguson/series5S/series5S.xml"/>
            <combination filterCategory="frontLoaderTools" />
        </specs>
        <functions>
            <function>$l10n_function_backloader</function>
        </functions>
        <image>store_lizardScorpion.dds</image>
        <price>9750</price>
        <lifetime>600</lifetime>
        <rotation>0</rotation>
        <brand>LIZARD</brand>
        <category>frontLoaders</category>
        <shopHeight>3</shopHeight>
        <vertexBufferMemoryUsage>766208</vertexBufferMemoryUsage>
        <indexBufferMemoryUsage>138752</indexBufferMemoryUsage>
        <textureMemoryUsage>1769472</textureMemoryUsage>
        <audioMemoryUsage>0</audioMemoryUsage>
        <instanceVertexBufferMemoryUsage>0</instanceVertexBufferMemoryUsage>
        <instanceIndexBufferMemoryUsage>0</instanceIndexBufferMemoryUsage>
    </storeData>

    <base>
        <typeDesc>$l10n_typeDesc_backloader</typeDesc>
        <filename>i3d/lizardScorpion.i3d</filename>
        <size width="1.0" length="0.3" height="2.0" />
        <components>
            <component centerOfMass="0 0.4 0" solverIterationCount="30" mass="600"/>
        </components>
        <schemaOverlay attacherJointPosition="0 0" name="FRONTLOADER" />
        <mapHotspot type="TOOL" />
    </base>

    <attachable>
        <inputAttacherJoints>            
            <inputAttacherJoint node="attacherJoint" jointType="implement" topReferenceNode="topReferenceNode" lowerRotLimitScale="0 0 0" lowerTransLimitScale="0 0 0" upperRotationOffset="2">
                <distanceToGround lower="0.4" upper="1.0" />
            </inputAttacherJoint>
        </inputAttacherJoints>
        <support animationName="moveSupport" />
    </attachable>

    <attacherJoints>
        <attacherJoint jointType="frontloader" node="attacherJointTools" nodeVisual="attacherJointTools_visuals" allowsJointLimitMovement="false" allowsLowering="false" rotLimitSpring="7500 7500 7500" rotLimitDamping="1 1 1" transLimitSpring="7500 7500 7500" transLimitDamping="1 1 1" >
            <schema position="1 0" rotation="0" invertX="false" />
        </attacherJoint>
        <sounds>
            <attach template="ATTACH_01" linkNode="lizardScorpion_main_component" />
        </sounds>
    </attacherJoints>

    <connectionHoses>
        <hose inputAttacherJointIndices="1" type="hydraulicIn" node="hydraulicIn01" length="0.1" diameter="0.023">
            <objectChange node="detachHose01" visibilityActive="false" visibilityInactive="true"/>
        </hose>
        <hose inputAttacherJointIndices="1" type="hydraulicIn" node="hydraulicIn02" length="0.1" diameter="0.023">
            <objectChange node="detachHose02" visibilityActive="false" visibilityInactive="true"/>
        </hose>
    </connectionHoses>

    <dynamicallyLoadedParts>
        <dynamicallyLoadedPart node="1|0" linkNode="detachHoseSocket01" filename="$data/shared/connectionHoses/connectors.i3d" />
        <dynamicallyLoadedPart node="1|0" linkNode="detachHoseSocket02" filename="$data/shared/connectionHoses/connectors.i3d" />
    </dynamicallyLoadedParts>

    <animations>
        <animation name="moveSupport">
            <part node="moveSupport" startTime="0.0" endTime="0.1" startRot="90 0 0" endRot="0 0 0" />
            <part node="woodSupport" startTime="0" endTime="0.01" visibility="false"/>
            <part node="woodSupport" startTime="0" endTime="0.02" visibility="true"/>
            <part node="woodSupCol01" startTime="0" endTime="0.01" startTrans="0 0.59200001 0.17208089" endTrans="0.37 0.107126 0.34790999" />
            <part node="woodSupCol02" startTime="0" endTime="0.02" startTrans="0 0.59200001 0.17208089" endTrans="-0.40200001 0.107126 0.34790999" />
        </animation>
    </animations>

    <cylindered>
        <movingTools>
            <movingTool node="armDummy" delayedNode="mainArm">
                <controls axis="AXIS_FRONTLOADER_ARM" invertAxis="false" mouseSpeedFactor="0.8" iconName="FRONTLOADER_ARM_ROTATE" />
                <attacherJoint jointIndices="1" />
                <rotation rotSpeed="20" rotAcceleration="150" rotMax="0" rotMin="-110" startRot="0" detachingRotMinLimit="-10" />
                <dependentPart node="attacherRotDummy" />
                <dependentMovingTool node="attacherDummy" minRotLimits="0 -90" maxRotLimits="140 30"/>
            </movingTool>
            <movingTool node="attacherDummy" delayedNode="attacher">
                <controls axis="AXIS_FRONTLOADER_TOOL" invertAxis="true" mouseSpeedFactor="0.6" iconName="FRONTLOADER_ARM_ROTATE_TOOL" />
                <attacherJoint jointIndices="1" />
                <rotation rotSpeed="50" rotAcceleration="300" rotMax="140" rotMin="0" startRot="0" syncMaxRotLimits="true" />
            </movingTool>
            <movingTool node="mainArm">
                <dependentPart node="attacherRot" />
            </movingTool>
            <movingTool node="attacher">
                <dependentPart node="wingPartRef" />
            </movingTool>
        </movingTools>
        
        <movingParts>
            <movingPart node="attacherRotDummy" referenceFrame="attacherRootDummy">
                <attacherJoint jointIndices="1" />
            </movingPart>
            <movingPart node="attacherRot" referenceFrame="lizardScorpion_main_component">
                <attacherJoint jointIndices="1" />
                <dependentPart node="wingPartRef" />
            </movingPart>
            <movingPart node="wingFront" localReferencePoint="wingPart" referencePoint="wingPartRef" referenceFrame="wingFrontRefFrame" isActiveDirty="true" maxUpdateDistance="40">
                <dependentPart node="wingPart" />
            </movingPart>
            <movingPart node="wingPart" referencePoint="wingPartRef" referenceFrame="wingPartRefFrame"/>
            <movingPart node="armPiston1" referencePoint="armPiston1Ref" referenceFrame="armPiston1Ref" isActiveDirty="true" maxUpdateDistance="40" playSound="true">
                <translatingPart node="armPiston2" />
            </movingPart>
            <movingPart node="mainPiston1" referencePoint="mainPiston1Ref" referenceFrame="mainPiston2" isActiveDirty="true" maxUpdateDistance="40" playSound="true">
                <translatingPart node="mainPiston2" />
            </movingPart>
        </movingParts>

        <sounds>
            <actionSound template="defaultHydraulicSound" pitchScale="1.0" volumeScale="1.0" linkNode="armDummy" actionNames="TRANSLATING_POS TRANSLATING_NEG" nodes="armDummy" fadeIn="0.1" fadeOut="0.05"/>

            <actionSound template="metalLowVar2"  pitchScale="1.0" volumeScale="0.8" linkNode="armDummy" actionNames="TOOL_MOVE_END_POS_LIMIT" nodes="armDummy"/>
            <actionSound template="metalClose"    pitchScale="2.5" volumeScale="0.8" linkNode="armDummy" actionNames="TOOL_MOVE_END_POS_LIMIT" nodes="armDummy"/>
            <actionSound template="clackVar4"     pitchScale="1.5" volumeScale="0.8" linkNode="armDummy" actionNames="TOOL_MOVE_END_POS_LIMIT" nodes="armDummy"/>

            <actionSound template="metalLowVar2"  pitchScale="1.0" volumeScale="0.8" linkNode="armDummy" actionNames="TOOL_MOVE_END_NEG_LIMIT" nodes="armDummy"/>
            <actionSound template="metalClose"    pitchScale="2.5" volumeScale="0.8" linkNode="armDummy" actionNames="TOOL_MOVE_END_NEG_LIMIT" nodes="armDummy"/>
            <actionSound template="clackVar4"     pitchScale="1.5" volumeScale="0.8" linkNode="armDummy" actionNames="TOOL_MOVE_END_NEG_LIMIT" nodes="armDummy"/>

            <actionSound template="clackVar1"     pitchScale="1.5" volumeScale="0.8" linkNode="attacherDummy" actionNames="TOOL_MOVE_END_POS_LIMIT" nodes="attacherDummy"/>
            <actionSound template="clackVar1"     pitchScale="1.6" volumeScale="0.8" linkNode="attacherDummy" actionNames="TOOL_MOVE_END_NEG_LIMIT" nodes="attacherDummy"/>
            <actionSound template="hydraulicLayerTone3" pitchScale="1.5" volumeScale="0.5" linkNode="armPiston1" actionNames="TRANSLATING_POS TRANSLATING_NEG" nodes="armPiston1" fadeIn="0.1" fadeOut="0.05"/>
            <actionSound template="hydraulicLayerTone3" pitchScale="1.0" volumeScale="1.0" linkNode="mainPiston1" actionNames="TRANSLATING_POS TRANSLATING_NEG" nodes="mainPiston1" fadeIn="0.1" fadeOut="0.05"/>
        </sounds>
    </cylindered>

    <ai>
        <agentAttachment width="1.0" height="2.0" length="0.3" lengthOffset="0.0" />
    </ai>

    <foliageBending>
        <bendingNode minX="-0.6" maxX="0.6" minZ="-0.15" maxZ="0.5" yOffset="0.3" />
    </foliageBending>

    <baseMaterial>
        <material name="lizardScorpion_vis" baseNode="lizardScorpion_vis">
            <shaderParameter name="colorMat0" value="0.8 0 0"/>
        </material>
        <material name="moveSupport" baseNode="moveSupport">
            <shaderParameter name="colorMat0" value="0.8 0 0"/>
        </material>
    </baseMaterial>

    <baseMaterialConfigurations price="200" useDefaultColors="true" defaultColorIndex="15">
        <material name="lizardScorpion_vis" shaderParameter="colorMat0" />
        <material name="moveSupport" shaderParameter="colorMat0" />
    </baseMaterialConfigurations>

    <wearable wearDuration="480" workMultiplier="5" fieldMultiplier="2"/>
    <washable dirtDuration="90" washDuration="1" workMultiplier="3" fieldMultiplier="2"/>

    <i3dMappings>
      <i3dMapping id="lizardScorpion_main_component" node="0>" />
      <i3dMapping id="lizardScorpion_vis" node="0>0" />
      <i3dMapping id="attachable" node="0>0|0" />
      <i3dMapping id="attacherJoint" node="0>0|0|0" />
      <i3dMapping id="topReferenceNode" node="0>0|0|1" />
      <i3dMapping id="movingParts" node="0>0|1" />
      <i3dMapping id="mainArm" node="0>0|1|0" />
      <i3dMapping id="attacherRot" node="0>0|1|0|0" />
      <i3dMapping id="attacher" node="0>0|1|0|0|0" />
      <i3dMapping id="attacherJointTools_visuals" node="0>0|1|0|0|0|0" />
      <i3dMapping id="wingPartRef" node="0>0|1|0|0|0|1" />
      <i3dMapping id="wingFront" node="0>0|1|0|1" />
      <i3dMapping id="wingPart" node="0>0|1|0|1|0" />
      <i3dMapping id="armPiston1Ref" node="0>0|1|0|1|1" />
      <i3dMapping id="armCollision01" node="0>0|1|0|2" />
      <i3dMapping id="arm_decal" node="0>0|1|0|3" />
      <i3dMapping id="wingFrontRefFrame" node="0>0|1|0|4" />
      <i3dMapping id="wingPartRefFrame" node="0>0|1|0|5" />
      <i3dMapping id="armPiston2Ref" node="0>0|1|0|6" />
      <i3dMapping id="mainPiston1Ref" node="0>0|1|0|7" />
      <i3dMapping id="armDummy" node="0>0|1|1" />
      <i3dMapping id="attacherRotDummy" node="0>0|1|1|0" />
      <i3dMapping id="attacherDummy" node="0>0|1|1|0|0" />
      <i3dMapping id="attacherJointTools" node="0>0|1|1|0|0|0" />
      <i3dMapping id="attacherRootDummy" node="0>0|1|2" />
      <i3dMapping id="attacherJointDummy" node="0>0|1|2|0" />
      <i3dMapping id="armPiston1" node="0>0|1|3" />
      <i3dMapping id="armPiston2" node="0>0|1|3|0" />
      <i3dMapping id="armPistonHoseRef01" node="0>0|1|3|1" />
      <i3dMapping id="armPistonHoseRef03" node="0>0|1|3|2" />
      <i3dMapping id="armPistonDecal" node="0>0|1|3|3" />
      <i3dMapping id="mainPiston1" node="0>0|1|4" />
      <i3dMapping id="mainPiston2" node="0>0|1|4|0" />
      <i3dMapping id="mainPistonHoseRef01" node="0>0|1|4|1" />
      <i3dMapping id="mainPistonHoseRef03" node="0>0|1|4|2" />
      <i3dMapping id="connectionHoses" node="0>0|2" />
      <i3dMapping id="hydraulicIn01" node="0>0|2|0" />
      <i3dMapping id="hydraulicIn02" node="0>0|2|1" />
      <i3dMapping id="visuals" node="0>0|3" />
      <i3dMapping id="detachHose01" node="0>0|3|0" />
      <i3dMapping id="detachHoseSocket01" node="0>0|3|0|0" />
      <i3dMapping id="detachHose02" node="0>0|3|1" />
      <i3dMapping id="detachHoseSocket02" node="0>0|3|1|0" />
      <i3dMapping id="body_decal" node="0>0|3|2" />
      <i3dMapping id="hose_decal" node="0>0|3|3" />
      <i3dMapping id="supportArm" node="0>0|4" />
      <i3dMapping id="moveSupport" node="0>0|4|0" />
      <i3dMapping id="supportCol" node="0>0|4|0|0" />
      <i3dMapping id="supportWood" node="0>0|5" />
      <i3dMapping id="woodSupport" node="0>0|5|0" />
      <i3dMapping id="woodSupCol01" node="0>0|5|0|0" />
      <i3dMapping id="woodSupCol02" node="0>0|5|0|1" />
      <i3dMapping id="rootBone" node="0>0|6" />
      <i3dMapping id="skinnedMeshes" node="0>1" />
      <i3dMapping id="mainPistonHose01" node="0>1|0" />
      <i3dMapping id="mainPistonHoseRef02" node="0>1|0|0" />
      <i3dMapping id="mainPistonHose01Mesh" node="0>1|0|1" />
      <i3dMapping id="mainPistonHose02" node="0>1|1" />
      <i3dMapping id="mainPistonHoseRef04" node="0>1|1|0" />
      <i3dMapping id="mainPistonHose02Mesh" node="0>1|1|1" />
      <i3dMapping id="armPistonHose01" node="0>1|2" />
      <i3dMapping id="armPistonHoseRef02" node="0>1|2|0" />
      <i3dMapping id="armPistonHose01Mesh" node="0>1|2|1" />
      <i3dMapping id="armPistonHose02" node="0>1|3" />
      <i3dMapping id="armPistonHoseRef04" node="0>1|3|0" />
      <i3dMapping id="armPistonHose02Mesh" node="0>1|3|1" />
    </i3dMappings>
</vehicle>
