﻿<?xml version="1.0" encoding="utf-8" standalone="no" ?>
<vehicle type="implementDynamicMountAttacher" xmlns:xsi="http://www.w3.org/2001/XMLSchema-instance" xsi:noNamespaceSchemaLocation="../../../../shared/xml/schema/vehicle.xsd">
    <annotation>Copyright (C) GIANTS Software GmbH, All Rights Reserved.</annotation>

    <storeData>
        <name>$l10n_shopItem_frontloaderPalletFork</name>
        <specs>
            <workingWidth>1.0</workingWidth>
            <combination filterCategory="frontLoaders" />
            <combination filterCategory="frontLoaderVehicles" />
        </specs>
        <functions>
            <function>$l10n_function_frontloaderPalletFork</function>
        </functions>
        <image>store_palletFork.png</image>
        <price>1700</price>
        <lifetime>600</lifetime>
        <rotation>0</rotation>
        <brand>LIZARD</brand>
        <category>frontLoaderTools</category>
        <vertexBufferMemoryUsage>27136</vertexBufferMemoryUsage>
        <indexBufferMemoryUsage>4608</indexBufferMemoryUsage>
        <textureMemoryUsage>524288</textureMemoryUsage>
        <audioMemoryUsage>0</audioMemoryUsage>
        <instanceVertexBufferMemoryUsage>0</instanceVertexBufferMemoryUsage>
        <instanceIndexBufferMemoryUsage>0</instanceIndexBufferMemoryUsage>
    </storeData>

    <base>
        <typeDesc>$l10n_typeDesc_frontloaderTool</typeDesc>
        <filename>i3d/palletFork.i3d</filename>
        <size width="1.0" length="1.1" height="0.7"/>
        <supportsPickUp>false</supportsPickUp>
        <components>
            <component centerOfMass="0 0.2 0" solverIterationCount="20" mass="120" />
        </components>
        <schemaOverlay attacherJointPosition="0 0" name="IMPLEMENT" />
        <mapHotspot type="TOOL" />
    </base>

    <attachable>
        <inputAttacherJoints>
            <inputAttacherJoint node="attacherJoint" jointType="frontloader" />
        </inputAttacherJoints>
    </attachable>

    <dynamicMountAttacher node="jointNode">
        <mountCollisionMask node="forkLeftColBack" collisionMask="134225920" />
        <mountCollisionMask node="forkRightColBack" collisionMask="134225920" />
    </dynamicMountAttacher>

    <ai>
        <agentAttachment width="1.0" height="0.6" length="1.1" lengthOffset="0"/>
    </ai>

    <foliageBending>
        <bendingNode minX="-0.65" maxX="0.65" minZ="-0.6" maxZ="0.5" yOffset="0" />
    </foliageBending>

    <wearable wearDuration="480" workMultiplier="5" fieldMultiplier="2"/>
    <washable dirtDuration="90" washDuration="1" workMultiplier="2" fieldMultiplier="2"/>

    <i3dMappings>
      <i3dMapping id="palletFork_main_component" node="0>" />
      <i3dMapping id="palletFork_vis" node="0>0" />
      <i3dMapping id="attacherJoint" node="0>0|0" />
      <i3dMapping id="jointNode" node="0>0|1" />
      <i3dMapping id="collisions" node="0>1" />
      <i3dMapping id="forkLeftColBack" node="0>1|0" />
      <i3dMapping id="forkRightColBack" node="0>1|1" />
    </i3dMappings>
</vehicle>
