<?xml version="1.0" encoding="utf-8" standalone="no" ?>
<wheel xmlns:xsi="http://www.w3.org/2001/XMLSchema-instance" xsi:noNamespaceSchemaLocation="../../../../../../shared/xml/schema/wheel.xsd">
    <brand>TRELLEBORG</brand>
    <name>TM600</name>
    <default>
        <physics radius="0.543" width="0.28" mass="0.079" tireType="mud" frictionScale="1.60" maxLongStiffness="8" maxLatStiffness="100" maxLatStiffnessLoad="2" />
        <tire filename="wheels/lassa/lassa.i3d" nodeLeft="1|0" nodeRight="1|0" maxDeformation="0.048" sideDeformOffset="0.955" isCareWheel="false" tireTrackAtlasIndex="0" />
        <innerRim filename="wheels/Rims/Jant.i3d" nodeLeft="0|2" nodeRight="0|3" offset="-0.045" scale="1.84 1.65 1.65"/>
    </default>
</wheel>
