<?xml version="1.0" encoding="utf-8" standalone="no" ?>
<wheel xmlns:xsi="http://www.w3.org/2001/XMLSchema-instance" xsi:noNamespaceSchemaLocation="../../../../../../shared/xml/schema/wheel.xsd">
    <brand>TRELLEBORG</brand>
    <name>TM2000</name>
    <default>
        <physics radius="0.908" width="0.65" mass="0.262" tireType="mud" frictionScale="1.60" maxLongStiffness="10" maxLatStiffness="120" maxLatStiffnessLoad="2" />
        <tire filename="$data/shared/wheels/tires/trelleborg/TM2000/R32_TM2000.i3d" nodeLeft="0|0" nodeRight="0|0" maxDeformation="0.1" sideDeformOffset="0.957" isCareWheel="false" tireTrackAtlasIndex="0" />
        <outerRim filename="$data/shared/wheels/rims/rim001.i3d" node="1|0" widthAndDiam="20 32" />
        <innerRim filename="wheels/cnh_rims.i3d" nodeLeft="0|1|0" nodeRight="0|1|1" scale="1 1 1" />
    </default>
</wheel>
