<?xml version="1.0" encoding="utf-8" standalone="no" ?>
<wheel xmlns:xsi="http://www.w3.org/2001/XMLSchema-instance" xsi:noNamespaceSchemaLocation="../../../../../../shared/xml/schema/wheel.xsd">
    <brand>TRELLEBORG</brand>
    <name>TM800</name>
    <default>
        <physics radius="0.642" width="0.44" mass="0.135" tireType="mud" frictionScale="1.60" maxLongStiffness="8" maxLatStiffness="100" maxLatStiffnessLoad="2" />
        <tire filename="$data/shared/wheels/tires/trelleborg/TM800/R28_TM800.i3d" nodeLeft="0|0" nodeRight="0|0" maxDeformation="0.057" sideDeformOffset="0.957" isCareWheel="false" tireTrackAtlasIndex="0" />
        <outerRim filename="$data/shared/wheels/rims/rim001.i3d" node="1|0" widthAndDiam="14 28" />
        <innerRim filename="wheels/rims/rim000.i3d" nodeLeft="0|0" nodeRight="0|1" offset="0.02" scale="0.61 0.61 0.61"/>
    </default>
    <configurations>
        <configuration id="rim013" >
            <innerRim filename="wheels/rims/rim013.i3d" nodeLeft="0|0|0" nodeRight="0|0|1" offset="0.05"/>
        </configuration>
    </configurations>
</wheel>
