<?xml version="1.0" encoding="utf-8" standalone="no" ?>
<wheel xmlns:xsi="http://www.w3.org/2001/XMLSchema-instance" xsi:noNamespaceSchemaLocation="../../../../../../shared/xml/schema/wheel.xsd">
    <brand>MITAS</brand>
    <name>AC 65</name>
    <default>
        <physics radius="0.672" width="0.48" mass="0.5" tireType="mud" frictionScale="1.64" maxLongStiffness="20" maxLatStiffness="800" maxLatStiffnessLoad="9" />
        <tire filename="GameMasTer/mitas/R28_AC65.i3d" nodeLeft="1|0" nodeRight="1|0" maxDeformation="0.062" isCareWheel="false" tireTrackAtlasIndex="0" />
		<outerRim filename="GameMasTer/mitas/rim001.i3d" node="1|0" widthAndDiam="15 28" />
        <innerRim filename="wheels/28jant.i3d" nodeLeft="0|0" nodeRight="0|1" scale="1 1.8 1.8" offset="-0.075" />
    </default>
	<configurations>
        <configuration id="weight3" >
            <additional filename="wheels/weight.i3d" nodeLeft="0|0" nodeRight="0|1" offset="-0.045" scale="1 1 1" mass="0.8" />
        </configuration>
    </configurations>
</wheel>
