<?xml version="1.0" encoding="utf-8" standalone="no" ?>
<wheel xmlns:xsi="http://www.w3.org/2001/XMLSchema-instance" xsi:noNamespaceSchemaLocation="../../../../../../shared/xml/schema/wheel.xsd">
    <brand>TRELLEBORG</brand>
    <name>TM600</name>
    <default>
        <physics radius="0.628" width="0.32" mass="0.105" tireType="mud" frictionScale="1.60" maxLongStiffness="8" maxLatStiffness="100" maxLatStiffnessLoad="2" />
        <tire filename="wheels/petlas/1.i3d" nodeLeft="0" nodeRight="0" maxDeformation="0.054" sideDeformOffset="0.955" isCareWheel="false" tireTrackAtlasIndex="0" />
        <innerRim filename="wheels/rims/Rims.i3d" nodeLeft="2" nodeRight="3" widthAndDiam="42 38" />
   </default>
</wheel>
