﻿<?xml version="1.0" encoding="utf-8" standalone="no" ?>
<sounds xmlns:xsi="http://www.w3.org/2001/XMLSchema-instance" xsi:noNamespaceSchemaLocation="../../../../../shared/xml/schema/vehicle_sounds.xsd">
    <motorized>
        <sounds>
            <motor template="engineSmallVintage" file="$data/vehicles/steyr/series8150/sounds/series8150_loop.gls" />
            <motor template="indoorCabinRumble" />
            <gearbox template="transmissionSmall" file="$data/sounds/vehicles/transmission/steyrTransmissionLoop.wav" pitchScale="0.6" volumeScale="1.0"/>
            <gearGroupLeverStart template="gearDisengagedNoCabin" />
            <gearGroupLeverEnd template="gearEngagedNoCabin" />
            <compressedAir template="compressedAir"/>
            <airCompressorRun template="brakeCompressorSmall" />
            <airCompressorStop template="compressedAir"/>
        </sounds>
    </motorized>

    <lights>
        <sounds>
            <toggleLights template="SWITCH_01"  />
            <turnLight template="SWITCH_TURNLIGHT"  />
        </sounds>
    </lights>

    <attacherJoints>
        <sounds>
            <attach template="ATTACH_01" />
            <hydraulic template="defaultHydraulicSound" />
        </sounds>
    </attacherJoints>

    <drivable>
        <sounds>
            <waterSplash template="WATER_SPLASH_01" />
        </sounds>
    </drivable>

    <honk>
        <sound template="hornDefault" />
    </honk>
</sounds>
