<?xml version="1.0" encoding="utf-8" standalone="no" ?>
<wheel xmlns:xsi="http://www.w3.org/2001/XMLSchema-instance" xsi:noNamespaceSchemaLocation="../../../../../../shared/xml/schema/wheel.xsd">
    <brand>MITAS</brand>
    <name>AC 70G</name>
    <default>
        <physics radius="0.674" width="0.425" mass="0.15" tireType="mud" frictionScale="1.60" maxLongStiffness="8" maxLatStiffness="100" maxLatStiffnessLoad="2" />
        <tire filename="$data/shared/wheels/tires/mitas/AC70G/R28_AC70G.i3d" nodeLeft="0|0" nodeRight="0|0" maxDeformation="0.064" isCareWheel="false" tireTrackAtlasIndex="0" />
        <outerRim filename="$data/shared/wheels/rims/rim001.i3d" node="0|0" widthAndDiam="13 28" />
        <innerRim filename="wheels/rims/rim000.i3d" nodeLeft="0|0" nodeRight="0|1" offset="0.02" scale="0.64 0.64 0.64"/>
    </default>
</wheel>
