<?xml version="1.0" encoding="utf-8" standalone="no" ?>
<wheel xmlns:xsi="http://www.w3.org/2001/XMLSchema-instance" xsi:noNamespaceSchemaLocation="../../../../../../shared/xml/schema/wheel.xsd">
    <brand>MITAS</brand>
    <name>AC 70G</name>
    <default>
        <physics radius="0.824" width="0.539" mass="0.29" tireType="mud" frictionScale="1.60" maxLongStiffness="9" maxLatStiffness="110" maxLatStiffnessLoad="2" />
        <tire filename="$data/shared/wheels/tires/mitas/AC70G/R34_AC70G.i3d" nodeLeft="1|0" nodeRight="1|0" maxDeformation="0.077" isCareWheel="false" tireTrackAtlasIndex="0" />
        <outerRim filename="$data/shared/wheels/rims/rim001.i3d" node="0|0" widthAndDiam="16 34" />
        <innerRim filename="wheels/rims/rim000.i3d" nodeLeft="0|2" nodeRight="0|3" offset="0.06" scale="1 0.8 0.8"/>
    </default>
    <configurations>        
		<configuration id="weights" >
            <additional filename="wheels/weights/weight002Bolts.i3d" nodeLeft="0|0" nodeRight="0|1" offset="0.035" scale="0.74 0.74 0.74" mass="0.5" />
        </configuration>
    </configurations>
</wheel>
