<?xml version="1.0" encoding="utf-8" standalone="no" ?>
<wheel>
    <default>
        <physics radius="0.789" width="0.42" mass="0.17" tireType="mud" frictionScale="1.60" maxLongStiffness="8" maxLatStiffness="100" maxLatStiffnessLoad="2" />
        <tire filename="$data/shared/wheels/tires/trelleborg/TM600/R34_TM600.i3d" nodeLeft="1|0" nodeRight="1|0" maxDeformation="0.071" isCareWheel="false" tireTrackAtlasIndex="0" />
        <outerRim filename="$data/shared/wheels/rims/rim001.i3d" node="0|0" widthAndDiam="15 34" />
        <innerRim filename="$data/shared/wheels/rims/rim003.i3d" nodeLeft="0|0" nodeRight="0|1" widthAndDiam="15 34" />
    </default>
    <configurations>
        <configuration id="weight1" >
            <additional filename="shared/weight_cnh.i3d" nodeLeft="0|0" nodeRight="0|1" offset="0.01" scale="0.85 0.85 0.85" mass="0.6" />
        </configuration>
    </configurations>
</wheel>
