﻿<?xml version="1.0" encoding="utf-8" standalone="no"?>
<modDesc descVersion="46">
    <author>Anadolu Mod Ekibi, CengiFarm</author>
    <version>1.5</version>
    <title>
        <en>Anadolu Tampon</en>
    </title>
    <description>
    <en>Her Araca Takılabilen Tampon</en>
    </description>

    <iconFilename>icon_Tampon.png</iconFilename>
    <multiplayer supported="true"/>

    <storeItems>
        <storeItem xmlFilename="Tampon.xml" rootNode="vehicle"/>
    </storeItems>

    <brands>
        <brand name="ANADOLU" title="Anadolu" image="brand_Anadolu.dds"/>
    </brands>

</modDesc>