﻿<?xml version="1.0" encoding="utf-8" standalone="no" ?>
<vehicle type="implement">
    <annotation>Attention exclusive model for FS19, by Peppe978. Attribution-Noncommercial-No Derivative Works 4.0 International. All Rights Reserved.</annotation>

    <storeData>
        <name>Tampon</name>
        <functions>
            <function>$l10n_function_weight</function>
        </functions>
        <rotation>0</rotation>
        <image>store_Tampon.png</image>
        <price>2000</price>
        <lifetime>600</lifetime>
        <brand>ANADOLU</brand>
        <category>weights</category>
        <shopHeight>2</shopHeight>		
        <shopTranslationOffset>0 0.2 0</shopTranslationOffset>
		<shopRotationOffset>0 0 0</shopRotationOffset>		
        <vertexBufferMemoryUsage>346736</vertexBufferMemoryUsage>
        <indexBufferMemoryUsage>57342</indexBufferMemoryUsage>
        <textureMemoryUsage>1747744</textureMemoryUsage>
        <instanceVertexBufferMemoryUsage>0</instanceVertexBufferMemoryUsage>
        <instanceIndexBufferMemoryUsage>0</instanceIndexBufferMemoryUsage>
    </storeData>

    <base>
        <typeDesc>$l10n_typeDesc_weight</typeDesc>
        <filename>Tampon.i3d</filename>
        <size width="2.5" length="2" />
        <components>
            <component centerOfMass="0 0.1 0" solverIterationCount="10" mass="1250" />
        </components>
        <schemaOverlay attacherJointPosition="0 0">
            <default name="DEFAULT_IMPLEMENT"/>
            <selected name="DEFAULT_IMPLEMENT_SELECTED"/>
        </schemaOverlay>
    </base>
	
    <attachable>
        <inputAttacherJoints>
            <inputAttacherJoint node="attacherJoint" hardAttach="true" jointType="trailer" lowerRotLimitScale="0 0 0" upperRotationOffset="3" lowerRotationOffset="0" needsLowering="false">
                <distanceToGround lower="0" upper="1.5" />
            </inputAttacherJoint>		
        </inputAttacherJoints>
		<support animationName="moveSupport" />				
    </attachable>	
	

    <attacherJoints comboDuration="2">
        <attacherJoint node="trailerAttacherJointFront" jointType="trailer" lowerRotLimit="10 60 50" upperRotRotationOffset="0" allowsJointLimitMovement="false" comboTime="0">
            <schema position="1 0" rotation="0" invertX="true" />
        </attacherJoint>
        <sounds>
            <attach template="ATTACH_01" linkNode="FrontLifter_main_component1" />
            <hydraulic template="DEFAULT_HYDRAULIC_SOUND" linkNode="FrontLifter_main_component1" />
        </sounds>
    </attacherJoints>

    <powerTakeOffs>
        <output attacherJointIndices="1 2" outputNode="ptoFront" />
    </powerTakeOffs>

	
    <connectionHoses>
        <target attacherJointIndices="1 2" type="hydraulicIn" node="hydraulic01_in">
			<objectChange node="cab1" rotationActive="90 0 0" rotationInactive="90 0 0"/>	
        </target>
        <target attacherJointIndices="1 2" type="hydraulicOut" node="hydraulic01_out">
			<objectChange node="cab2" rotationActive="90 0 0" rotationInactive="90 0 0"/>		
        </target>
        <target attacherJointIndices="1 2" type="electric" node="frontElectric">
			<objectChange node="cabE" rotationActive="0 0 0" rotationInactive="-90 0 0"/>		
		</target>		
    </connectionHoses>
	
    <cylindered>
        <movingTools>
            <movingTool node="attacherJointFrontArmBottom">
                <dependentPart node="hydraulicLift" />
            </movingTool>
        </movingTools>

        <movingParts>
            <movingPart node="hydraulicLift" referencePoint="hydraulicLiftPunchRef" referenceFrame="hydraulicLiftPunchRef" >
                <translatingPart node="hydraulicLiftPunch" />
            </movingPart>
        </movingParts>

        <sounds>
            <hydraulic template="DEFAULT_HYDRAULIC_SOUND" linkNode="FrontLifter_main_component1"/>
        </sounds>
    </cylindered>	
	
    <animations>
        <animation name="moveSupport">
            <part node="supports" startTime="0" endTime="0.1" startTrans="0 0.01 0" endTrans="0 0 0" />
            <part node="supports" startTime="0" endTime="0.1" startScale="0 0 0" endScale="1 1 1" />		
            <part node="base" startTime="0" endTime="0.05" visibility="false"/>
            <part node="base" startTime="0.05" endTime="0.1" visibility="true"/>				
            <part node="0>0|6|0" startTime="0" endTime="0.05" visibility="false"/>
            <part node="0>0|6|0" startTime="0.05" endTime="0.1" visibility="true"/>		
        </animation>	
    </animations>	

    <foliageBending>
        <bendingNode minX="-0.5" maxX="0.5" minZ="-0.5" maxZ="0.3" yOffset="0.1" />
    </foliageBending>
	
	<designConfigurations title="Görseller">
        <designConfiguration name="Klasik" price="0">
			<objectChange node="0>0|7|0" visibilityActive="false" />
			<objectChange node="0>0|7|1" visibilityActive="false" />
			<objectChange node="0>0|7|2" visibilityActive="false" />
			<objectChange node="0>0|7|3" visibilityActive="false" />
			<objectChange node="0>0|7|4" visibilityActive="false" />
			<objectChange node="0>0|7|5" visibilityActive="false" />
			<objectChange node="0>0|7|6" visibilityActive="false" />
			<objectChange node="0>0|7|7" visibilityActive="false" />
			<objectChange node="0>0|7|8" visibilityActive="false" />
			<objectChange node="0>0|7|9" visibilityActive="false" />
		</designConfiguration>
        <designConfiguration name="Model1" price="0">
			<objectChange node="0>0|7|0" visibilityActive="true" />
			<objectChange node="0>0|7|1" visibilityActive="false" />
			<objectChange node="0>0|7|2" visibilityActive="false" />
			<objectChange node="0>0|7|3" visibilityActive="false" />
			<objectChange node="0>0|7|4" visibilityActive="false" />
			<objectChange node="0>0|7|5" visibilityActive="false" />
			<objectChange node="0>0|7|6" visibilityActive="false" />
			<objectChange node="0>0|7|7" visibilityActive="false" />
			<objectChange node="0>0|7|8" visibilityActive="false" />
			<objectChange node="0>0|7|9" visibilityActive="false" />
		</designConfiguration>
        <designConfiguration name="Model2" price="0">
			<objectChange node="0>0|7|0" visibilityActive="true" />
			<objectChange node="0>0|7|1" visibilityActive="false" />
			<objectChange node="0>0|7|2" visibilityActive="true" />
			<objectChange node="0>0|7|3" visibilityActive="false" />
			<objectChange node="0>0|7|4" visibilityActive="false" />
			<objectChange node="0>0|7|5" visibilityActive="false" />
			<objectChange node="0>0|7|6" visibilityActive="false" />
			<objectChange node="0>0|7|7" visibilityActive="false" />
			<objectChange node="0>0|7|8" visibilityActive="false" />
			<objectChange node="0>0|7|9" visibilityActive="false" />
		</designConfiguration>
        <designConfiguration name="Model3" price="0">
			<objectChange node="0>0|7|0" visibilityActive="true" />
			<objectChange node="0>0|7|1" visibilityActive="false" />
			<objectChange node="0>0|7|2" visibilityActive="true" />
			<objectChange node="0>0|7|3" visibilityActive="false" />
			<objectChange node="0>0|7|4" visibilityActive="false" />
			<objectChange node="0>0|7|5" visibilityActive="false" />
			<objectChange node="0>0|7|6" visibilityActive="false" />
			<objectChange node="0>0|7|7" visibilityActive="true" />
			<objectChange node="0>0|7|8" visibilityActive="true" />
			<objectChange node="0>0|7|9" visibilityActive="false" />
		</designConfiguration>
        <designConfiguration name="Model4" price="0">
			<objectChange node="0>0|7|0" visibilityActive="true" />
			<objectChange node="0>0|7|1" visibilityActive="false" />
			<objectChange node="0>0|7|2" visibilityActive="true" />
			<objectChange node="0>0|7|3" visibilityActive="true" />
			<objectChange node="0>0|7|4" visibilityActive="true" />
			<objectChange node="0>0|7|5" visibilityActive="true" />
			<objectChange node="0>0|7|6" visibilityActive="true" />
			<objectChange node="0>0|7|7" visibilityActive="true" />
			<objectChange node="0>0|7|8" visibilityActive="true" />
			<objectChange node="0>0|7|9" visibilityActive="false" />
		</designConfiguration>
        <designConfiguration name="Model5" price="0">
			<objectChange node="0>0|7|0" visibilityActive="true" />
			<objectChange node="0>0|7|1" visibilityActive="false" />
			<objectChange node="0>0|7|2" visibilityActive="true" />
			<objectChange node="0>0|7|3" visibilityActive="true" />
			<objectChange node="0>0|7|4" visibilityActive="true" />
			<objectChange node="0>0|7|5" visibilityActive="true" />
			<objectChange node="0>0|7|6" visibilityActive="true" />
			<objectChange node="0>0|7|7" visibilityActive="true" />
			<objectChange node="0>0|7|8" visibilityActive="true" />
			<objectChange node="0>0|7|9" visibilityActive="true" />
		</designConfiguration>
        <designConfiguration name="Model6" price="0">
			<objectChange node="0>0|7|0" visibilityActive="true" />
			<objectChange node="0>0|7|1" visibilityActive="true" />
			<objectChange node="0>0|7|2" visibilityActive="true" />
			<objectChange node="0>0|7|3" visibilityActive="false" />
			<objectChange node="0>0|7|4" visibilityActive="false" />
			<objectChange node="0>0|7|5" visibilityActive="false" />
			<objectChange node="0>0|7|6" visibilityActive="false" />
			<objectChange node="0>0|7|7" visibilityActive="false" />
			<objectChange node="0>0|7|8" visibilityActive="false" />
			<objectChange node="0>0|7|9" visibilityActive="false" />
		</designConfiguration>
        <designConfiguration name="Model7" price="0">
			<objectChange node="0>0|7|0" visibilityActive="true" />
			<objectChange node="0>0|7|1" visibilityActive="true" />
			<objectChange node="0>0|7|2" visibilityActive="true" />
			<objectChange node="0>0|7|3" visibilityActive="true" />
			<objectChange node="0>0|7|4" visibilityActive="true" />
			<objectChange node="0>0|7|5" visibilityActive="true" />
			<objectChange node="0>0|7|6" visibilityActive="true" />
			<objectChange node="0>0|7|7" visibilityActive="false" />
			<objectChange node="0>0|7|8" visibilityActive="false" />
			<objectChange node="0>0|7|9" visibilityActive="false" />
		</designConfiguration>
        <designConfiguration name="Model8" price="0">
			<objectChange node="0>0|7|0" visibilityActive="true" />
			<objectChange node="0>0|7|1" visibilityActive="true" />
			<objectChange node="0>0|7|2" visibilityActive="true" />
			<objectChange node="0>0|7|3" visibilityActive="true" />
			<objectChange node="0>0|7|4" visibilityActive="true" />
			<objectChange node="0>0|7|5" visibilityActive="true" />
			<objectChange node="0>0|7|6" visibilityActive="true" />
			<objectChange node="0>0|7|7" visibilityActive="true" />
			<objectChange node="0>0|7|8" visibilityActive="true" />
			<objectChange node="0>0|7|9" visibilityActive="true" />
		</designConfiguration>
    </designConfigurations>		
	

    <wearable wearDuration="480" workMultiplier="5" fieldMultiplier="2"/>
    <washable dirtDuration="90" washDuration="1" workMultiplier="2" fieldMultiplier="2"/>

<i3dMappings>
  <i3dMapping id="FrontLifter_main_component1" node="0>" />
  <i3dMapping id="FrontLift_vis" node="0>0" />
  <i3dMapping id="attachable" node="0>0|0" />
  <i3dMapping id="attacherJoint" node="0>0|0|0" />
  <i3dMapping id="attacherJoints" node="0>0|1" />
  <i3dMapping id="tools" node="0>0|1|0" />
  <i3dMapping id="attacherJointFrontRot" node="0>0|1|0|0" />
  <i3dMapping id="attacherJointFrontRot2" node="0>0|1|0|0|0" />
  <i3dMapping id="attacherJointFront" node="0>0|1|0|0|0|0" />
  <i3dMapping id="attacherJointFrontArmBottom" node="0>0|1|0|1" />
  <i3dMapping id="bottomArmFront" node="0>0|1|0|1|0" />
  <i3dMapping id="bottomArmLeft" node="0>0|1|0|1|0|0" />
  <i3dMapping id="bottomArmRight" node="0>0|1|0|1|0|1" />
  <i3dMapping id="hydraulicLiftPunchRef" node="0>0|1|0|1|0|2" />
  <i3dMapping id="referencePointFrontBottom" node="0>0|1|0|1|0|3" />
  <i3dMapping id="attacherJointFrontArmTop" node="0>0|1|0|2" />
  <i3dMapping id="trailers" node="0>0|1|1" />
  <i3dMapping id="trailerAttacherJointFront" node="0>0|1|1|0" />
  <i3dMapping id="ptos" node="0>0|1|2" />
  <i3dMapping id="ptoFront" node="0>0|1|2|0" />
  <i3dMapping id="connectionHoses" node="0>0|1|3" />
  <i3dMapping id="hydraulic01_out" node="0>0|1|3|0" />
  <i3dMapping id="hydraulic01_in" node="0>0|1|3|1" />
  <i3dMapping id="frontElectric" node="0>0|1|3|2" />
  <i3dMapping id="hydraulics1" node="0>0|1|3|3" />
  <i3dMapping id="cab1" node="0>0|1|3|3|0" />
  <i3dMapping id="hydraulic01" node="0>0|1|3|3|1" />
  <i3dMapping id="hydraulics2" node="0>0|1|3|4" />
  <i3dMapping id="cab2" node="0>0|1|3|4|0" />
  <i3dMapping id="hydraulic2" node="0>0|1|3|4|1" />
  <i3dMapping id="elettricFront" node="0>0|1|3|5" />
  <i3dMapping id="electric" node="0>0|1|3|5|0" />
  <i3dMapping id="cabE" node="0>0|1|3|5|1" />
  <i3dMapping id="assetdecals2" node="0>0|1|3|5|2" />
  <i3dMapping id="movingParts" node="0>0|2" />
  <i3dMapping id="hydraulicLift" node="0>0|2|0" />
  <i3dMapping id="hydraulicLiftPunch" node="0>0|2|0|0" />
  <i3dMapping id="hydraulicHosesMove" node="0>0|2|0|1" />
  <i3dMapping id="visuals" node="0>0|3" />
  <i3dMapping id="decalLift" node="0>0|3|0" />
  <i3dMapping id="supports" node="0>0|4" />
  <i3dMapping id="base" node="0>0|4|0" />
  <i3dMapping id="stikers" node="0>0|4|0|0" />
  <i3dMapping id="skinnedMeshes" node="0>0|5" />
  <i3dMapping id="hose_vis" node="0>0|5|0" />
  <i3dMapping id="hydraulicHoses" node="0>0|5|1" />
  <i3dMapping id="collisions" node="0>0|6" />
  <i3dMapping id="supportColl" node="0>0|6|0" />
</i3dMappings>

</vehicle>
