﻿<?xml version="1.0" encoding="utf-8" standalone="no" ?>
<vehicle type="MAXI">
    <annotation>Copyright (C) GIANTS Software GmbH, All Rights Reserved.</annotation>
    <storeData>
        <name>
            <en>Hattat</en>
        </name>
        <specs>
            <power>115</power>
            <maxSpeed>49</maxSpeed>
        </specs>
        <functions>
            <function>$l10n_function_tractor</function>
            <function>$l10n_function_tractorFrontloader</function>
        </functions>
        <image>store_H398.dds</image>
        <price>38600</price>
        <lifetime>600</lifetime>
        <rotation>0</rotation>
        <brand>HATTAT</brand>
        <category>tractorsS</category>
    </storeData>
    <base>
        <typeDesc>$l10n_typeDesc_tractor</typeDesc>
        <filename>HATTAT_398.i3d</filename>
        <sounds filename="$data/vehicles/masseyFerguson/series3670/sounds/series3670.xml"/>
        <size width="3" length="4.8" lengthOffset="-0.2"/>
        <components>
            <component centerOfMass="0 0.8 -0.4" solverIterationCount="20" mass="4250"/>
            <component centerOfMass="0 0.0 0" solverIterationCount="20" mass="2400"/>
            <joint component1="1" component2="2" node="axisJoint" rotLimit="0 0 9" rotLimitSpring="0 0 4000" rotLimitDamping="0 0 0" maxRotDriveForce="0 0 0" rotDriveRotation="0 0 0" rotDriveSpring="0 0 0" rotDriveDamping="0 0 0" breakable="false"/>
        </components>
        <schemaOverlay attacherJointPosition="0 0">
            <default name="DEFAULT_VEHICLE"/>
            <turnedOn name="DEFAULT_VEHICLE_ON"/>
            <selected name="DEFAULT_VEHICLE_SELECTED"/>
            <turnedOnSelected name="DEFAULT_VEHICLE_SELECTED_ON"/>
        </schemaOverlay>
    </base>

  <vehicleTypeConfigurations title="Tepe Lambası">
        <vehicleTypeConfiguration name="Tepe Lambası 1" price="0" vehicleType="MAXI">
            <objectChange node="0>0|2|6" visibilityActive="true" visibilityInactive="false" />
            <objectChange node="0>0|2|7" visibilityActive="false" visibilityInactive="true" />
        </vehicleTypeConfiguration>
        <vehicleTypeConfiguration name="Tepe Lambası 2" price="0" vehicleType="MAXI">
            <objectChange node="0>0|2|6" visibilityActive="false" visibilityInactive="true" />
            <objectChange node="0>0|2|7" visibilityActive="true" visibilityInactive="false" />       
        </vehicleTypeConfiguration>                    
  </vehicleTypeConfigurations>

	<designConfigurations title="Ön Ağırlık">
		<designConfiguration name="Ağırlıksız">
			<objectChange node="0>0|9|0" visibilityActive="false" visibilityInactive="true"/>
		</designConfiguration>
		<designConfiguration name="Ön Ağrılıklı (560 KG)" price="400">
			<objectChange node="1>" massActive="3000" />
            <objectChange node="0>" centerOfMassActive="0 0.8 -0.4" />
			<objectChange node="0>0|9|0" visibilityActive="true" visibilityInactive="false"/>
			<objectChange node="0>0|5|1|0" visibilityActive="true" visibilityInactive="false"/>
		</designConfiguration>
	</designConfigurations>

    <design2Configurations title="Çamurluk">
        <design2Configuration name="Çamurluklu">
            <objectChange node="1>0|0|0|0|1|1|0" visibilityActive="true" visibilityInactive="false"/> <!-- Çamurluk -->
            <objectChange node="1>0|1|0|0|1|1|0" visibilityActive="true" visibilityInactive="false"/> <!-- Çamurluk -->
        </design2Configuration>
        <design2Configuration name="Çamurluksuz">
            <objectChange node="1>0|0|0|0|1|1|0" visibilityActive="false" visibilityInactive="true"/> <!-- Çamurluk -->
            <objectChange node="1>0|1|0|0|1|1|0" visibilityActive="false" visibilityInactive="true"/> <!-- Çamurluk -->
        </design2Configuration>
    </design2Configurations>
	
    <wheels>
        <wheelConfigurations>

            <wheelConfiguration name="$l10n_configuration_valueDefault" price="0" brand="TRELLEBORG">
                <wheels autoRotateBackSpeed="2.2">
                    <wheel filename="wheels/trelleborg/TM600/340_85R28.xml" isLeft="true" hasTireTracks="true" hasParticles="true">
                        <physics rotSpeed="1" restLoad="1.0" repr="axisFrontLeft" driveNode="wheelFrontLeft" forcePointRatio="0.5" initialCompression="25" suspTravel="0.09" spring="45" damper="60"/>
                        <fender node="fenderFrontLeft" rotMax="10"/>
                        <steering node="steeringBar" nodeMinTransX="0.1" nodeMaxTransX="-0.1"/>
                    </wheel>
                    <wheel filename="wheels/trelleborg/TM600/340_85R28.xml" isLeft="false" hasTireTracks="true" hasParticles="true">
                        <physics rotSpeed="1" restLoad="1.0" repr="axisFrontRight" driveNode="wheelFrontRight" forcePointRatio="0.5" initialCompression="25" suspTravel="0.09" spring="45" damper="60"/>
                        <fender node="fenderFrontRight" rotMin="-10"/>
                    </wheel>
                    <wheel filename="wheels/trelleborg/TM600/460_85R38.xml" isLeft="true" hasTireTracks="true" hasParticles="true">
                        <physics rotSpeed="0" restLoad="1.0" repr="wheelBackLeft" forcePointRatio="0.5" initialCompression="20" suspTravel="0.2" spring="45" damper="60"/>
                    </wheel>
                    <wheel filename="wheels/trelleborg/TM600/460_85R38.xml" isLeft="false" hasTireTracks="true" hasParticles="true">
                        <physics rotSpeed="0" restLoad="1.0" repr="wheelBackRight" forcePointRatio="0.5" initialCompression="20" suspTravel="0.2" spring="45" damper="60"/>
                    </wheel>
                    <foliageBendingModifier index="1" minX="-1.1" maxX="1.1"/>
                    <foliageBendingModifier index="2" minX="-1.1" maxX="1.1"/>
                </wheels>
            </wheelConfiguration>
            
            <wheelConfiguration name="$l10n_configuration_valueWheelWeights" price="800" brand="TRELLEBORG">
                <wheels autoRotateBackSpeed="2.2" ackermannSteeringIndex="1">
                     <wheel filename="wheels/trelleborg/TM600/340_85R28.xml" isLeft="true" hasTireTracks="true" hasParticles="true">
                        <physics rotSpeed="1" restLoad="1.0" repr="axisFrontLeft" driveNode="wheelFrontLeft" forcePointRatio="0.5" initialCompression="25" suspTravel="0.09" spring="45" damper="60"/>
                        <fender node="fenderFrontLeft" rotMax="10"/>
                        <steering node="steeringBar" nodeMinTransX="0.1" nodeMaxTransX="-0.1"/>
                    </wheel>
                    <wheel filename="wheels/trelleborg/TM600/340_85R28.xml" isLeft="false" hasTireTracks="true" hasParticles="true">
                        <physics rotSpeed="1" restLoad="1.0" repr="axisFrontRight" driveNode="wheelFrontRight" forcePointRatio="0.5" initialCompression="25" suspTravel="0.09" spring="45" damper="60"/>
                        <fender node="fenderFrontRight" rotMin="-10"/>
                    </wheel>
                    <wheel filename="wheels/trelleborg/TM600/460_85R38.xml" configId="agirlik" isLeft="true" hasTireTracks="true" hasParticles="true">
                        <physics rotSpeed="0" restLoad="1.0" repr="wheelBackLeft" forcePointRatio="0.5" initialCompression="20" suspTravel="0.2" spring="45" damper="60"/>
                    </wheel>
                    <wheel filename="wheels/trelleborg/TM600/460_85R38.xml" configId="agirlik" isLeft="false" hasTireTracks="true" hasParticles="true">
                        <physics rotSpeed="0" restLoad="1.0" repr="wheelBackRight" forcePointRatio="0.5"  initialCompression="20" suspTravel="0.2" spring="45" damper="60"/>
                    </wheel>
                    <foliageBendingModifier index="1" minX="-1.1" maxX="1.1"/>
                    <foliageBendingModifier index="2" minX="-1.1" maxX="1.1"/>
                </wheels>
            </wheelConfiguration>

            <wheelConfiguration name="$l10n_configuration_valueDefault" price="0" brand="CONTINENTAL">
                <wheels autoRotateBackSpeed="2.2">
                    <wheel filename="wheels/continental/tractor85/340_85R28.xml" isLeft="true" hasTireTracks="true" hasParticles="true">
                        <physics rotSpeed="1" restLoad="1.0" repr="axisFrontLeft" driveNode="wheelFrontLeft" forcePointRatio="0.5" initialCompression="25" suspTravel="0.09" spring="45" damper="60"/>
                        <fender node="fenderFrontLeft" rotMax="10"/>
                        <steering node="steeringBar" nodeMinTransX="0.1" nodeMaxTransX="-0.1"/>
                    </wheel>
                    <wheel filename="wheels/continental/tractor85/340_85R28.xml" isLeft="false" hasTireTracks="true" hasParticles="true">
                        <physics rotSpeed="1" restLoad="1.0" repr="axisFrontRight" driveNode="wheelFrontRight" forcePointRatio="0.5" initialCompression="25" suspTravel="0.09" spring="45" damper="60"/>
                        <fender node="fenderFrontRight" rotMin="-10"/>
                    </wheel>
                    <wheel filename="wheels/continental/tractor85/460_85R38.xml" isLeft="true" hasTireTracks="true" hasParticles="true">
                        <physics rotSpeed="0" restLoad="1.0" repr="wheelBackLeft" forcePointRatio="0.5" initialCompression="20" suspTravel="0.2" spring="45" damper="60"/>
                    </wheel>
                    <wheel filename="wheels/continental/tractor85/460_85R38.xml" isLeft="false" hasTireTracks="true" hasParticles="true">
                        <physics rotSpeed="0" restLoad="1.0" repr="wheelBackRight" forcePointRatio="0.5" initialCompression="20" suspTravel="0.2" spring="45" damper="60"/>
                    </wheel>
                    <foliageBendingModifier index="1" minX="-1.1" maxX="1.1"/>
                    <foliageBendingModifier index="2" minX="-1.1" maxX="1.1"/>
                </wheels>
            </wheelConfiguration>

			
			<wheelConfiguration name="$l10n_configuration_valueWheelWeights" price="800" brand="CONTINENTAL">
                <wheels autoRotateBackSpeed="2.2" ackermannSteeringIndex="1">
                     <wheel filename="wheels/continental/tractor85/340_85R28.xml" isLeft="true" hasTireTracks="true" hasParticles="true">
                        <physics rotSpeed="1" restLoad="1.0" repr="axisFrontLeft" driveNode="wheelFrontLeft" forcePointRatio="0.5" initialCompression="25" suspTravel="0.09" spring="45" damper="60"/>
                        <fender node="fenderFrontLeft" rotMax="10"/>
                        <steering node="steeringBar" nodeMinTransX="0.1" nodeMaxTransX="-0.1"/>
                    </wheel>
                    <wheel filename="wheels/continental/tractor85/340_85R28.xml" isLeft="false" hasTireTracks="true" hasParticles="true">
                        <physics rotSpeed="1" restLoad="1.0" repr="axisFrontRight" driveNode="wheelFrontRight" forcePointRatio="0.5" initialCompression="25" suspTravel="0.09" spring="45" damper="60"/>
                        <fender node="fenderFrontRight" rotMin="-10"/>
                    </wheel>
                    <wheel filename="wheels/continental/tractor85/460_85R38.xml" configId="agirlik" isLeft="true" hasTireTracks="true" hasParticles="true">
                        <physics rotSpeed="0" restLoad="1.0" repr="wheelBackLeft" forcePointRatio="0.5" initialCompression="20" suspTravel="0.2" spring="45" damper="60"/>
                    </wheel>
                    <wheel filename="wheels/continental/tractor85/460_85R38.xml" configId="agirlik" isLeft="false" hasTireTracks="true" hasParticles="true">
                        <physics rotSpeed="0" restLoad="1.0" repr="wheelBackRight" forcePointRatio="0.5"  initialCompression="20" suspTravel="0.2" spring="45" damper="60"/>
                    </wheel>
                    <foliageBendingModifier index="1" minX="-1.1" maxX="1.1"/>
                    <foliageBendingModifier index="2" minX="-1.1" maxX="1.1"/>
                </wheels>
            </wheelConfiguration>

            <wheelConfiguration name="$l10n_configuration_valueDefault" price="0" brand="MITAS">
                <wheels autoRotateBackSpeed="2.2">
                    <wheel filename="wheels/mitas/AC65/340_85R28.xml" isLeft="true" hasTireTracks="true" hasParticles="true">
                        <physics rotSpeed="1" restLoad="1.0" repr="axisFrontLeft" driveNode="wheelFrontLeft" forcePointRatio="0.5" initialCompression="25" suspTravel="0.09" spring="45" damper="60"/>
                        <fender node="fenderFrontLeft" rotMax="10"/>
                        <steering node="steeringBar" nodeMinTransX="0.1" nodeMaxTransX="-0.1"/>
                    </wheel>
                    <wheel filename="wheels/mitas/AC65/340_85R28.xml" isLeft="false" hasTireTracks="true" hasParticles="true">
                        <physics rotSpeed="1" restLoad="1.0" repr="axisFrontRight" driveNode="wheelFrontRight" forcePointRatio="0.5" initialCompression="25" suspTravel="0.09" spring="45" damper="60"/>
                        <fender node="fenderFrontRight" rotMin="-10"/>
                    </wheel>
                    <wheel filename="wheels/mitas/AC65/460_85R38.xml" isLeft="true" hasTireTracks="true" hasParticles="true">
                        <physics rotSpeed="0" restLoad="1.0" repr="wheelBackLeft" forcePointRatio="0.5" initialCompression="20" suspTravel="0.2" spring="45" damper="60"/>
                    </wheel>
                    <wheel filename="wheels/mitas/AC65/460_85R38.xml" isLeft="false" hasTireTracks="true" hasParticles="true">
                        <physics rotSpeed="0" restLoad="1.0" repr="wheelBackRight" forcePointRatio="0.5" initialCompression="20" suspTravel="0.2" spring="45" damper="60"/>
                    </wheel>
                    <foliageBendingModifier index="1" minX="-1.1" maxX="1.1"/>
                    <foliageBendingModifier index="2" minX="-1.1" maxX="1.1"/>
                </wheels>
            </wheelConfiguration>
            
            <wheelConfiguration name="$l10n_configuration_valueWheelWeights" price="800" brand="MITAS">
                <wheels autoRotateBackSpeed="2.2" ackermannSteeringIndex="1">
                     <wheel filename="wheels/mitas/AC65/340_85R28.xml" isLeft="true" hasTireTracks="true" hasParticles="true">
                        <physics rotSpeed="1" restLoad="1.0" repr="axisFrontLeft" driveNode="wheelFrontLeft" forcePointRatio="0.5" initialCompression="25" suspTravel="0.09" spring="45" damper="60"/>
                        <fender node="fenderFrontLeft" rotMax="10"/>
                        <steering node="steeringBar" nodeMinTransX="0.1" nodeMaxTransX="-0.1"/>
                    </wheel>
                    <wheel filename="wheels/mitas/AC65/340_85R28.xml" isLeft="false" hasTireTracks="true" hasParticles="true">
                        <physics rotSpeed="1" restLoad="1.0" repr="axisFrontRight" driveNode="wheelFrontRight" forcePointRatio="0.5" initialCompression="25" suspTravel="0.09" spring="45" damper="60"/>
                        <fender node="fenderFrontRight" rotMin="-10"/>
                    </wheel>
                    <wheel filename="wheels/mitas/AC65/460_85R38.xml" configId="agirlik" isLeft="true" hasTireTracks="true" hasParticles="true">
                        <physics rotSpeed="0" restLoad="1.0" repr="wheelBackLeft" forcePointRatio="0.5" initialCompression="20" suspTravel="0.2" spring="45" damper="60"/>
                    </wheel>
                    <wheel filename="wheels/mitas/AC65/460_85R38.xml" configId="agirlik" isLeft="false" hasTireTracks="true" hasParticles="true">
                        <physics rotSpeed="0" restLoad="1.0" repr="wheelBackRight" forcePointRatio="0.5"  initialCompression="20" suspTravel="0.2" spring="45" damper="60"/>
                    </wheel>
                    <foliageBendingModifier index="1" minX="-1.1" maxX="1.1"/>
                    <foliageBendingModifier index="2" minX="-1.1" maxX="1.1"/>
                </wheels>
            </wheelConfiguration>

            <wheelConfiguration name="$l10n_configuration_valueDefault" price="0" brand="VREDESTEIN">
                <wheels autoRotateBackSpeed="2.2">
                    <wheel filename="wheels/vredestein/traxion85/340_85R28.xml" isLeft="true" hasTireTracks="true" hasParticles="true">
                        <physics rotSpeed="1" restLoad="1.0" repr="axisFrontLeft" driveNode="wheelFrontLeft" forcePointRatio="0.5" initialCompression="25" suspTravel="0.09" spring="45" damper="60"/>
                        <fender node="fenderFrontLeft" rotMax="10"/>
                        <steering node="steeringBar" nodeMinTransX="0.1" nodeMaxTransX="-0.1"/>
                    </wheel>
                    <wheel filename="wheels/vredestein/traxion85/340_85R28.xml" isLeft="false" hasTireTracks="true" hasParticles="true">
                        <physics rotSpeed="1" restLoad="1.0" repr="axisFrontRight" driveNode="wheelFrontRight" forcePointRatio="0.5" initialCompression="25" suspTravel="0.09" spring="45" damper="60"/>
                        <fender node="fenderFrontRight" rotMin="-10"/>
                    </wheel>
                    <wheel filename="wheels/vredestein/traxion85/460_85R38.xml" isLeft="true" hasTireTracks="true" hasParticles="true">
                        <physics rotSpeed="0" restLoad="1.0" repr="wheelBackLeft" forcePointRatio="0.5" initialCompression="20" suspTravel="0.2" spring="45" damper="60"/>
                    </wheel>
                    <wheel filename="wheels/vredestein/traxion85/460_85R38.xml" isLeft="false" hasTireTracks="true" hasParticles="true">
                        <physics rotSpeed="0" restLoad="1.0" repr="wheelBackRight" forcePointRatio="0.5" initialCompression="20" suspTravel="0.2" spring="45" damper="60"/>
                    </wheel>
                    <foliageBendingModifier index="1" minX="-1.1" maxX="1.1"/>
                    <foliageBendingModifier index="2" minX="-1.1" maxX="1.1"/>
                </wheels>
            </wheelConfiguration>
            
            <wheelConfiguration name="$l10n_configuration_valueWheelWeights" price="800" brand="VREDESTEIN">
                <wheels autoRotateBackSpeed="2.2" ackermannSteeringIndex="1">
                     <wheel filename="wheels/vredestein/traxion85/340_85R28.xml" isLeft="true" hasTireTracks="true" hasParticles="true">
                        <physics rotSpeed="1" restLoad="1.0" repr="axisFrontLeft" driveNode="wheelFrontLeft" forcePointRatio="0.5" initialCompression="25" suspTravel="0.09" spring="45" damper="60"/>
                        <fender node="fenderFrontLeft" rotMax="10"/>
                        <steering node="steeringBar" nodeMinTransX="0.1" nodeMaxTransX="-0.1"/>
                    </wheel>
                    <wheel filename="wheels/vredestein/traxion85/340_85R28.xml" isLeft="false" hasTireTracks="true" hasParticles="true">
                        <physics rotSpeed="1" restLoad="1.0" repr="axisFrontRight" driveNode="wheelFrontRight" forcePointRatio="0.5" initialCompression="25" suspTravel="0.09" spring="45" damper="60"/>
                        <fender node="fenderFrontRight" rotMin="-10"/>
                    </wheel>
                    <wheel filename="wheels/vredestein/traxion85/460_85R38.xml" configId="agirlik" isLeft="true" hasTireTracks="true" hasParticles="true">
                        <physics rotSpeed="0" restLoad="1.0" repr="wheelBackLeft" forcePointRatio="0.5" initialCompression="20" suspTravel="0.2" spring="45" damper="60"/>
                    </wheel>
                    <wheel filename="wheels/vredestein/traxion85/460_85R38.xml" configId="agirlik" isLeft="false" hasTireTracks="true" hasParticles="true">
                        <physics rotSpeed="0" restLoad="1.0" repr="wheelBackRight" forcePointRatio="0.5"  initialCompression="20" suspTravel="0.2" spring="45" damper="60"/>
                    </wheel>
                    <foliageBendingModifier index="1" minX="-1.1" maxX="1.1"/>
                    <foliageBendingModifier index="2" minX="-1.1" maxX="1.1"/>
                </wheels>
            </wheelConfiguration>
		</wheelConfigurations>

        <hubs>
            <color0>AGCO_GREY1</color0>
            <color1>SHARED_GREY3</color1>
            <hub linkNode="wheelFrontLeft"  filename="$data/shared/wheels/hubs/hub_n8_9.xml" isLeft="true"  scale="0.25 0.31 0.31" />
            <hub linkNode="wheelFrontRight" filename="$data/shared/wheels/hubs/hub_n8_9.xml" isLeft="false" scale="0.25 0.31 0.31" />
        </hubs>
		
        <ackermannSteeringConfigurations>
            <ackermannSteering rotSpeed="40" rotMax="30" rotCenterWheel1="3" rotCenterWheel2="4"/>
        </ackermannSteeringConfigurations>
    </wheels>

    <lights>
        <states>
            <state lightTypes="0"/>
            <state lightTypes="0 1"/>
            <state lightTypes="0 1 2"/>
        </states>
        <realLights>
            <low>
                <light node="frontLightLow" lightTypes="0" excludedLightTypes="2 3"/>
                <light node="workLightBackLow" lightTypes="1"/>
                <light node="workLightFrontLow" lightTypes="2"/>
                <light node="highBeamLow" lightTypes="3"/>
                
            </low>
            <high>
                <light node="frontLightHigh" lightTypes="0" excludedLightTypes="2 3"/>
                <light node="workLightBackHigh1" lightTypes="1"/>
                <light node="workLightFrontHigh1" lightTypes="2"/>
                <light node="highBeamHigh" lightTypes="3"/>
                <light node="backLightsHigh1" lightTypes="0"/>
                <brakeLight node="backLightsHigh1"/>
                <turnLightLeft node="turnLightLeftFront"/>
                <turnLightRight node="turnLightRightFront"/>
            </high>
        </realLights>
        <defaultLights>
			<defaultLight shaderNode="0>0|9|9|0" lightTypes="0 3" intensity="25"/>
            <defaultLight shaderNode="0>0|4|10|0|1" lightTypes="0 3" intensity="25"/>			
            <defaultLight shaderNode="0>0|4|10|1|1" lightTypes="0 3" intensity="25"/>
            <defaultLight shaderNode="0>0|12|9|0|1" lightTypes="0 0" intensity="50"/>
            <defaultLight shaderNode="0>0|4|8|0|4|0|0" lightTypes="1 1" intensity="25"/>
            <defaultLight shaderNode="0>0|4|8|0|5|0|0" lightTypes="1 1" intensity="25"/>
            <defaultLight shaderNode="0>0|4|8|0|6|0|0" lightTypes="1 1" intensity="25"/>
            <defaultLight shaderNode="0>0|4|8|0|7|0|0" lightTypes="1 1" intensity="25"/>
            <defaultLight shaderNode="0>0|4|8|0|0|0|0" lightTypes="2 2" intensity="25"/>
            <defaultLight shaderNode="0>0|4|8|0|1|0|0" lightTypes="2 2" intensity="25"/>
            <defaultLight shaderNode="0>0|4|8|0|3|1" lightTypes="0" intensity="50"/>
            <defaultLight shaderNode="0>0|4|8|0|2|1" lightTypes="0" intensity="50"/>

            <defaultLight shaderNode="" lightTypes="0" intensity="2"/> <!-- gösterge ışık -->
        </defaultLights>
        <turnLights>
		    <turnLightLeft shaderNode="0>0|4|10|0|2" />
            <turnLightRight shaderNode="0>0|4|10|1|2" />
        </turnLights>
        <brakeLights>
            <brakeLight shaderNode="0>0|4|8|0|3|2" intensity="50"/>
            <brakeLight shaderNode="0>0|4|8|0|2|2" intensity="50"/>
        </brakeLights>
        <beaconLights>
			<beaconLight node="0>0|2|6" filename="$data/shared/assets/beaconLights/lizard/beaconLight09.xml"/>
			<beaconLight node="0>0|2|7" filename="$data/shared/assets/beaconLights/lizard/beaconLight02.xml"/>
        </beaconLights>
        <sounds>
            <switchLight template="SWITCH_01"/>
            <turnLight template="SWITCH_TURNLIGHT"/>
        </sounds>

		<dashboards>
            <dashboard displayType="EMITTER" valueType="turnLightHazard" node="decalStickerHazardlight" baseColor="GREY" emitColor="RED" intensity="4" groups="MOTOR_ACTIVE"/>
			<dashboard displayType="EMITTER" valueType="turnLightLeft"  node="0>0|4|11|8" baseColor="BLACK" emitColor="GREEN" groups="MOTOR_ACTIVE"/>
            <dashboard displayType="EMITTER" valueType="turnLightRight" node="0>0|4|11|9" baseColor="BLACK" emitColor="GREEN" groups="MOTOR_ACTIVE"/>
            <dashboard displayType="EMITTER" valueType="lightState" node="0>0|12|18|5|9" baseColor="BLACK" emitColor="GREEN" lightTypes="0" groups="MOTOR_ACTIVE"/>  
            <dashboard displayType="EMITTER" valueType="lightState" node="0>0|12|18|5|10" baseColor="BLACK" emitColor="BLUE" lightTypes="3" groups="MOTOR_ACTIVE"/>
            <dashboard displayType="EMITTER" valueType="lightState" node="0>0|12|18|5|19" baseColor="BLACK" emitColor="GREEN" lightTypes="1" groups="MOTOR_ACTIVE"/>
            <dashboard displayType="EMITTER" valueType="lightState" node="0>0|12|18|1" lightTypes="0" groups="MOTOR_ACTIVE"/> <!-- gösterge -->
            <dashboard displayType="EMITTER" valueType="lightState" node="0>0|12|11" lightTypes="0" groups="MOTOR_ACTIVE"/> <!-- intdecal -->
            <dashboard displayType="EMITTER" valueType="lightState" node="0>0|12|18|2|0|0" lightTypes="0" groups="MOTOR_ACTIVE"/> <!-- fuel -->
            <dashboard displayType="EMITTER" valueType="lightState" node="0>0|12|18|3|0|0" lightTypes="0" groups="MOTOR_ACTIVE"/> <!-- rpm -->
            <dashboard displayType="EMITTER" valueType="lightState" node="0>0|12|18|4|0|0" lightTypes="0" groups="MOTOR_ACTIVE"/> <!-- temp -->
		</dashboards>
    </lights>


    <dashboard>
        <groups>
            <group name="MOTOR_STARTING" isMotorStarting="true"/>
            <group name="MOTOR_ACTIVE"   isMotorStarting="true" isMotorRunning="true"/>
        </groups>
        <default>
            <dashboard displayType="EMITTER" node="0>0|12|18|5|0" baseColor="BLACK" emitColor="ORANGE" groups="MOTOR_STARTING"/>
            <dashboard displayType="EMITTER" node="0>0|12|18|5|1" baseColor="BLACK" emitColor="ORANGE" groups="MOTOR_ACTIVE"/>
            <dashboard displayType="EMITTER" node="0>0|12|18|5|2" baseColor="BLACK" emitColor="RED" groups="MOTOR_STARTING"/>
            <dashboard displayType="EMITTER" node="0>0|12|18|5|3" baseColor="BLACK" emitColor="ORANGE" groups="MOTOR_STARTING"/>
            <dashboard displayType="EMITTER" node="0>0|12|18|5|4" baseColor="BLACK" emitColor="RED" groups="MOTOR_STARTING"/>
            <dashboard displayType="EMITTER" node="0>0|12|18|5|5" baseColor="BLACK" emitColor="RED" groups="MOTOR_STARTING"/>
            <dashboard displayType="EMITTER" node="0>0|12|18|5|6" baseColor="BLACK" emitColor="RED" groups="MOTOR_STARTING"/>
            <dashboard displayType="EMITTER" node="0>0|12|18|5|12" baseColor="BLACK" emitColor="ORANGE" groups="MOTOR_STARTING"/>
            <dashboard displayType="EMITTER" node="0>0|12|18|5|13" baseColor="BLACK" emitColor="RED" groups="MOTOR_STARTING"/>
            <dashboard displayType="EMITTER" node="0>0|12|18|5|14" baseColor="BLACK" emitColor="RED" groups="MOTOR_STARTING"/>
            <dashboard displayType="EMITTER" node="0>0|12|18|5|15" baseColor="BLACK" emitColor="RED" groups="MOTOR_STARTING"/>
            <dashboard displayType="EMITTER" node="0>0|12|18|5|16" baseColor="BLACK" emitColor="ORANGE" groups="MOTOR_STARTING"/>
            <dashboard displayType="EMITTER" node="0>0|12|18|5|17" baseColor="BLACK" emitColor="ORANGE" groups="MOTOR_STARTING"/>   
            <dashboard displayType="EMITTER" node="0>0|12|18|5|11" baseColor="BLACK" emitColor="ORANGE" groups="MOTOR_ACTIVE"/>
        </default>
    </dashboard>

    <attacherJoints>
        <attacherJoint node="attacherJointBack" upperRotationOffset="-1.1" lowerRotationOffset="-1.1" moveTime="2.5" comboTime="1">
            <distanceToGround lower="0.45" upper="1.1"/>
            <rotationNode node="attacherJointBackRot" lowerRotation="-10 0 0" upperRotation="35 0 0"/>
            <rotationNode2 node="attacherJointBackRot2"/>
            <bottomArm rotationNode="attacherJointBackArmBottom" translationNode="backBottomLink" referenceNode="referencePointBackBottom" zScale="-1" startRotation="0 0 0"/>
            <topArm baseNode="attacherJointBackArmTop" filename="$data/shared/assets/upperLinks/walterscheid03.i3d" zScale="-1"/>
            <schema position="1 0" rotation="0" invertX="false"/>
        </attacherJoint>
        <attacherJoint node="0>0|11|1" jointType="trailer" lowerRotLimit="10 50 50" upperRotRotationOffset="0" allowsJointLimitMovement="false" comboTime="1">
            <distanceToGround lower="0.66" upper="1.13"/>
            <transNode node="0>0|5|1|0" minY="0.61" maxY="1.081"/>
            <schema position="1 0" rotation="0" invertX="false"/>
        </attacherJoint>
        <attacherJoint node="0>0|11|0" jointType="trailerLow" lowerRotLimit="10 50 50" lowerTransLimit="0 0 0" upperRotRotationOffset="0" allowsJointLimitMovement="false" comboTime="1">
            <distanceToGround lower="0.64" upper="1.07"/>
            <schema position="1 0" rotation="0" invertX="false"/>
            <objectChange node="attacherJointBackArmBottom" rotationActive="28 0 0" rotationInactive="0 0 0"/>
            <objectChange node="attacherJointBackRot" rotationActive="28 0 0" rotationInactive="0 0 0"/>
        </attacherJoint>
        <attacherJoint node="0>0|5|1|0" jointType="trailer" lowerRotLimit="10 50 50" lowerTransLimit="0 0 0" upperRotRotationOffset="0" allowsJointLimitMovement="false" comboTime="0">
            <schema position="1 0" rotation="0" invertX="true"/>
        </attacherJoint>
        <sounds>
            <attach template="ATTACH_01"/>
            <hydraulic template="DEFAULT_HYDRAULIC_SOUND"/>
        </sounds>
    </attacherJoints>
    <frontloaderConfigurations>
        <frontloaderConfiguration name="$l10n_ui_no" price="0">
            <objectChange node="0>0|5|4|0" visibilityActive="false"/>
		</frontloaderConfiguration>
        <frontloaderConfiguration name="$l10n_ui_yes" price="1400">
            <objectChange node="0>0|5|4|0" visibilityActive="true" visibilityInactive="false"/>
            <attacherJoint node="0>0|5|4|0|0" jointType="attachableFrontloader" lowerTransLimit="0 0 0" lowerRotLimit="0 0 0" moveTime="2">
                <rotationNode upperRotation="0 0 0" lowerRotation="0 0 0"/>
                <schema position="1 0.4" rotation="0" invertX="true"/>
            </attacherJoint>
        </frontloaderConfiguration>
	</frontloaderConfigurations>
    <powerTakeOffs>
        <output attacherJointIndices="1 2 3" outputNode="ptoBack"/>
    </powerTakeOffs>
    <enterable isTabbable="true">
        <enterReferenceNode node="398_main_component1"/>
        <exitPoint node="exitPoint"/>
        <cameras>
            <camera node="outdoorCamera1" rotatable="true" rotateNode="outdoorCameraTarget" limit="true" useWorldXZRotation="true" rotMinX="-1.4" rotMaxX="1" transMin="4" transMax="40" translation="0 0 6.5" rotation="-17.5 180 0">
                <raycastNode node="cameraRaycastNode1"/>
                <raycastNode node="cameraRaycastNode2"/>
                <raycastNode node="cameraRaycastNode3"/>
            </camera>
            <camera node="indoorCamera1" rotatable="true" limit="true" rotMinX="-1.1" rotMaxX="0.4" transMin="0" transMax="0" useMirror="true" isInside="true" shadowFocusBox="shadowFocusBox"/>
        </cameras>
        <characterNode node="playerSkin" cameraMinDistance="1.5" spineRotation="-90 0 90">
            <target ikChain="rightFoot" targetNode="playerRightFootTarget"/>
            <target ikChain="leftFoot" targetNode="playerLeftFootTarget"/>
            <target ikChain="rightArm" targetNode="playerRightHandTarget"/>
            <target ikChain="leftArm" targetNode="playerLeftHandTarget"/>
        </characterNode>
        <characterTargetNodeModifier node="playerRightFootTarget" transitionTime="0.1">
            <state node="playerRightFootTargetGas" referenceNode="gasPedal" directionReferenceNode="playerRightFootTargetGasRef"/>
            <state node="playerRightFootTargetBrake" referenceNode="brakePedal"/>
        </characterTargetNodeModifier>

        <passengerSeats>
            <passengerSeat node="0>0|15|0" exitPoint="0>0|3" outdoorCameraIndex="1">
                <camera node="0>0|15|1|0" rotatable="true" limit="true" rotMinX="-1.1" rotMaxX="0.4" transMin="0" transMax="0" useMirror="true" isInside="true" useOutdoorSounds="true" positionSmoothingParameter="0" shadowFocusBox="0>0|1|4"/>
                <characterNode node="0>0|15|2" cameraMinDistance="0.5" spineRotation="-90 0 90">
                    <target ikChain="rightFoot" targetNode="0>0|15|4" />
                    <target ikChain="leftFoot"  targetNode="0>0|15|3" />
                    <target ikChain="rightArm"  targetNode="0>0|15|6" poseId="narrowFingers"/>
                    <target ikChain="leftArm"   targetNode="0>0|15|5" poseId="narrowFingers"/>
                </characterNode>
            </passengerSeat>
        </passengerSeats>

		<mirrors>
            <mirror node="0>0|4|6|0|1" prio="1" />
            <mirror node="0>0|4|6|1|1" prio="1" />
            <mirror node="0>0|4|6|2" prio="2" />
        </mirrors>
        <dashboards>
            <dashboard displayType="NUMBER" valueType="operatingTime" numbers="0>0|12|18|6" precision="2" numberColor="1 1 1 1" groups="MOTOR_ACTIVE"/>
        </dashboards>
    </enterable>
    <motorized>
        <consumerConfigurations>
            <consumerConfiguration>
                <consumer fillUnitIndex="1" usage="50" fillType="diesel"/>
                <!-- usage is per hour at max load and max rpm -->
                <consumer fillUnitIndex="2" usage="200" fillType="air" permanentConsumption="false" refillLitersPerSecond="250" refillCapacityPercentage="0.5"/>
                <!-- usage per second at full brake power -->
            </consumerConfiguration>
        </consumerConfigurations>
        <differentialConfigurations>
            <differentialConfiguration>
                <differentials>
                    <differential torqueRatio="0.5" maxSpeedRatio="1.8" wheelIndex1="1" wheelIndex2="2"/>
                    <!-- front left-right -->
                    <differential torqueRatio="0.5" maxSpeedRatio="1.8" wheelIndex1="3" wheelIndex2="4"/>
                    <!-- back left-right -->
                    <differential torqueRatio="0.5" maxSpeedRatio="1.8" differentialIndex1="1" differentialIndex2="2"/>
                    <!-- front-back -->
                </differentials>
            </differentialConfiguration>
        </differentialConfigurations>
        <motorConfigurations>
            <motorConfiguration name="Hattat 398" hp="113" price="0">
                <motor torqueScale="0.430" minRpm="850" maxRpm="2200" maxForwardSpeed="45" maxBackwardSpeed="22" brakeForce="6" lowBrakeForceScale="0" lowBrakeForceSpeedLimit="0">
                    <torque normRpm="0.45" torque="0.9"/>
                    <torque normRpm="0.5" torque="0.97"/>
                    <torque normRpm="0.59" torque="1"/>
                    <torque normRpm="0.72" torque="1"/>
                    <torque normRpm="0.86" torque="0.88"/>
                    <torque normRpm="1" torque="0.72"/>
                </motor>
                <transmission autoGearChangeTime="0.1" gearChangeTime="0.1" name="$l10n_info_transmission_manual">
                    <directionChange useGear="true" reverseGearIndex="1" changeTime="0.5"/>
                    <groups type="DEFAULT" changeTime="0.1">
                        <group ratio="0.3"  name="L-B" />
                        <group ratio="0.5"  name="L" />
                        <group ratio="0.7"       name="H-B"/>
                        <group ratio="1"       name="H" isDefault="true"/>
                    </groups>
                    <forwardGear maxSpeed="15" name="1"/>
                    <forwardGear maxSpeed="30" name="2"/>
                    <forwardGear maxSpeed="45" name="3"/>
                    <backwardGear maxSpeed="22" name="R"/>
                </transmission>
            </motorConfiguration>
        </motorConfigurations>

        <gearLevers>
            <gearLever node="0>0|12|15|0" centerAxis="1" changeTime="0.3" handsOnDelay="0.25">
                <state group="-1"zRot="20" />
                <state group="0" zRot="0" />
                <state group="1" zRot="-30" />
                <state group="2" zRot="20" />
                <state group="3" zRot="-30" />
                <state group="4" zRot="20" />
            </gearLever>

            <gearLever node="0>0|12|16|2|0" centerAxis="2" changeTime="0.4" handsOnDelay="0.40">
                <state gear="-1"yRot="-10" xRot="5"/>
                <state gear="0" yRot="-6" xRot="-7.5"/>
                <state gear="1" yRot="-10" xRot="-15"/>
                <state gear="2" yRot="3" xRot="2"/>
                <state gear="3" yRot="3" xRot="-15"/>
            </gearLever>
            <gearLever node="0>0|12|17|2|0" centerAxis="1" changeTime="0.4" handsOnDelay="0.25">
                <state group="0" yRot="0" xRot="0" />
                <state group="1" yRot="0" xRot="10" />
                <state group="2" yRot="0" xRot="10" />
                <state group="3" yRot="0" xRot="-10" />
                <state group="4" yRot="0" xRot="-10" />
            </gearLever>
        </gearLevers>

        <exhaustEffects>
            <exhaustEffect node="0>0|7|0" filename="$data/effects/exhaust/exhaust.i3d" minRpmColor="0.0 0.0 0.0 0.05" maxRpmColor="0.0 0.0 0.0 5" minRpmScale="0.05" maxRpmScale="0.3" xzRotationsOffset="50 0" xzRotationsForward="150 0" xzRotationsBackward="-50 0" xzRotationsLeft="-20 -100" xzRotationsRight="-20 100" />
        </exhaustEffects>

        <exhaustFlap node="0>0|13|1" maxRot="0.1"/>
        
        <motorStartDuration>2500</motorStartDuration>
        <dashboards>
            <dashboard displayType="ANIMATION" valueType="rpm" animName="rpmDisplay" minValueAnim="0" maxValueAnim="2500" groups="MOTOR_ACTIVE"/>
            <dashboard displayType="ANIMATION" valueType="motorTemperature" animName="tempDisplay" minValueAnim="20" maxValueAnim="120" groups="MOTOR_ACTIVE"/>
			<dashboard displayType="NUMBER" valueType="speed" numbers="0>3|0|10|17" precision="1" groups="MOTOR_ACTIVE"/>
        </dashboards>
    </motorized>

    <drivable>
        <sounds>
            <waterSplash template="WATER_SPLASH_01"/>
        </sounds>
        <steeringWheel node="steeringWheel" indoorRotation="540" outdoorRotation="30"/>
        <dashboards>
            <dashboard displayType="ROT" valueType="accelerationAxis" node="" minRot="0 0 0" maxRot="0 0 10" doInterpolation="true" groups="MOTOR_ACTIVE"/>
            <dashboard displayType="ROT" valueType="decelerationAxis" node="" minRot="0 0 0" maxRot="-12 0 0" doInterpolation="true" groups="MOTOR_ACTIVE"/>
            <dashboard displayType="ROT" valueType="decelerationAxis" node=""    minRot="0 0 0" maxRot="0 0 0" doInterpolation="true" groups="MOTOR_ACTIVE"/>

            <dashboard displayType="EMITTER" valueType="directionForward" node="0>0|12|18|5|8" baseColor="BLACK" emitColor="GREEN"  groups="MOTOR_ACTIVE"/>
            <dashboard displayType="EMITTER" valueType="directionBackward" node="0>0|12|18|5|7" baseColor="BLACK" emitColor="RED"  groups="MOTOR_ACTIVE"/>
        </dashboards>
    </drivable>
    <animations>
        <animation name="rpmDisplay">
            <part node="0>0|12|18|3|0" startTime="0" endTime="1" startRot="0 0 0" endRot="0 0 215"/>
        </animation>
        <animation name="tempDisplay">
            <part node="0>0|12|18|4|0" startTime="0" endTime="1" startRot="0 0 0" endRot="0 0 74.83"/>
        </animation>
        <animation name="fuelDisplay">
            <part node="0>0|12|18|2|0" startTime="0" endTime="1" startRot="0 0 0" endRot="0 0 74.83"/>
        </animation>
    </animations>
    <cylindered>
        <movingTools>
            <movingTool node="attacherJointBackArmBottom">
                <dependentPart node="mainArm"/>
            </movingTool>
        </movingTools>
        <movingParts>
            <movingPart node="steeringBarLeft" referencePoint="steeringBarLeftRef" referenceFrame="steeringBarLeftRef" isActiveDirty="true"/>
            <movingPart node="steeringBarRight" referencePoint="steeringBarRightRef" referenceFrame="steeringBarRightRef" isActiveDirty="true"/>
            <movingPart node="mainArm" referencePoint="mainArmRef" localReferencePoint="mainArmPart" referenceFrame="mainArmRefFrame">
                <dependentPart node="mainArmPart"/>
            </movingPart>
            <movingPart node="mainArmHydraulic" referencePoint="mainArmHydraulicRef" referenceFrame="mainArmHydraulicRef">
                <translatingPart node="mainArmHydraulicPunch"/>
            </movingPart>
            <movingPart node="mainArmPart" referencePoint="mainArmRef" referenceFrame="mainArmRef">			
                <dependentPart node="stabilizers"/>
			</movingPart>
            <movingPart node="stabilizers" referencePoint="bottomLinkPart01Ref" referenceFrame="bottomLinkPart01Ref"/>
        </movingParts>
        <sounds>
            <hydraulic template="DEFAULT_HYDRAULIC_SOUND"/>
        </sounds>
    </cylindered>
    <connectionHoses>
        <target attacherJointIndices="1 2 3" type="electric" node="backElectric"/>
        <target attacherJointIndices="1 2 3" type="hydraulicIn" node="hydraulic01_in"/>
        <target attacherJointIndices="1 2 3" type="hydraulicOut" node="hydraulic01_out"/>
        <target attacherJointIndices="1 2 3" type="hydraulicIn" node="hydraulic02_in"/>
        <target attacherJointIndices="1 2 3" type="hydraulicOut" node="hydraulic02_out"/>>
    </connectionHoses>
    <suspensions>
        <suspension node="seat" weight="150" minTranslation="-0.05 -0.15 0.0" maxTranslation="0.05 0.15 0.0" suspensionParametersX="20 4" suspensionParametersY="5 1" suspensionParametersZ="20 4"/>
        <suspension useCharacterTorso="true" weight="90" minRotation="0 -5 -5" maxRotation="0 5 5" suspensionParametersY="7 1" suspensionParametersZ="7 1"/>
    </suspensions>
    <fillUnit>
        <fillUnitConfigurations>
            <fillUnitConfiguration>
                <fillUnits>
                    <fillUnit unit="$l10n_unit_literShort" showOnHud="false" showInShop="false" fillTypes="diesel" capacity="125">
                        <dashboard displayType="ANIMATION" valueType="fillLevel" animName="fuelDisplay" groups="MOTOR_ACTIVE"/>
                    </fillUnit>
                    <fillUnit unit="$l10n_unit_literShort" showOnHud="false" showInShop="false" fillTypes="air" capacity="2000"/>
                </fillUnits>
            </fillUnitConfiguration>
        </fillUnitConfigurations>
    </fillUnit>
    <honk>
        <sound template="HONK_VALTRA"/>
    </honk>
    <dashboard>
        <groups>
            <group name="MOTOR_STARTING" isMotorStarting="true"/>
            <group name="MOTOR_ACTIVE" isMotorStarting="true" isMotorRunning="true"/>
        </groups>
		<default>
			<dashboard displayType="VISIBILITY" node="0>0|4|11|7" groups="MOTOR_STARTING"/>
        </default>
    </dashboard>
    <ai>
        <collisionTrigger node="aiCollisionTrigger"/>
    </ai>
    <foliageBending>
        <bendingNode minX="-1" maxX="1" minZ="-0.35" maxZ="1.95" yOffset="0.55"/>
        <bendingNode minX="-1" maxX="1" minZ="-2.15" maxZ="-0.35" yOffset="0.55"/>
    </foliageBending>
	
	<baseMaterial>
        <material name="398_mat" baseNode="0>0|12|0">
            <shaderParameter name="colorMat0" value="0.6 0 0"/>
        </material>
    </baseMaterial>
	
    <rimColorConfigurations useDefaultColors="true">
        <rimColorConfiguration name="GREY" color="0.294 0.294 0.294" price="0"/>
        <rimColorConfiguration name="BLACK HATTAT" color="0.06 0.06 0.06" material="0" price="0"/>
        <rimColorConfiguration name="METAL HATTAT" color="0.9 0.9 0.9" material="18" price="0"/>
        <rimColorConfiguration name="GREY MAT" color="SHARED_GREY1" material="27" price="0"/>
        <rimColorConfiguration name="RED" color="ARMATRAC_RED1" price="300"/>
        <rimColorConfiguration name="BLACK" color="0.01 0.01 0.01" price="300"/>
        <rimColorConfiguration name="BLACK MAT" color="0.01 0.01 0.0101" material="27" price="300"/>
        <rimColorConfiguration name="GOLD" color="VALTRA_GOLD1" material="35" price="350"/>""
    </rimColorConfigurations>

    <wearable wearDuration="480" workMultiplier="5" fieldMultiplier="2"/>
    <washable dirtDuration="90" washDuration="1" workMultiplier="3" fieldMultiplier="2"/>
    <i3dMappings>
        <i3dMapping id="398_main_component1" node="0>"/>
        <i3dMapping id="3105_vis" node="0>0"/>
        <i3dMapping id="wheelBackLeft" node="0>0|0|0"/>
        <i3dMapping id="wheelBackRight" node="0>0|0|1"/>
        <i3dMapping id="outdoorCameraTarget" node="0>0|1|0"/>
        <i3dMapping id="outdoorCamera1" node="0>0|1|0|0"/>
        <i3dMapping id="indoorCamera1" node="0>0|4|1|1"/>
        <i3dMapping id="cameraRaycastNode1" node="0>0|1|2"/>
        <i3dMapping id="cameraRaycastNode2" node="0>0|1|3"/>
        <i3dMapping id="cameraRaycastNode3" node="0>0|1|4"/>
        <i3dMapping id="shadowFocusBox" node="0>0|1|5"/>
        <i3dMapping id="frontlightStatic" node="0>0|2|0|0"/>
        <i3dMapping id="frontLightLow" node="0>0|2|2|0"/>
        <i3dMapping id="highBeamLow" node="0>0|2|2|1"/>
        <i3dMapping id="frontLightHigh" node="0>0|2|2|2"/>
        <i3dMapping id="highBeamHigh" node="0>0|2|2|3"/>
        <i3dMapping id="workLightFrontLow" node="0>0|2|3|0"/>
        <i3dMapping id="workLightFrontHigh1" node="0>0|2|3|1"/>
        <i3dMapping id="workLightBackLow" node="0>0|2|3|2"/>
        <i3dMapping id="workLightBackHigh1" node="0>0|2|3|3"/>
        <i3dMapping id="backLightsHigh1" node="0>0|2|4|0"/>
        <i3dMapping id="turnLightLeftFront" node="0>0|2|5|0"/>
        <i3dMapping id="turnLightRightFront" node="0>0|2|5|1"/>
        <i3dMapping id="exitPoint" node="0>0|3"/>
        <i3dMapping id="cabin" node="0>0|4"/>
        <i3dMapping id="steeringWheel" node="0>0|4|0|0|0"/>
        <i3dMapping id="playerLeftHandTarget" node="0>0|4|0|0|0|0"/>
        <i3dMapping id="seat" node="0>0|4|1"/>
        <i3dMapping id="playerSkin" node="0>0|4|1|0"/>
        <i3dMapping id="playerRightHandTarget" node="0>0|4|0|0|0|1"/>
        <i3dMapping id="rpmNeedle" node="0>0|4|3|0|0"/>
        <i3dMapping id="tempNeedle" node="0>0|4|3|1|0"/>
        <i3dMapping id="fuelNeedle" node="0>0|4|3|2|0"/>
        <i3dMapping id="brakePedal" node="0>0|4|4|0"/>
        <i3dMapping id="playerRightFootTargetBrake" node="0>0|4|4|0|0"/>
        <i3dMapping id="gasPedal" node="0>0|4|4|1|0"/>
        <i3dMapping id="playerRightFootTargetGasRef" node="0>0|4|4|1|0|0"/>
        <i3dMapping id="playerRightFootTarget" node="0>0|4|5|0"/>
        <i3dMapping id="playerLeftFootTarget" node="0>0|4|5|1"/>
        <i3dMapping id="playerRightFootTargetGas" node="0>0|4|5|2"/>
        <i3dMapping id="attacherJointBackRot" node="0>0|5|0|0"/>
        <i3dMapping id="attacherJointBackRot2" node="0>0|5|0|0|0"/>
        <i3dMapping id="attacherJointBack" node="0>0|5|0|0|0|0"/>
        <i3dMapping id="attacherJointBackArmBottom" node="0>0|5|0|1"/>
        <i3dMapping id="backBottomLink" node="0>0|5|0|1|0"/>
        <i3dMapping id="referencePointBackBottom" node="0>0|5|0|1|0|0"/>
        <i3dMapping id="mainArmRef" node="0>0|5|0|1|0|1"/>
        <i3dMapping id="bottomLinkPart01Ref" node="0>0|5|0|1|0|2"/>
        <i3dMapping id="attacherJointBackArmTop" node="0>0|5|0|2"/>
        <i3dMapping id="trailerAttacherNode" node="0>0|5|1|0"/>
        <i3dMapping id="trailerAttacherJointBack" node="0>0|5|1|0|0"/>
        <i3dMapping id="trailerLowNode" node="0>0|5|1|1"/>
        <i3dMapping id="trailerAttacherJointBackLow" node="0>0|11|0"/>
        <i3dMapping id="trailerSteeringLeftRef" node="0>0|5|1|1|1"/>
        <i3dMapping id="trailerSteeringRightRef" node="0>0|5|1|1|2"/>
        <i3dMapping id="trailerAttacherJointFront" node="0>0|5|1|0"/>
        <i3dMapping id="ptoBack" node="0>0|5|2|0"/>
        <i3dMapping id="hydraulic01_in" node="0>0|5|3|0"/>
        <i3dMapping id="hydraulic01_out" node="0>0|5|3|1"/>
        <i3dMapping id="hydraulic02_in" node="0>0|5|3|2"/>
        <i3dMapping id="hydraulic02_out" node="0>0|5|3|3"/>
        <i3dMapping id="backElectric" node="0>0|5|3|4"/>
        <i3dMapping id="airDoubleControl" node="0>0|5|3|7"/>
        <i3dMapping id="airDoubleStorage" node="0>0|5|3|8"/>
        <i3dMapping id="frontloaderAttacherBlock" node="0>0|5|4|0"/>
        <i3dMapping id="frontloaderAttacherJoint" node="0>0|5|4|0|0"/>
        <i3dMapping id="aiCollisionTrigger" node="0>0|6|0"/>
        <i3dMapping id="exhaustParticle1" node="0>0|7|0"/>
        <i3dMapping id="axisJoint" node="0>0|8|0"/>
        <i3dMapping id="mainArmHydraulic" node="0>0|8|1"/>
        <i3dMapping id="mainArmHydraulicPunch" node="0>0|8|1|0"/>
        <i3dMapping id="mainArm" node="0>0|8|2"/>
        <i3dMapping id="mainArmPart" node="0>0|8|2|0"/>
        <i3dMapping id="mainArmHydraulicRef" node="0>0|8|2|1"/>
        <i3dMapping id="stabilizers" node="0>0|8|3|0"/>
        <i3dMapping id="mainArmRefFrame" node="0>0|8|4"/>
        <i3dMapping id="seriesA_axis_component2" node="1>"/>
        <i3dMapping id="axisFront" node="1>0"/>
        <i3dMapping id="axisFrontLeft" node="1>0|0|0"/>
        <i3dMapping id="wheelFrontLeft" node="1>0|0|0|0|0"/>
        <i3dMapping id="fenderFrontLeft" node="1>0|0|0|0|1|1"/>
        <i3dMapping id="steeringBarLeft" node="1>0|0|0|2"/>
        <i3dMapping id="axisFrontRight" node="1>0|1|0"/>
        <i3dMapping id="wheelFrontRight" node="1>0|1|0|0|0"/>
        <i3dMapping id="fenderFrontRight" node="1>0|1|0|0|1|1"/>
        <i3dMapping id="steeringBarRight" node="1>0|1|0|2"/>
        <i3dMapping id="steeringBar" node="1>0|2"/>
        <i3dMapping id="steeringBarLeftRef" node="1>0|2|0"/>
        <i3dMapping id="steeringBarRightRef" node="1>0|2|1"/>
		<i3dMapping id="decalStickerAny" node="0>0|4|11|7"/>
		<i3dMapping id="decalStickerTurnLeft" node="0>0|4|11|6"/>
		<i3dMapping id="decalStickerHazardlight" node="0>0|4|11|4"/>
        <i3dMapping id="clutch" node="0>0|12|2"/>
		
		<!-- cakar -->
		<i3dMapping id="LightbarR" node="0>0|4|11" />
		<i3dMapping id="red1" node="0>0|4|11|18|0" />	
        <i3dMapping id="red2" node="0>0|4|11|19|0" />
		<i3dMapping id="white1" node="0>0|4|11|20|0" />
		<i3dMapping id="white2" node="0>0|4|11|21|0" />
		<i3dMapping id="white3" node="0>0|4|11|22|0" />
		<i3dMapping id="white4" node="0>0|4|11|23|0" />
		<i3dMapping id="white5" node="0>0|4|11|24|0" />
		<i3dMapping id="white6" node="0>0|4|11|25|0" />
		<i3dMapping id="TDR" node="0>13|11|20|2" />
		<i3dMapping id="TDL" node="0>13|11|23|2" />
		<i3dMapping id="TDR2" node="0>13|11|25|2" />
		<i3dMapping id="TDL2" node="0>13|11|24|2" />
		
		<i3dMapping id="orange7" node="0>13|11|8|1" />
		<i3dMapping id="orange8" node="0>13|11|9|1" />
		<i3dMapping id="orange9" node="0>13|11|10|1" />
		<i3dMapping id="orange10" node="0>13|11|11|1" />
		<i3dMapping id="LED1" node="0>0|4|11|2|2" />
		<i3dMapping id="LED2" node="0>0|4|11|3|2" />
		<i3dMapping id="LED3" node="0>0|4|11|4|2" />
		<i3dMapping id="LED4" node="0>0|4|11|5|2" />
		<i3dMapping id="LED5" node="0>0|4|11|6|2" />
		<i3dMapping id="LED6" node="0>0|4|11|7|2" />
		<i3dMapping id="LED7" node="0>0|4|11|8|2" />
		<i3dMapping id="LED8" node="0>0|4|11|9|2" />
		<i3dMapping id="LED9" node="0>0|4|11|10|2" />
		<i3dMapping id="LED10" node="0>0|4|11|11|2" />
		<i3dMapping id="LED11" node="0>0|4|11|12|2" />
		<i3dMapping id="LED12" node="0>0|4|11|13|2" />
		<i3dMapping id="LED13" node="0>0|4|11|14|2" />
		<i3dMapping id="LED14" node="0>0|4|11|15|2" />
		<i3dMapping id="LED15" node="0>0|4|11|16|2" />
		<i3dMapping id="LED16" node="0>0|4|11|17|2" />
		
		<i3dMapping id="directionStick" node="0>3|0|6|4|0"/>
    </i3dMappings>
</vehicle>
