﻿<?xml version="1.0" encoding="utf-8" standalone="no" ?>
<modDesc descVersion="64">
    <author>Turkish Force</author>
    <version>1.0.0.1</version>
    <iconFilename>icon_H398.dds</iconFilename>
    <storeItems>
        <storeItem xmlFilename="HATTAT_398.xml"/>
    </storeItems>
	<vehicleTypes>
        <type name="MAXI" parent="tractor" className="Vehicle" filename="$dataS/scripts/vehicles/Vehicle.lua" >
            <specialization name="cover" />
        </type>
    </vehicleTypes>
	<brands>
        <brand name="HATTAT" title="HATTAT" image="textures/hattat_398.dds"/>
    </brands>
    <multiplayer supported="true"/>
    <title>
        <en>Hattat 398</en>
    </title>
    <description>
<en><![CDATA[
Price: 38600 $
Max. speed: 49 mph
Power: 115 hp
]]></en>
<de><![CDATA[
Preis: 38600 €
Höchstgeschwindigkeit: 49 km/h
Leistung: 115 PS
]]></de>
</description>
    <l10n>
        <text name="configuration_285S_trelleborg"><en>285S / 285S Maxi Trelleborg</en><tr>285S / 285S Maxi Trelleborg</tr></text>
        <text name="configuration_285S_weighted_trelleborg"><en>285S / 285S Weighted Trelleborg</en><tr>285S / 285S Ağırlıklı Trelleborg</tr></text>

        <text name="configuration_285S_continental"><en>285S / 285S Maxi Continental</en><tr>285S / 285S Maxi Continental</tr></text>
        <text name="configuration_285S_weighted_continental"><en>285S / 285S Weighted Continental</en><tr>285S / 285S Ağırlıklı Continental</tr></text>

        <text name="configuration_285S_mitas"><en>285S / 285S Maxi Mitas</en><tr>285S / 285S Maxi Mitas</tr></text>
        <text name="configuration_285S_weighted_mitas"><en>285S / 285S Weighted Mitas</en><tr>285S / 285S Ağırlıklı Mitas</tr></text>

        <text name="configuration_285S_vredestein"><en>285S / 285S Maxi Vredestein</en><tr>285S / 285S Maxi Vredestein</tr></text>
        <text name="configuration_285S_weighted_vredestein"><en>285S / 285S Weighted Vredestein</en><tr>285S / 285S Ağırlıklı Vredestein</tr></text>
    </l10n>
</modDesc>
