<?xml version="1.0" encoding="utf-8" standalone="no" ?>
<vehicle type="trailer">
    <annotation>Copyright (C) GIANTS Software GmbH, All Rights Reserved.</annotation>

    <storeData>
        <name>Temizel</name>
        <functions>
            <function>$l10n_function_tipper</function>
        </functions>
        <image>store_Celmak.dds</image>
        <price>5700</price>
        <lifetime>600</lifetime>
        <rotation>0</rotation>
        <brand>Lizard</brand>
        <category>trailers</category>
        <vertexBufferMemoryUsage>714104</vertexBufferMemoryUsage>
        <indexBufferMemoryUsage>114120</indexBufferMemoryUsage>
        <textureMemoryUsage>3146104</textureMemoryUsage>
        <instanceVertexBufferMemoryUsage>0</instanceVertexBufferMemoryUsage>
        <instanceIndexBufferMemoryUsage>0</instanceIndexBufferMemoryUsage>
    </storeData>
	<base>
        <typeDesc>$l10n_typeDesc_tipper</typeDesc>
         <filename>Celmak.i3d</filename>
        <size width="1.8" length="5"/>
        <components>
            <component centerOfMass="0 0 0"  solverIterationCount="10" mass="2080" />
        </components>
        <schemaOverlay attacherJointPosition="0 0">
            <default name="DEFAULT_IMPLEMENT"/>
            <selected name="DEFAULT_IMPLEMENT_SELECTED"/>
        </schemaOverlay>
    </base>
	<wheels>
        <wheelConfigurations>
            <wheelConfiguration name="$l10n_configuration_valueDefault" price="0" brand="LIZARD">
                <wheels>
                    <wheel filename="Wheels/Wheels.xml" isLeft="true" hasTireTracks="true" hasParticles="true" >
                        <physics tipOcclusionAreaGroupId="1" restLoad="1.1" repr="0>0|0"  forcePointRatio="0.5" initialCompression="20" suspTravel="0.20" spring="22" damper="50" />
                    </wheel>
                    <wheel filename="Wheels/Wheels.xml" isLeft="false" hasTireTracks="true" hasParticles="true" >
                        <physics tipOcclusionAreaGroupId="1" restLoad="1.1" repr="0>0|1" forcePointRatio="0.5" initialCompression="20" suspTravel="0.20" spring="22" damper="50" />
                    </wheel>
                </wheels>
            </wheelConfiguration>
        </wheelConfigurations>
    </wheels>
    <attachable>
        <inputAttacherJoints>
            <inputAttacherJoint node="0>2|0" jointType="trailerLow" attacherHeight="0.285"/>
        </inputAttacherJoints>
        <support animationName="moveSupport" />
        <brakeForce>0.1</brakeForce>
    </attachable>

    <attacherJoints>
        <attacherJoint node="0>2|3" jointType="trailerLow" lowerRotLimit="10 62 80" upperRotationOffset="0" allowsJointLimitMovement="false" canTurnOnImplement="false">
            <schema position="1 0" rotation="0" invertX="false"/>
        </attacherJoint>
        <sounds>
            <attach template="ATTACH_01"/>
        </sounds>
    </attacherJoints>

	<connectionHoses>
        <hose inputAttacherJointIndices="1" type="hydraulicIn"  node="0>2|2"  length="1" diameter="0.021" >
           <objectChange node="0>2|1" visibilityActive="false" visibilityInactive="true"/>
        </hose>
    </connectionHoses>

	<lights>
        <sharedLight linkNode="0>1|1|11|2"   filename="$data/shared/assets/reflectors/lizard/whiteRound_03.xml" />
        <sharedLight linkNode="0>1|1|11|3"   filename="$data/shared/assets/reflectors/lizard/whiteRound_03.xml" />
        <sharedLight linkNode="0>1|1|1|5"   filename="$data/shared/assets/reflectors/lizard/yellowRound_03.xml" />
        <sharedLight linkNode="0>1|1|1|6"   filename="$data/shared/assets/reflectors/lizard/yellowRound_03.xml" />
        <sharedLight linkNode="0>1|1|2|5"   filename="$data/shared/assets/reflectors/lizard/yellowRound_03.xml" />
        <sharedLight linkNode="0>1|1|2|6"   filename="$data/shared/assets/reflectors/lizard/yellowRound_03.xml" />
    </lights>

    <animations>	
        <animation name="tipAnimationBack">
            <part node="0>1|1|3"        startTime="0.3" endTime="0.75" startRot="0 0 0" endRot="-185 0 0" />
            <part node="0>1|1|3"        startTime="1" endTime="6" startRot="-185 0 0" endRot="-160 0 0" />
            <part node="0>1|1"            startTime="1" endTime="6" startRot="0 0 0" endRot="-38 0 0" />
            <part node="0>1|1|5|0|0|0" startTime="1" endTime="6" startRot="0 0 0" endRot="20 0 0" />
            <part node="0>1|1|8|2" startTime="0" endTime="1" startRot="0 0 0" endRot="180 0 0" />
        </animation>
         <animation name="moveSupport">
            <part node="0>4|1" startTime="0.0" endTime="0.15" startTrans="0 0 -0.35" endTrans="0 0 0 "/>
            <part node="0>4|0" startTime="0"  endTime="0.3" startRot="0 0 0" endRot="-360 0 0" />
        </animation>
        <animation name="Left">
			<part node="0>1|1|8|0|0" startTime="0.0" endTime="1.0" startRot="0 0 0" endRot="0 0 -180" />
        </animation>
        <animation name="Right">
			<part node="0>1|1|8|1|0" startTime="0.0" endTime="1.0" startRot="0 0 0" endRot="0 0 180" />
        </animation>
        <animation name="Back">
			<part node="0>1|1|8|2|0" startTime="0.0" endTime="1.0" startRot="0 0 0" endRot="-180 0 0" />
        </animation>
        <animation name="Extra">
            <part node="0>1|1|8|3|0" startTime="0.01" endTime="0.02" visibility="false" />
            <part node="0>1|1|8|3|0" startTime="0" endTime="0.01" visibility="true" />
        </animation>
        <animation name="Extra1">
            <part node="0>1|1|8|3|1" startTime="0.01" endTime="0.02" visibility="false" />
            <part node="0>1|1|8|3|1" startTime="0" endTime="0.01" visibility="true" />
        </animation>
        <animation name="Extra2">
            <part node="0>1|1|8|3|2" startTime="0.01" endTime="0.02" visibility="false" />
            <part node="0>1|1|8|3|2" startTime="0" endTime="0.01" visibility="true" />
        </animation>
        <animation name="Extra3">
            <part node="0>1|1|8|3|3" startTime="0.01" endTime="0.02" visibility="false" />
            <part node="0>1|1|8|3|3" startTime="0" endTime="0.01" visibility="true" />
        </animation>
    </animations>

    <simpleIC outsideInteractionTrigger="0>1|1|7|6">											
        <animation animationName="Left" animationSpeed="1" sharedAnimation="false">				
			<outsideTrigger triggerPoint="0>1|1|8|0|0|0" triggerPointSize="0.05"/>												
		</animation>
        <animation animationName="Right" animationSpeed="1" sharedAnimation="false">				
			<outsideTrigger triggerPoint="0>1|1|8|1|0|0" triggerPointSize="0.05"/>												
		</animation>
        <animation animationName="Back" animationSpeed="1" sharedAnimation="false">				
			<outsideTrigger triggerPoint="0>1|1|8|2|0|0" triggerPointSize="0.05"/>												
		</animation>
        <animation animationName="Extra" animationSpeed="1" sharedAnimation="false">				
			<outsideTrigger triggerPoint="0>1|1|8|3|0|0" triggerPointSize="0.05"/>												
		</animation>
        <animation animationName="Extra1" animationSpeed="1" sharedAnimation="false">				
			<outsideTrigger triggerPoint="0>1|1|8|3|1|0" triggerPointSize="0.05"/>												
		</animation>
        <animation animationName="Extra2" animationSpeed="1" sharedAnimation="false">				
			<outsideTrigger triggerPoint="0>1|1|8|3|2|0" triggerPointSize="0.05"/>												
		</animation>
        <animation animationName="Extra3" animationSpeed="1" sharedAnimation="false">				
			<outsideTrigger triggerPoint="0>1|1|8|3|3|0" triggerPointSize="0.05"/>												
		</animation>
     </simpleIC>

    <cylindered>
        <movingTools>
            <movingTool node="0>1|1" playSound="true" >
                <dependentPart node="0>1|0" />
            </movingTool>
        </movingTools>
        <movingParts>		
            <movingPart node="0>1|0" referencePoint="0>1|1|0" referenceFrame="0>1|0">
                <translatingPart node="0>1|0|0" />
                <translatingPart node="0>1|0|0|0" />
            </movingPart>
        </movingParts>

        <sounds>
            <hydraulic template="DEFAULT_HYDRAULIC_SOUND" linkNode="0>"/>
        </sounds>
    </cylindered>	
	
	<fillRootNode node="0>" />
    <fillMassNode node="0>" />
    <supportsFillTriggers value="true" />

    <fillUnit>
        <fillUnitConfigurations>
            <fillUnitConfiguration name="4000" price="0" params="4000">
                <fillUnits>
                    <fillUnit unit="$l10n_unit_literShort" fillTypeCategories="bulk" capacity="4000">
                        <exactFillRootNode node="0>1|1|5"/>
                        <autoAimTargetNode node="0>1|1|6" startZ="0.9" endZ="-2.8" invert="false" fillUnitIndex="1" startPercentage="25"/>
                    </fillUnit>
                </fillUnits>
                <objectChange node="0>1|1|2|0|0" visibilityActive="true"/><!--FillVolume-->
                <objectChange node="0>1|1|2|0|2" visibilityActive="false"/><!--FillVolume1-->
                <objectChange node="0>1|1|8|3" visibilityActive="false"/><!--İlave-->
				<objectChange node="0>1|1|8|0|0|3|0" visibilityActive="true"/><!--4Ton-->
				<objectChange node="0>1|1|8|1|0|3|0" visibilityActive="true"/><!--4Ton-->
                <objectChange node="0>1|1|8|0|0|3|1" visibilityActive="false"/><!--6Ton-->
				<objectChange node="0>1|1|8|1|0|3|1" visibilityActive="false"/><!--6Ton-->
            </fillUnitConfiguration>
            <fillUnitConfiguration name="6000" price="700" params="6000">
                <fillUnits>
                    <fillUnit unit="$l10n_unit_literShort" fillTypeCategories="bulk" capacity="6000">
                        <exactFillRootNode node="0>1|1|5"/>
                        <autoAimTargetNode node="0>1|1|6" startZ="0.9" endZ="-2.8" invert="false" fillUnitIndex="1" startPercentage="25"/>
                    </fillUnit>
                </fillUnits>
                <objectChange node="0>1|1|2|0|0" visibilityActive="false"/><!--FillVolume-->
                <objectChange node="0>1|1|2|0|2" visibilityActive="true"/><!--FillVolume1-->
                <objectChange node="0>1|1|8|3" visibilityActive="true"/><!--İlave-->
				<objectChange node="0>1|1|8|0|0|3|0" visibilityActive="false"/><!--4Ton-->
				<objectChange node="0>1|1|8|1|0|3|0" visibilityActive="false"/><!--4Ton-->
                <objectChange node="0>1|1|8|0|0|3|1" visibilityActive="true"/><!--6Ton-->
				<objectChange node="0>1|1|8|1|0|3|1" visibilityActive="true"/><!--6Ton-->
            </fillUnitConfiguration>
        </fillUnitConfigurations>
    </fillUnit>

    <fillVolume>
        <fillVolumeConfigurations>
            <fillVolumeConfiguration>
                <volumes>
                    <volume node="0>1|1|2|0|0" maxDelta="0.2" maxAllowedHeapAngle="18" fillUnitIndex="1" />
                    <volume node="0>1|1|2|0|2" maxDelta="0.2" maxAllowedHeapAngle="18" fillUnitIndex="1" />
                </volumes>
            </fillVolumeConfiguration>
        </fillVolumeConfigurations>

        <unloadInfos>
            <unloadInfo>
                <node node="0>1|1|2|0|1" width="1.5" length="1.0" />
            </unloadInfo>
        </unloadInfos>
    </fillVolume>


    <trailer>
        <trailerConfigurations>
            <trailerConfiguration>
                <trailer>
                    <tipSide name="$l10n_info_tipSideBack" dischargeNodeIndex="1" unloadInfoIndex="1">
                        <animation name="tipAnimationBack" speedScale="1.0" startTipTime="0.1" />
                    </tipSide>
                </trailer>
            </trailerConfiguration>
        </trailerConfigurations>
    </trailer>
	
    <dischargeable>
        <dischargeNode node="0>1|4|0" emptySpeed="256" fillUnitIndex="1" unloadInfoIndex="1" >
            <info width="1.1" length="0.5" zOffset="-1" />
            <effects>
                <effectNode effectClass="TipEffect">
                    <effectNode effectNode="0>1|1|1|0|1|0" effectClass="ParticleEffect" extraDistance="1"/>
                    <effectNode effectNode="0>1|1|1|0|0|0" materialType="unloading" materialTypeId="1" fadeTime="0.5" extraDistance="0.1" extraDistanceNode="0>1|1|3|0"/>
                </effectNode>
                <effectNode effectNode="0>1|1|1|0|0|1" materialType="smoke" materialTypeId="1" fadeTime="0.5" />
            </effects>
        </dischargeNode>
    </dischargeable>
	
	
    <ai>
        <allowTurnBackward value="false"/>
        <turningRadiusLimitation radius="7"/>
    </ai>

	<baseMaterial>
        <material name="T103_mat" baseNode="0>1|1|8">
		    <shaderParameter name="colorMat0" value="0 0.117 0.41 0"/>
        </material>
        <material name="Strip" baseNode="0>1|1|8|3|0">
		    <shaderParameter name="colorMat3" value="1 0.67 0 1"/>
        </material>
		<material name="Strip2" baseNode="0>1|1|8|0|0|3|0">
		    <shaderParameter name="colorMat1" value="1 0.67 0 1"/>
        </material>
        <material name="Sase" baseNode="0>5|0">
		    <shaderParameter name="colorMat1" value="0.2 0.2 0.2 0"/>
        </material>
		<material name="Ayak" baseNode="0>4">
		    <shaderParameter name="colorMat0" value="0.2 0.2 0.2 0"/>
        </material>
    </baseMaterial>

    <baseMaterialConfigurations price="300" useDefaultColors="true">
		<baseMaterialConfiguration color="0 0.117 0.41 0"    price="300"/>
        <material name="T103_mat" shaderParameter="colorMat0" />
	</baseMaterialConfigurations>

    <designMaterialConfigurations title="Strip" price="200" useDefaultColors="true" defaultColorIndex="0">
        <designMaterialConfiguration name="Orjinal" color="1 0.67 0 1"/>
        <material name="Strip" shaderParameter="colorMat3" />
		<material name="Strip2" shaderParameter="colorMat1" />
    </designMaterialConfigurations>

    <designMaterial2Configurations title="Sase" price="200" useDefaultColors="true" defaultColorIndex="0">
        <designMaterial2Configuration name="Orjinal" color="0.2 0.2 0.2 0"/>
        <material name="Sase" shaderParameter="colorMat1" />
		<material name="Ayak" shaderParameter="colorMat0" />
    </designMaterial2Configurations>

    <wearable wearDuration="480" workMultiplier="5" fieldMultiplier="2"/>
    <washable dirtDuration="90" washDuration="1" workMultiplier="3" fieldMultiplier="2"/>
	
</vehicle>