<?xml version="1.0" encoding="utf-8" standalone="no" ?>
<modDesc descVersion="61">
    <author>Ramazan</author>
    <version>1.0.0.0</version>
    <title>
        <en>Temizel</en>
    </title>
    <description>
		<en>
		<![CDATA[
		Temizel Trailer
		-Capacity 4000 And 5000

		Configurations:
		-Full Color
		-Strip Color
		]]>
		</en>
    </description>
    <iconFilename>icon_Celmak.dds</iconFilename>
    <multiplayer supported="true" />
    <storeItems>
        <storeItem xmlFilename="Celmak.xml"/>
    </storeItems>
</modDesc>
