<?xml version="1.0" encoding="utf-8" standalone="no" ?>
<wheel xmlns:xsi="http://www.w3.org/2001/XMLSchema-instance" xsi:noNamespaceSchemaLocation="../../../../../../shared/xml/schema/wheel.xsd">
    <brand>NOKIAN</brand>
    <name>Tractor King</name>
    <default>
        <physics radius="0.678" width="0.48" mass="0.15" tireType="mud" frictionScale="1.60" maxLongStiffness="8" maxLatStiffness="100" maxLatStiffnessLoad="2" />
        <tire filename="$data/shared/wheels/tires/nokian/tractorKing/R28_tractorKing.i3d" nodeLeft="0|0" nodeRight="0|0" maxDeformation="0.064" sideDeformOffset="0.968" isCareWheel="false" tireTrackAtlasIndex="0" />
        <outerRim filename="$data/shared/wheels/rims/rim001.i3d" node="1|0" widthAndDiam="16 28" />
        <innerRim filename="$data/shared/wheels/rims/rim001.i3d" nodeLeft="3|0" nodeRight="3|1" widthAndDiam="16 28" />
    </default>
	<configurations>
        <configuration id="dual" >
            <innerRim filename="-" />
        </configuration>
		<configuration id="cnh" >
            <innerRim filename="$data/shared/wheels/rims/rim006.i3d" nodeLeft="0|0" nodeRight="0|1" />
        </configuration>
    </configurations>
</wheel>
