﻿<?xml version="1.0" encoding="utf-8" standalone="no"?>
<vehicle type="fertilizingSowingMachine">
    <annotation>Copyright (C) GIANTS Software GmbH, All Rights Reserved.</annotation>

    <storeData>
        <name>17C</name>
        <specs>
            <neededPower>60</neededPower>
            <workingWidth>3</workingWidth>
        </specs>
        <functions>
            <function>$l10n_function_sowingMachine</function>
            <function>$l10n_function_sowingMachineDirect</function>
        </functions>
        <image>store_lizard17C.png</image>
        <price>13000</price>
        <lifetime>600</lifetime>
        <rotation>0</rotation>
        <brand>LIZARD</brand>
        <category>seeders</category>
        <shopTranslationOffset>0 0.132 0</shopTranslationOffset>
        <shopRotationOffset>2.755 0 0</shopRotationOffset>
        <vertexBufferMemoryUsage>1251840</vertexBufferMemoryUsage>
        <indexBufferMemoryUsage>151296</indexBufferMemoryUsage>
        <textureMemoryUsage>2490368</textureMemoryUsage>
        <audioMemoryUsage>0</audioMemoryUsage>
        <instanceVertexBufferMemoryUsage>0</instanceVertexBufferMemoryUsage>
        <instanceIndexBufferMemoryUsage>0</instanceIndexBufferMemoryUsage>
    </storeData>

    <base>
        <typeDesc>$l10n_typeDesc_sowingMachine</typeDesc>
        <filename>lizard17C.i3d</filename>
        <size width="3.6" length="3"/>
        <speedLimit value="15"/>
        <components>
            <component centerOfMass="0 0 0.33751416" solverIterationCount="10" mass="500"/>
			<component centerOfMass="0 0 -0.5" solverIterationCount="100" mass="10"/>
			<component centerOfMass="0 0 -0.5" solverIterationCount="100" mass="10"/>
			<component centerOfMass="0 0 -0.5" solverIterationCount="100" mass="10"/>
			<component centerOfMass="0 0 -0.5" solverIterationCount="100" mass="10"/>
			<component centerOfMass="0 0 -0.5" solverIterationCount="100" mass="10"/>

            <joint component1="1" component2="2" node="0>10|0" rotLimit="10 0 0" transLimit="0 0 0"  />
			<joint component1="1" component2="3" node="0>10|1" rotLimit="10 0 0" transLimit="0 0 0"  />
			<joint component1="1" component2="4" node="0>10|2" rotLimit="10 0 0" transLimit="0 0 0"  />
			<joint component1="1" component2="5" node="0>10|3" rotLimit="10 0 0" transLimit="0 0 0"  />
			<joint component1="1" component2="6" node="0>10|4" rotLimit="10 0 0" transLimit="0 0 0"  />
        </components>
        <schemaOverlay attacherJointPosition="0 0" name="IMPLEMENT" />
    </base>

	<wheels>
        <wheelConfigurations>
            <wheelConfiguration name="Original" price="0">
                <wheels autoRotateBackSpeed="2.2">
                    <wheel filename="Roda/6_50__16.xml" isLeft="true" hasTireTracks="true" hasParticles="true">
                        <physics rotSpeed="0" restLoad="1.00" repr="0>0|0" forcePointRatio="0.3" initialCompression="10" suspTravel="0.05" spring="36" damper="20"/>
                    </wheel>
                    <wheel filename="Roda/6_50__16.xml" isLeft="false" hasTireTracks="true" hasParticles="true">
                        <physics rotSpeed="0" restLoad="1.00" repr="0>0|1" forcePointRatio="0.3" initialCompression="10" suspTravel="0.05" spring="36" damper="20"/>
                    </wheel>
                </wheels>
            </wheelConfiguration>
        </wheelConfigurations>
    </wheels>

	<speedRotatingParts>   	
		<speedRotatingPart node="0>3|0" radius="0.1" foldMinLimit="0" foldMaxLimit="0.07"/> <!--Engrenagem--> 
		<speedRotatingPart node="0>3|1" radius="0.1" foldMinLimit="0" foldMaxLimit="0.07"/> <!--Engrenagem--> 
		<speedRotatingPart node="0>3|2" radius="0.1" foldMinLimit="0" foldMaxLimit="0.07"/> <!--Engrenagem--> 
		<speedRotatingPart node="0>3|3" radius="0.1" foldMinLimit="0" foldMaxLimit="0.07"/> <!--Engrenagem--> 
		<speedRotatingPart node="0>3|4" radius="0.1" foldMinLimit="0" foldMaxLimit="0.07"/> <!--Engrenagem--> 
		<speedRotatingPart node="1>0|0|0" radius="0.3" foldMinLimit="0" foldMaxLimit="0.07"/>
		<speedRotatingPart node="1>0|1|0" radius="0.3" foldMinLimit="0" foldMaxLimit="0.07"/>
		<speedRotatingPart node="1>4|0|0" radius="0.3" foldMinLimit="0" foldMaxLimit="0.07"/>
		<speedRotatingPart node="1>4|1|0" radius="0.3" foldMinLimit="0" foldMaxLimit="0.07"/>
		<speedRotatingPart node="1>5|0|0" radius="0.3" foldMinLimit="0" foldMaxLimit="0.07"/>
		<speedRotatingPart node="1>5|1|0" radius="0.3" foldMinLimit="0" foldMaxLimit="0.07"/>
		<speedRotatingPart node="2>0|0|0" radius="0.3" foldMinLimit="0" foldMaxLimit="0.07"/>
		<speedRotatingPart node="2>0|1|0" radius="0.3" foldMinLimit="0" foldMaxLimit="0.07"/>
		<speedRotatingPart node="2>4|0|0" radius="0.3" foldMinLimit="0" foldMaxLimit="0.07"/>
		<speedRotatingPart node="2>4|1|0" radius="0.3" foldMinLimit="0" foldMaxLimit="0.07"/>
		<speedRotatingPart node="2>5|0|0" radius="0.3" foldMinLimit="0" foldMaxLimit="0.07"/>
		<speedRotatingPart node="2>5|1|0" radius="0.3" foldMinLimit="0" foldMaxLimit="0.07"/>
		<speedRotatingPart node="3>0|0|0" radius="0.3" foldMinLimit="0" foldMaxLimit="0.07"/>
		<speedRotatingPart node="3>0|1|0" radius="0.3" foldMinLimit="0" foldMaxLimit="0.07"/>
		<speedRotatingPart node="3>4|0|0" radius="0.3" foldMinLimit="0" foldMaxLimit="0.07"/>
		<speedRotatingPart node="3>4|1|0" radius="0.3" foldMinLimit="0" foldMaxLimit="0.07"/>
		<speedRotatingPart node="3>5|0|0" radius="0.3" foldMinLimit="0" foldMaxLimit="0.07"/>
		<speedRotatingPart node="3>5|1|0" radius="0.3" foldMinLimit="0" foldMaxLimit="0.07"/>
		<speedRotatingPart node="3>6|0|0" radius="0.3" foldMinLimit="0" foldMaxLimit="0.07"/>
		<speedRotatingPart node="3>6|1|0" radius="0.3" foldMinLimit="0" foldMaxLimit="0.07"/>
		<speedRotatingPart node="4>0|0|0" radius="0.3" foldMinLimit="0" foldMaxLimit="0.07"/>
		<speedRotatingPart node="4>0|1|0" radius="0.3" foldMinLimit="0" foldMaxLimit="0.07"/>
		<speedRotatingPart node="4>4|0|0" radius="0.3" foldMinLimit="0" foldMaxLimit="0.07"/>
		<speedRotatingPart node="4>4|1|0" radius="0.3" foldMinLimit="0" foldMaxLimit="0.07"/>
		<speedRotatingPart node="4>5|0|0" radius="0.3" foldMinLimit="0" foldMaxLimit="0.07"/>
		<speedRotatingPart node="4>5|1|0" radius="0.3" foldMinLimit="0" foldMaxLimit="0.07"/>
		<speedRotatingPart node="4>6|0|0" radius="0.3" foldMinLimit="0" foldMaxLimit="0.07"/>
		<speedRotatingPart node="4>6|1|0" radius="0.3" foldMinLimit="0" foldMaxLimit="0.07"/>
		<speedRotatingPart node="5>0|0|0" radius="0.3" foldMinLimit="0" foldMaxLimit="0.07"/>
		<speedRotatingPart node="5>0|1|0" radius="0.3" foldMinLimit="0" foldMaxLimit="0.07"/>
		<speedRotatingPart node="5>4|0|0" radius="0.3" foldMinLimit="0" foldMaxLimit="0.07"/>
		<speedRotatingPart node="5>4|1|0" radius="0.3" foldMinLimit="0" foldMaxLimit="0.07"/>
		<speedRotatingPart node="5>5|0|0" radius="0.3" foldMinLimit="0" foldMaxLimit="0.07"/>
		<speedRotatingPart node="5>5|1|0" radius="0.3" foldMinLimit="0" foldMaxLimit="0.07"/>
		<speedRotatingPart shaderNode="0>3|5|0" foldMinLimit="0" foldMaxLimit="1" groundReferenceNodeIndex="1" useRotation="false" scrollScale="0 5" /> <!--Rotor helicoidal-->
		<speedRotatingPart shaderNode="0>3|5|1" foldMinLimit="0" foldMaxLimit="1" groundReferenceNodeIndex="1" useRotation="false" scrollScale="0 5" /> <!--Rotor helicoidal-->
		<speedRotatingPart shaderNode="0>3|5|2" foldMinLimit="0" foldMaxLimit="1" groundReferenceNodeIndex="1" useRotation="false" scrollScale="0 5" /> <!--Rotor helicoidal-->
		<speedRotatingPart shaderNode="0>3|5|3" foldMinLimit="0" foldMaxLimit="1" groundReferenceNodeIndex="1" useRotation="false" scrollScale="0 5" /> <!--Rotor helicoidal-->
		<speedRotatingPart shaderNode="0>3|5|4" foldMinLimit="0" foldMaxLimit="1" groundReferenceNodeIndex="1" useRotation="false" scrollScale="0 5" /> <!--Rotor helicoidal-->
		<speedRotatingPart shaderNode="0>3|5|5" foldMinLimit="0" foldMaxLimit="1" groundReferenceNodeIndex="1" useRotation="false" scrollScale="0 5" /> <!--Rotor helicoidal-->
		<speedRotatingPart shaderNode="0>3|5|6" foldMinLimit="0" foldMaxLimit="1" groundReferenceNodeIndex="1" useRotation="false" scrollScale="0 5" /> <!--Rotor helicoidal-->
		<speedRotatingPart shaderNode="0>3|5|7" foldMinLimit="0" foldMaxLimit="1" groundReferenceNodeIndex="1" useRotation="false" scrollScale="0 5" /> <!--Rotor helicoidal-->
		<speedRotatingPart shaderNode="0>3|5|8" foldMinLimit="0" foldMaxLimit="1" groundReferenceNodeIndex="1" useRotation="false" scrollScale="0 5" /> <!--Rotor helicoidal-->
		<speedRotatingPart shaderNode="0>3|5|9" foldMinLimit="0" foldMaxLimit="1" groundReferenceNodeIndex="1" useRotation="false" scrollScale="0 5" /> <!--Rotor helicoidal-->
		<speedRotatingPart shaderNode="0>3|5|10" foldMinLimit="0" foldMaxLimit="1" groundReferenceNodeIndex="1" useRotation="false" scrollScale="0 5" /> <!--Rotor helicoidal-->
		<speedRotatingPart shaderNode="0>3|5|11" foldMinLimit="0" foldMaxLimit="1" groundReferenceNodeIndex="1" useRotation="false" scrollScale="0 5" /> <!--Rotor helicoidal-->
		<speedRotatingPart shaderNode="0>3|5|12" foldMinLimit="0" foldMaxLimit="1" groundReferenceNodeIndex="1" useRotation="false" scrollScale="0 5" /> <!--Rotor helicoidal-->
		<speedRotatingPart shaderNode="0>3|5|13" foldMinLimit="0" foldMaxLimit="1" groundReferenceNodeIndex="1" useRotation="false" scrollScale="0 5" /> <!--Rotor helicoidal-->
		<speedRotatingPart shaderNode="0>3|5|14" foldMinLimit="0" foldMaxLimit="1" groundReferenceNodeIndex="1" useRotation="false" scrollScale="0 5" /> <!--Rotor helicoidal-->
		<speedRotatingPart shaderNode="0>3|5|15" foldMinLimit="0" foldMaxLimit="1" groundReferenceNodeIndex="1" useRotation="false" scrollScale="0 5" /> <!--Rotor helicoidal-->
		<speedRotatingPart shaderNode="0>3|5|16" foldMinLimit="0" foldMaxLimit="1" groundReferenceNodeIndex="1" useRotation="false" scrollScale="0 5" /> <!--Rotor helicoidal-->
		<speedRotatingPart node="0>3|5|17" radius="0.1" foldMinLimit="0" foldMaxLimit="0.07"/>
		<speedRotatingPart node="0>3|5|18" radius="0.1" foldMinLimit="0" foldMaxLimit="0.07"/>
		<speedRotatingPart node="0>3|5|19" radius="0.1" foldMinLimit="0" foldMaxLimit="0.07"/>
		<speedRotatingPart node="0>3|5|20" radius="0.1" foldMinLimit="0" foldMaxLimit="0.07"/>
		<speedRotatingPart node="0>3|5|21" radius="0.1" foldMinLimit="0" foldMaxLimit="0.07"/>
		<speedRotatingPart node="0>3|5|22" radius="0.1" foldMinLimit="0" foldMaxLimit="0.07"/>
		<speedRotatingPart node="0>3|5|23" radius="0.1" foldMinLimit="0" foldMaxLimit="0.07"/>
		<speedRotatingPart node="0>3|5|24" radius="0.1" foldMinLimit="0" foldMaxLimit="0.07"/>
		<speedRotatingPart node="0>3|5|25" radius="0.1" foldMinLimit="0" foldMaxLimit="0.07"/>
		<speedRotatingPart node="0>3|5|26" radius="0.1" foldMinLimit="0" foldMaxLimit="0.07"/>
		<speedRotatingPart node="0>3|5|27" radius="0.1" foldMinLimit="0" foldMaxLimit="0.07"/>
		<speedRotatingPart node="0>3|5|28" radius="0.1" foldMinLimit="0" foldMaxLimit="0.07"/>
		<speedRotatingPart node="0>3|5|29" radius="0.1" foldMinLimit="0" foldMaxLimit="0.07"/>
		<speedRotatingPart node="0>3|5|30" radius="0.1" foldMinLimit="0" foldMaxLimit="0.07"/>
		<speedRotatingPart node="0>3|5|31" radius="0.1" foldMinLimit="0" foldMaxLimit="0.07"/>
		<speedRotatingPart node="0>3|5|32" radius="0.1" foldMinLimit="0" foldMaxLimit="0.07"/>
		<speedRotatingPart node="0>3|5|33" radius="0.1" foldMinLimit="0" foldMaxLimit="0.07"/>
    </speedRotatingParts>

    <attachable allowFoldingWhileAttached="false">
        <inputAttacherJoints>
            <inputAttacherJoint node="0>1|0" jointType="trailer" attacherHeight="0.6"/>
        </inputAttacherJoints>
        <support animationName="moveSupport"/>
        <brakeForce force="1" maxForce="0.2" maxForceMass="1000"/>
    </attachable>

    <connectionHoses>
        <hose inputAttacherJointIndices="1" type="hydraulicIn"  node="0>1|2|0"  length="1.7" diameter="0.014" straighteningFactor="0.5">
           <objectChange node="0>9|0|0" visibilityActive="false" visibilityInactive="true"/>
        </hose>
        <hose inputAttacherJointIndices="1" type="hydraulicOut" node="0>1|2|1" length="1.7" diameter="0.014" straighteningFactor="0.5">
            <objectChange node="0>9|1|0" visibilityActive="false" visibilityInactive="true"/>
        </hose>
    </connectionHoses>

    <powerConsumer forceNode="0>" maxForce="1" neededMaxPtoPower="0"/>
    <groundReferenceNodes>
        <groundReferenceNode node="0>6|0|3" forceFactor="1" threshold="0.2" depthNode="0>6|0|4" />
    </groundReferenceNodes>

    <workAreas>
        <workArea type="sowingMachine" functionName="processSowingMachineArea" needsSetIsTurnedOn="false">
            <area startNode="0>6|0|0" widthNode="0>6|0|1" heightNode="0>6|0|2"/>
            <groundReferenceNode index="1"/>
            <folding minLimit="0" maxLimit="0.1"/>
        </workArea>
    </workAreas>

    <workParticles>
        <effect workAreaIndex="1">
            <effectNode effectClass="CultivatorMotionPathEffect" effectType="CULTIVATOR" linkNode="1>3">
                <motionPathEffect textureFilename="$data/vehicles/amazone/precea4500/seederEffect01Array.dds" numRows="1" rowLength="18" minFade="0.07" density="1" shapeScale="0.5" maxShapeScale="1"/>
            </effectNode>
			    <effectNode effectClass="CultivatorMotionPathEffect" effectType="CULTIVATOR" linkNode="1>3">
                <motionPathEffect textureFilename="$data/vehicles/amazone/precea4500/seederEffect01Array.dds" numRows="1" rowLength="18" minFade="0.07" density="1" shapeScale="0.5" maxShapeScale="1"/>
            </effectNode>
			    <effectNode effectClass="CultivatorMotionPathEffect" effectType="CULTIVATOR" linkNode="1>11">
                <motionPathEffect textureFilename="$data/vehicles/amazone/precea4500/seederEffect01Array.dds" numRows="1" rowLength="18" minFade="0.07" density="1" shapeScale="0.5" maxShapeScale="1"/>
            </effectNode>
			    <effectNode effectClass="CultivatorMotionPathEffect" effectType="CULTIVATOR" linkNode="1>12">
                <motionPathEffect textureFilename="$data/vehicles/amazone/precea4500/seederEffect01Array.dds" numRows="1" rowLength="18" minFade="0.07" density="1" shapeScale="0.5" maxShapeScale="1"/>
            </effectNode>
			    <effectNode effectClass="CultivatorMotionPathEffect" effectType="CULTIVATOR" linkNode="2>3">
                <motionPathEffect textureFilename="$data/vehicles/amazone/precea4500/seederEffect01Array.dds" numRows="1" rowLength="18" minFade="0.07" density="1" shapeScale="0.5" maxShapeScale="1"/>
            </effectNode>
			    <effectNode effectClass="CultivatorMotionPathEffect" effectType="CULTIVATOR" linkNode="2>11">
                <motionPathEffect textureFilename="$data/vehicles/amazone/precea4500/seederEffect01Array.dds" numRows="1" rowLength="18" minFade="0.07" density="1" shapeScale="0.5" maxShapeScale="1"/>
            </effectNode>
			    <effectNode effectClass="CultivatorMotionPathEffect" effectType="CULTIVATOR" linkNode="2>12">
                <motionPathEffect textureFilename="$data/vehicles/amazone/precea4500/seederEffect01Array.dds" numRows="1" rowLength="18" minFade="0.07" density="1" shapeScale="0.5" maxShapeScale="1"/>
            </effectNode>
			    <effectNode effectClass="CultivatorMotionPathEffect" effectType="CULTIVATOR" linkNode="3>3">
                <motionPathEffect textureFilename="$data/vehicles/amazone/precea4500/seederEffect01Array.dds" numRows="1" rowLength="18" minFade="0.07" density="1" shapeScale="0.5" maxShapeScale="1"/>
            </effectNode>
			    <effectNode effectClass="CultivatorMotionPathEffect" effectType="CULTIVATOR" linkNode="3>14">
                <motionPathEffect textureFilename="$data/vehicles/amazone/precea4500/seederEffect01Array.dds" numRows="1" rowLength="18" minFade="0.07" density="1" shapeScale="0.5" maxShapeScale="1"/>
            </effectNode>
			    <effectNode effectClass="CultivatorMotionPathEffect" effectType="CULTIVATOR" linkNode="3>15">
                <motionPathEffect textureFilename="$data/vehicles/amazone/precea4500/seederEffect01Array.dds" numRows="1" rowLength="18" minFade="0.07" density="1" shapeScale="0.5" maxShapeScale="1"/>
            </effectNode>
			    <effectNode effectClass="CultivatorMotionPathEffect" effectType="CULTIVATOR" linkNode="3>16">
                <motionPathEffect textureFilename="$data/vehicles/amazone/precea4500/seederEffect01Array.dds" numRows="1" rowLength="18" minFade="0.07" density="1" shapeScale="0.5" maxShapeScale="1"/>
            </effectNode>
			    <effectNode effectClass="CultivatorMotionPathEffect" effectType="CULTIVATOR" linkNode="4>3">
                <motionPathEffect textureFilename="$data/vehicles/amazone/precea4500/seederEffect01Array.dds" numRows="1" rowLength="18" minFade="0.07" density="1" shapeScale="0.5" maxShapeScale="1"/>
            </effectNode>
			    <effectNode effectClass="CultivatorMotionPathEffect" effectType="CULTIVATOR" linkNode="4>14">
                <motionPathEffect textureFilename="$data/vehicles/amazone/precea4500/seederEffect01Array.dds" numRows="1" rowLength="18" minFade="0.07" density="1" shapeScale="0.5" maxShapeScale="1"/>
            </effectNode>
			    <effectNode effectClass="CultivatorMotionPathEffect" effectType="CULTIVATOR" linkNode="4>15">
                <motionPathEffect textureFilename="$data/vehicles/amazone/precea4500/seederEffect01Array.dds" numRows="1" rowLength="18" minFade="0.07" density="1" shapeScale="0.5" maxShapeScale="1"/>
            </effectNode>
			    <effectNode effectClass="CultivatorMotionPathEffect" effectType="CULTIVATOR" linkNode="4>16">
                <motionPathEffect textureFilename="$data/vehicles/amazone/precea4500/seederEffect01Array.dds" numRows="1" rowLength="18" minFade="0.07" density="1" shapeScale="0.5" maxShapeScale="1"/>
            </effectNode>
			    <effectNode effectClass="CultivatorMotionPathEffect" effectType="CULTIVATOR" linkNode="5>3">
                <motionPathEffect textureFilename="$data/vehicles/amazone/precea4500/seederEffect01Array.dds" numRows="1" rowLength="18" minFade="0.07" density="1" shapeScale="0.5" maxShapeScale="1"/>
            </effectNode>
			    <effectNode effectClass="CultivatorMotionPathEffect" effectType="CULTIVATOR" linkNode="5>11">
                <motionPathEffect textureFilename="$data/vehicles/amazone/precea4500/seederEffect01Array.dds" numRows="1" rowLength="18" minFade="0.07" density="1" shapeScale="0.5" maxShapeScale="1"/>
            </effectNode>
				<effectNode effectClass="CultivatorMotionPathEffect" effectType="CULTIVATOR" linkNode="5>12">
                <motionPathEffect textureFilename="$data/vehicles/amazone/precea4500/seederEffect01Array.dds" numRows="1" rowLength="18" minFade="0.07" density="1" shapeScale="0.5" maxShapeScale="1"/>
            </effectNode>
        </effect>
        <particle>
            <node node="0>7|0" refNodeIndex="1" particleType="SOIL_SMOKE" emitCountScale="1.0" />
        </particle>
    </workParticles>

    <sprayer fillUnitIndex="2" unloadInfoIndex="2" loadInfoIndex="2">
        <usageScales workingWidth="3.1" scale="1"/>
    </sprayer>

    <foldable>
        <foldingConfigurations>
            <foldingConfiguration>
                <foldingParts startMoveDirection="1" foldMiddleAnimTime="1.0" >
                    <foldingPart animationName="folding" speedScale="1" />
                </foldingParts>
              </foldingConfiguration>
        </foldingConfigurations>
    </foldable>

    <turnOnVehicle turnOffIfNotAllowed="true"></turnOnVehicle>

    <animations>
        <animation name="folding">
			<part node="0>4|2"           startTime="0" endTime="1" startRot="78 0 0" endRot="-6 0 0"/>
			<part componentJointIndex="1"  startTime="0" endTime="1" startRotLimit="16 0 0" endRotLimit="0 0 0" />
			<part componentJointIndex="2"  startTime="0" endTime="1" startRotLimit="16 0 0" endRotLimit="0 0 0" />
			<part componentJointIndex="3"  startTime="0" endTime="1" startRotLimit="16 0 0" endRotLimit="0 0 0" />
			<part componentJointIndex="4"  startTime="0" endTime="1" startRotLimit="16 0 0" endRotLimit="0 0 0" />
			<part componentJointIndex="5"  startTime="0" endTime="1" startRotLimit="16 0 0" endRotLimit="0 0 0" />
        </animation>
        <animation name="openCover">
            <part node="0>4|0" startTime="0" endTime="1" endRot="100 0 0" startRot="0 0 0"/>
            <part node="0>4|1" startTime="0.85" endTime="1.4" endRot="95 0 0" startRot="0 0 0"/>
        </animation>
        <animation name="moveSupport">
            <part node="0>1|1|0" startTime="0" endTime="0.01" startTrans="0 -10 0" endTrans="0 0 0" />
			<part node="0>1|1|1" startTime="0" endTime="0.01" startTrans="0 0.29 0" endTrans="0 0 0" />
        </animation>
    </animations>


	<cylindered>
        <movingTools>
            <movingTool node="0>0|0" wheelIndices="1 2" isActiveDirty="true" playSound="true">
                <dependentPart node="0>2|0" />
				<dependentPart node="0>2|1" />
            </movingTool>
        </movingTools>
        <movingParts>
            <movingPart node="0>2|0" referencePoint="0>4|2|6" referenceFrame="0>4|2|6" isActiveDirty="true" maxUpdateDistance="300">
                <translatingPart node="0>2|0|0" />
            </movingPart>
			<movingPart node="0>2|1" referencePoint="0>4|2|7" referenceFrame="0>4|2|7" isActiveDirty="true" maxUpdateDistance="300">
                <translatingPart node="0>2|1|0" />
            </movingPart>
			<movingPart node="0>4|2|0" referencePoint="1>6" referenceFrame="1>6" isActiveDirty="true" maxUpdateDistance="300">
           </movingPart>
			<movingPart node="1>6" referencePoint="0>4|2|0" referenceFrame="0>4|2|0" isActiveDirty="true" maxUpdateDistance="300">
           </movingPart>
			<movingPart node="1>6|0|0" referencePoint="0>4|2|0|0" referenceFrame="0>4|2|0|0" isActiveDirty="true" scaleZ="true" maxUpdateDistance="300">
           </movingPart>
		    <movingPart node="0>4|2|1" referencePoint="2>6" referenceFrame="2>6" isActiveDirty="true" maxUpdateDistance="300">
           </movingPart>
			<movingPart node="2>6" referencePoint="0>4|2|1" referenceFrame="0>4|2|1" isActiveDirty="true" maxUpdateDistance="300">
           </movingPart>
			<movingPart node="2>6|0|0" referencePoint="0>4|2|1|0" referenceFrame="0>4|2|1|0" isActiveDirty="true" scaleZ="true" maxUpdateDistance="300">
           </movingPart>
		    <movingPart node="0>4|2|2" referencePoint="3>7" referenceFrame="3>7" isActiveDirty="true" maxUpdateDistance="300">
           </movingPart>
			<movingPart node="3>7" referencePoint="0>4|2|2" referenceFrame="0>4|2|2" isActiveDirty="true" maxUpdateDistance="300">
           </movingPart>
			<movingPart node="3>7|0|0" referencePoint="0>4|2|2|0" referenceFrame="0>4|2|2|0" isActiveDirty="true" scaleZ="true" maxUpdateDistance="300">
           </movingPart>
		    <movingPart node="0>4|2|3" referencePoint="4>7" referenceFrame="4>7" isActiveDirty="true" maxUpdateDistance="300">
           </movingPart>
			<movingPart node="4>7" referencePoint="0>4|2|3" referenceFrame="0>4|2|3" isActiveDirty="true" maxUpdateDistance="300">
           </movingPart>
			<movingPart node="4>7|0|0" referencePoint="0>4|2|3|0" referenceFrame="0>4|2|3|0" isActiveDirty="true" scaleZ="true" maxUpdateDistance="300">
           </movingPart>
		    <movingPart node="0>4|2|4" referencePoint="5>6" referenceFrame="5>6" isActiveDirty="true" maxUpdateDistance="300">
           </movingPart>
			<movingPart node="5>6" referencePoint="0>4|2|4" referenceFrame="0>4|2|4" isActiveDirty="true" maxUpdateDistance="300">
           </movingPart>
			<movingPart node="5>6|0|0" referencePoint="0>4|2|4|0" referenceFrame="0>4|2|4|0" isActiveDirty="true" scaleZ="true" maxUpdateDistance="300">
           </movingPart>

		</movingParts>
		
    </cylindered>

        <fillUnit>
            <fillUnitConfigurations>
                <fillUnitConfiguration>
                    <fillUnits>
                        <unloading width="11.5" offset="0 0 0" />
                        <fillUnit unitTextOverride="$l10n_unit_literShort" fillTypes="seeds" capacity="200">
                            <exactFillRootNode node="0>5|0" extraEffectDistance="0.3"/>
                        </fillUnit>
                        <fillUnit unitTextOverride="$l10n_unit_literShort" fillTypes="fertilizer" capacity="400">
                            <exactFillRootNode node="0>5|3" extraEffectDistance="0.4"/>
                        </fillUnit>
                    </fillUnits>
                </fillUnitConfiguration>
            </fillUnitConfigurations>
        </fillUnit>

	<fillVolume>
        <fillVolumeConfigurations>
            <fillVolumeConfiguration>
                <volumes>
                    <volume node="0>5|1|0" maxDelta="0.05" maxAllowedHeapAngle="5" fillUnitIndex="1"/>
                    <volume node="0>5|2|0" maxDelta="0.05" maxAllowedHeapAngle="7" fillUnitIndex="2"/>
                </volumes>
            </fillVolumeConfiguration>
        </fillVolumeConfigurations>
    </fillVolume>
	

    <cultivator>
        <sounds>
            <work template="DEFAULT_CULTIVATOR_WORK" linkNode="0>" />
        </sounds>
        <directionNode node="0>" />
        <onlyActiveWhenLowered value="true"/>
    </cultivator>

    <sowingMachine fillUnitIndex="1">
        <seedFruitTypeCategories>sowingMachine</seedFruitTypeCategories>
        <useDirectPlanting value="true"/>
        <needsActivation value="false"/>
        <sounds>
            <work template="DEFAULT_SOWING_WORK" linkNode="0>" />
        </sounds>
    </sowingMachine>

    <cover>
        <coverConfigurations>
            <coverConfiguration>
                <cover openAnimation="openCover" openOnBuy="false" fillUnitIndices="1 2"/>
            </coverConfiguration>
        </coverConfigurations>
    </cover>

    <ai>
        <needsLowering value="true"/>
        <areaMarkers leftNode="0>6|1|0" rightNode="0>6|1|1" backNode="0>6|1|2"/>
        <collisionTrigger node="0>6|2" width="3.8" height="1.7"/>
        <allowTurnBackward value="false"/>
        <turningRadiusLimitation wheelIndices="1 2"/>
        <toolReverserDirectionNode node="0>6|1|3"/>
        <agentAttachment jointNode="0>1|0" rotCenterWheelIndices="1 2" width="3.2" height="1.5" length="3" lengthOffset="0.5"/>
    </ai>

    <foliageBending>
        <bendingNode minX="-1.8" maxX="1.8" minZ="-0.98" maxZ="0.63" yOffset="0.23" />
    </foliageBending>


    <wearable wearDuration="480" workMultiplier="5" fieldMultiplier="2"/>
    <washable dirtDuration="90" washDuration="1" workMultiplier="6" fieldMultiplier="2"/>

</vehicle>
