﻿<?xml version="1.0" encoding="utf-8" standalone="no" ?>
<modDesc descVersion="72">
    <author>FBR Modding/Ede/KAYAMODS</author>
    <version>1.0.0.0</version>
    <title>
        <en>Turkish Seeder</en>
        <tr>Türk Mibzeri</tr>
    </title>

	    <description>
<br><![CDATA[-Lizard 17C 
Semeadeira de arrasto dos anos 80 destinada para o plantio de grãos miúdos.

- Largura de trabalho:3.8m
- Preço: 13.000 €
- Potência necessária:60 HP
- Velocidade de trabalho: 12km / h]]>
</br>
<en><![CDATA[-Lizard 17C
Trailed seeder from the 1980's, intended for planting small grains.

- Working width: 3.8 meter
- Price: 13000$
- Power required: 60 HP
- Working speed: 12km/h]]>
</en>
<de><![CDATA[-Lizard 17C
Gezogene Sämaschine aus den 1980er Jahren, bestimmt für die Aussaat von kleinen Körnern.

- Arbeitsbreite: 3.8 Meter
- Preis: 13000€
- Benötigte Leistung: 60 PS
- Arbeitsgeschwindigkeit: 12km/h]]>
</de>
<fr><![CDATA[-Lizard 17C 
Semoir sur remorque des années 1980 destiné au semis de petites céréales.

- Largeur de travail : 3,8 m
- Prix : 13 000 €
- Puissance requise : 60 CV
- Vitesse de travail : 12km/h]]>
</fr>
    </description>
	
    <iconFilename>icon_lizard17C.dds</iconFilename>
    <multiplayer supported="true" />
    <storeItems>
		<storeItem xmlFilename="lizard17C.xml"/>
    </storeItems>
</modDesc>
