<?xml version="1.0" encoding="utf-8" standalone="no" ?>
<wheel xmlns:xsi="http://www.w3.org/2001/XMLSchema-instance" xsi:noNamespaceSchemaLocation="../../../../../../shared/xml/schema/wheel.xsd">
    <brand>TRELLEBORG</brand>
    <name>TM600</name>
    <default>
        <physics radius="0.712" width="0.42" mass="0.5" tireType="mud" frictionScale="1.64" maxLongStiffness="21" maxLatStiffness="320" maxLatStiffnessLoad="15" />
        <tire filename="$data/shared/wheels/tires/trelleborg/TM600/R28_TM600.i3d" nodeLeft="4|0" nodeRight="4|0" maxDeformation="0.071" sideDeformOffset="0.947" isCareWheel="false" tireTrackAtlasIndex="0" />
		<outerRim filename="$data/shared/wheels/rims/rim001.i3d" node="0|0" widthAndDiam="15 28" />
        <innerRim filename="wheels/28jant.i3d" nodeLeft="0|0" nodeRight="0|1" scale="1 1.9 1.9" offset="-0.075" />
    </default>
</wheel>
