<?xml version="1.0" encoding="utf-8" standalone="no" ?>
<wheel xmlns:xsi="http://www.w3.org/2001/XMLSchema-instance" xsi:noNamespaceSchemaLocation="../../../../../../shared/xml/schema/wheel.xsd">
    <brand>TRELLEBORG</brand>
    <name>TM800</name>
    <default>
        <physics radius="0.872" width="0.6" mass="5.8" tireType="mud" frictionScale="1.64" maxLongStiffness="21" maxLatStiffness="300" maxLatStiffnessLoad="15" />
        <tire filename="$data/shared/wheels/tires/trelleborg/TM800/R38_TM800.i3d" nodeLeft="2|0" nodeRight="2|0" maxDeformation="0.078" sideDeformOffset="0.956" isCareWheel="false" tireTrackAtlasIndex="0" />
		<outerRim filename="$data/shared/wheels/rims/rim001.i3d" node="1|0" widthAndDiam="18 38" />
        <innerRim filename="wheels/38jant.i3d" nodeLeft="0|0" nodeRight="0|1" scale="1 0.99 0.99" offset="0.05" />
    </default>
    <configurations>
        <configuration id="weight3" >
            <additional filename="wheels/weight.i3d" nodeLeft="0|0" nodeRight="0|1" offset="-0.05" scale="1 1 1" mass="5.9" />
        </configuration>
    </configurations>
</wheel>
