<?xml version='1.0' encoding='utf-8' standalone='no'?>
<wheel xmlns:xsi="http://www.w3.org/2001/XMLSchema-instance" xsi:noNamespaceSchemaLocation="../../../../../../shared/xml/schema/wheel.xsd">
    <brand>BKT</brand>
    <name>TF 8181</name>
    <default>
        <physics radius="0.381" width="0.180" mass="0.0427" tireType="mud" frictionScale="1.60" maxLongStiffness="8" maxLatStiffness="100" maxLatStiffnessLoad="2"/>
        <tire filename="$data/shared/wheels/tires/bkt/TF8181/R16_tf8181.i3d" nodeLeft="5|0" nodeRight="5|0" maxDeformation="0.032" sideDeformOffset="0.955" isCareWheel="false" tireTrackAtlasIndex="1"/>
        <innerRim filename="Roda/I3d.i3d" nodeLeft="0|0" nodeRight="0|1" widthAndDiam="45 44" />
    </default>
</wheel>
