<?xml version="1.0" encoding="utf-8" standalone="no" ?>

<!-- Lightbar 600         -->

<vehicle>
        <defaultLights>
            <defaultLight shaderNode="staticBrakeL.002" lightTypes="0" intensity="5"/>
            <defaultLight shaderNode="staticBrakeR.002" lightTypes="0" intensity="5"/>
        </defaultLights>

        <turnLights>
            <turnLightLeft shaderNode="staticIndL.002"/>
            <turnLightRight shaderNode="staticIndR.002"/>
        </turnLights>

        <brakeLights>
            <brakeLight shaderNode="staticBrakeL.002"/>
            <brakeLight shaderNode="staticBrakeR.002"/>
        </brakeLights>

        <beaconLights>
            <beaconLight node="staticStrobeL.002" intensity="50" multiBlink="true">
                <realLight node="realLightsL_600"/>
                <device mode="DOUBLE_BLINK_TRIPLE_WAIT" rpm="100" numLEDScale="1" brightnessScale="1"/>
            </beaconLight>

            <beaconLight node="staticStrobeR.002" intensity="50" multiBlink="true">
                <realLight node="realLightsR_600"/>
                <device mode="DOUBLE_BLINK_TRIPLE_WAIT" rpm="100" numLEDScale="1" brightnessScale="1"/>
            </beaconLight>                                                                            
        </beaconLights>


    <i3dMappings>
        <i3dMapping id="realLightsL_600" node="0>0|1|0" />
        <i3dMapping id="realLightsR_600" node="0>0|1|1" />
        <i3dMapping id="staticBrakeL.002" node="0>0|2|0" />
        <i3dMapping id="staticBrakeR.002" node="0>0|2|1" />
        <i3dMapping id="staticIndL.002" node="0>0|2|2" />
        <i3dMapping id="staticIndR.002" node="0>0|2|3" />
        <i3dMapping id="staticStrobeL.002" node="0>0|2|4" />
        <i3dMapping id="staticStrobeR.002" node="0>0|2|5" />
    </i3dMappings>
</vehicle>

