﻿<?xml version="1.0" encoding="utf-8" standalone="no" ?>
<vehicle type="tractor">
    <annotation>Copyright (C) GameMasTer, All Rights Reserved.</annotation>
    <storeData>
        <name>
            <en>8100 Series</en></name>
        <specs>
            <power>95</power>
            <maxSpeed>45</maxSpeed>
        </specs>
        <functions>
            <function>$l10n_function_tractor</function>
            <function>$l10n_function_tractorFrontloader</function>
        </functions>
        <image>store_8110.png</image>
        <price>80000</price>
        <lifetime>600</lifetime>
        <rotation>0</rotation>
        <brand>Tumosan</brand>
        <category>tractorsS</category>
        <shopTranslationOffset>0 -0.13 0</shopTranslationOffset>
        <shopRotationOffset>-1 0 0</shopRotationOffset>
        <vertexBufferMemoryUsage>3271072</vertexBufferMemoryUsage>
        <indexBufferMemoryUsage>594468</indexBufferMemoryUsage>
        <textureMemoryUsage>20275048</textureMemoryUsage>
        <instanceVertexBufferMemoryUsage>0</instanceVertexBufferMemoryUsage>
        <instanceIndexBufferMemoryUsage>0</instanceIndexBufferMemoryUsage>
    </storeData>
    <base>
        <typeDesc>$l10n_typeDesc_tractor</typeDesc>
        <filename>Tumosan8105.i3d</filename>
        <sounds filename="$data/vehicles/steyr/series8150/sounds/series8150.xml"/>
		<size width="2.5" length="5" lengthOffset="-0.5"/>
		<components>
            <component centerOfMass="0 0.9 -0.12" solverIterationCount="10" mass="3000"/>
            <component centerOfMass="0 0 0" solverIterationCount="20" mass="1000"/>
            <joint component1="1" component2="2" node="frontAxisComponentJoint" rotLimit="0 0 10" rotLimitSpring="0 0 4000" rotLimitDamping="0 0 0" maxRotDriveForce="0 0 0" rotDriveRotation="0 0 0" rotDriveSpring="0 0 0" rotDriveDamping="0 0 0" breakable="false"/>
        </components>
        <schemaOverlay attacherJointPosition="0 0">
            <default name="DEFAULT_VEHICLE"/>
            <turnedOn name="DEFAULT_VEHICLE_ON"/>
            <selected name="DEFAULT_VEHICLE_SELECTED"/>
            <turnedOnSelected name="DEFAULT_VEHICLE_SELECTED_ON"/>
        </schemaOverlay>
    </base>
	<configurationSets>
        <configurationSet name="$l10n_configuration_valueDefault" params="0">
            <configuration name="design" index="1" />
        </configurationSet>
        <configurationSet name="$l10n_configuration_frontWeightX" params="50">
            <configuration name="design" index="2" />
            <configuration name="frontloader" index="1" />
        </configurationSet>
        <configurationSet name="$l10n_configuration_frontWeightX" params="100">
            <configuration name="design" index="3" />
            <configuration name="frontloader" index="1" />
        </configurationSet>
        <configurationSet name="$l10n_configuration_frontWeightX" params="150">
            <configuration name="design" index="4" />
            <configuration name="frontloader" index="1" />
        </configurationSet>
        <configurationSet name="$l10n_configuration_frontWeightX" params="200">
            <configuration name="design" index="5" />
            <configuration name="frontloader" index="1" />
        </configurationSet>
		<configurationSet name="$l10n_configuration_frontWeightX" params="250">
            <configuration name="design" index="6" />
            <configuration name="frontloader" index="1" />
        </configurationSet>
    </configurationSets>
	
	<designConfigurations>
        <designConfiguration name="0">
            <objectChange node="0>12|1" visibilityActive="false" />
        </designConfiguration>
        <designConfiguration name="50" price="200">
            <objectChange node="0>" massActive="3290" />
            <objectChange node="0>" centerOfMassActive="0 0.9 0" />
            <objectChange node="0>13|3|0" visibilityActive="true" />
            <objectChange node="0>13|3|0|0" visibilityActive="false" />
            <objectChange node="0>5|1|2" translationActive="0 0.715 1.627" />
        </designConfiguration>
        <designConfiguration name="100" price="400">
            <objectChange node="0>" massActive="3330" />
            <objectChange node="0>" centerOfMassActive="0 0.9 0.05" />
            <objectChange node="0>13|3|0" visibilityActive="true" />
            <objectChange node="0>13|3|0|0" visibilityActive="true" />
            <objectChange node="0>13|3|0|0|0" visibilityActive="false" />
            <objectChange node="0>5|1|2" translationActive="0 0.715 1.627" />
        </designConfiguration>
        <designConfiguration name="150" price="600">
            <objectChange node="0>" massActive="3370" />
            <objectChange node="0>" centerOfMassActive="0 0.9 0.1" />
            <objectChange node="0>13|3|0" visibilityActive="true" />
            <objectChange node="0>13|3|0|0" visibilityActive="true" />
            <objectChange node="0>13|3|0|0|0" visibilityActive="true" />
            <objectChange node="0>13|3|0|0|0|0" visibilityActive="false" />
            <objectChange node="0>5|1|2" translationActive="0 0.715 1.627" />
        </designConfiguration>
        <designConfiguration name="200" price="800">
            <objectChange node="0>" massActive="3510" />
            <objectChange node="0>" centerOfMassActive="0 0.9 0.15" />
            <objectChange node="0>13|3|0" visibilityActive="true" />
            <objectChange node="0>13|3|0|0" visibilityActive="true" />
            <objectChange node="0>13|3|0|0|0" visibilityActive="true" />
            <objectChange node="0>13|3|0|0|0|0" visibilityActive="true" />
			<objectChange node="0>13|3|0|0|0|0|0" visibilityActive="false" />
            <objectChange node="0>5|1|2" translationActive="0 0.715 1.627" />
        </designConfiguration>
		<designConfiguration name="500" price="1000">
            <objectChange node="0>" massActive="4550" />
            <objectChange node="0>" centerOfMassActive="0 0.9 0.2" />
            <objectChange node="0>13|3|0" visibilityActive="true" />
            <objectChange node="0>13|3|0|0" visibilityActive="true" />
            <objectChange node="0>13|3|0|0|0" visibilityActive="true" />
            <objectChange node="0>13|3|0|0|0|0" visibilityActive="true" />
			<objectChange node="0>13|3|0|0|0|0|0" visibilityActive="true" />
            <objectChange node="0>5|1|2" translationActive="0 0.715 1.627" />
        </designConfiguration>
    </designConfigurations>
	
    <wheels>
        <wheelConfigurations>
			<wheelConfiguration name="ince michelin" price="500" brand="R38">
                <wheels autoRotateBackSpeed="2.2">
                    <wheel filename="wheels/MICHELIN/280_85R28.xml" isLeft="true" hasTireTracks="true" hasParticles="true">
                        <physics rotSpeed="1" restLoad="1.4" repr="1>0|0|0" driveNode="1>0|0|0|0|0" forcePointRatio="0.5" radius="0.600" initialCompression="25" suspTravel="0.13" spring="75" damper="30"/>
                        <steering node="1>1|0" nodeMinTransX="0.1" nodeMaxTransX="-0.1" />
                        <fender node="1>0|0|0|2" rotMax="20"/>
                    </wheel>
                    <wheel filename="wheels/MICHELIN/280_85R28.xml" isLeft="false" hasTireTracks="true" hasParticles="true">
                        <physics rotSpeed="1" restLoad="1.4" repr="1>0|1|0" driveNode="1>0|1|0|0|0" forcePointRatio="0.5" radius="0.600" initialCompression="25" suspTravel="0.13" spring="75" damper="30"/>
                        <fender node="1>0|1|0|2" rotMin="-20"/>
                    </wheel>
                    <wheel filename="wheels/MICHELIN/380_80R38.xml" isLeft="true" hasTireTracks="true" hasParticles="true">
                        <physics rotSpeed="0" restLoad="0.8" repr="0>0|1" forcePointRatio="0.5" initialCompression="25" suspTravel="0.2" spring="75" damper="30"/>
                    </wheel>
                    <wheel filename="wheels/MICHELIN/380_80R38.xml" isLeft="false" hasTireTracks="true" hasParticles="true">
                        <physics rotSpeed="0" restLoad="0.8" repr="0>0|0" forcePointRatio="0.5" initialCompression="25" suspTravel="0.2" spring="75" damper="30"/>
                    </wheel>
                    <foliageBendingModifier index="1" minX="-1" maxX="1"/>
                    <foliageBendingModifier index="2" minX="-1.07" maxX="1.07"/>
                </wheels>
            </wheelConfiguration>
			
			<wheelConfiguration name="ince vredestein" price="500" brand="R38">
                <wheels autoRotateBackSpeed="2.2">
                    <wheel filename="wheels/vredestein/280_85R28.xml" isLeft="true" hasTireTracks="true" hasParticles="true">
                        <physics rotSpeed="1" restLoad="1.4" repr="1>0|0|0" driveNode="1>0|0|0|0|0" forcePointRatio="0.5" radius="0.600" initialCompression="25" suspTravel="0.13" spring="75" damper="30"/>
                        <steering node="1>1|0" nodeMinTransX="0.1" nodeMaxTransX="-0.1" />
                        <fender node="1>0|0|0|2" rotMax="20"/>
                    </wheel>
                    <wheel filename="wheels/vredestein/280_85R28.xml" isLeft="false" hasTireTracks="true" hasParticles="true">
                        <physics rotSpeed="1" restLoad="1.4" repr="1>0|1|0" driveNode="1>0|1|0|0|0" forcePointRatio="0.5" radius="0.600" initialCompression="25" suspTravel="0.13" spring="75" damper="30"/>
                        <fender node="1>0|1|0|2" rotMin="-20"/>
                    </wheel>
                    <wheel filename="wheels/vredestein/380_80R38.xml" isLeft="true" hasTireTracks="true" hasParticles="true">
                        <physics rotSpeed="0" restLoad="0.8" repr="0>0|1" forcePointRatio="0.5" initialCompression="25" suspTravel="0.2" spring="75" damper="30"/>
                    </wheel>
                    <wheel filename="wheels/vredestein/380_80R38.xml" isLeft="false" hasTireTracks="true" hasParticles="true">
                        <physics rotSpeed="0" restLoad="0.8" repr="0>0|0" forcePointRatio="0.5" initialCompression="25" suspTravel="0.2" spring="75" damper="30"/>
                    </wheel>
                    <foliageBendingModifier index="1" minX="-1" maxX="1"/>
                    <foliageBendingModifier index="2" minX="-1.07" maxX="1.07"/>
                </wheels>
            </wheelConfiguration>
			
			<wheelConfiguration name="ince Petlas" price="500" brand="R38">
                <wheels autoRotateBackSpeed="2.2">
                    <wheel filename="wheels/petlas/320_85R28.xml" isLeft="true" hasTireTracks="true" hasParticles="true">
                        <physics rotSpeed="1" restLoad="1.4" repr="1>0|0|0" driveNode="1>0|0|0|0|0" forcePointRatio="0.5" radius="0.600" initialCompression="25" suspTravel="0.13" spring="75" damper="30"/>
                        <steering node="1>1|0" nodeMinTransX="0.1" nodeMaxTransX="-0.1" />
                        <fender node="1>0|0|0|2" rotMax="20"/>
                    </wheel>
                    <wheel filename="wheels/petlas/320_85R28.xml" isLeft="false" hasTireTracks="true" hasParticles="true">
                        <physics rotSpeed="1" restLoad="1.4" repr="1>0|1|0" driveNode="1>0|1|0|0|0" forcePointRatio="0.5" radius="0.600" initialCompression="25" suspTravel="0.13" spring="75" damper="30"/>
                        <fender node="1>0|1|0|2" rotMin="-20"/>
                    </wheel>
                    <wheel filename="wheels/petlas/380_85R38.xml" isLeft="true" hasTireTracks="true" hasParticles="true">
                        <physics rotSpeed="0" restLoad="0.8" repr="0>0|1" forcePointRatio="0.5" initialCompression="25" suspTravel="0.2" spring="75" damper="30"/>
                    </wheel>
                    <wheel filename="wheels/petlas/380_85R38.xml" isLeft="false" hasTireTracks="true" hasParticles="true">
                        <physics rotSpeed="0" restLoad="0.8" repr="0>0|0" forcePointRatio="0.5" initialCompression="25" suspTravel="0.2" spring="75" damper="30"/>
                    </wheel>
                    <foliageBendingModifier index="1" minX="-1" maxX="1"/>
                    <foliageBendingModifier index="2" minX="-1.07" maxX="1.07"/>
                </wheels>
            </wheelConfiguration>
			
			<wheelConfiguration name="ince trelleborg" price="500" brand="R38">
                <wheels autoRotateBackSpeed="2.2">
                    <wheel filename="wheels/340_85R24.xml" isLeft="true" hasTireTracks="true" hasParticles="true">
                        <physics rotSpeed="1" restLoad="1.4" repr="1>0|0|0" driveNode="1>0|0|0|0|0" forcePointRatio="0.5" radius="0.600" initialCompression="25" suspTravel="0.13" spring="75" damper="30"/>
                        <steering node="1>1|0" nodeMinTransX="0.1" nodeMaxTransX="-0.1" />
                        <fender node="1>0|0|0|2" rotMax="20"/>
                    </wheel>
                    <wheel filename="wheels/340_85R24.xml" isLeft="false" hasTireTracks="true" hasParticles="true">
                        <physics rotSpeed="1" restLoad="1.4" repr="1>0|1|0" driveNode="1>0|1|0|0|0" forcePointRatio="0.5" radius="0.600" initialCompression="25" suspTravel="0.13" spring="75" damper="30"/>
                        <fender node="1>0|1|0|2" rotMin="-20"/>
                    </wheel>
                    <wheel filename="wheels/380_85R38.xml" isLeft="true" hasTireTracks="true" hasParticles="true">
                        <physics rotSpeed="0" restLoad="0.8" repr="0>0|1" forcePointRatio="0.5" initialCompression="25" suspTravel="0.2" spring="75" damper="30"/>
                    </wheel>
                    <wheel filename="wheels/380_85R38.xml" isLeft="false" hasTireTracks="true" hasParticles="true">
                        <physics rotSpeed="0" restLoad="0.8" repr="0>0|0" forcePointRatio="0.5" initialCompression="25" suspTravel="0.2" spring="75" damper="30"/>
                    </wheel>
                    <foliageBendingModifier index="1" minX="-1" maxX="1"/>
                    <foliageBendingModifier index="2" minX="-1.07" maxX="1.07"/>
                </wheels>
            </wheelConfiguration>
			
			<wheelConfiguration name="Small" price="500" brand="R34">
                <wheels autoRotateBackSpeed="2.2">
                    <wheel filename="wheels/380_85R24.xml" isLeft="true" hasTireTracks="true" hasParticles="true">
                        <physics rotSpeed="1" restLoad="1.4" repr="1>0|0|0" driveNode="1>0|0|0|0|0" forcePointRatio="0.5" radius="0.600" initialCompression="25" suspTravel="0.13" spring="75" damper="30"/>
                        <steering node="1>1|0" nodeMinTransX="0.1" nodeMaxTransX="-0.1" />
                        <fender node="1>0|0|0|2" rotMax="20"/>
                    </wheel>
                    <wheel filename="wheels/380_85R24.xml" isLeft="false" hasTireTracks="true" hasParticles="true">
                        <physics rotSpeed="1" restLoad="1.4" repr="1>0|1|0" driveNode="1>0|1|0|0|0" forcePointRatio="0.5" radius="0.600" initialCompression="25" suspTravel="0.13" spring="75" damper="30"/>
                        <fender node="1>0|1|0|2" rotMin="-20"/>
                    </wheel>
                    <wheel filename="wheels/460_85R34.xml" isLeft="true" hasTireTracks="true" hasParticles="true">
                        <physics rotSpeed="0" restLoad="0.8" repr="0>0|1" forcePointRatio="0.5" initialCompression="25" suspTravel="0.2" spring="75" damper="30"/>
                    </wheel>
                    <wheel filename="wheels/460_85R34.xml" isLeft="false" hasTireTracks="true" hasParticles="true">
                        <physics rotSpeed="0" restLoad="0.8" repr="0>0|0" forcePointRatio="0.5" initialCompression="25" suspTravel="0.2" spring="75" damper="30"/>
                    </wheel>
                    <foliageBendingModifier index="1" minX="-1" maxX="1"/>
                    <foliageBendingModifier index="2" minX="-1.07" maxX="1.07"/>
                </wheels>
            </wheelConfiguration>
			
			<wheelConfiguration name="Small" price="500" brand="R34">
                <wheels autoRotateBackSpeed="2.2">
                    <wheel filename="wheels/continental/340_85R24.xml" isLeft="true" hasTireTracks="true" hasParticles="true">
                        <physics rotSpeed="1" restLoad="1.4" repr="1>0|0|0" driveNode="1>0|0|0|0|0" forcePointRatio="0.5" radius="0.600" initialCompression="25" suspTravel="0.13" spring="75" damper="30"/>
                        <steering node="1>1|0" nodeMinTransX="0.1" nodeMaxTransX="-0.1" />
                        <fender node="1>0|0|0|2" rotMax="20"/>
                    </wheel>
                    <wheel filename="wheels/continental/340_85R24.xml" isLeft="false" hasTireTracks="true" hasParticles="true">
                        <physics rotSpeed="1" restLoad="1.4" repr="1>0|1|0" driveNode="1>0|1|0|0|0" forcePointRatio="0.5" radius="0.600" initialCompression="25" suspTravel="0.13" spring="75" damper="30"/>
                        <fender node="1>0|1|0|2" rotMin="-20"/>
                    </wheel>
                    <wheel filename="wheels/continental/420_85R34.xml" isLeft="true" hasTireTracks="true" hasParticles="true">
                        <physics rotSpeed="0" restLoad="0.8" repr="0>0|1" forcePointRatio="0.5" initialCompression="25" suspTravel="0.2" spring="75" damper="30"/>
                    </wheel>
                    <wheel filename="wheels/continental/420_85R34.xml" isLeft="false" hasTireTracks="true" hasParticles="true">
                        <physics rotSpeed="0" restLoad="0.8" repr="0>0|0" forcePointRatio="0.5" initialCompression="25" suspTravel="0.2" spring="75" damper="30"/>
                    </wheel>
                    <foliageBendingModifier index="1" minX="-1" maxX="1"/>
                    <foliageBendingModifier index="2" minX="-1.07" maxX="1.07"/>
                </wheels>
            </wheelConfiguration>
			
			<wheelConfiguration name="gucuk" price="500" brand="R34">
                <wheels autoRotateBackSpeed="2.2">
                    <wheel filename="wheels/vredestein/280_85R24.xml" isLeft="true" hasTireTracks="true" hasParticles="true">
                        <physics rotSpeed="1" restLoad="1.4" repr="1>0|0|0" driveNode="1>0|0|0|0|0" forcePointRatio="0.5" radius="0.53" initialCompression="25" suspTravel="0.13" spring="75" damper="30"/>
                        <steering node="1>1|0" nodeMinTransX="0.1" nodeMaxTransX="-0.1" />
                        <fender node="1>0|0|0|2" rotMax="20"/>
                    </wheel>
                    <wheel filename="wheels/vredestein/280_85R24.xml" isLeft="false" hasTireTracks="true" hasParticles="true">
                        <physics rotSpeed="1" restLoad="1.4" repr="1>0|1|0" driveNode="1>0|1|0|0|0" forcePointRatio="0.5" radius="0.53" initialCompression="25" suspTravel="0.13" spring="75" damper="30"/>
                        <fender node="1>0|1|0|2" rotMin="-20"/>
                    </wheel>
                    <wheel filename="wheels/vredestein/420_85R30.xml" isLeft="true" hasTireTracks="true" hasParticles="true">
                        <physics rotSpeed="0" restLoad="0.8" repr="0>0|1" forcePointRatio="0.5" initialCompression="25" suspTravel="0.2" spring="75" damper="30"/>
                    </wheel>
                    <wheel filename="wheels/vredestein/420_85R30.xml" isLeft="false" hasTireTracks="true" hasParticles="true">
                        <physics rotSpeed="0" restLoad="0.8" repr="0>0|0" forcePointRatio="0.5" initialCompression="25" suspTravel="0.2" spring="75" damper="30"/>
                    </wheel>
                    <foliageBendingModifier index="1" minX="-1" maxX="1"/>
                    <foliageBendingModifier index="2" minX="-1.07" maxX="1.07"/>
                </wheels>
            </wheelConfiguration>
						
        </wheelConfigurations>
        <ackermannSteeringConfigurations>
            <ackermannSteering rotSpeed="40" rotMax="41" rotCenterWheel1="3" rotCenterWheel2="4"/>
        </ackermannSteeringConfigurations>
    </wheels>
    <speedRotatingParts>
        <speedRotatingPart node="driveShaft" wheelIndex="1" wheelScale="3"/>
    </speedRotatingParts>
    <lights>
        
        <states>
            <state lightTypes="0"/>
            <state lightTypes="0 1"/>
            <state lightTypes="0 1 2"/>
			<state lightTypes="0 1 2 3"/>
        </states>
        <realLights>
            <low>
                <light node="frontLightLow" lightTypes="0" excludedLightTypes="2 3"/>
                <light node="workLightBackLow" lightTypes="1"/>
                <light node="workLightFrontLow" lightTypes="2"/>
                <light node="highBeamLow" lightTypes="3"/>
            </low>
            <high>
                <light node="frontLightHigh" lightTypes="0" excludedLightTypes="2 3"/>
                <light node="workLightBackHigh" lightTypes="1"/>
                <light node="workLightFrontHigh" lightTypes="2"/>
                <light node="highBeamHigh" lightTypes="3"/>
                <light node="backLightsHigh" lightTypes="0"/>
                <brakeLight node="backLightsHigh"/>
                <turnLightLeft node="turnLightLeftFront"/>
                <turnLightRight node="turnLightRightFront"/>
                <interiorLight node="interiorScreenLight"/>
            </high>
        </realLights>
        <defaultLights>
            <defaultLight shaderNode="0>3|0|8|2|7|0|1" lightTypes="1"/>
			<defaultLight shaderNode="0>3|0|8|2|7|1|1" lightTypes="1"/>
			<defaultLight shaderNode="0>3|0|8|4|1" lightTypes="3"/>
			<defaultLight shaderNode="0>3|0|8|3|0" lightTypes="2"/>
			<defaultLight shaderNode="0>3|0|8|2|2|1|1" lightTypes="1"/>
			<defaultLight shaderNode="0>3|0|8|2|2|0|1" lightTypes="1"/>
			<defaultLight shaderNode="0>12|0|0|2|0|0" lightTypes="0"/>
			<defaultLight shaderNode="0>12|0|0|2|1|0" lightTypes="0"/>
			<defaultLight shaderNode="0>12|0|0|2|2|0" lightTypes="2"/>
			<defaultLight shaderNode="0>12|0|0|2|3|0" lightTypes="2"/>
			
       	    <defaultLight shaderNode="0>17|0|2" lightTypes="0"/>
			<defaultLight shaderNode="0>17|0|3" lightTypes="2"/>
			
       	    <defaultLight shaderNode="0>3|0|12|0|0" lightTypes="2"/>
			<defaultLight shaderNode="0>3|0|13|0|0" lightTypes="2"/>
       	    <defaultLight shaderNode="0>3|0|14|0|0" lightTypes="2"/>
			<defaultLight shaderNode="0>3|0|15|0|0" lightTypes="2"/>
	   </defaultLights>
		
		<turnLights>
            <turnLightLeft shaderNode="0>3|0|8|2|2|0|0" />
            <turnLightLeft shaderNode="0>3|0|8|2|7|1|0" />
			<turnLightRight shaderNode="0>3|0|8|2|2|1|0" />
			<turnLightRight shaderNode="0>3|0|8|2|7|0|0" />
       		<turnLightLeft shaderNode="0>12|0|0|2|4|0" />
			<turnLightLeft shaderNode="0>16|5|0|2|6|0" />
            <turnLightRight shaderNode="0>12|0|0|2|5|0" />
			<turnLightRight shaderNode="0>16|5|0|2|7|0" />
	   </turnLights>
		
		<brakeLights>
            <brakeLight shaderNode="backlightStatic" />
            <brakeLight shaderNode="backlightStatic1" />
            <brakeLight shaderNode="backlightStatic2" />
            <brakeLight shaderNode="backlightStatic3" />
			<brakeLight shaderNode="0>3|0|8|2|2|1|1" />
            <brakeLight shaderNode="0>3|0|8|2|2|0|1" />
        </brakeLights>
		
        <beaconLights>
            <beaconLight node="0>3|0|2|1|0" filename="$data/shared/assets/beaconLights/lizard/beaconLight07.xml"/>
            <beaconLight node="0>3|0|2|1|1" filename="$data/shared/assets/beaconLights/lizard/beaconLight07.xml"/>
		</beaconLights>
        
		<sounds>
            <switchLight template="SWITCH_01" linkNode="trac1104_main_component1"/>
            <turnLight template="SWITCH_TURNLIGHT" linkNode="trac1104_main_component1"/>
        </sounds>
        
		<dashboards>
            <dashboard displayType="EMITTER" valueType="lightState" node="cabinDecalLight" intensity="0.03" lightTypes="0" groups="MOTOR_ACTIVE"/>
            <dashboard displayType="EMITTER" valueType="lightState" node="decalStickerLight" lightTypes="0" baseColor="GREY" emitColor="GREY" groups="MOTOR_ACTIVE"/>
            <dashboard displayType="EMITTER" valueType="lightState" node="0>3|0|9|0|3" lightTypes="1 2" baseColor="GREY" emitColor="GREY" groups="MOTOR_ACTIVE"/>
            <dashboard displayType="EMITTER" valueType="turnLightHazard" node="decalStickerHazardlight" baseColor="GREY" emitColor="RED" intensity="4" groups="MOTOR_ACTIVE"/>

			<dashboard displayType="emitter" valueType="turnLightLeft"  node="0>3|0|8|8|0|21"      baseColor="BLACK" emitColor="GREEN" groups="MOTOR_ACTIVE"/>
            <dashboard displayType="emitter" valueType="turnLightRight" node="0>3|0|8|8|0|15"     baseColor="BLACK" emitColor="GREEN" groups="MOTOR_ACTIVE"/>
			<dashboard displayType="emitter" valueType="turnLightHazard" node="0>3|0|10|15"              baseColor="BLACK" emitColor="RED" intensity="4" groups="MOTOR_ACTIVE"/>
			
			<dashboard displayType="EMITTER" valueType="lightState" node="0>3|0|10|8"         baseColor="BLACK" emitColor="GREEN" intensity="2" lightTypes="0" excludedLightTypes="3" groups="MOTOR_ACTIVE"/>

			<dashboard displayType="EMITTER" valueType="lightState" node="0>3|0|9|0|2"       baseColor="BLACK" emitColor="GREEN"    intensity="2" lightTypes="2" excludedLightTypes="0" groups="MOTOR_ACTIVE"/>
			<dashboard displayType="EMITTER" valueType="lightState" node="0>3|0|9|0|3"  baseColor="BLACK" emitColor="RED"    intensity="2" lightTypes="1"                        groups="MOTOR_ACTIVE"/>
            <dashboard displayType="ROT"         valueType="beaconLight"         node="0>3|0|8|5|7|7"            	minRot="0 0 -10" maxRot="0 0 10"                    doInterpolation="true" />
		
		</dashboards>
    </lights>
    <attacherJoints comboDuration="0">
        <attacherJoint node="attacherJointBack" lowerRotationOffset="-1.5" upperRotationOffset="-1.5" moveTime="2.5" comboTime="1">
            <distanceToGround lower="0.36" upper="1.07"/>
            <rotationNode node="attacherJointBackRot" lowerRotation="-10 0 0" upperRotation="33 0 0"/>
            <rotationNode2 node="attacherJointBackRot2"/>
            <bottomArm rotationNode="attacherJointBackArmBottom" translationNode="attacherJointBackArmBottomLink" referenceNode="referencePointBackBottom" zScale="-1" startRotation="5 0 0"/>
            <topArm baseNode="attacherJointBackArmTop" filename="$data/shared/assets/upperLinks/walterscheid03.i3d" zScale="-1" color="SHARED_GREY5"/>
            <schema position="1 0" rotation="0" invertX="false"/>
            <objectChange node="trailerAttacherNode" visibilityActive="false" visibilityInactive="true"/>
            <objectChange node="trailerLowNode" visibilityActive="false" visibilityInactive="true"/>
        </attacherJoint>
        <attacherJoint node="trailerAttacherJointBack" jointType="trailer" lowerRotLimit="10 50 50" upperRotRotationOffset="0" allowsJointLimitMovement="false" comboTime="1">
            <distanceToGround lower="0.44" upper="1.02"/>
            <transNode node="trailerAttacherNode" minY="0.367" maxY="0.947" height="0.3"/>
            <schema position="1 0" rotation="0" invertX="false"/>
            <objectChange node="trailerLowNode" visibilityActive="false" visibilityInactive="true"/>
        </attacherJoint>
        <attacherJoint node="trailerAttacherJointBackLow" jointType="trailerLow" lowerRotLimit="10 50 50" lowerTransLimit="0 0 0" upperRotRotationOffset="0" allowsJointLimitMovement="false" comboTime="1">
            <distanceToGround lower="0.44" upper="0.96"/>
            <transNode node="trailerLowNode" minY="0.37" maxY="0.89" height="0.2"/>
            <schema position="1 0" rotation="0" invertX="false"/>
            <objectChange node="attacherJointBackArmBottom" rotationActive="30 0 0" rotationInactive="-17 0 0"/>
            <objectChange node="trailerAttacherNode" visibilityActive="false" visibilityInactive="true"/>
            <steeringBars leftNode="trailerLowSteeringBarLeftRef" rightNode="trailerLowSteeringBarRightRef"/>
        </attacherJoint>
        <attacherJoint node="trailerAttacherJointFront" jointType="trailer" lowerRotLimit="10 50 50" lowerTransLimit="0 0 0" upperRotRotationOffset="0" allowsJointLimitMovement="false" comboTime="0">
            <schema position="1 0" rotation="0" invertX="true"/>
        </attacherJoint>
        <sounds>
            <attach template="ATTACH_01" linkNode="trac1104_main_component1"/>
            <hydraulic template="DEFAULT_HYDRAULIC_SOUND" linkNode="trac1104_main_component1"/>
        </sounds>
    </attacherJoints>
    <powerTakeOffs>
        <output attacherJointIndices="1 2 3" outputNode="ptoOutputBack"/>
    </powerTakeOffs>
    <connectionHoses>
        <target attacherJointIndices="1 2 3" type="hydraulicIn" node="hydraulicIn01"/>
        <target attacherJointIndices="1 2 3" type="hydraulicOut" node="hydraulicOut01"/>
        <target attacherJointIndices="1 2 3" type="hydraulicIn" node="hydraulicIn02"/>
        <target attacherJointIndices="1 2 3" type="hydraulicOut" node="hydraulicOut02"/>
        <target attacherJointIndices="1 2 3" type="hydraulicIn" node="hydraulicIn03"/>
        <target attacherJointIndices="1 2 3" type="hydraulicOut" node="hydraulicOut03"/>
        <target attacherJointIndices="1 2 3" type="hydraulicIn" node="hydraulicIn04"/>
        <target attacherJointIndices="1 2 3" type="hydraulicOut" node="hydraulicOut04"/>
        <target attacherJointIndices="1 2 3" type="airDoubleRed" node="airDoubleOrange" socket="air_red"/>
        <target attacherJointIndices="1 2 3" type="airDoubleYellow" node="airDoubleYellow" socket="air_yellow"/>
        <target attacherJointIndices="1 2 3" type="electric" node="electricBack" socket="electric"/>
    </connectionHoses>
    <enterable isTabbable="true">
        <enterReferenceNode node="trac1104_main_component1"/>
        <exitPoint node="exitPoint"/>
        <cameras>
            <camera node="outdoorCamera" rotatable="true" rotateNode="outdoorCameraTarget" limit="true" useWorldXZRotation="true" rotMinX="-1.4" rotMaxX="1" transMin="4" transMax="40" translation="0 0 5" rotation="-20 180 0">
                <raycastNode node="cameraRaycastNode1"/>
                <raycastNode node="cameraRaycastNode2"/>
            </camera>
            <camera node="indoorCamera" rotatable="true" limit="true" rotMinX="-1.1" rotMaxX="0.4" transMin="0" transMax="0" useMirror="true" isInside="true" shadowFocusBox="shadowFocusBox"/>
			<camera node="camera1" rotatable="true" limit="true" rotMinX="-1.1" rotMaxX="0.4" transMin="0" transMax="0" useMirror="true" isInside="true" shadowFocusBox="shadowFocusBox"/>
			<camera node="camera2" rotatable="true" limit="true" rotMinX="-1.1" rotMaxX="0.4" transMin="0" transMax="0" useMirror="true" isInside="true" shadowFocusBox="shadowFocusBox"/>
        </cameras>
        <characterNode node="playerSkin" cameraMinDistance="1.5" spineRotation="-90 0 90">
            <target ikChain="leftFoot" targetNode="playerLeftFootTarget"/>
            <target ikChain="rightFoot" targetNode="playerRightFootTarget"/>
            <target ikChain="leftArm" targetNode="playerLeftHandTarget"/>
            <target ikChain="rightArm" targetNode="playerRightHandTarget"/>
        </characterNode>
        <characterTargetNodeModifier node="playerRightFootTarget" transitionTime="0.1">
            <state node="playerRightFootTargetGas" referenceNode="gasPedal" directionReferenceNode="playerRightFootTargetGasRef"/>
            <state node="playerRightFootTargetBrake" referenceNode="brakePedal"/>
        </characterTargetNodeModifier>
		        <characterTargetNodeModifier node="playerRightFootTarget" transitionTime="0.1">
            <state node="0>0|3|7|5" referenceNode="0>0|3|6|5" directionReferenceNode="0>0|3|6|5|0"/>
            <state node="0>0|3|6|4|0" referenceNode="0>0|3|6|4"/>
        </characterTargetNodeModifier>
		<characterTargetNodeModifier node="playerLeftFootTarget" transitionTime="0.1">
            <state node="0>0|3|6|3|0" referenceNode="0>0|3|6|3"/>
        </characterTargetNodeModifier>
        <characterTargetNodeModifier node="playerRightHandTarget" transitionTime="0.1">
            <state node="0>15|0|0|1" referenceNode="0>15|0"/>
            <state node="0>15|1|0|1" referenceNode="0>0|3|3|3|0"/>
        </characterTargetNodeModifier>
        <characterTargetNodeModifier node="playerSkin" transitionTime="0.3">
            <state node="0>0|3|0|0|1" referenceNode="0>15|0" />
            <state node="0>0|3|0|0|2" referenceNode="0>0|3|3|3|0" />
        </characterTargetNodeModifier>
        <mirrors>
            <mirror node="0>3|0|3|0" prio="1"/>
            <mirror node="0>3|0|3|1" prio="1"/>
        </mirrors>
		
		<dashboards>
            <dashboard displayType="NUMBER" valueType="time"          numbers="0>3|0|10|27"          precision="2" groups="MOTOR_ACTIVE"/>
            <dashboard displayType="NUMBER" valueType="operatingTime" numbers="0>3|0|10|18" precision="1" groups="MOTOR_ACTIVE"/>
        </dashboards>
		
    </enterable>
	
	<licensePlates>
		<licensePlate node="0>3|0|8|9|0" position="BACK" preferedType="ELONGATED" >
            <objectChange node="0>3|0|8|9|0" visibilityActive="true" />
        </licensePlate>
		<licensePlate node="0>3|0|8|10" position="FRONT" preferedType="SQUARISH" >
			<objectChange node="0>3|0|8|10" visibilityActive="true" />
        </licensePlate>
	</licensePlates>
	
    <motorized>
        <consumerConfigurations>
            <consumerConfiguration>
                <consumer fillUnitIndex="1" usage="33" fillType="diesel"/>
                <!-- usage is per hour at max load and max rpm -->
                <consumer fillUnitIndex="2" usage="200" fillType="air" permanentConsumption="false" refillLitersPerSecond="250" refillCapacityPercentage="0.5"/>
                <!-- usage per second at full brake power -->
            </consumerConfiguration>
        </consumerConfigurations>
        <differentialConfigurations>
            <differentialConfiguration>
                <differentials>
                    <differential torqueRatio="0.5" maxSpeedRatio="1.8" wheelIndex1="1" wheelIndex2="2"/>
                    <!-- front left-right -->
                    <differential torqueRatio="0.5" maxSpeedRatio="1.8" wheelIndex1="3" wheelIndex2="4"/>
                    <!-- back left-right -->
                    <differential torqueRatio="0.5" maxSpeedRatio="1.8" differentialIndex1="1" differentialIndex2="2"/>
                    <!-- front-back -->
                </differentials>
            </differentialConfiguration>
        </differentialConfigurations>
                <motorConfigurations>
             <motorConfiguration name="8175" hp="75">
                <motor torqueScale="0.320" minRpm="850" maxRpm="2900" maxForwardSpeed="44" maxBackwardSpeed="44" brakeForce="3" lowBrakeForceScale="0.22">
                    <torque normRpm="0.45" torque="0.9"/>
                    <torque normRpm="0.5" torque="0.97"/>
                    <torque normRpm="0.59" torque="1"/>
                    <torque normRpm="0.72" torque="1"/>
                    <torque normRpm="0.86" torque="0.88"/>
                    <torque normRpm="1" torque="0.88"/>
                </motor>
                <transmission autoGearChangeTime="0.5" gearChangeTime="0.4" name="$l10n_info_transmission_manualWithPowerShiftGroups">
                    <directionChange useGroup="false" useGear="false" changeTime="0.5"/>
                    <groups type="MANUELSHIFT" changeTime="0.2">
                        <group ratio="0.20"  name="|" />
                        <group ratio="0.45"  name="||" />
                        <group ratio="1"  name="|||" />
					</groups>
                    <forwardGear maxSpeed="6.0"  />
                    <forwardGear maxSpeed="12.0" />
                    <forwardGear maxSpeed="26.0" />
                    <forwardGear maxSpeed="43.0" />
                </transmission>
                <transmission minForwardGearRatio="19.2" maxForwardGearRatio="450" minBackwardGearRatio="57" maxBackwardGearRatio="450"/>
                <objectChange node="0>12|0|0|1|0" visibilityActive="true"/>
			    <objectChange node="0>12|0|0|1|1" visibilityActive="false"/>
				<objectChange node="0>12|0|0|1|2" visibilityActive="false"/>
				<objectChange node="0>12|0|0|1|3" visibilityActive="false"/>
            </motorConfiguration>
            <motorConfiguration name="8185" hp="85">
                <motor torqueScale="0.340" minRpm="850" maxRpm="2900" maxForwardSpeed="44" maxBackwardSpeed="44" brakeForce="3" lowBrakeForceScale="0.22">
                    <torque normRpm="0.45" torque="0.9"/>
                    <torque normRpm="0.5" torque="0.97"/>
                    <torque normRpm="0.59" torque="1"/>
                    <torque normRpm="0.72" torque="1"/>
                    <torque normRpm="0.86" torque="0.88"/>
                    <torque normRpm="1" torque="0.88"/>
                </motor>
                <objectChange node="0>12|0|0|1|0" visibilityActive="false"/>      
                <objectChange node="0>12|0|0|1|1" visibilityActive="true"/> 
                <objectChange node="0>12|0|0|1|2" visibilityActive="false"/> 
                <objectChange node="0>12|0|0|1|3" visibilityActive="false"/> 					
            </motorConfiguration>
            <motorConfiguration name="8195" hp="95">
                <motor torqueScale="0.370" minRpm="850" maxRpm="2900" maxForwardSpeed="44" maxBackwardSpeed="44" brakeForce="3" lowBrakeForceScale="0.22">
                    <torque normRpm="0.45" torque="0.9"/>
                    <torque normRpm="0.5" torque="0.97"/>
                    <torque normRpm="0.59" torque="1"/>
                    <torque normRpm="0.72" torque="1"/>
                    <torque normRpm="0.86" torque="0.88"/>
                    <torque normRpm="1" torque="0.88"/>
                </motor>
                <objectChange node="0>12|0|0|1|0" visibilityActive="false"/>   
                <objectChange node="0>12|0|0|1|1" visibilityActive="false"/>
                <objectChange node="0>12|0|0|1|2" visibilityActive="true"/>
                <objectChange node="0>12|0|0|1|3" visibilityActive="false"/>				
            </motorConfiguration>
            <motorConfiguration name="8110" hp="110">
                <motor torqueScale="0.425" minRpm="860" maxRpm="2950" maxForwardSpeed="44" maxBackwardSpeed="44" brakeForce="3" lowBrakeForceScale="0.22">
                    <torque normRpm="0.45" torque="0.9"/>
                    <torque normRpm="0.5" torque="0.97"/>
                    <torque normRpm="0.59" torque="1"/>
                    <torque normRpm="0.72" torque="1"/>
                    <torque normRpm="0.86" torque="0.88"/>
                    <torque normRpm="1" torque="0.88"/>
                </motor>    
                <objectChange node="0>12|0|0|1|0" visibilityActive="false"/> 
                <objectChange node="0>12|0|0|1|1" visibilityActive="false"/>
                <objectChange node="0>12|0|0|1|2" visibilityActive="false"/>
                <objectChange node="0>12|0|0|1|3" visibilityActive="true"/> 				
            </motorConfiguration>
        </motorConfigurations>
		
		
        <exhaustEffects>
            <exhaustEffect node="exhaustParticleLinkNode" filename="$data/effects/exhaust/exhaust.i3d" minRpmColor="0.9 0.9 0.9 0.1" maxRpmColor="0.9 0.9 0.9 0.4" minRpmScale="0.05" maxRpmScale="0.5" xzRotationsOffset="-180 0" xzRotationsForward="0 300" xzRotationsBackward="150 0" xzRotationsLeft="20 80" xzRotationsRight="40 -200"/>
        </exhaustEffects>
        <motorStartDuration>2500</motorStartDuration>
		
        <dashboards>
            <dashboard displayType="TEXT"        valueType="rpm"   node="0>17|4"   textColor="0.6 0.6 0.6 1" textSize="0.016"  textMask="0000" textAlignment="CENTER" groups="MOTOR_ACTIVE"/>			
            <dashboard displayType="TEXT"        valueType="speed" node="0>17|5"   textSize="0.016" textMask="00.0" textColor="0.6 0.6 0.6 1" emissiveScale="0.7" groups="MOTOR_ACTIVE"/>
			
			<dashboard displayType="ANIMATION" valueType="rpm"              animName="rpmDisplay"         minValueAnim="0"  maxValueAnim="2500" groups="MOTOR_ACTIVE"/>
            <dashboard displayType="NUMBER" valueType="speed" numbers="0>3|0|10|17" precision="1" groups="MOTOR_ACTIVE"/>
			<dashboard displayType="ANIMATION" valueType="rpm" animName="rpmNeedle" minValueAnim="0" maxValueAnim="2500" groups="MOTOR_ACTIVE"/>
		   
		    <dashboard displayType="SLIDER"      valueType="motorTemperature" node="0>3|0|8|8|3" minValueSlider="40" maxValueSlider="120" groups="MOTOR_ACTIVE"/>
            <dashboard displayType="SLIDER"      valueType="rpm" node="0>3|0|8|8|1" minValueSlider="0" maxValueSlider="4000" groups="MOTOR_ACTIVE"/>			
		
		</dashboards>
        
    </motorized>
    <drivable>
        <sounds>
            <waterSplash template="WATER_SPLASH_01" linkNode="trac1104_main_component1"/>
        </sounds>
        <steeringWheel node="steeringWheel" indoorRotation="540" outdoorRotation="50"/>
        <dashboards>
            <dashboard displayType="ROT" valueType="accelerationAxis" node="gasPedal" minRot="0 0 0" maxRot="-10 0 0" doInterpolation="true" groups="MOTOR_ACTIVE"/>
            <dashboard displayType="ROT" valueType="decelerationAxis" node="brakePedal" minRot="0 0 0" maxRot="-11 0 0" doInterpolation="true" groups="MOTOR_ACTIVE"/>
        </dashboards>
    </drivable>	
	<animations>
		<animation name="Wiper">
            <part node="0>3|0|8|7" startTime="0" endTime="0.5" startRot="3 0 0" endRot="0 0 90"/>
			<sound template="wiperFrontAnimation" startTime="0" endTime="1" direction="1" volumeScale="1.0" pitchScale="1.0" fadeOut="0.1" linkNode="wiperFront"/>
		</animation>
        <animation name="rpmNeedle">
            <part node="indoorHudRPMNeedle" startTime="0.0" endTime="1.0" startRot="0 0 0" endRot="0 -180 0"/>
        </animation>
        <animation name="temperatureNeedle">
            <part node="indoorHudTemperatureNeedle" startTime="0.0" endTime="1.0" startRot="0 0 0" endRot="0 0 87"/>
        </animation>
        <animation name="fuelNeedle">
            <part node="indoorHudFuelNeedle" startTime="0.0" endTime="1.0" startRot="0 0 0" endRot="0 0 79.5"/>
		</animation>
		<animation name="rpmDisplay">
            <part node="0>3|0|10|19|0" startTime="0"    endTime="1.0" startRot="0 0 0"    endRot="-60 0 0" />
        </animation>
        <animation name="SagKelebek">
			<part node="0>3|0|8|5|1" startTime="0" endTime="1.5" startRot="0 0 0" endRot="0 -9 0" />
            <part node="0>3|0|8|5|2" startTime="0.0" endTime="1.5" startRot="0 0 0" endRot="0 45 0" />
		</animation>
        <animation name="SolKelebek">
			<part node="0>3|0|8|5|0" startTime="0" endTime="1.5" startRot="0 0 0" endRot="0 9 0" />
            <part node="0>3|0|8|5|3" startTime="0.0" endTime="1.5" startRot="0 0 0" endRot="0 -45 0" />
		</animation>
        <animation name="RghtDoor">
			<part node="0>3|0|8|5|4" startTime="0" endTime="1.5" startRot="0 0 0" endRot="-6 -47 3" />
		</animation>	
      <animation name="leftdoor">
			<part node="0>3|0|8|5|5" startTime="0" endTime="1.5" startRot="0 0 0" endRot="-6 47 -3" />
		</animation>
      <animation name="BackDoor">
			<part node="0>3|0|8|5|6" startTime="0" endTime="1.5" startRot="0 0 0" endRot="75 0 0" />
		</animation>
        <animation name="SilecekOn">
			<part node="0>3|0|8|5|8|2" startTime="0" endTime="1.5" startRot="0 0 0" endRot="-10 0 0" />
		</animation>	
        <animation name="Elgazi">
			<part node="0>3|0|8|5|7|11" startTime="0" endTime="2" startRot="0 0 0" endRot="90 0 0" />
		</animation>	
    </animations>
	
	<interactiveControl>
        <interactiveControlConfigurations title="$l10n_actionIC_Animation">
            <interactiveControlConfiguration name="$l10n_actionIC_IC">
                <interactiveControls>
                    <outdoorTrigger node="0>14" />
					
					<interactiveControl posText="$l10n_actionIC_beaconLightsOff" negText="$l10n_actionIC_beaconLightsOn" >
						<clickPoint node="0>3|0|8|5|7|7|1" size="0.03" blinkSpeedScale="0.4" type="INDOOR" iconType="BEACON_LIGHT" alignToCamera="false" invertZ="true"/>
						<function name="LIGHTS_BEACON_TOGGLE" />
					</interactiveControl>
					<interactiveControl posText="$l10n_actionIC_cruiseControl_toggle" negText="$l10n_actionIC_cruiseControl_toggle" >
                        <clickPoint node="0>3|0|8|5|7|11|0" size="0.03" blinkSpeedScale="0.6" type="INDOOR" iconType="CRUISE_CONTROL" alignToCamera="false" invertZ="true" />
                        <animation name="Elgazi" speedScale="1.0" initTime="0.0" />
                        <function name="CRUISE_CONTROL_TOGGLE" />
                    </interactiveControl>
					<interactiveControl posText="$l10n_actionIC_closeDoor" negText="$l10n_actionIC_openDoor">
                        <clickPoint node="0>3|0|8|5|7|2|1" size="0.025" type="INDOOR" iconType="CROSS"/>
                        <animation name="Wiper" speedScale="1.0" initTime="0.0" />
                        <animation name="SilecekOn" speedScale="1.0" initTime="0.0" />
					</interactiveControl>
					
					
					<interactiveControl posText="$l10n_actionIC_closeDoor" negText="$l10n_actionIC_openDoor">
						<clickPoint node="0>3|0|8|5|1|1" size="0.05" type="INDOOR" iconType="CROSS"/>
						<animation name="SagKelebek" speedScale="1.0" initTime="0.0" />
						<soundModifier indoorFactor="2.5" delayedSoundAnimationTime="0.1"/>
                        <dependingMovingTool isInactive="true" node="windowDoorLeft_rot"/>
					</interactiveControl>
					
					<interactiveControl posText="$l10n_actionIC_closeDoor" negText="$l10n_actionIC_openDoor">
						<clickPoint node="0>3|0|8|5|0|1" size="0.05" type="INDOOR" iconType="CROSS"/>
						<animation name="SolKelebek" speedScale="1.0" initTime="0.0" />
						<soundModifier indoorFactor="2.5" delayedSoundAnimationTime="0.1"/>
                        <dependingMovingTool isInactive="true" node="windowDoorLeft_rot"/>
					</interactiveControl>
					
					<interactiveControl posText="$l10n_actionIC_closeDoor" negText="$l10n_actionIC_openDoor">
						<clickPoint node="0>3|0|8|5|4|2" size="0.05" type="INDOOR" iconType="CROSS"/>
						<clickPoint node="0>3|0|8|5|4|1" size="0.05" type="OUTDOOR" iconType="CROSS"/>
						<animation name="RghtDoor" speedScale="1.0" initTime="0.0" />
						<soundModifier indoorFactor="2.5" delayedSoundAnimationTime="0.1"/>
                        <dependingMovingTool isInactive="true" node="windowDoorLeft_rot"/>
					</interactiveControl>
					
					<interactiveControl posText="$l10n_actionIC_closeDoor" negText="$l10n_actionIC_openDoor">
						<clickPoint node="0>3|0|8|5|5|2" size="0.05" type="INDOOR" iconType="CROSS"/>
						<clickPoint node="0>3|0|8|5|5|1" size="0.05" type="OUTDOOR" iconType="CROSS"/>
						<animation name="leftdoor" speedScale="1.0" initTime="0.0" />
						<soundModifier indoorFactor="2.5" delayedSoundAnimationTime="0.1"/>
                        <dependingMovingTool isInactive="true" node="windowDoorLeft_rot"/>
					</interactiveControl>
				
					<interactiveControl posText="$l10n_actionIC_closeDoor" negText="$l10n_actionIC_openDoor">
						<clickPoint node="0>3|0|8|5|6|0" size="0.05" type="INDOOR" iconType="CROSS"/>
						<animation name="BackDoor" speedScale="1.0" initTime="0.0" />
						<soundModifier indoorFactor="2.5" delayedSoundAnimationTime="0.1"/>
                        <dependingMovingTool isInactive="true" node="windowDoorLeft_rot"/>
					</interactiveControl>
				
				</interactiveControls>
            </interactiveControlConfiguration>
          </interactiveControlConfigurations>
    </interactiveControl>
	
	
	
    <cylindered>
        <movingTools>
            <movingTool node="attacherJointBackArmBottom">
                <dependentPart node="mainArm"/>
            </movingTool>
			<movingTool node="0>13|3|6">
                <controls axis="AXIS_FRONTLOADER_ARM2" invertAxis="true" mouseSpeedFactor="0.8" iconName="TOP_DOOR_ROTATE" />
                <animation animSpeed="0.8" animAcceleration="200" animName="Bonet" />
				<dependentPart node="cylinderLeft"/>
				<dependentPart node="cylinderRight"/>
            </movingTool>
	  
	        <movingTool node="0>3|0|8|5|6">
                <dependentPart node="0>15|0|0"/>
                <dependentPart node="0>15|1|0"/>
			</movingTool>


	  </movingTools>
        <movingParts>
        <movingPart node="1>0|0|0|1" referencePoint="1>1|0|0" referenceFrame="1>1|0|0" isActiveDirty="true" scaleZ="true" />
        <movingPart node="1>0|1|0|1" referencePoint="1>1|0|1" referenceFrame="1>1|0|1" isActiveDirty="true" scaleZ="true" />
           
		   <movingPart node="mainArm" referencePoint="mainArmRef" localReferencePoint="mainArmPart" referenceFrame="attacherJointBackRot">
                <dependentPart node="mainArmPart"/>
            </movingPart>
			
			<movingPart node="mainArmPart" referencePoint="mainArmRef" referenceFrame="mainArmRef">
                <dependentPart node="mainArmHydraulic"/>
                <dependentPart node="bottomLinkLeft"/>
                <dependentPart node="bottomLinkRight"/>
            </movingPart>
            
			<movingPart node="mainArmHydraulic" referencePoint="mainArmHydraulicRef" referenceFrame="mainArmHydraulicRef">
                <translatingPart node="mainArmHydraulicPunch"/>
            </movingPart>
            <movingPart node="bottomLinkLeft" referencePoint="bottomLinkLeftRef" referenceFrame="bottomLinkLeftRef"/>
            <movingPart node="bottomLinkRight" referencePoint="bottomLinkRightRef" referenceFrame="bottomLinkRightRef"/>
		
			<movingPart node="0>15|0|0" referencePoint="0>3|0|8|5|6|1|1" referenceFrame="0>3|0|8|5|6|1|1" >
                <translatingPart node="0>15|0|0|0" />
            </movingPart>
			
			<movingPart node="0>15|1|0" referencePoint="0>3|0|8|5|6|1|2" referenceFrame="0>3|0|8|5|6|1|2" >
                <translatingPart node="0>15|1|0|0" />
            </movingPart>
		
		</movingParts>
	   <sounds>
            <hydraulic template="DEFAULT_HYDRAULIC_SOUND" linkNode="trac1104_main_component1"/>
        </sounds>
    </cylindered>
	    <wipers>
        <wiper animName="Wiper">
            <state animSpeed="0.3" animPause="1.0"/>
            <state animSpeed="0.9" animPause="0.0"/>
            <state animSpeed="1.3" animPause="0.0"/>
        </wiper>
    </wipers>
    <suspensions>
        <suspension node="cabinSuspension" weight="900" minRotation="-5 0 -5" maxRotation="5 0 5" suspensionParametersX="200 17" suspensionParametersZ="200 17"/>
        <suspension node="seatSuspension" weight="200" minTranslation="-0.05 -0.15 0.0" maxTranslation="0.05 0.15 0.0" suspensionParametersX="20 4" suspensionParametersY="5 1" suspensionParametersZ="20 4"/>
        <suspension useCharacterTorso="true" weight="90" minRotation="0 -5 -5" maxRotation="0 5 5" suspensionParametersY="7 1" suspensionParametersZ="7 1"/>
    </suspensions>
    <fillUnit>
        <fillUnitConfigurations>
            <fillUnitConfiguration>
                <fillUnits>
                    <fillUnit unit="$l10n_unit_literShort" showOnHud="false" showInShop="false" fillTypes="diesel" capacity="100">
                        <dashboard displayType="SLIDER"    valueType="fillLevel" node="0>3|0|8|8|2" groups="MOTOR_ACTIVE"/>
                    </fillUnit>
                    <fillUnit unit="$l10n_unit_literShort" showOnHud="false" showInShop="false" fillTypes="air" capacity="2000"/>
                </fillUnits>
            </fillUnitConfiguration>
        </fillUnitConfigurations>
    </fillUnit>
    <honk>
        <sound file="sounds/gorna.wav" innerRadius="10">
            <volume indoor="0.70" outdoor="1.00"/>
            <pitch outdoor="1.00"/>
            <lowpassGain indoor="0.95"/>
        </sound>
    </honk>
    <dashboard>
        <groups>
            <group name="MOTOR_STARTING" isMotorStarting="true"/>
            <group name="MOTOR_ACTIVE" isMotorStarting="true" isMotorRunning="true"/>
        </groups>
        <default>
			<dashboard displayType="VISIBILITY" node="0>3|0|9|0|7" groups="MOTOR_STARTING"/>
			
            <dashboard displayType="VISIBILITY" node="dashboard_lightupdecal" groups="MOTOR_ACTIVE"/>
            <dashboard displayType="VISIBILITY" node="dashboard_decalSticker" groups="MOTOR_ACTIVE"/>
        </default>
    </dashboard>
    <ai>
        <collisionTrigger node="aiCollisionTrigger"/>
    </ai>
	
	<baseMaterial>
        <material name="KabinTepe" baseNode="0>3|0|8|2|3">
            <shaderParameter name="colorMat0" value="ARMATRAC_GREY1"/>
        </material>
		<material name="camurluk" baseNode="0>3|0|8|2|2">
            <shaderParameter name="colorMat0" value="0.5 0 0 0"/>
        </material>
		<material name="Kaput" baseNode="0>12|0|0">
            <shaderParameter name="colorMat0" value="0.5 0 0 0"/>
        </material>
    </baseMaterial>
	
	<baseMaterialConfigurations price="3000" useDefaultColors="false" defaultColorIndex="0">
		<baseMaterialConfiguration name="Red" color="0.492 0.001 0.001 0"/>
		<baseMaterialConfiguration name="Black" color="0 0 0 0"/>
		<baseMaterialConfiguration name="GOLD" color="VALTRA_GOLD1" price="500" material="35"/>		
		<baseMaterialConfiguration name="SILVER" color="SHARED_GREY1" price="500" material="27"/>
		<baseMaterialConfiguration name="CHROME"  color="SHARED_WHITE2" price="400" material="3"/>
		<baseMaterialConfiguration name="BLACK MAT" color="0.01 0.01 0.0101" price="500" material="27"/>
		<baseMaterialConfiguration name="COMMUNAL" color="1 0.238 0.013" price="300"/>
        <material name="KabinTepe" shaderParameter="colorMat0" />
		<material name="camurluk" shaderParameter="colorMat0" />
		<material name="Kaput" shaderParameter="colorMat0" />
    </baseMaterialConfigurations>
	
	<designMaterialConfigurations price="500" useDefaultColors="false" defaultColorIndex="0">
	    <designMaterialConfiguration name="White" color="0.3 0.3 0.3 0" />
		<designMaterialConfiguration name="Black" color="0 0 0 0" />
		<designMaterialConfiguration name="GREY" color="SHARED_GREY4" price="300"/>
		<designMaterialConfiguration name="COMMUNAL" color="1 0.238 0.013" price="300"/>
		<designMaterialConfiguration name="CHROME"  color="SHARED_WHITE2" price="400" material="3"/>
		<designMaterialConfiguration name="GOLD" color="VALTRA_GOLD1" price="500" material="35"/>		
		<designMaterialConfiguration name="SILVER" color="SHARED_GREY1" price="500" material="27"/>
		<designMaterialConfiguration name="BLACK MAT" color="0.01 0.01 0.0101" price="500" material="27"/>    
    </designMaterialConfigurations>
	
    <foliageBending>
        <bendingNode minX="-0.95" maxX="0.95" minZ="-0.65" maxZ="1.55" yOffset="0.6"/>
        <bendingNode minX="-0.95" maxX="0.95" minZ="-2.25" maxZ="-0.65" yOffset="0.6"/>
    </foliageBending>
    <baseMaterial>
        <material name="trac1104_mat" baseNode="trac1104_vis">
            <shaderParameter name="colorMat0" value="ARMATRAC_RED1"/>
            <shaderParameter name="colorMat2" value="ARMATRAC_GREY1"/>
        </material>
        <material name="rearHitch_mat" baseNode="rearHitchBase">
            <shaderParameter name="colorMat0" value="ARMATRAC_GREY1"/>
        </material>
    </baseMaterial>
	<wearable wearDuration="780" workMultiplier="5" fieldMultiplier="2"/>
    <washable dirtDuration="150" washDuration="1" workMultiplier="3" fieldMultiplier="2"/>
    <i3dMappings>
        <i3dMapping id="trac1104_main_component1" node="0>"/>
        <i3dMapping id="wheelBackLeft" node="0>0|0"/>
        <i3dMapping id="wheelBackRight" node="0>0|1"/>
        <i3dMapping id="frontAxisComponentJoint" node="0>0|2"/>
        <i3dMapping id="exitPoint" node="0>1"/>
        <i3dMapping id="outdoorCameraTarget" node="0>2|0"/>
        <i3dMapping id="outdoorCamera" node="0>2|0|0"/>
		<i3dMapping id="camera1" node="0>2|0|1"/>
        <i3dMapping id="indoorCamera" node="0>3|0|0|1"/>
        <i3dMapping id="cameraRaycastNode1" node="0>2|2"/>
        <i3dMapping id="cameraRaycastNode2" node="0>2|3"/>
		<i3dMapping id="camera2" node="0>2|3"/>
        <i3dMapping id="cabinSuspension" node="0>3|0"/>
        <i3dMapping id="seatSuspension" node="0>3|0|0"/>
        <i3dMapping id="playerSkin" node="0>3|0|0|0|0"/>
        <i3dMapping id="steeringWheel" node="0>3|0|1|0|0"/>
        <i3dMapping id="playerRightHandTarget" node="0>3|0|1|0|0|0"/>
        <i3dMapping id="playerLeftHandTarget" node="0>3|0|1|0|0|1"/>
        <i3dMapping id="yellowRound_01_01" node="0>3|0|2|0|0"/>
        <i3dMapping id="yellowRound_01_02" node="0>3|0|2|0|1"/>
        <i3dMapping id="workingLightCircle_01_01" node="0>3|0|2|0|2"/>
        <i3dMapping id="workingLightCircle_01_02" node="0>3|0|2|0|3"/>
        <i3dMapping id="frontLightOval_01Right" node="0>3|0|2|0|4"/>
        <i3dMapping id="frontLightOval_01Left" node="0>3|0|2|0|5"/>
        <i3dMapping id="rear2ChamberLight_06Right" node="0>3|0|2|0|6"/>
        <i3dMapping id="rear2ChamberLight_06Left" node="0>3|0|2|0|7"/>
        <i3dMapping id="workingLightOval_01Right01" node="0>3|0|2|0|8"/>
        <i3dMapping id="workingLightOval_01Right02" node="0>3|0|2|0|9"/>
        <i3dMapping id="workingLightOval_01Left01" node="0>3|0|2|0|10"/>
        <i3dMapping id="workingLightOval_01Left02" node="0>3|0|2|0|11"/>
        <i3dMapping id="beaconLight" node="0>3|0|2|1|0"/>
        <i3dMapping id="playerLeftFootTarget" node="0>3|0|3|0"/>
        <i3dMapping id="playerRightFootTarget" node="0>3|0|3|1"/>
        <i3dMapping id="gasPedal" node="0>3|0|6|0"/>
        <i3dMapping id="playerRightFootTargetGasRef" node="0>3|0|6|0|0"/>
        <i3dMapping id="playerRightFootTargetGas" node="0>3|0|6|1"/>
        <i3dMapping id="brakePedal" node="0>3|0|6|2"/>
        <i3dMapping id="playerRightFootTargetBrake" node="0>3|0|6|2|0"/>
        <i3dMapping id="indoorHudRPMNeedle" node="0>3|0|10|19|0"/>
        <i3dMapping id="shadowFocusBox" node="0>3|0|8"/>
        <i3dMapping id="interiorScreenLight" node="0>3|0|9|0|0"/>
        <i3dMapping id="decalStickerLight" node="0>3|0|9|0|2"/>
        <i3dMapping id="decalStickerWorklight" node="0>3|0|9|0|3"/>
        <i3dMapping id="decalStickerHazardlight" node="0>3|0|9|0|4"/>
        <i3dMapping id="decalStickerTurnRight" node="0>3|0|9|0|5"/>
        <i3dMapping id="decalStickerTurnLeft" node="0>3|0|9|0|6"/>
        <i3dMapping id="decalStickerAny" node="0>3|0|9|0|7"/>
        <i3dMapping id="dashboard_decalSticker" node="0>3|0|9|0|8"/>
        <i3dMapping id="lights_interior" node="0>4|0|1"/>
        <i3dMapping id="redRound_01_02" node="0>4|1|0"/>
        <i3dMapping id="redRound_01_01" node="0>4|1|1"/>
        <i3dMapping id="frontLightLow" node="0>4|2|0"/>
        <i3dMapping id="highBeamLow" node="0>4|2|1"/>
        <i3dMapping id="frontLightHigh" node="0>4|2|2"/>
        <i3dMapping id="highBeamHigh" node="0>4|2|3"/>
        <i3dMapping id="turnLightRightFront" node="0>4|3|0"/>
        <i3dMapping id="turnLightRightBack" node="0>4|3|0|0"/>
        <i3dMapping id="turnLightLeftFront" node="0>4|3|1"/>
        <i3dMapping id="turnLightLeftBack" node="0>4|3|1|0"/>
        <i3dMapping id="workLightFrontHigh" node="0>4|4|0"/>
        <i3dMapping id="workLightFrontLow" node="0>4|4|1"/>
        <i3dMapping id="workLightBackLow" node="0>4|4|2"/>
        <i3dMapping id="workLightBackHigh" node="0>4|4|3"/>
        <i3dMapping id="backLightsHigh" node="0>4|5|0"/>
        <i3dMapping id="attacherJointBackRot" node="0>5|0|0"/>
        <i3dMapping id="attacherJointBackRot2" node="0>5|0|0|0"/>
        <i3dMapping id="attacherJointBack" node="0>5|0|0|0|0"/>
        <i3dMapping id="attacherJointBackArmBottom" node="0>5|0|1"/>
        <i3dMapping id="attacherJointBackArmBottomLink" node="0>5|0|1|0"/>
        <i3dMapping id="referencePointBackBottom" node="0>5|0|1|0|0"/>
        <i3dMapping id="mainArmRef" node="0>5|0|1|0|1"/>
        <i3dMapping id="bottomLinkLeftRef" node="0>5|0|1|0|1|0"/>
        <i3dMapping id="bottomLinkRightRef" node="0>5|0|1|0|1|1"/>
        <i3dMapping id="attacherJointBackArmTop" node="0>5|0|2"/>
        <i3dMapping id="trailerAttacherNode" node="0>5|1|0"/>
        <i3dMapping id="trailerAttacherJointBack" node="0>5|1|0|0"/>
        <i3dMapping id="trailerLowNode" node="0>5|1|1"/>
        <i3dMapping id="trailerAttacherJointBackLow" node="0>5|1|1|0"/>
        <i3dMapping id="trailerLowSteeringBarLeftRef" node="0>5|1|1|1"/>
        <i3dMapping id="trailerLowSteeringBarRightRef" node="0>5|1|1|2"/>
        <i3dMapping id="trailerAttacherJointFront" node="0>5|1|2"/>
        <i3dMapping id="ptoOutputBack" node="0>5|2|0"/>
        <i3dMapping id="frontloaderAttacherBlock" node="0>5|3|0"/>
        <i3dMapping id="frontloaderAttacherJoint" node="0>5|3|0|0"/>
        <i3dMapping id="hydraulicIn01" node="0>5|4|0"/>
        <i3dMapping id="hydraulicOut01" node="0>5|4|1"/>
        <i3dMapping id="hydraulicIn02" node="0>5|4|2"/>
        <i3dMapping id="hydraulicOut02" node="0>5|4|3"/>
        <i3dMapping id="hydraulicIn03" node="0>5|4|4"/>
        <i3dMapping id="hydraulicOut03" node="0>5|4|5"/>
        <i3dMapping id="hydraulicIn04" node="0>5|4|6"/>
        <i3dMapping id="hydraulicOut04" node="0>5|4|7"/>
        <i3dMapping id="airDoubleYellow" node="0>5|4|8"/>
        <i3dMapping id="airDoubleOrange" node="0>5|4|9"/>
        <i3dMapping id="electricBack" node="0>5|4|10"/>
        <i3dMapping id="aiCollisionTrigger" node="0>6|0"/>
        <i3dMapping id="exactFillRootNode" node="0>6|1"/>
        <i3dMapping id="exhaustParticleLinkNode" node="0>7"/>
        <i3dMapping id="driveShaft" node="0>8|0|0"/>
        <i3dMapping id="rearHitchBase" node="0>8|1"/>
        <i3dMapping id="mainArmHydraulic" node="0>9|0"/>
        <i3dMapping id="mainArmHydraulicPunch" node="0>9|0|0"/>
        <i3dMapping id="bottomLinkLeft" node="0>9|1"/>
        <i3dMapping id="bottomLinkRight" node="0>9|2"/>
        <i3dMapping id="mainArmRefFrame" node="0>9|3"/>
        <i3dMapping id="mainArm" node="0>9|4"/>
        <i3dMapping id="mainArmHydraulicRef" node="0>9|4|0"/>
        <i3dMapping id="mainArmPart" node="0>9|4|1"/>
        <i3dMapping id="steeringBar" node="1>0|0|0"/>
        <i3dMapping id="steeringBarLeftRef" node="1>0|0|0|0"/>
        <i3dMapping id="steeringBarRightRef" node="1>0|0|0|1"/>
        <i3dMapping id="wheelFrontLeftAxis" node="1>0|1|0"/>
        <i3dMapping id="wheelFrontLeft" node="1>0|1|0|0|0"/>
		<i3dMapping id="camera3" node="1>0|1|0|0|0|2"/>
        <i3dMapping id="fenderFrontLeft" node="1>0|1|0|2"/>
        <i3dMapping id="wheelFrontRightAxis" node="1>0|2|0"/>
        <i3dMapping id="wheelFrontRight" node="1>0|2|0|0|0"/>
        <i3dMapping id="fenderFrontRight" node="1>0|2|0|2"/>
    </i3dMappings>
</vehicle>
