﻿<?xml version="1.0" encoding="utf-8" standalone="no" ?>
<prefabDesc descVersion="1">
    <author>Farmari99</author>
    <version>1.0.0.0</version>
<title>
<en>Valtra wheel weights</en>
<de>Valtra Radgewichtsscheiben</de>
</title>
	<description>
<en>
<![CDATA[Valtra wheel weight discs. One disc weighs 80 kg, you can make your own configurations. The folder contains XML file for 4 example configurations.
]]>
</en>
<de>
<![CDATA[
Valtra Radgewichtsscheiben. Eine Scheibe wiegt 80 kg, du kannst sie selbst konfigurieren. Der Ordner enthält eine XML Datei mit 4 Beispielkonfigurationen.]]>
</de>	  
    </description>
	<categories>
        <category>others</category>
    </categories>
    <iconFilename>weightIcon.dds</iconFilename>
	<prefabs>
		<prefab name="Valtra Wheel Weights" i3dFilename="wheels/valtraWheelWeight.i3d" />
    </prefabs>
</prefabDesc>
