<?xml version="1.0" encoding="utf-8" standalone="no" ?>
<wheel xmlns:xsi="http://www.w3.org/2001/XMLSchema-instance" xsi:noNamespaceSchemaLocation="../../../../../../shared/xml/schema/wheel.xsd">
    <brand>CONTINENTAL</brand>
    <name>Tractor85</name>
    <default>
        <physics radius="0.823" width="0.464" mass="0.253" tireType="mud" frictionScale="1.60" maxLongStiffness="8" maxLatStiffness="100" maxLatStiffnessLoad="2" />
        <tire filename="$data/shared/wheels/tires/continental/tractor85/R34_tractor85.i3d" nodeLeft="2|0" nodeRight="2|0" maxDeformation="0.0768" sideDeformOffset="0.965" isCareWheel="false" tireTrackAtlasIndex="0" />
        <innerRim filename="wheels/rims/Rims.i3d" nodeLeft="0" nodeRight="1" widthAndDiam="26 34" />
    </default>
</wheel>	