<?xml version="1.0" encoding="utf-8" standalone="no" ?>
<sounds>
    <motorized>
    <sounds>
    
	<motor template="engineLarge" file="sounds/Turbo_Ihc_onload_05_loop.gls"   volumeScale="2" linkNodeOffset="0 2 4.5" loopSynthesisRPMRatio="0.80" pitchScale="0.8" fadeIn="1"/>
	
	<motorStart template="DEFAULT_MOTOR_START" file="sounds/start.ogg" linkNode="0>">
        <volume indoor="0.8" outdoor="3" />
    </motorStart>
    <motorStop template="DEFAULT_MOTOR_START" file="sounds/stop.ogg" linkNode="0>">
        <volume indoor="0.8" outdoor="3" />
    </motorStop>
    <motor template="DEFAULT_MOTOR_IDLE" file="sounds/idle.ogg" linkNode="0>">
        <volume indoor="0.8" outdoor="3" />
    </motor>
    <motor template="DEFAULT_MOTOR_OFFLOAD_RUN" file="sounds/run.ogg" linkNode="0>">
        <volume indoor="0.8" outdoor="3" />
    </motor>
    <motor template="DEFAULT_MOTOR_ONLOAD_RUN" file="sounds/run.ogg" linkNode="0>">
        <volume indoor="0.8" outdoor="3" />
    </motor>


    <gearGroupLeverStart template="gearDisengaged" volumeScale="1.6"/>
    <gearGroupLeverEnd template="gearEngaged"      volumeScale="1.6"/>
	</sounds>
    </motorized>

    <lights>
        <sounds>
            <toggleLights template="SWITCH_01"  />
            <turnLight template="SWITCH_TURNLIGHT"  />
        </sounds>
    </lights>

    <attacherJoints>
        <sounds>
            <attach template="ATTACH_01" />
            <hydraulic template="defaultHydraulicSound" />
        </sounds>
    </attacherJoints>

    <drivable>
        <sounds>
            <waterSplash template="WATER_SPLASH_01" />
        </sounds>
    </drivable>

    <honk>
        <sound template="hornDefault" pitchScale="0.85" />
    </honk>
</sounds>
