<?xml version="1.0" encoding="utf-8" standalone="no" ?>
<!-- xml+gls by [FD] Vassili_k98   -->
<sounds xmlns:xsi="http://www.w3.org/2001/XMLSchema-instance" xsi:noNamespaceSchemaLocation="../../../../../bin/shared/xml/schema/vehicle_sounds.xsd">
	<motorized>
        <sounds>
		
			<!-- <Motor_ext> -->
			
            <motor file="sounds/FD_P1006_6T_eng.gls" volumeScale="1.0"  linkNodeOffset="0 1.0 1.5" loopSynthesisRPMRatio="1.08" pitchScale="0.98" outerRadius="25.0" innerRadius="1">
				<volume indoor="0.0" outdoor="1.45" />
				<lowpassGain indoor="10.45" outdoor="0.65" />
                <lowpassCutoffFrequency indoor="200" outdoor="900"/>
                <lowpassResonance indoor="1" outdoor="0"/>
			</motor>
			
			<!-- <Motor_int> -->
			
			<motor file="sounds/FD_P1006_6T_int.gls" volumeScale="1.0"  linkNodeOffset="0 2.0 0.0" loopSynthesisRPMRatio="1.08" pitchScale="0.98" outerRadius="55.0" innerRadius="1">
				<volume indoor="2.0" outdoor="0.0" />
				<lowpassGain indoor="0.6" outdoor="12.00" />
                <lowpassCutoffFrequency indoor="800" outdoor="800"/>
                <lowpassResonance indoor="1" outdoor="1"/>
			</motor>
			
			<!-- <Auspuff> -->
			
			<motor file="sounds/FD_P1006_6T_exh.gls" volumeScale="1.1" linkNodeOffset="-1.0 3.0 0.9" loopSynthesisRPMRatio="1.08" pitchScale="0.97"  outerRadius="85.0" innerRadius="0.3">
				<volume indoor="1.38" outdoor="3.25" >
					<modifier type="ACCELERATE" value="0" modifiedValue="1.0" />
					<modifier type="ACCELERATE" value="0.5" modifiedValue="1.3" />
					<modifier type="ACCELERATE" value="0.8" modifiedValue="1.4" />
					<modifier type="ACCELERATE" value="1.0" modifiedValue="1.75" />
				</volume>
				<pitch>
                    <modifier type="ACCELERATE" value="0" modifiedValue="1.0" />
					<modifier type="ACCELERATE" value="0.8" modifiedValue="0.98" />
					<modifier type="ACCELERATE" value="1.0" modifiedValue="0.95" />
                </pitch>	
				<lowpassGain indoor="0.20" outdoor="0.80" />
                <lowpassCutoffFrequency indoor="300" outdoor="500"/>
                <lowpassResonance indoor="1" outdoor="1"/>
			</motor>
			
			<!-- <Turbo> -->
			
			<gearbox file="sounds/FD_P1006_6T_Turbo.gls" volumeScale="1.05"  linkNodeOffset="-1.0 3.0 0.9" pitchScale="1.1" fadeIn="1.5" fadeOut="1.5" innerRadius="0.5" outerRadius="52.0">
				<volume indoor="0.35" outdoor="0.92" >
					<modifier type="MOTOR_LOAD" value="0.00"   modifiedValue="0.00" />
                    <modifier type="MOTOR_LOAD" value="0.6"  modifiedValue="0.60" />
                    <modifier type="MOTOR_LOAD" value="0.70"  modifiedValue="1.00" />
                    <modifier type="MOTOR_LOAD" value="1.0" modifiedValue="1.10" />
                </volume>
				<loopSynthesisRpm>
                    <modifier type="MOTOR_RPM" value="0.0" modifiedValue="0.0" />
                    <modifier type="MOTOR_RPM" value="0.3" modifiedValue="0.1" />
					<modifier type="MOTOR_RPM" value="0.50" modifiedValue="0.2" />
                    <modifier type="MOTOR_RPM" value="0.60" modifiedValue="0.90" />
					<modifier type="MOTOR_RPM" value="0.65" modifiedValue="0.95" />
					<modifier type="MOTOR_RPM" value="0.90" modifiedValue="1.0" />
                </loopSynthesisRpm>
				<loopSynthesisLoad>
					<modifier type="MOTOR_LOAD" value="0.0" modifiedValue="-1.0" />
                    <modifier type="MOTOR_LOAD" value="0.2" modifiedValue="0.0" />
                    <modifier type="MOTOR_LOAD" value="0.5" modifiedValue="0.5" />
					<modifier type="MOTOR_LOAD" value="0.7" modifiedValue="0.7" />
					<modifier type="MOTOR_LOAD" value="0.8" modifiedValue="0.9" />
                    <modifier type="MOTOR_LOAD" value="1.0" modifiedValue="1.0" />
                </loopSynthesisLoad>
				<lowpassGain indoor="0.35" outdoor="0.75" />
                <lowpassCutoffFrequency indoor="200" outdoor="800"/>
                <lowpassResonance indoor="0" outdoor="0"/>
			</gearbox>
			
			<!-- <BlowOffValve> -->
			
			<!-- <Retarder> -->
			
            <retarder file="sounds/FD_P1006_6T_exh.gls" volumeScale="1.3" linkNodeOffset="0.0 1.3 -0.3" fadeIn="0.5" pitchScale="1.05" innerRadius="23.5" outerRadius="65.0" >
				<volume indoor="0.52" outdoor="1.2" >
					<modifier type="SPEED" value="4.0" modifiedValue="0.0" />
					<modifier type="SPEED" value="55.0" modifiedValue="1.0" />
					<modifier type="ACCELERATE" value="0" modifiedValue="1.0" />
					<modifier type="ACCELERATE" value="0.2" modifiedValue="0.5" />
					<modifier type="ACCELERATE" value="0.3" modifiedValue="0.0" />
					<modifier type="CRUISECONTROL" value="0" modifiedValue="1.0" />
					<modifier type="CRUISECONTROL" value="0.01" modifiedValue="0.0" />
					<modifier type="MOTOR_RPM" value="0.1" modifiedValue="0.3" />
					<modifier type="MOTOR_RPM" value="1.0" modifiedValue="1.0" />
				</volume>
				<loopSynthesisRpm>
                    <modifier type="MOTOR_RPM" value="0.0" modifiedValue="0.0" />
                    <modifier type="MOTOR_RPM" value="0.5" modifiedValue="0.5" />
					<modifier type="MOTOR_RPM" value="0.65" modifiedValue="0.65" />
                    <modifier type="MOTOR_RPM" value="1.0" modifiedValue="1.0" />
                </loopSynthesisRpm>
				<loopSynthesisLoad>
					<modifier type="MOTOR_LOAD" value="-1.0" modifiedValue="1.0" />
					<modifier type="MOTOR_LOAD" value="0.0" modifiedValue="1.0" />
                    <modifier type="MOTOR_LOAD" value="0.2" modifiedValue="0.7" />
                    <modifier type="MOTOR_LOAD" value="0.5" modifiedValue="0.5" />
                    <modifier type="MOTOR_LOAD" value="1.0" modifiedValue="0.4" />
                </loopSynthesisLoad>
				<lowpassGain indoor="10.45" outdoor="10.50" />
                <lowpassCutoffFrequency indoor="500" outdoor="800"/>
                <lowpassResonance indoor="1" outdoor="1"/>
			</retarder>
			
			<!-- <Motorkuehler> -->
			
			<gearbox  file="$data/vehicles/volvo/lm845/sounds/Fan_loop.gls" linkNodeOffset="0 1.5 1.8" loopSynthesisRPMRatio="0.92" pitchScale="1.15" volumeScale="0.9" innerRadius="0.2" outerRadius="25" fadeIn="3" fadeOut="1.5" >
                
                <lowpassResonance indoor="0" outdoor="0"/>
                <volume indoor="0.20" outdoor="1.20" >
                    <modifier type="DIFFERENTIAL_SPEED" value="0.0"  modifiedValue="0.80" />
                    <modifier type="DIFFERENTIAL_SPEED" value="10.0" modifiedValue="0.70" />
                    <modifier type="DIFFERENTIAL_SPEED" value="25.0" modifiedValue="0.75" />
                    <modifier type="DIFFERENTIAL_SPEED" value="53.0" modifiedValue="1.25" />

                    <modifier type="MOTOR_LOAD" value="0.00"   modifiedValue="1.20" />
                    <modifier type="MOTOR_LOAD" value="0.35"  modifiedValue="1.00" />
                    <modifier type="MOTOR_LOAD" value="0.75"  modifiedValue="1.20" />
                    <modifier type="MOTOR_LOAD" value="1.00" modifiedValue="1.40" />
                </volume>
				<loopSynthesisRpm>
                    <modifier type="MOTOR_RPM" value="0.0" modifiedValue="0.2" />
                    <modifier type="MOTOR_RPM" value="1.0" modifiedValue="1.0" />
                </loopSynthesisRpm>
                <pitch>
                    <modifier type="SUSPENSION" value="-0.08" modifiedValue="0.9" />
                    <modifier type="SUSPENSION" value="-0.02" modifiedValue="0.95" />
                    <modifier type="SUSPENSION" value="0.0" modifiedValue="1.0" />
                    <modifier type="SUSPENSION" value="0.02" modifiedValue="1.05" />
                    <modifier type="SUSPENSION" value="0.08" modifiedValue="1.1" />
                </pitch>
				<lowpassGain indoor="0.45" outdoor="1.4" />
                <lowpassCutoffFrequency indoor="500" outdoor="1000"/>
            </gearbox>
			
			<!-- <Getriebe> -->
			
			<gearbox  file="sounds/FD_P1006_6T_gtr.gls" linkNodeOffset="0.0 1.3 -0.3" pitchScale="1.0" fadeIn="0.5" volumeScale="1.0" innerRadius="1" outerRadius="55" supportsReverb="false">
                <volume indoor="2.17" outdoor="3.6" >
                    <modifier type="SPEED" value="1.0" modifiedValue="0.1" />
					<modifier type="SPEED" value="16.0" modifiedValue="0.5" />
					<modifier type="SPEED" value="30.0" modifiedValue="1.2" />
					<modifier type="SPEED" value="43.0" modifiedValue="1.5" />
					<modifier type="DRIVING_DIRECTION" value="-1.0" modifiedValue="1.0" />
					<modifier type="DRIVING_DIRECTION" value="0.00" modifiedValue="0.0" />
					<modifier type="DRIVING_DIRECTION" value="1.00" modifiedValue="1.0" />
				</volume>
				<loopSynthesisRpm>
                    <modifier type="SPEED" value="0.0" modifiedValue="0.0" />
					<modifier type="SPEED" value="40.0" modifiedValue="0.98" />
                </loopSynthesisRpm>
				<loopSynthesisLoad>
					<modifier type="MOTOR_LOAD" value="-0.9" modifiedValue="0.2" />
                    <modifier type="MOTOR_LOAD" value="0.0" modifiedValue="0.00" />
					<modifier type="MOTOR_LOAD" value="0.3" modifiedValue="0.35" />
					<modifier type="MOTOR_LOAD" value="0.5" modifiedValue="0.65" />
                    <modifier type="MOTOR_LOAD" value="0.6" modifiedValue="0.85" />
                    <modifier type="MOTOR_LOAD" value="1.0" modifiedValue="1.0" />
                </loopSynthesisLoad>
				<pitch>
                    <modifier type="SUSPENSION" value="-0.08" modifiedValue="1.08" />
                    <modifier type="SUSPENSION" value="-0.02" modifiedValue="1.06" />
                    <modifier type="SUSPENSION" value="0.0" modifiedValue="1.0" />
                    <modifier type="SUSPENSION" value="0.02" modifiedValue="1.06" />
                    <modifier type="SUSPENSION" value="0.08" modifiedValue="1.08" />

                    <modifier type="DRIVING_DIRECTION" value="-1.0" modifiedValue="1.1" />
                    <modifier type="DRIVING_DIRECTION" value="0.00" modifiedValue="1.0" />
                    <modifier type="DRIVING_DIRECTION" value="1.00" modifiedValue="1.0" />
                </pitch>

                <lowpassGain indoor="0.45" outdoor="0.90" />
                <lowpassCutoffFrequency indoor="400" outdoor="600"/>
                <lowpassResonance indoor="2" outdoor="2"/>
            </gearbox>
            <gearbox file="$data/vehicles/valtra/tSeries/sounds/Transmission_loop.gls" linkNodeOffset="-0.65 0.5 -1" pitchScale="0.75" volumeScale="2.7" innerRadius="1" outerRadius="40" fadeIn="0.9" fadeOut="1">
                <loopSynthesisRpm>
                    <modifier type="DIFFERENTIAL_SPEED" value="0.0" modifiedValue="0.0" />
                    <modifier type="DIFFERENTIAL_SPEED" value="26.0" modifiedValue="0.5" />
                    <modifier type="DIFFERENTIAL_SPEED" value="53.0" modifiedValue="1.0" />
                </loopSynthesisRpm>
                <volume indoor="0.15" outdoor="1" >
                    <modifier type="DIFFERENTIAL_SPEED" value="0.0"  modifiedValue="0.10" />
                    <modifier type="DIFFERENTIAL_SPEED" value="5.0"  modifiedValue="0.40" />
                    <modifier type="DIFFERENTIAL_SPEED" value="10.0" modifiedValue="0.65" />
                    <modifier type="DIFFERENTIAL_SPEED" value="25.0" modifiedValue="0.90" />
                    <modifier type="DIFFERENTIAL_SPEED" value="53.0" modifiedValue="1.20" />

                    <modifier type="MOTOR_LOAD" value="-1.00" modifiedValue="1.0" />
                    <modifier type="MOTOR_LOAD" value="0.00"  modifiedValue="1.0" />
                    <modifier type="MOTOR_LOAD" value="0.20"  modifiedValue="1.0" />
                    <modifier type="MOTOR_LOAD" value="0.30"  modifiedValue="1.2" />
                    <modifier type="MOTOR_LOAD" value="0.45"  modifiedValue="1.0" />
                    <modifier type="MOTOR_LOAD" value="0.80"  modifiedValue="0.75" />
                    <modifier type="MOTOR_LOAD" value="1.00"  modifiedValue="0.65" />
                </volume>
                <pitch>
                    <modifier type="SUSPENSION" value="-0.08" modifiedValue="1.07" />
                    <modifier type="SUSPENSION" value="-0.02" modifiedValue="1.05" />
                    <modifier type="SUSPENSION" value="0.0" modifiedValue="1.0" />
                    <modifier type="SUSPENSION" value="0.02" modifiedValue="1.05" />
                    <modifier type="SUSPENSION" value="0.08" modifiedValue="1.08" />
                </pitch>
            </gearbox>
			
			<!-- <Innengereuche> -->
			
			<gearbox file="$data/vehicles/valtra/tSeries/sounds/Cabin_loop.gls" linkNodeOffset="0.65 2.5 -1" volumeScale="1.6" pitchScale="1.0" innerRadius="0.8" supportsReverb="false" fadeIn="0.8" fadeOut="1">
                <volume indoor="1" outdoor="0" >
                    <modifier type="DIFFERENTIAL_SPEED" value="0.0"  modifiedValue="1.00" />
                    <modifier type="DIFFERENTIAL_SPEED" value="10.0" modifiedValue="1.00" />
                    <modifier type="DIFFERENTIAL_SPEED" value="25.0" modifiedValue="1.30" />
                    <modifier type="DIFFERENTIAL_SPEED" value="53.0" modifiedValue="1.40" />
                </volume>
                <pitch>
                    <modifier type="SUSPENSION" value="-0.08" modifiedValue="1.05" />
                    <modifier type="SUSPENSION" value="-0.02" modifiedValue="1.03" />
                    <modifier type="SUSPENSION" value="0.0"   modifiedValue="1.0" />
                    <modifier type="SUSPENSION" value="0.02"  modifiedValue="0.98" />
                    <modifier type="SUSPENSION" value="0.08"  modifiedValue="0.95" />
                </pitch>
                <loopSynthesisRpm>
                    <modifier type="DIFFERENTIAL_SPEED" value="0.0" modifiedValue="0.0" />
                    <modifier type="DIFFERENTIAL_SPEED" value="26.0" modifiedValue="0.5" />
                    <modifier type="DIFFERENTIAL_SPEED" value="53.0" modifiedValue="1.0" />
                </loopSynthesisRpm>
            </gearbox>
            <gearbox file="$data/vehicles/valtra/tSeries/sounds/Cabin_loop.gls" linkNodeOffset="-0.65 2.5 -1" volumeScale="1.6" pitchScale="0.90" innerRadius="0.8" supportsReverb="false" fadeIn="0.8" fadeOut="1">
                <volume indoor="1" outdoor="0" >
                    <modifier type="DIFFERENTIAL_SPEED" value="0.0"  modifiedValue="1.00" />
                    <modifier type="DIFFERENTIAL_SPEED" value="10.0" modifiedValue="1.00" />
                    <modifier type="DIFFERENTIAL_SPEED" value="25.0" modifiedValue="1.30" />
                    <modifier type="DIFFERENTIAL_SPEED" value="53.0" modifiedValue="1.40" />
                </volume>
                <pitch>
                    <modifier type="SUSPENSION" value="-0.08" modifiedValue="1.05" />
                    <modifier type="SUSPENSION" value="-0.02" modifiedValue="1.03" />
                    <modifier type="SUSPENSION" value="0.0"   modifiedValue="1.0" />
                    <modifier type="SUSPENSION" value="0.02"  modifiedValue="0.98" />
                    <modifier type="SUSPENSION" value="0.08"  modifiedValue="0.95" />
                </pitch>
                <loopSynthesisRpm>
                    <modifier type="DIFFERENTIAL_SPEED" value="0.0" modifiedValue="0.0" />
                    <modifier type="DIFFERENTIAL_SPEED" value="26.0" modifiedValue="0.5" />
                    <modifier type="DIFFERENTIAL_SPEED" value="53.0" modifiedValue="1.0" />
                </loopSynthesisRpm>
            </gearbox>
			
			<!-- <Druckluft> -->
			
            <compressedAir file="$data/sounds/vehicles/shared/airBrakeDetach.ogg" innerRadius="5.0" outerRadius="40.0" >
				<volume indoor="0.18" outdoor="0.60"/>
				<pitch indoor="0.9" outdoor="0.95" />
				<lowpassGain indoor="0.70" outdoor="11.1" />
			</compressedAir>
			
            <airCompressorRun file="$data/sounds/vehicles/compressor/compressorLoop2.wav"  linkNodeOffset="0 0.0 -0.5" outerRadius="23.0" innerRadius="1" >
				<volume indoor="0.85" outdoor="2.15" >
					<modifier type="MOTOR_RPM" value="0.0" modifiedValue="1.0" />
					<modifier type="MOTOR_RPM" value="0.2" modifiedValue="0.9" />
					<modifier type="MOTOR_RPM" value="0.4" modifiedValue="0.8" />
					<modifier type="MOTOR_RPM" value="0.5" modifiedValue="0.65" />
					<modifier type="MOTOR_RPM" value="1.0" modifiedValue="0.6" />
				</volume>	
				<pitch indoor="1.0" outdoor="1.0" >
					<modifier type="MOTOR_RPM" value="0.0" modifiedValue="0.73" />
					<modifier type="MOTOR_RPM" value="1.0" modifiedValue="1.25" />
				</pitch>
				<lowpassGain indoor="0.5" outdoor="10.7" />
				<lowpassCutoffFrequency indoor="700" outdoor="200.0" />
				<lowpassResonance indoor="1.0" outdoor="1.0"/>
			</airCompressorRun>
			
			<!-- <Gangwechsel> -->

            <gearLeverEnd file="$data/sounds/vehicles/gearShift/gearEngaged01.wav" innerRadius="23" outerRadius="80.0" fadeOut="0.0" volumeScale="1">
				<volume indoor="1" outdoor="0.1" />
				<pitch indoor="1.0" outdoor="1.0" />
				<lowpassGain indoor="0.3" outdoor="1.0" />
				<sourceRandomization file="$data/sounds/vehicles/gearShift/gearEngaged02.wav"/>
				<sourceRandomization file="$data/sounds/vehicles/gearShift/gearEngaged03.wav"/>
				<sourceRandomization file="$data/sounds/vehicles/gearShift/gearEngaged04.wav"/>
				<sourceRandomization file="$data/sounds/vehicles/gearShift/gearEngaged05.wav"/>
			</gearLeverEnd>
			<gearGroupLeverEnd file="$data/sounds/vehicles/gearShift/gearEngaged03.wav" innerRadius="23" outerRadius="80.0" fadeOut="0.0" volumeScale="1">
				<volume indoor="1" outdoor="0.1" />
				<pitch indoor="1.0" outdoor="1.0" />
				<lowpassGain indoor="0.3" outdoor="1.0" />
				<sourceRandomization file="$data/sounds/vehicles/gearShift/gearEngaged02.wav"/>
				<sourceRandomization file="$data/sounds/vehicles/gearShift/gearEngaged01.wav"/>
				<sourceRandomization file="$data/sounds/vehicles/gearShift/gearEngaged04.wav"/>
				<sourceRandomization file="$data/sounds/vehicles/gearShift/gearEngaged05.wav"/>
			</gearGroupLeverEnd>
			
        </sounds>
    </motorized>

    <lights>
        <sounds>
            <toggleLights template="SWITCH_01"  />
            <turnLight template="SWITCH_TURNLIGHT"  />
        </sounds>
    </lights>

    <attacherJoints>
        <sounds>
            <attach template="ATTACH_01" />
            <hydraulic template="defaultHydraulicSound" />
        </sounds>
    </attacherJoints>

    <drivable>
        <sounds>
            <waterSplash template="WATER_SPLASH_01" />
        </sounds>
    </drivable>

    <honk>
        <sound template="HONK_VALTRA" />
    </honk>
</sounds>