﻿<?xml version="1.0" encoding="utf-8" standalone="no" ?>
<modDesc descVersion="64">
    <author>DB Modding</author>
    <version>1.0.0.0</version>
    <title>
        <en>New Holland TC5 Series</en>
    </title>
    <description>
<en>
<![CDATA[
TC5.70:
- Price: 140,000 $
- Engine power: 175 hp
- Maximum speed: 25 kph
- Grain tank capacity: 5200l
- Fuel tank capacity: 300l

TC5.80:
- Price: 150,000 $
- Engine power: 227 hp
- Maximum speed: 30 kph
- Grain tank capacity: 6400l
- Fuel tank capacity: 400l

TC5.90:
- Price: 155,000 $
- Engine power: 258 hp
- Maximum speed: 30 kph
- Grain tank capacity: 6400l
- Fuel tank capacity: 400l

- models: TC5.70, TC5.80, TC5.90
- lighting configurations
- color configurations for combine and wheels
- wheels:
TRELLEBORG
MICHELIN
MITAS
CONTINENTAL
BKT
VREDESTEIN

New Holland Varifeed 18:
- Price: 30,000 $
- Working width: 5.5m
- color configurations

- This harvester is prepared with mouse control to open the armrest and passenger seat.
]]>
</en>
<de>
<![CDATA[
TC5.70:
- Preis: 140000 €
- Motorleistung: 175 PS
- Höchstgeschwindigkeit: 25 km/h
- Getreidetankinhalt: 5200l
- Kraftstofftankinhalt: 300l

TC5.80:
- Preis: 150000 €
- Motorleistung: 227 PS
- Höchstgeschwindigkeit: 30 km/h
- Getreidetankinhalt: 6400l
- Kraftstofftankinhalt: 400l

TC5.90:
- Preis: 155000 €
- Motorleistung: 258 PS
- Höchstgeschwindigkeit: 30 km/h
- Getreidetankinhalt: 6400l
- Kraftstofftankinhalt: 400l

- Modelle: TC5.70, TC5.80, TC5.90
- Beleuchtungskonfigurationen
- Farbkonfigurationen für Mähdrescher und Räder
- Räder:
TRELLEBORG
MICHELIN
MITAS
CONTINENTAL
BKT
VREDESTEIN

New Holland Varifeed 18:
- Preis: 30000 €
- Arbeitsbreite: 5,5 m
- Farbkonfigurationen

- Dieser Drescher ist mit Maussteuerung vorbereitet, um die Armlehne und den Beifahrersitz zu öffnen.
]]>
</de>
<fr>
<![CDATA[
TC5.70:
- Prix: 140000 €
- Puissance moteur: 175 CV
- Vitesse maximale: 25 km / h
- Capacité du réservoir à grains: 5200l
- Capacité du réservoir de carburant: 300l

TC5.80:
- Prix: 150.000 €
- Puissance moteur: 227 CV
- Vitesse maximale: 30 km / h
- Capacité du réservoir à grains: 6400l
- Capacité du réservoir de carburant: 400l

TC5.90:
- Prix: 155.000 €
- Puissance moteur: 258 CV
- Vitesse maximale: 30 km / h
- Capacité du réservoir à grains: 6400l
- Capacité du réservoir de carburant: 400l

- modèles : TC5.70, TC5.80, TC5.90
- configurations d'éclairage
- configurations de couleurs pour moissonneuse-batteuse et roues
- roues:
TRELLEBORG
MICHELIN
MITAS
CONTINENTAL
BKT
VREDESTEIN

New Holland Varifeed 18:
- Prix: 30.000 €
- Largeur de travail: 5,5 m
- Configurations de couleurs

- Cette moissonneuse est préparée avec le contrôle de la souris pour ouvrir l'accoudoir et le siège passager.
]]>
</fr>
<pl>
<![CDATA[
TC5.70:
- cena: 140.000 €
- moc silnika: 175 km
- maksymalna prędkość: 25km / h
- pojemność zbiornika na ziarno: 5200l
- pojemność zbiornika paliwa: 300l

TC5.80:
- cena: 150.000 €
- moc silnika: 227 km
- maksymalna prędkość: 30km / h
- pojemność zbiornika na ziarno: 6400l
- pojemność zbiornika paliwa: 400l

TC5.90:
- cena: 155.000 €
- moc silnika: 258 km
- maksymalna prędkość: 30km / h
- pojemność zbiornika na ziarno: 6400l
- pojemność zbiornika paliwa: 400l

- modele: TC5.70, TC5.80, TC5.90
- konfiguracja oświetlenia
- konfiguracja koloru kombajnu i kół
- koła:
TRELLEBORG
MICHELIN
MITAS
CONTINENTAL
BKT
VREDESTEIN

New Holland Varifeed 18:
Cena: 30.000€
Szerokość robocza: 5.5m
- konfiguracje kolorów


- Ten kombajn jest przygotowany do otwierania za pomocą myszy podłokietnika i siedzenia pasażera.
]]>
</pl>
</description>
	
	<l10n>
		<text name="configuration_swiatlorura"><en>Pipe lighting</en><de>Rohrbeleuchtung</de><pl>Oświetlenie rury</pl></text>
		<text name="configuration_swiatlo360"><en>360 lighting</en><de>360 Beleuchtung</de><pl>Oświetlenie 360</pl></text>
		<text name="colorYellow1"><en>YELLOW 1</en><de>GELB 1</de><pl>ŻÓŁTY 1</pl></text>
		<text name="colorYellow2"><en>YELLOW 2</en><de>GELB 2</de><pl>ŻÓŁTY 2</pl></text>
		<text name="colorYellow3"><en>YELLOW 3</en><de>GELB 3</de><pl>ŻÓŁTY 3</pl></text>
		<text name="colorBlack1"><en>BLACK</en><de>SCHWARZ</de><pl>CZARNY</pl></text>
		<text name="colorWhite1"><en>WHITE 1</en><de>WEISS 1 </de><pl>BIAŁY 1</pl></text>
		<text name="colorWhite2"><en>WHITE 2</en><de>WEISS 2</de><pl>BIAŁY 2</pl></text>
		<text name="colorChrome1"><en>CHROME 1</en><de>CHROM 1</de><pl>CHROM 1</pl></text>
		<text name="colorChrome2"><en>CHROME 2</en><de>CHROM 2</de><pl>CHROM 2</pl></text>
	</l10n>
	
    <iconFilename>icon_newHollandTC.dds</iconFilename>
    <multiplayer supported="true" />

    <storeItems>
        <storeItem xmlFilename="newHollandTC590.xml"/>
		<storeItem xmlFilename="varifeed18.xml"/>
    </storeItems>
</modDesc>
