﻿<?xml version="1.0" encoding="utf-8" standalone="no"?>
<vehicle type="combineDrivable" xmlns:xsi="http://www.w3.org/2001/XMLSchema-instance" xsi:noNamespaceSchemaLocation="../../../../shared/xml/schema/vehicle.xsd">
    <annotation>Copyright (C) GIANTS Software GmbH, All Rights Reserved.</annotation>

    <storeData>
        <name>TC5 Series</name>
        <specs>
            <power>175</power>
            <maxSpeed>25</maxSpeed>
			<combination xmlFilename="varifeed18.xml"/>
			<combination xmlFilename="$data/vehicles/ziegler/cornChampion5R/cornChampion5R.xml"/>
            <combination xmlFilename="$data/vehicles/nardi/n20T/n20T.xml"/>
        </specs>
        <functions>
            <function>$l10n_function_combine</function>
            <function>$l10n_function_combineNeedsCutter</function>
        </functions>
        <image>huds/store_newHollandTC.png</image>
        <price>140000</price>
        <lifetime>600</lifetime>
        <rotation>0</rotation>
        <brand>NEWHOLLAND</brand>
        <category>harvesters</category>
		<shopFoldingState>1</shopFoldingState>
        <vertexBufferMemoryUsage>2181632</vertexBufferMemoryUsage>
        <indexBufferMemoryUsage>365824</indexBufferMemoryUsage>
        <textureMemoryUsage>3735552</textureMemoryUsage>
        <audioMemoryUsage>346810</audioMemoryUsage>
        <instanceVertexBufferMemoryUsage>0</instanceVertexBufferMemoryUsage>
        <instanceIndexBufferMemoryUsage>0</instanceIndexBufferMemoryUsage>
    </storeData>

    <base>
        <typeDesc>$l10n_typeDesc_combine</typeDesc>
        <filename>newHollandTC590.i3d</filename>
		<sounds filename="sounds/tcSeries.xml"/>
        <size width="4.2" length="9" lengthOffset="-0.5"/>
        <components>
            <component centerOfMass="0 0.95 -0.1" solverIterationCount="20" mass="6500"/>
            <component centerOfMass="0 0 0" solverIterationCount="20" mass="3500"/>
            <joint component1="1" component2="2" node="componentJoint" rotLimit="0 0 12" transLimit="0 0 0" maxRotDriveForce="0 0 40" rotDriveRotation="- - 0" rotDriveSpring="0 0 20" rotDriveDamping="0 0 20"/>
        </components>
        <schemaOverlay attacherJointPosition="0 0" name="HARVESTER" />
		<mapHotspot type="HARVESTER" />
    </base>

    <powerConsumer ptoRpm="350" neededMaxPtoPower="10"/>
	
	<configurationSets>
        <configurationSet name="TC 5.70" >
            <configuration name="fillUnit" index="1" />
            <configuration name="motor" index="1" />
		</configurationSet>		
        <configurationSet name="TC 5.80">
            <configuration name="fillUnit" index="2" />
            <configuration name="motor" index="2" />
        </configurationSet>
		<configurationSet name="TC 5.90">
            <configuration name="fillUnit" index="2" />
            <configuration name="motor" index="3" />
        </configurationSet>
    </configurationSets>

    <wheels>
        <wheelConfigurations>
            <wheelConfiguration name="$l10n_configuration_valueWheelNarrow" price="0" brand="TRELLEBORG">
                <wheels autoRotateBackSpeed="1.7">
                    <wheel filename="$data/shared/wheels/tires/trelleborg/TM2000/650_75R32.xml" isLeft="true" hasTireTracks="true" hasParticles="true">
                        <physics tipOcclusionAreaGroupId="1" rotSpeed="0" restLoad="1.6" repr="wheelFrontLeft" forcePointRatio="0.2" initialCompression="40" suspTravel="0.15" spring="40" damper="60"/>
                    </wheel>
                    <wheel filename="$data/shared/wheels/tires/trelleborg/TM2000/650_75R32.xml" isLeft="false" hasTireTracks="true" hasParticles="true">
                        <physics tipOcclusionAreaGroupId="1" rotSpeed="0" restLoad="1.6" repr="wheelFrontRight" forcePointRatio="0.2" initialCompression="40" suspTravel="0.15" spring="40" damper="60"/>
                    </wheel>
                    <wheel filename="$data/shared/wheels/tires/trelleborg/TM800/440_65R24.xml" isLeft="true" hasTireTracks="true" hasParticles="true">
                        <physics tipOcclusionAreaGroupId="1" rotSpeed="-1" restLoad="3.8" repr="wheelBackLeft" driveNode="wheelLeftDummy" forcePointRatio="0.2" initialCompression="50" suspTravel="0.1" spring="65" damper="60" yOffset="0.05"/>
                    </wheel>
                    <wheel filename="$data/shared/wheels/tires/trelleborg/TM800/440_65R24.xml" isLeft="false" hasTireTracks="true" hasParticles="true">
                        <physics tipOcclusionAreaGroupId="1" rotSpeed="-1" restLoad="3.8" repr="wheelBackRight" driveNode="wheelRightDummy" forcePointRatio="0.2" initialCompression="50" suspTravel="0.1" spring="65" damper="60" yOffset="0.05"/>
                    </wheel>
                </wheels>
				<objectChange node="0>0|0|0" visibilityActive="true" />
				<objectChange node="0>0|0|1" visibilityActive="true" />
				<objectChange node="0>0|0|2" visibilityActive="false" />
				<objectChange node="0>0|0|3" visibilityActive="false" />
				<objectChange node="1>0|0|0|0" visibilityActive="true" />
				<objectChange node="1>1|0|0|0" visibilityActive="true" />
				<objectChange node="1>0|0|0|1" visibilityActive="false" />
				<objectChange node="1>1|0|0|1" visibilityActive="false" />
				<objectChange node="1>0|0|0|2" visibilityActive="false" />
				<objectChange node="1>1|0|0|2" visibilityActive="false" />
            </wheelConfiguration>
			<wheelConfiguration name="$l10n_configuration_valueDefault" price="500" brand="TRELLEBORG">
                <wheels autoRotateBackSpeed="1.7">
                    <wheel filename="$data/shared/wheels/tires/trelleborg/TM2000/710_75R32.xml" isLeft="true" hasTireTracks="true" hasParticles="true">
                        <physics tipOcclusionAreaGroupId="1" rotSpeed="0" restLoad="1.6" repr="wheelFrontLeft" forcePointRatio="0.2" initialCompression="40" suspTravel="0.15" spring="40" damper="60"/>
                    </wheel>
                    <wheel filename="$data/shared/wheels/tires/trelleborg/TM2000/710_75R32.xml" isLeft="false" hasTireTracks="true" hasParticles="true">
                        <physics tipOcclusionAreaGroupId="1" rotSpeed="0" restLoad="1.6" repr="wheelFrontRight" forcePointRatio="0.2" initialCompression="40" suspTravel="0.15" spring="40" damper="60"/>
                    </wheel>
                    <wheel filename="$data/shared/wheels/tires/trelleborg/TM800/540_65R24.xml" isLeft="true" hasTireTracks="true" hasParticles="true">
                        <physics tipOcclusionAreaGroupId="1" rotSpeed="-1" restLoad="3.8" repr="wheelBackLeft" driveNode="wheelLeftDummy" forcePointRatio="0.2" initialCompression="50" suspTravel="0.1" spring="65" damper="60" yOffset="0.05"/>
                    </wheel>
                    <wheel filename="$data/shared/wheels/tires/trelleborg/TM800/540_65R24.xml" isLeft="false" hasTireTracks="true" hasParticles="true">
                        <physics tipOcclusionAreaGroupId="1" rotSpeed="-1" restLoad="3.8" repr="wheelBackRight" driveNode="wheelRightDummy" forcePointRatio="0.2" initialCompression="50" suspTravel="0.1" spring="65" damper="60" yOffset="0.05"/>
                    </wheel>
                </wheels>
				<objectChange node="0>0|0|0" visibilityActive="true" />
				<objectChange node="0>0|0|1" visibilityActive="true" />
				<objectChange node="0>0|0|2" visibilityActive="false" />
				<objectChange node="0>0|0|3" visibilityActive="false" />
				<objectChange node="1>0|0|0|0" visibilityActive="true" />
				<objectChange node="1>1|0|0|0" visibilityActive="true" />
				<objectChange node="1>0|0|0|1" visibilityActive="false" />
				<objectChange node="1>1|0|0|1" visibilityActive="false" />
				<objectChange node="1>0|0|0|2" visibilityActive="false" />
				<objectChange node="1>1|0|0|2" visibilityActive="false" />
            </wheelConfiguration>
			<wheelConfiguration name="$l10n_configuration_valueWheelBroad" price="1000" brand="TRELLEBORG">
                <wheels autoRotateBackSpeed="1.7">
                    <wheel filename="$data/shared/wheels/tires/trelleborg/TM2000/800_65R32.xml" isLeft="true" hasTireTracks="true" hasParticles="true">
                        <physics tipOcclusionAreaGroupId="1" rotSpeed="0" restLoad="1.6" repr="wheelFrontLeft" forcePointRatio="0.2" initialCompression="40" suspTravel="0.15" spring="40" damper="60"/>
                    </wheel>
                    <wheel filename="$data/shared/wheels/tires/trelleborg/TM2000/800_65R32.xml" isLeft="false" hasTireTracks="true" hasParticles="true">
                        <physics tipOcclusionAreaGroupId="1" rotSpeed="0" restLoad="1.6" repr="wheelFrontRight" forcePointRatio="0.2" initialCompression="40" suspTravel="0.15" spring="40" damper="60"/>
                    </wheel>
                    <wheel filename="$data/shared/wheels/tires/trelleborg/TM800/540_65R24.xml" isLeft="true" hasTireTracks="true" hasParticles="true">
                        <physics tipOcclusionAreaGroupId="1" rotSpeed="-1" restLoad="3.8" repr="wheelBackLeft" driveNode="wheelLeftDummy" forcePointRatio="0.2" initialCompression="50" suspTravel="0.1" spring="65" damper="60" yOffset="0.05"/>
                    </wheel>
                    <wheel filename="$data/shared/wheels/tires/trelleborg/TM800/540_65R24.xml" isLeft="false" hasTireTracks="true" hasParticles="true">
                        <physics tipOcclusionAreaGroupId="1" rotSpeed="-1" restLoad="3.8" repr="wheelBackRight" driveNode="wheelRightDummy" forcePointRatio="0.2" initialCompression="50" suspTravel="0.1" spring="65" damper="60" yOffset="0.05"/>
                    </wheel>
                </wheels>
				<objectChange node="0>0|0|0" visibilityActive="true" />
				<objectChange node="0>0|0|1" visibilityActive="true" />
				<objectChange node="0>0|0|2" visibilityActive="false" />
				<objectChange node="0>0|0|3" visibilityActive="false" />
				<objectChange node="1>0|0|0|0" visibilityActive="true" />
				<objectChange node="1>1|0|0|0" visibilityActive="true" />
				<objectChange node="1>0|0|0|1" visibilityActive="false" />
				<objectChange node="1>1|0|0|1" visibilityActive="false" />
				<objectChange node="1>0|0|0|2" visibilityActive="false" />
				<objectChange node="1>1|0|0|2" visibilityActive="false" />
            </wheelConfiguration>
			<wheelConfiguration name="$l10n_configuration_valueWheelBroad" price="500" brand="MITAS">
                <wheels autoRotateBackSpeed="1.7">
                    <wheel filename="$data/shared/wheels/tires/mitas/SFT/800_70R32.xml" isLeft="true" hasTireTracks="true" hasParticles="true">
                        <physics tipOcclusionAreaGroupId="1" rotSpeed="0" restLoad="1.6" repr="0>0|0|2" radius="0.88" forcePointRatio="0.2" initialCompression="40" suspTravel="0.15" spring="40" damper="60"/>
                    </wheel>
                    <wheel filename="$data/shared/wheels/tires/mitas/SFT/800_70R32.xml" isLeft="false" hasTireTracks="true" hasParticles="true">
                        <physics tipOcclusionAreaGroupId="1" rotSpeed="0" restLoad="1.6" repr="0>0|0|3" radius="0.88" forcePointRatio="0.2" initialCompression="40" suspTravel="0.15" spring="40" damper="60"/>
                    </wheel>
                    <wheel filename="$data/shared/wheels/tires/mitas/SFT/540_65R28.xml" isLeft="true" hasTireTracks="true" hasParticles="true">
                        <physics tipOcclusionAreaGroupId="1" rotSpeed="-1" restLoad="3.8" repr="wheelBackLeft" driveNode="1>0|0|0|2" radius="0.6" forcePointRatio="0.2" initialCompression="50" suspTravel="0.1" spring="65" damper="60" yOffset="0.05"/>
                    </wheel>
                    <wheel filename="$data/shared/wheels/tires/mitas/SFT/540_65R28.xml" isLeft="false" hasTireTracks="true" hasParticles="true">
                        <physics tipOcclusionAreaGroupId="1" rotSpeed="-1" restLoad="3.8" repr="wheelBackRight" driveNode="1>1|0|0|2" radius="0.6" forcePointRatio="0.2" initialCompression="50" suspTravel="0.1" spring="65" damper="60" yOffset="0.05"/>
                    </wheel>
                </wheels>
				<objectChange node="0>0|0|0" visibilityActive="false" />
				<objectChange node="0>0|0|1" visibilityActive="false" />
				<objectChange node="0>0|0|2" visibilityActive="true" />
				<objectChange node="0>0|0|3" visibilityActive="true" />
				<objectChange node="1>0|0|0|0" visibilityActive="false" />
				<objectChange node="1>1|0|0|0" visibilityActive="false" />
				<objectChange node="1>0|0|0|1" visibilityActive="false" />
				<objectChange node="1>1|0|0|1" visibilityActive="false" />
				<objectChange node="1>0|0|0|2" visibilityActive="true" />
				<objectChange node="1>1|0|0|2" visibilityActive="true" />
            </wheelConfiguration>
			<wheelConfiguration name="$l10n_configuration_valueDefault" price="0" brand="MICHELIN">
                <wheels autoRotateBackSpeed="1.7">
                    <wheel filename="$data/shared/wheels/tires/michelin/megaXbib/650_75R32.xml" isLeft="true" hasTireTracks="true" hasParticles="true">
                        <physics tipOcclusionAreaGroupId="1" rotSpeed="0" restLoad="1.6" repr="wheelFrontLeft" forcePointRatio="0.2" initialCompression="40" suspTravel="0.15" spring="40" damper="60"/>
                    </wheel>
                    <wheel filename="$data/shared/wheels/tires/michelin/megaXbib/650_75R32.xml" isLeft="false" hasTireTracks="true" hasParticles="true">
                        <physics tipOcclusionAreaGroupId="1" rotSpeed="0" restLoad="1.6" repr="wheelFrontRight" forcePointRatio="0.2" initialCompression="40" suspTravel="0.15" spring="40" damper="60"/>
                    </wheel>
                    <wheel filename="$data/shared/wheels/tires/michelin/multibib/440_65R24.xml" isLeft="true" hasTireTracks="true" hasParticles="true">
                        <physics tipOcclusionAreaGroupId="1" rotSpeed="-1" restLoad="3.8" repr="wheelBackLeft" driveNode="wheelLeftDummy" forcePointRatio="0.2" initialCompression="50" suspTravel="0.1" spring="65" damper="60" yOffset="0.05"/>
                    </wheel>
                    <wheel filename="$data/shared/wheels/tires/michelin/multibib/440_65R24.xml" isLeft="false" hasTireTracks="true" hasParticles="true">
                        <physics tipOcclusionAreaGroupId="1" rotSpeed="-1" restLoad="3.8" repr="wheelBackRight" driveNode="wheelRightDummy" forcePointRatio="0.2" initialCompression="50" suspTravel="0.1" spring="65" damper="60" yOffset="0.05"/>
                    </wheel>
                </wheels>
				<objectChange node="0>0|0|0" visibilityActive="true" />
				<objectChange node="0>0|0|1" visibilityActive="true" />
				<objectChange node="0>0|0|2" visibilityActive="false" />
				<objectChange node="0>0|0|3" visibilityActive="false" />
				<objectChange node="1>0|0|0|0" visibilityActive="true" />
				<objectChange node="1>1|0|0|0" visibilityActive="true" />
				<objectChange node="1>0|0|0|1" visibilityActive="false" />
				<objectChange node="1>1|0|0|1" visibilityActive="false" />
				<objectChange node="1>0|0|0|2" visibilityActive="false" />
				<objectChange node="1>1|0|0|2" visibilityActive="false" />
            </wheelConfiguration>
			<wheelConfiguration name="$l10n_configuration_valueWheelBroad" price="1000" brand="MICHELIN">
                <wheels autoRotateBackSpeed="1.7">
                    <wheel filename="$data/shared/wheels/tires/michelin/megaXbib/800_70R32.xml" isLeft="true" hasTireTracks="true" hasParticles="true">
                        <physics tipOcclusionAreaGroupId="1" rotSpeed="0" restLoad="1.6" repr="0>0|0|2" radius="0.87" forcePointRatio="0.2" initialCompression="40" suspTravel="0.15" spring="40" damper="60"/>
                    </wheel>
                    <wheel filename="$data/shared/wheels/tires/michelin/megaXbib/800_70R32.xml" isLeft="false" hasTireTracks="true" hasParticles="true">
                        <physics tipOcclusionAreaGroupId="1" rotSpeed="0" restLoad="1.6" repr="0>0|0|3" radius="0.87" forcePointRatio="0.2" initialCompression="40" suspTravel="0.15" spring="40" damper="60"/>
                    </wheel>
                    <wheel filename="$data/shared/wheels/tires/michelin/multibib/540_65R24.xml" isLeft="true" hasTireTracks="true" hasParticles="true">
                        <physics tipOcclusionAreaGroupId="1" rotSpeed="-1" restLoad="3.8" repr="wheelBackLeft" driveNode="wheelLeftDummy" forcePointRatio="0.2" initialCompression="50" suspTravel="0.1" spring="65" damper="60" yOffset="0.05"/>
                    </wheel>
                    <wheel filename="$data/shared/wheels/tires/michelin/multibib/540_65R24.xml" isLeft="false" hasTireTracks="true" hasParticles="true">
                        <physics tipOcclusionAreaGroupId="1" rotSpeed="-1" restLoad="3.8" repr="wheelBackRight" driveNode="wheelRightDummy" forcePointRatio="0.2" initialCompression="50" suspTravel="0.1" spring="65" damper="60" yOffset="0.05"/>
                    </wheel>
                </wheels>
				<objectChange node="0>0|0|0" visibilityActive="false" />
				<objectChange node="0>0|0|1" visibilityActive="false" />
				<objectChange node="0>0|0|2" visibilityActive="true" />
				<objectChange node="0>0|0|3" visibilityActive="true" />
				<objectChange node="1>0|0|0|0" visibilityActive="true" />
				<objectChange node="1>1|0|0|0" visibilityActive="true" />
				<objectChange node="1>0|0|0|1" visibilityActive="false" />
				<objectChange node="1>1|0|0|1" visibilityActive="false" />
				<objectChange node="1>0|0|0|2" visibilityActive="false" />
				<objectChange node="1>1|0|0|2" visibilityActive="false" />
            </wheelConfiguration>
			
			<wheelConfiguration name="$l10n_configuration_valueWheelNarrow" price="0" brand="CONTINENTAL">
                <wheels autoRotateBackSpeed="1.7">
                    <wheel filename="$data/shared/wheels/tires/continental/combineMaster/650_75R32.xml" isLeft="true" hasTireTracks="true" hasParticles="true">
                        <physics tipOcclusionAreaGroupId="1" rotSpeed="0" restLoad="1.6" repr="wheelFrontLeft" forcePointRatio="0.2" initialCompression="40" suspTravel="0.15" spring="40" damper="60"/>
                    </wheel>
                    <wheel filename="$data/shared/wheels/tires/continental/combineMaster/650_75R32.xml" isLeft="false" hasTireTracks="true" hasParticles="true">
                        <physics tipOcclusionAreaGroupId="1" rotSpeed="0" restLoad="1.6" repr="wheelFrontRight" forcePointRatio="0.2" initialCompression="40" suspTravel="0.15" spring="40" damper="60"/>
                    </wheel>
                    <wheel filename="$data/shared/wheels/tires/continental/tractorMaster/440_65R24.xml" isLeft="true" hasTireTracks="true" hasParticles="true">
                        <physics tipOcclusionAreaGroupId="1" rotSpeed="-1" restLoad="3.8" repr="wheelBackLeft" driveNode="wheelLeftDummy" forcePointRatio="0.2" initialCompression="50" suspTravel="0.1" spring="65" damper="60" yOffset="0.05"/>
                    </wheel>
                    <wheel filename="$data/shared/wheels/tires/continental/tractorMaster/440_65R24.xml" isLeft="false" hasTireTracks="true" hasParticles="true">
                        <physics tipOcclusionAreaGroupId="1" rotSpeed="-1" restLoad="3.8" repr="wheelBackRight" driveNode="wheelRightDummy" forcePointRatio="0.2" initialCompression="50" suspTravel="0.1" spring="65" damper="60" yOffset="0.05"/>
                    </wheel>
                </wheels>
				<objectChange node="0>0|0|0" visibilityActive="true" />
				<objectChange node="0>0|0|1" visibilityActive="true" />
				<objectChange node="0>0|0|2" visibilityActive="false" />
				<objectChange node="0>0|0|3" visibilityActive="false" />
				<objectChange node="1>0|0|0|0" visibilityActive="true" />
				<objectChange node="1>1|0|0|0" visibilityActive="true" />
				<objectChange node="1>0|0|0|1" visibilityActive="false" />
				<objectChange node="1>1|0|0|1" visibilityActive="false" />
				<objectChange node="1>0|0|0|2" visibilityActive="false" />
				<objectChange node="1>1|0|0|2" visibilityActive="false" />
            </wheelConfiguration>
			<wheelConfiguration name="$l10n_configuration_valueWheelBroad" price="1000" brand="CONTINENTAL">
                <wheels autoRotateBackSpeed="1.7">
                    <wheel filename="$data/shared/wheels/tires/continental/combineMaster/800_65R32.xml" isLeft="true" hasTireTracks="true" hasParticles="true">
                        <physics tipOcclusionAreaGroupId="1" rotSpeed="0" restLoad="1.6" repr="wheelFrontLeft" forcePointRatio="0.2" initialCompression="40" suspTravel="0.15" spring="40" damper="60"/>
                    </wheel>
                    <wheel filename="$data/shared/wheels/tires/continental/combineMaster/800_65R32.xml" isLeft="false" hasTireTracks="true" hasParticles="true">
                        <physics tipOcclusionAreaGroupId="1" rotSpeed="0" restLoad="1.6" repr="wheelFrontRight" forcePointRatio="0.2" initialCompression="40" suspTravel="0.15" spring="40" damper="60"/>
                    </wheel>
                    <wheel filename="$data/shared/wheels/tires/continental/tractorMaster/480_65R24.xml" isLeft="true" hasTireTracks="true" hasParticles="true">
                        <physics tipOcclusionAreaGroupId="1" rotSpeed="-1" restLoad="3.8" repr="wheelBackLeft" driveNode="wheelLeftDummy" forcePointRatio="0.2" initialCompression="50" suspTravel="0.1" spring="65" damper="60" yOffset="0.05"/>
                    </wheel>
                    <wheel filename="$data/shared/wheels/tires/continental/tractorMaster/480_65R24.xml" isLeft="false" hasTireTracks="true" hasParticles="true">
                        <physics tipOcclusionAreaGroupId="1" rotSpeed="-1" restLoad="3.8" repr="wheelBackRight" driveNode="wheelRightDummy" forcePointRatio="0.2" initialCompression="50" suspTravel="0.1" spring="65" damper="60" yOffset="0.05"/>
                    </wheel>
                </wheels>
				<objectChange node="0>0|0|0" visibilityActive="true" />
				<objectChange node="0>0|0|1" visibilityActive="true" />
				<objectChange node="0>0|0|2" visibilityActive="false" />
				<objectChange node="0>0|0|3" visibilityActive="false" />
				<objectChange node="1>0|0|0|0" visibilityActive="true" />
				<objectChange node="1>1|0|0|0" visibilityActive="true" />
				<objectChange node="1>0|0|0|1" visibilityActive="false" />
				<objectChange node="1>1|0|0|1" visibilityActive="false" />
				<objectChange node="1>0|0|0|2" visibilityActive="false" />
				<objectChange node="1>1|0|0|2" visibilityActive="false" />
            </wheelConfiguration>
			<wheelConfiguration name="$l10n_configuration_valueDefault" price="0" brand="BKT">
                <wheels autoRotateBackSpeed="1.7">
                    <wheel filename="$data/shared/wheels/tires/bkt/agrimaxTeris/710_75R32.xml" isLeft="true" hasTireTracks="true" hasParticles="true">
                        <physics tipOcclusionAreaGroupId="1" rotSpeed="0" restLoad="1.6" repr="wheelFrontLeft" forcePointRatio="0.2" initialCompression="40" suspTravel="0.15" spring="40" damper="60"/>
                    </wheel>
                    <wheel filename="$data/shared/wheels/tires/bkt/agrimaxTeris/710_75R32.xml" isLeft="false" hasTireTracks="true" hasParticles="true">
                        <physics tipOcclusionAreaGroupId="1" rotSpeed="0" restLoad="1.6" repr="wheelFrontRight" forcePointRatio="0.2" initialCompression="40" suspTravel="0.15" spring="40" damper="60"/>
                    </wheel>
                    <wheel filename="$data/shared/wheels/tires/bkt/multimaxMP522/460_70R24.xml" isLeft="true" hasTireTracks="true" hasParticles="true">
                        <physics tipOcclusionAreaGroupId="1" rotSpeed="-1" restLoad="3.8" repr="wheelBackLeft" driveNode="wheelLeftDummy" forcePointRatio="0.2" initialCompression="50" suspTravel="0.1" spring="65" damper="60" yOffset="0.05"/>
                    </wheel>
                    <wheel filename="$data/shared/wheels/tires/bkt/multimaxMP522/460_70R24.xml" isLeft="false" hasTireTracks="true" hasParticles="true">
                        <physics tipOcclusionAreaGroupId="1" rotSpeed="-1" restLoad="3.8" repr="wheelBackRight" driveNode="wheelRightDummy" forcePointRatio="0.2" initialCompression="50" suspTravel="0.1" spring="65" damper="60" yOffset="0.05"/>
                    </wheel>
                </wheels>
				<objectChange node="0>0|0|0" visibilityActive="true" />
				<objectChange node="0>0|0|1" visibilityActive="true" />
				<objectChange node="0>0|0|2" visibilityActive="false" />
				<objectChange node="0>0|0|3" visibilityActive="false" />
				<objectChange node="1>0|0|0|0" visibilityActive="true" />
				<objectChange node="1>1|0|0|0" visibilityActive="true" />
				<objectChange node="1>0|0|0|1" visibilityActive="false" />
				<objectChange node="1>1|0|0|1" visibilityActive="false" />
				<objectChange node="1>0|0|0|2" visibilityActive="false" />
				<objectChange node="1>1|0|0|2" visibilityActive="false" />
            </wheelConfiguration>
			<wheelConfiguration name="$l10n_configuration_valueDefault" price="0" brand="VREDESTEIN">
                <wheels autoRotateBackSpeed="1.7">
                    <wheel filename="$data/shared/wheels/tires/vredestein/traxionHarvest/650_75R32.xml" isLeft="true" hasTireTracks="true" hasParticles="true">
                        <physics tipOcclusionAreaGroupId="1" rotSpeed="0" restLoad="1.6" repr="wheelFrontLeft" forcePointRatio="0.2" initialCompression="40" suspTravel="0.15" spring="40" damper="60"/>
                    </wheel>
                    <wheel filename="$data/shared/wheels/tires/vredestein/traxionHarvest/650_75R32.xml" isLeft="false" hasTireTracks="true" hasParticles="true">
                        <physics tipOcclusionAreaGroupId="1" rotSpeed="0" restLoad="1.6" repr="wheelFrontRight" forcePointRatio="0.2" initialCompression="40" suspTravel="0.15" spring="40" damper="60"/>
                    </wheel>
                    <wheel filename="$data/shared/wheels/tires/bkt/multimaxMP522/400_80R24.xml" isLeft="true" hasTireTracks="true" hasParticles="true">
                        <physics tipOcclusionAreaGroupId="1" rotSpeed="-1" restLoad="3.8" repr="wheelBackLeft" driveNode="wheelLeftDummy" forcePointRatio="0.2" initialCompression="70" suspTravel="0.1" spring="65" damper="60" yOffset="0.05"/>
                    </wheel>
                    <wheel filename="$data/shared/wheels/tires/bkt/multimaxMP522/400_80R24.xml" isLeft="false" hasTireTracks="true" hasParticles="true">
                        <physics tipOcclusionAreaGroupId="1" rotSpeed="-1" restLoad="3.8" repr="wheelBackRight" driveNode="wheelRightDummy" forcePointRatio="0.2" initialCompression="70" suspTravel="0.1" spring="65" damper="60" yOffset="0.05"/>
                    </wheel>
                </wheels>
				<objectChange node="0>0|0|0" visibilityActive="true" />
				<objectChange node="0>0|0|1" visibilityActive="true" />
				<objectChange node="0>0|0|2" visibilityActive="false" />
				<objectChange node="0>0|0|3" visibilityActive="false" />
				<objectChange node="1>0|0|0|0" visibilityActive="true" />
				<objectChange node="1>1|0|0|0" visibilityActive="true" />
				<objectChange node="1>0|0|0|1" visibilityActive="false" />
				<objectChange node="1>1|0|0|1" visibilityActive="false" />
				<objectChange node="1>0|0|0|2" visibilityActive="false" />
				<objectChange node="1>1|0|0|2" visibilityActive="false" />
            </wheelConfiguration>
			<wheelConfiguration name="$l10n_configuration_valueWheelBroad" price="0" brand="VREDESTEIN">
                <wheels autoRotateBackSpeed="1.7">
                    <wheel filename="$data/shared/wheels/tires/vredestein/traxionXXL/800_65R32.xml" isLeft="true" hasTireTracks="true" hasParticles="true">
                        <physics tipOcclusionAreaGroupId="1" rotSpeed="0" restLoad="1.6" repr="wheelFrontLeft" forcePointRatio="0.2" initialCompression="40" suspTravel="0.15" spring="40" damper="60"/>
                    </wheel>
                    <wheel filename="$data/shared/wheels/tires/vredestein/traxionXXL/800_65R32.xml" isLeft="false" hasTireTracks="true" hasParticles="true">
                        <physics tipOcclusionAreaGroupId="1" rotSpeed="0" restLoad="1.6" repr="wheelFrontRight" forcePointRatio="0.2" initialCompression="40" suspTravel="0.15" spring="40" damper="60"/>
                    </wheel>
                    <wheel filename="$data/shared/wheels/tires/bkt/multimaxMP522/540_70R24.xml" isLeft="true" hasTireTracks="true" hasParticles="true">
                        <physics tipOcclusionAreaGroupId="1" rotSpeed="-1" restLoad="3.8" repr="wheelBackLeft" driveNode="wheelLeftDummy" forcePointRatio="0.2" initialCompression="70" suspTravel="0.1" spring="65" damper="60" yOffset="0.05"/>
                    </wheel>
                    <wheel filename="$data/shared/wheels/tires/bkt/multimaxMP522/540_70R24.xml" isLeft="false" hasTireTracks="true" hasParticles="true">
                        <physics tipOcclusionAreaGroupId="1" rotSpeed="-1" restLoad="3.8" repr="wheelBackRight" driveNode="wheelRightDummy" forcePointRatio="0.2" initialCompression="70" suspTravel="0.1" spring="65" damper="60" yOffset="0.05"/>
                    </wheel>
                </wheels>
				<objectChange node="0>0|0|0" visibilityActive="true" />
				<objectChange node="0>0|0|1" visibilityActive="true" />
				<objectChange node="0>0|0|2" visibilityActive="false" />
				<objectChange node="0>0|0|3" visibilityActive="false" />
				<objectChange node="1>0|0|0|0" visibilityActive="true" />
				<objectChange node="1>1|0|0|0" visibilityActive="true" />
				<objectChange node="1>0|0|0|1" visibilityActive="false" />
				<objectChange node="1>1|0|0|1" visibilityActive="false" />
				<objectChange node="1>0|0|0|2" visibilityActive="false" />
				<objectChange node="1>1|0|0|2" visibilityActive="false" />
            </wheelConfiguration>
        </wheelConfigurations>
        <ackermannSteeringConfigurations>
            <ackermannSteering rotSpeed="48" rotMax="35" rotCenterWheel1="1" rotCenterWheel2="2"/>
        </ackermannSteeringConfigurations>
		<rimColor>SHARED_WHITE2</rimColor>
        <hubs>
            <color0>SHARED_BLACK1</color0>
            <hub linkNode="wheelFrontLeft"  filename="$data/shared/wheels/hubs/hub_n10_7.xml" isLeft="true"  scale="0.285 0.285 0.285" />
            <hub linkNode="wheelFrontRight" filename="$data/shared/wheels/hubs/hub_n10_7.xml" isLeft="false" scale="0.285 0.285 0.285" />
            <hub linkNode="wheelLeftDummy"  filename="$data/shared/wheels/hubs/hub_n10_16.xml" isLeft="true"  scale="0.165 0.165 0.165" />
            <hub linkNode="wheelRightDummy" filename="$data/shared/wheels/hubs/hub_n10_16.xml" isLeft="false" scale="0.165 0.165 0.165" />
			<hub linkNode="0>0|0|2"  filename="$data/shared/wheels/hubs/hub_n10_7.xml" isLeft="true"  scale="0.285 0.313 0.313" />
            <hub linkNode="0>0|0|3" filename="$data/shared/wheels/hubs/hub_n10_7.xml" isLeft="false" scale="0.285 0.313 0.313" />
			<hub linkNode="1>0|0|0|1"  filename="$data/shared/wheels/hubs/hub_n10_16.xml" isLeft="true"  scale="0.198 0.165 0.165" />
            <hub linkNode="1>1|0|0|1" filename="$data/shared/wheels/hubs/hub_n10_16.xml" isLeft="false" scale="0.198 0.165 0.165" />
			<hub linkNode="1>0|0|0|2"  filename="$data/shared/wheels/hubs/hub_n10_16.xml" isLeft="true"  scale="0.188 0.165 0.165" />
            <hub linkNode="1>1|0|0|2" filename="$data/shared/wheels/hubs/hub_n10_16.xml" isLeft="false" scale="0.188 0.165 0.165" />
        </hubs>
    </wheels>
	<rimColorConfigurations useDefaultColors="false" price="200">
	    <rimColorConfiguration name="$l10n_colorWhite1" color="0.9157 0.9157 0.9157 1"  material="0"/>
		<rimColorConfiguration name="$l10n_colorWhite2" color="1 1 1 1" material="27"/>
		<rimColorConfiguration name="$l10n_colorChrome1" color="0.3 0.3 0.3 1" material="4"/>
		<rimColorConfiguration name="$l10n_colorChrome2" color="0.3 0.3 0.3 1" material="27"/>
	</rimColorConfigurations>
	
	<designConfigurations>
		<designConfiguration name="$l10n_configuration_valueDefault" price="0">
            <objectChange node="0>0|2|0|7" visibilityActive="false"/>
			<objectChange node="0>0|2|0|8" visibilityActive="false"/>
			<objectChange node="0>0|2|2|2|0" visibilityActive="false"/>
			<objectChange node="0>0|2|2|2|1" visibilityActive="false"/>
			<objectChange node="0>0|2|2|2|2" visibilityActive="false"/>
			<objectChange node="0>0|2|2|2|3" visibilityActive="false"/>
        </designConfiguration>
	    <designConfiguration name="$l10n_configuration_swiatlorura" price="250">
            <objectChange node="0>0|2|0|7" visibilityActive="true"/>
			<objectChange node="0>0|2|0|8" visibilityActive="false"/>
			<objectChange node="0>0|2|2|2|0" visibilityActive="true"/>
			<objectChange node="0>0|2|2|2|1" visibilityActive="false"/>
			<objectChange node="0>0|2|2|2|2" visibilityActive="true"/>
			<objectChange node="0>0|2|2|2|3" visibilityActive="false"/>
        </designConfiguration>
		<designConfiguration name="$l10n_configuration_swiatlo360" price="500">
            <objectChange node="0>0|2|0|7" visibilityActive="true"/>
			<objectChange node="0>0|2|0|8" visibilityActive="true"/>
			<objectChange node="0>0|2|2|2|0" visibilityActive="true"/>
			<objectChange node="0>0|2|2|2|1" visibilityActive="true"/>
			<objectChange node="0>0|2|2|2|2" visibilityActive="true"/>
			<objectChange node="0>0|2|2|2|3" visibilityActive="true"/>
        </designConfiguration>
    </designConfigurations>

    <attachable>
        <airConsumer usage="4000"/>
    </attachable>

    <suspensions>
        <suspension node="seat"             weight="150" minTranslation="-0.05 -0.15 0.0" maxTranslation="0.05 0.15 0.0" suspensionParametersX="20 4" suspensionParametersY="5 1" suspensionParametersZ="20 4" />
        <suspension useCharacterTorso="true" weight="90"  minRotation="0 -5 -5" maxRotation="0 5 5" suspensionParametersY="7 1" suspensionParametersZ="7 1" />
    </suspensions>

    <attacherJoints>
        <attacherJoint node="attacherJoint" jointType="cutter" jointPositionOffset="0 0 -1.740" lowerRotLimit="0 0 15" lowerTransLimit="0 0 0" lockDownRotLimit="true" moveTime="2.5" comboTime="0">
            <distanceToGround lower="1.04" upper="2.08"/>
            <rotationNode node="attacherJointRot" upperRotation="-10 0 0" lowerRotation="16 0 0"/>
            <bottomArm rotationNode="attacherArm"/>
            <schema position="1 0" rotation="0" invertX="true"/>
        </attacherJoint>
        <attacherJoint node="trailerAttacherJointBack" jointType="trailer" lowerRotLimit="10 80 50" upperRotationOffset="0" comboTime="1" allowsJointLimitMovement="false">
            <schema position="1 0" rotation="0" invertX="false"/>
        </attacherJoint>
        <attacherJoint node="trailerAttacherJointBack" jointType="trailerLow" lowerRotLimit="10 80 50" upperRotationOffset="0" comboTime="1" allowsJointLimitMovement="false">
            <schema position="1 0" rotation="0" invertX="false"/>
        </attacherJoint>
    </attacherJoints>

    <powerTakeOffs>
        <output outputNode="pto" attacherJointIndices="1" ptoName="LEFT_PTO"/>
    </powerTakeOffs>

    <lights>	
        <states>
            <state lightTypes="0"/>
            <state lightTypes="0 1"/>
            <state lightTypes="0 1 2"/>
			<state lightTypes="0 1 2 4" />
        </states>
        <realLights>
            <low>
                <light node="frontLightLow"         lightTypes="0" />
                <light node="workLightBackLow"      lightTypes="1"/>
				<light node="0>0|2|2|1|1"           lightTypes="2"/>
                <light node="highBeamLow"           lightTypes="3" />
				<light node="0>0|2|2|2|2|0"           lightTypes="4" />
				<light node="0>0|2|2|2|3|0"           lightTypes="4" />
            </low>
            <high>
                <light node="frontLightHigh"        lightTypes="0" />
                <light node="workLightBackHigh"     lightTypes="1"/>
                <light node="0>0|2|2|1|0"    lightTypes="2"/>
                <light node="highBeamHigh"          lightTypes="3"/>
				<light node="0>0|2|2|2|0|0" lightTypes="4"/>
				<light node="0>0|2|2|2|1|0" lightTypes="4"/>
                <light node="backLightsHigh"        lightTypes="0"/>
                <brakeLight node="backLightsHigh" />
                <turnLightLeft node="turnLightLeftFront" />
                <turnLightRight node="turnLightRightFront" />
            </high>
        </realLights>
        <defaultLights>
            <defaultLight shaderNode="frontlightStatic" lightTypes="0 3" />
            <defaultLight shaderNode="backlightStatic" lightTypes="0" />
            <defaultLight shaderNode="worklightFrontStatic"   lightTypes="2" />
            <defaultLight shaderNode="worklightBackStatic"  lightTypes="1" />
			<defaultLight shaderNode="0>0|26|5|0|0|0"  lightTypes="2" />
			<defaultLight shaderNode="0>0|27"  lightTypes="0" />
        </defaultLights>

        <brakeLights>
            <brakeLight shaderNode="backlightStatic" />
        </brakeLights>

        <turnLights>
            <turnLightLeft shaderNode="turnlightLeftStatic" />
            <turnLightRight shaderNode="turnlightRightStatic" />
        </turnLights>

        <beaconLights>
            <beaconLight node="beaconLight3" filename="$data/shared/assets/beaconLights/lizard/beaconLight02.xml"/>
            <beaconLight node="beaconLight2" filename="$data/shared/assets/beaconLights/lizard/beaconLight02.xml"/>
        </beaconLights>

        <dashboards>
            <dashboard displayType="EMITTER" valueType="lightState" node="cabDecalLight" intensity="1" lightTypes="0" groups="MOTOR_ACTIVE"/>
            <dashboard displayType="EMITTER" valueType="lightState" node="seatDecalLight" intensity="1" lightTypes="0" groups="MOTOR_ACTIVE"/>
            <dashboard displayType="EMITTER" valueType="lightState" node="joystickDecalLight" intensity="1" lightTypes="0" groups="MOTOR_ACTIVE"/>
        </dashboards>
    </lights>
	
	<licensePlates>
        <licensePlate node="0>0|25|0" position="FRONT" preferedType="SQUARISH" placementArea="0.1 0.28 0.1 0.18"/>
        <licensePlate node="0>0|25|1"  position="BACK"  preferedType="SQUARISH" placementArea="0.09 0.2 0.09 0.2"/>
    </licensePlates>

    <workAreas>
        <workArea type="combineSwath" functionName="processCombineSwathArea" requiresGroundContact="false" disableBackwards="false">
            <area startNode="workAreaStart" widthNode="workAreaWidth" heightNode="workAreaHeight" />
        </workArea>
        <workArea type="combineChopper" functionName="processCombineChopperArea" requiresGroundContact="false" disableBackwards="false">
            <area startNode="workAreaChopperStart" widthNode="workAreaChopperWidth" heightNode="workAreaChopperHeight" />
        </workArea>
    </workAreas>

    <enterable>
        <exitPoint node="exitPoint"/>
        <enterReferenceNode node="newHollandTC590_main_component1"/>
        <enterAnimation name="enterAnimation"/>
        <characterNode node="player_skin" cameraMinDistance="1.5" spineRotation="-90 0 90">
            <target ikChain="rightFoot" targetNode="player_rightFoot"/>
            <target ikChain="leftFoot" targetNode="player_leftFoot"/>
            <target ikChain="rightArm" targetNode="player_rightHand" poseId="wideFingers"/>
            <target ikChain="leftArm" targetNode="player_leftHand"/>
        </characterNode>
		<characterTargetNodeModifier node="0>0|6|0" transitionTime="0.1" >
            <state node="0>0|21|0|0|0" referenceNode="0>0|21|0|0" />
        </characterTargetNodeModifier>
        <cameras>
            <camera node="outdoorCamera1" rotatable="true" rotateNode="outdoorCameraTarget" limit="true" useWorldXZRotation="true" rotMinX="-1.4" rotMaxX="1" transMin="7" transMax="25" translation="0 0 11" rotation="-25 180 0">
                <raycastNode node="cameraRaycastNode1"/>
                <raycastNode node="cameraRaycastNode2"/>
                <raycastNode node="cameraRaycastNode3"/>
            </camera>
            <camera node="indoorCamera1" rotatable="true" limit="true" rotMinX="-1.1" rotMaxX="1" transMin="0" transMax="0" useMirror="true" isInside="true" shadowFocusBox="shadowFocusBox"/>
        </cameras>
        <mirrors>
            <mirror node="mirror3Decal" prio="1"/>
            <mirror node="mirror2Decal" prio="1"/>
            <mirror node="mirror1Decal" prio="2"/>
            <mirror node="mirror4Decal" prio="2"/>
        </mirrors>
    </enterable>
	<connectionHoses>
        <target attacherJointIndices="2" type="electric" node="0>0|5|2" socket="electric"/>
    </connectionHoses>
	<wipers>
        <wiper animName="wiperFrontAnimation">
            <state animSpeed="0.75" animPause="2.0"/>
            <state animSpeed="0.75" animPause="0.0"/>
            <state animSpeed="1.10" animPause="0.0"/>
        </wiper>
    </wipers>
    <motorized>
        <consumerConfigurations>
            <consumerConfiguration>
                <consumer fillUnitIndex="2" usage="103" fillType="diesel" />  <!-- usage is per hour at max load and max rpm -->
                <consumer fillUnitIndex="3" usage="3.0" fillType="def" />     <!-- usage is per hour at max load and max rpm -->
            </consumerConfiguration>
        </consumerConfigurations>
        <motorConfigurations>
            <motorConfiguration name="TC5.70" hp="175" price="0">
                <motor torqueScale="0.74" minRpm="850" maxRpm="2200" maxForwardSpeed="25" maxBackwardSpeed="15" brakeForce="6" lowBrakeForceScale="0.22" lowBrakeForceSpeedLimit="1">
                    <torque normRpm="0.45" torque="0.9"/>
                    <torque normRpm="0.5" torque="0.97"/>
                    <torque normRpm="0.59" torque="1"/>
                    <torque normRpm="0.72" torque="1"/>
                    <torque normRpm="0.86" torque="0.88"/>
                    <torque normRpm="1" torque="0.72"/>
                </motor>
                <transmission minForwardGearRatio="19.7" maxForwardGearRatio="250" minBackwardGearRatio="55.2" maxBackwardGearRatio="200" />
				<objectChange node="0>0|23|0"         visibilityActive="true"/>
                <objectChange node="0>0|23|1"      visibilityActive="false"/>
                <objectChange node="0>0|23|2" visibilityActive="false"/>
            </motorConfiguration>
			<motorConfiguration name="TC5.80" hp="227" price="10000">
                 <motor torqueScale="0.96" minRpm="850" maxRpm="2200" maxForwardSpeed="30" maxBackwardSpeed="15" brakeForce="6" lowBrakeForceScale="0.22" lowBrakeForceSpeedLimit="1">
                    <torque normRpm="0.45" torque="0.9"/>
                    <torque normRpm="0.5" torque="0.97"/>
                    <torque normRpm="0.59" torque="1"/>
                    <torque normRpm="0.72" torque="1"/>
                    <torque normRpm="0.86" torque="0.88"/>
                    <torque normRpm="1" torque="0.72"/>
                </motor>
                <transmission minForwardGearRatio="19.7" maxForwardGearRatio="250" minBackwardGearRatio="55.2" maxBackwardGearRatio="200" />
                <objectChange node="0>0|23|0"         visibilityActive="false"/>
                <objectChange node="0>0|23|1"      visibilityActive="true"/>
                <objectChange node="0>0|23|2" visibilityActive="false"/>
				<objectChange node="newHollandTC590_main_component1" massActive="7500" />
            </motorConfiguration>
			<motorConfiguration name="TC5.90" hp="258" price="15000">
                 <motor torqueScale="1.09" minRpm="850" maxRpm="2200" maxForwardSpeed="30" maxBackwardSpeed="15" brakeForce="6" lowBrakeForceScale="0.22" lowBrakeForceSpeedLimit="1">
                    <torque normRpm="0.45" torque="0.9"/>
                    <torque normRpm="0.5" torque="0.97"/>
                    <torque normRpm="0.59" torque="1"/>
                    <torque normRpm="0.72" torque="1"/>
                    <torque normRpm="0.86" torque="0.88"/>
                    <torque normRpm="1" torque="0.72"/>
                </motor>
                <transmission minForwardGearRatio="19.7" maxForwardGearRatio="250" minBackwardGearRatio="55.2" maxBackwardGearRatio="200" />
                <objectChange node="0>0|23|0"         visibilityActive="false"/>
                <objectChange node="0>0|23|1"      visibilityActive="false"/>
                <objectChange node="0>0|23|2" visibilityActive="true"/>
				<objectChange node="newHollandTC590_main_component1" massActive="7500" />
            </motorConfiguration>
        </motorConfigurations>
        <differentialConfigurations>
            <differentialConfiguration>
                <differentials>
                    <differential torqueRatio="0.5" maxSpeedRatio="1.6" wheelIndex1="1" wheelIndex2="2"/>
                    <differential torqueRatio="0.5" maxSpeedRatio="1.4" wheelIndex1="3" wheelIndex2="4"/>
                    <differential torqueRatio="0.5" maxSpeedRatio="1.2" differentialIndex1="1" differentialIndex2="2"/>
                </differentials>
            </differentialConfiguration>
        </differentialConfigurations>
        <exhaustEffects>
           <exhaustEffect node="exhaustParticle" filename="$data/effects/exhaust/exhaust.i3d" minRpmColor="0.9 0.9 0.9 0.1" maxRpmColor="0.9 0.9 0.9 0.4" minRpmScale="0.05" maxRpmScale="0.5" />
        </exhaustEffects>
        <motorStartDuration>2500</motorStartDuration>
        <animationNodes>
            <animationNode node="rotorFan" rotSpeed="700" rotAxis="1" turnOnFadeTime="4" turnOffFadeTime="3"/>
        </animationNodes>
        <dashboards>
            <dashboard displayType="ANIMATION" valueType="speedDir" animName="joystickMovement" groups="MOTOR_ACTIVE"/>
			<dashboard displayType="MULTI_STATE" valueType="ignitionState" node="ignitionKey" doInterpolation="true" groups="MOTOR_ACTIVE">
                <state value="0" rotation="0 22 0"/>
                <state value="1" rotation="-20 22 -75"/>
                <state value="2" rotation="-10 22 -45"/>
            </dashboard>
			<dashboard displayType="TEXT" valueType="speed" node="numbersSpeed" font="DIGIT" textSize="0.012" textMask="00.0" groups="MOTOR_ACTIVE" textColor="0 0 0" />
			 <dashboard displayType="TEXT" valueType="rpm" node="0>0|11|1" textColor="0 0 0" textSize="0.012" textMask="0000" font="DIGIT" groups="MOTOR_ACTIVE"/>
        </dashboards>
    </motorized>

    <drivable>
        <steeringWheel node="steeringWheel" indoorRotation="540" outdoorRotation="30"/>
		
		<dashboards>
            <dashboard displayType="ROT"     valueType="decelerationAxis" node="0>0|21|0|0" minRot="0 0 0" maxRot="20 0 0" doInterpolation="true" groups="MOTOR_ACTIVE"/>
        </dashboards>
    </drivable>
	
	<foldable>
        <foldingConfigurations>
            <foldingConfiguration>
                <foldingParts startMoveDirection="1" turnOnFoldMinLimit="0" turnOnFoldMaxLimit="0.02" turnOnFoldDirection="-1">
                    <foldingPart animationName="foldGrainTank" speedScale="1" />
                </foldingParts>
            </foldingConfiguration>
        </foldingConfigurations>
    </foldable>
	
	<turnOnVehicle turnOffIfNotAllowed="true">
        <turnedAnimation name="startStopAnim"/>
    </turnOnVehicle>

    <animations>
        <animation name="toggleChopper">
			 <part node="chopperPlate"  startTime="0" endTime="1" startRot="0 0 0" endRot="-70 0 0" />
		</animation>
        <animation name="foldGrainTank">
            <part node="graintankBack" startTime="0" endTime="2" startRot="-14 0 0" endRot="0 0 0"/>
        </animation>
		<animation name="foldPipe">
            <part node="pipe"      startTime="0" endTime="6" startRot="0 0 0" endRot="0 95 0" />
            <sound template="defaultHydraulicSound"  startTime="0.01"  endTime="5.99"  volumeScale="1.5" pitchScale="0.5" linkNode="pipe"/>
            <sound template="cylinderPunch"           startTime="0.1"   direction="-1"   volumeScale="0.8" pitchScale="1.4" linkNode="pipe"/>
        </animation>
        <animation name="joystickMovement">
            <part node="joystick" startTime="0"    endTime="0.9" startRot="-23 0 13"  endRot="0 0 13" />
            <part node="joystick" startTime="0.9"  endTime="1.1" startRot="0 0 13"   endRot="0 0 0" />
            <part node="joystick" startTime="1.1"  endTime="2"   startRot="0 0 0"    endRot="26.401 -0.836 1.684" />
        </animation>
		<animation name="enterAnimation">
            <part node="0>0|4|0|1"	startTime="0.1"	endTime="1"	startRot="0 0 0"	endRot="-8 0 0" />
			<part node="0>0|4|0|0"	startTime="0"	endTime="1"	startRot="0 0 0"	endRot="-8.7 0 0" />
			<part node="0>0|4|0|0"	startTime="1"	endTime="1.1"	startRot="-8.7 0 0"	endRot="10 0 0" />
        </animation>
		<animation name="ladderAnimation">
			<part node="0>0|10|7" startTime="0.0" endTime="1" startRot="0 0 0" endRot="0 -90 0" />
        </animation>
		<animation name="startStopAnim">
            <part node="0>0|8|1|0|0|2|0" startTime="0" endTime="0.5" startTrans="-0.455 2.939 2.807" endTrans="-0.455 2.923 2.807"/>
            <part node="0>0|8|1|0|0|2|1" startTime="0.2" endTime="0.7" startTrans="-0.506 2.926 2.761" endTrans="-0.506 2.908 2.761"/>
		</animation>
		<animation name="wiperFrontAnimation">
            <part node="0>0|21|2|0" startTime="0.0" endTime="0.4" startRot="0 -2 0" endRot="0 2 31"/>
            <part node="0>0|21|2|0" startTime="0.4" endTime="0.8" startRot="0 2 31" endRot="0 -2 62"/>
            <part node="0>0|21|2|1" startTime="0.0" endTime="0.4" startRot="0 -2 0" endRot="0 2 31"/>
            <part node="0>0|21|2|1" startTime="0.4" endTime="0.8" startRot="0 2 31" endRot="0 -2 62"/>
            <part node="0>0|21|2|0|0" startTime="0.0" endTime="0.4" startRot="-1 0 0" endRot="2 0 -31"/>
            <part node="0>0|21|2|0|0" startTime="0.4" endTime="0.8" startRot="2 0 -31" endRot="-2 0 -62"/>
        </animation>
		<animation name="indoorLightAnimation"> 
            <part node="0>0|2|6|1" startTime="0" endTime="0.02" visibility="false" />
            <part node="0>0|2|6|1" startTime="0.02" endTime="0.04" visibility="true" />
			<part node="0>0|2|6|2" startTime="0" endTime="0.02" visibility="false" />
            <part node="0>0|2|6|2" startTime="0.02" endTime="0.04" visibility="true" />
			<part node="0>0|21|0|10" startTime="0" endTime="0.02" visibility="false" />
            <part node="0>0|21|0|10" startTime="0.02" endTime="0.04" visibility="true" />
		</animation>
		<animation name="siedzenie">
            <part node="0>0|21|0|4" startTime="0.0" endTime="1.0" startRot="90 0 0" endRot="0 0 0" />
		</animation>
		<animation name="podlokietnik">
            <part node="0>0|8|1|0|0|1" startTime="0.0" endTime="0.8" startRot="0 0 0" endRot="-90 0 0" />
		</animation>
    </animations>

    <cylindered>
        <movingTools>
            <movingTool node="graintankBack" playSound="true">
                <dependentPart node="graintankFront"/>
                <dependentPart node="hydraulicGrainTank1"/>
            </movingTool>
            <movingTool node="pipe" playSound="true">
                <dependentPart node="hydraulicPipe"/>
            </movingTool>
            <movingTool node="attacherArm">
                <dependentPart node="hydraulicAttacher"/>
                <dependentPart node="pipes1"/>
            </movingTool>
			<movingTool node="0>0|21|0|4">
                <controls axis="AXIS_CRANE_TOOL" invertAxis="true" mouseSpeedFactor="0.8"/>
                <animation animName="siedzenie" animSpeed="0.6" />
            </movingTool>
			<movingTool node="0>0|8|1|0|0|1">
                <controls axis="AXIS_CRANE_TOOL2" invertAxis="true" mouseSpeedFactor="0.8"/>
                <animation animName="podlokietnik" animSpeed="0.6" />
            </movingTool>
        </movingTools>
        <movingParts>
            <movingPart node="graintankFront" referencePoint="graintankFrontRef" referenceFrame="newHollandTC590_main_component1">
                <dependentPart node="hydraulicGrainTank2"/>
            </movingPart>
            <movingPart node="hydraulicGrainTank1" referencePoint="hydraulicGrainTank1Ref" referenceFrame="0">
                <translatingPart node="hydraulicGrainTank1Punch"/>
            </movingPart>
            <movingPart node="hydraulicGrainTank2" referencePoint="hydraulicGrainTank2Ref" referenceFrame="newHollandTC590_main_component1">
                <translatingPart node="hydraulicGrainTank2Punch"/>
            </movingPart>
            <movingPart node="hydraulicPipe" referencePoint="pipeHydraulicRef" referenceFrame="newHollandTC590_main_component1">
                <translatingPart node="hydraulicPipePunch"/>
            </movingPart>
            <movingPart node="hydraulicAttacher" referencePoint="hydraulicAttacherRef" referenceFrame="newHollandTC590_main_component1">
                <translatingPart node="hydraulicAttacherPunch"/>
            </movingPart>
            <movingPart node="pipes1" referencePoint="pipes1Ref" localReferencePoint="hydraulicAttacherRef" referenceFrame="pipes1RefFrame">
                <dependentPart node="pipes2"/>
                <dependentPart node="joint3"/>
                <dependentPart node="joint2"/>
            </movingPart>
            <movingPart node="pipes2" referencePoint="pipes1Ref" referenceFrame="newHollandTC590_main_component1" scaleZ="true"/>
            <movingPart node="joint3" referenceFrame="pipeJointRef" moveToReferenceFrame="true"/>
            <movingPart node="joint2" referenceFrame="pipes2" moveToReferenceFrame="true"/>
            <movingPart node="steeringBar" referencePoint="steeringBarRef" referenceFrame="newHollandTC590_main_component1" isActiveDirty="true" maxUpdateDistance="300" scaleZ="true">
                <dependentPart node="hydraulicSteeringLeft"/>
                <dependentPart node="hydraulicSteeringRight"/>
            </movingPart>
            <movingPart node="hydraulicSteeringLeft" referencePoint="hydraulicSteeringLeftRef" referenceFrame="newHollandTC590_main_component1" isActiveDirty="true" maxUpdateDistance="30">
                <translatingPart node="hydraulicSteeringLeftPunch"/>
            </movingPart>
            <movingPart node="hydraulicSteeringRight" referencePoint="hydraulicSteeringRightRef" referenceFrame="newHollandTC590_main_component1" isActiveDirty="true" maxUpdateDistance="30">
                <translatingPart node="hydraulicSteeringRightPunch"/>
            </movingPart>
        </movingParts>
    </cylindered>

    <fillUnit>
        <fillUnitConfigurations>
            <fillUnitConfiguration>		
				<fillUnits>
                    <fillUnit unitTextOverride="$l10n_unit_literShort" fillTypeCategories="combine" capacity="5200" foldMinLimit="0" foldMaxLimit="0">
                        <alarmTriggers>
                            <alarmTrigger minFillLevel="1" maxFillLevel="1" turnOffInTrigger="true"/>
                        </alarmTriggers>
                    </fillUnit>
                    <fillUnit unitTextOverride="$l10n_unit_literShort" showOnHud="false" showInShop="false" fillTypes="diesel" capacity="300" >
							<dashboard displayType="ROT" valueType="fillLevel" node="fuelDisplay" minRot="0" maxRot="-120" rotAxis="3" groups="MOTOR_ACTIVE" interpolationSpeed="0.5" doInterpolation="true"/>
                    </fillUnit>
                    <fillUnit unitTextOverride="$l10n_unit_literShort" showOnHud="false" showInShop="false" showOnInfoHud="false" fillTypes="def" capacity="70" />
                </fillUnits>			
            </fillUnitConfiguration>
			<fillUnitConfiguration>
				<fillUnits>
                    <fillUnit unitTextOverride="$l10n_unit_literShort" fillTypeCategories="combine" capacity="6400" foldMinLimit="0" foldMaxLimit="0">
                        <alarmTriggers>
                            <alarmTrigger minFillLevel="1" maxFillLevel="1" turnOffInTrigger="true"/>
                        </alarmTriggers>
                    </fillUnit>
                    <fillUnit unitTextOverride="$l10n_unit_literShort" showOnHud="false" showInShop="false" fillTypes="diesel" capacity="400" >
							<dashboard displayType="ROT" valueType="fillLevel" node="fuelDisplay" minRot="0" maxRot="-120" rotAxis="3" groups="MOTOR_ACTIVE" interpolationSpeed="0.5" doInterpolation="true"/>
                    </fillUnit>
                    <fillUnit unitTextOverride="$l10n_unit_literShort" showOnHud="false" showInShop="false" showOnInfoHud="false" fillTypes="def" capacity="80" />
                </fillUnits>		
            </fillUnitConfiguration>
        </fillUnitConfigurations>
    </fillUnit>

    <fillVolume>
        <fillVolumeConfigurations>
            <fillVolumeConfiguration>
                <volumes>
                    <volume node="fillVolume" maxDelta="0.5" maxAllowedHeapAngle="20" fillUnitIndex="1"/>
                </volumes>
            </fillVolumeConfiguration>
        </fillVolumeConfigurations>
        <unloadInfos>
            <unloadInfo>
                <node node="fillVolumeUnloadNode" width="0.4" length="0.4"/>
            </unloadInfo>
        </unloadInfos>
        <loadInfos>
            <loadInfo>
                <node node="fillVolumeLoadNode" width="0.4" length="0.4"/>
            </loadInfo>
        </loadInfos>
        <dischargeInfos>
            <dischargeInfo>
                <node node="raycastNode" width="0.4" length="0.4"/>
            </dischargeInfo>
        </dischargeInfos>
    </fillVolume>

    <dischargeable>
        <dischargeNode node="raycastNode" emptySpeed="185" fillUnitIndex="1" maxDistance="6">
            <raycast extraDistance="-1.4" maxDistance="6"/>
            <effects>
                <effectNode effectClass="PipeEffect" effectNode="pipeEffect" materialType="pipe" materialTypeId="1" maxBending="1" positionUpdateNodes="smoke2" delay="0"/>
                <effectNode effectNode="smoke2" materialType="smoke" materialTypeId="1" alignToWorldY="true" delay="0.1"/>
            </effects>
        </dischargeNode>
    </dischargeable>
	
	<pipe dischargeNodeIndex="1" foldMinState="1" foldMaxState="1" >
        <states num="2" unloading="2" />
        <animation name="foldPipe" speedScale="1" />
        <unloadingTriggers>
            <unloadingTrigger node="trailerTrigger" />
        </unloadingTriggers>
    </pipe>

    <combine fillUnitIndex="1" allowThreshingDuringRain="false">
        <swath available="true" workAreaIndex="2" />
        <chopper available="true" workAreaIndex="1" animName="toggleChopper" animSpeedScale="1"/>
        <processing toggleTime="4.5" />
		<ladder animName="ladderAnimation" animSpeedScale="-1" foldMinLimit="0.01" foldMaxLimit="1"/>

        <fillEffect>
            <effectNode effectNode="effect" materialType="unloading" materialTypeId="3" delay="0"/>
			<effectNode effectNode="0>0|17|0|1"  materialType="unloadingSmoke"  delay="0.1" />
        </fillEffect>
        <chopperEffect>
			<effectNode effectClass="TypedMotionPathEffect" effectType="STRAW_CHOPPER" materialType="CHOPPER" linkNode="chopperCenterEffectNode">
                <motionPathEffect textureFilename="$data/vehicles/deutzFahr/topLiner4090/chopperCenterEffectArray.dds" numRows="29" rowLength="31" minFade="0.04"/>
            </effectNode>			
            <effectNode effectClass="TypedMotionPathEffect" effectType="STRAW_CHOPPER" materialType="CHAFFER" linkNode="chafferCenterEffectNode">
                <motionPathEffect textureFilename="textures/chafferCenterArray.dds" numRows="16" rowLength="18" minFade="0.04"/>
            </effectNode>

            <effectNode effectClass="ParticleEffect" effectNode="chopperSmokeEmitter" particleType="smoke" materialType="smokeParticle" useFruitColor="true"/>
        </chopperEffect>

        <strawEffect>
            <effectNode effectClass="TypedMotionPathEffect" effectType="STRAW_CHOPPER" materialType="DROP" linkNode="strawUnloadEffectNode">
                <motionPathEffect textureFilename="textures/strawUnloadArray.dds" numRows="16" rowLength="12" minFade="0.04"/>
            </effectNode>
            <effectNode effectClass="TypedMotionPathEffect" effectType="STRAW_CHOPPER" materialType="CHAFFER" linkNode="chafferCenterEffectNode">
                <motionPathEffect textureFilename="textures/chafferCenterArray.dds" numRows="16" rowLength="18" minFade="0.04"/>
            </effectNode>
            <effectNode effectClass="ParticleEffect" effectNode="strawEffectSmokeEmitter" particleType="smoke" materialType="smokeParticle" useFruitColor="true"/>
        </strawEffect>
        <animationNodes>
            <animationNode node="belt" class="ScrollingAnimation" scrollSpeed="1" scrollLength="1" shaderParameterName="offsetUV" shaderParameterComponent="1" toggleVisibility="false" turnOnFadeTime="1" turnOffFadeTime="1"/>
            <animationNode node="grainRotor" rotSpeed="-600" rotAxis="1" turnOnFadeTime="1" turnOffFadeTime="1"/>
            <animationNode node="beltRotor" rotSpeed="-700" rotAxis="1" turnOnFadeTime="4" turnOffFadeTime="3"/>
        </animationNodes>
		
		<chopperAnimationNodes>
            <animationNode node="chopperRotor"        rotSpeed="1200"  rotAxis="1" turnOnFadeTime="2" turnOffFadeTime="2"/>
        </chopperAnimationNodes>
    </combine>

    <dashboard>
        <groups>
            <group name="MOTOR_STARTING" isMotorStarting="true"/>
            <group name="MOTOR_ACTIVE"   isMotorStarting="true" isMotorRunning="true"/>
        </groups>
    </dashboard>

    <honk>
        <sound template="HONK_IDEAL9T" />
    </honk>

    <ai>
        <agent width="3.85" length="9.1" height="4.3" lengthOffset="-2.4" frontOffset="-3.55" />
        <collisionTrigger node="aiCollisionNode" width="4.2" height="4.2"/>
    </ai>

    <foliageBending>
        <bendingNode minX="-1.1" maxX="1.1" minZ="3.2" maxZ="3.8" yOffset="0.6" />
        <bendingNode minX="-1.7" maxX="1.7" minZ="1" maxZ="3.2" yOffset="0.6" />
        <bendingNode minX="-1.5" maxX="1.5" minZ="-2.3" maxZ="1" yOffset="0.6" />
        <bendingNode minX="-1.0" maxX="1.0" minZ="-4.5" maxZ="-2.3" yOffset="0.6" />
    </foliageBending>

    <wearable wearDuration="480" workMultiplier="5" fieldMultiplier="2"/>
    <washable dirtDuration="90" washDuration="1" workMultiplier="3" fieldMultiplier="2"/>

    <baseMaterial>
        <material name="newHollandTC590_mat" baseNode="newHollandTC590_vis">
            <shaderParameter name="colorMat2" value="NEWHOLLAND_YELLOW1"/>
        </material>
        <material name="newHollandTC590Parts_mat" baseNode="newHolland_vis2">
            <shaderParameter name="colorMat4" value="NEWHOLLAND_YELLOW1"/>
        </material>
    </baseMaterial>
	
	<baseMaterialConfigurations price="0" useDefaultColors="false" defaultColorIndex="0">
        <baseMaterialConfiguration name="$l10n_colorYellow1" color="0.891 0.49 0 1" material="0"/>
		<baseMaterialConfiguration name="$l10n_colorYellow2" color="1 0.44 0 1" material="0"/>
		<baseMaterialConfiguration name="$l10n_colorYellow3" color="0.891 0.612 0 1" material="0"/>
		<baseMaterialConfiguration name="$l10n_colorBlack1" color="SHARED_BLACK1" material="0"/>
        <material name="newHollandTC590_mat" shaderParameter="colorMat2" />
        <material name="newHollandTC590Parts_mat" shaderParameter="colorMat4" />
    </baseMaterialConfigurations>

    <i3dMappings>
        <i3dMapping id="newHollandTC590_main_component1" node="0>" />
        <i3dMapping id="newHollandTC590_vis" node="0>0" />
        <i3dMapping id="wheelFrontLeft" node="0>0|0|0" />
        <i3dMapping id="wheelFrontRight" node="0>0|0|1" />
        <i3dMapping id="outdoorCameraTarget" node="0>0|1|0" />
        <i3dMapping id="outdoorCamera1" node="0>0|1|0|0" />
        <i3dMapping id="indoorCamera1" node="0>0|8|8" />
        <i3dMapping id="cameraRaycastNode1" node="0>0|1|2" />
        <i3dMapping id="cameraRaycastNode2" node="0>0|1|3" />
        <i3dMapping id="cameraRaycastNode3" node="0>0|1|4" />
        <i3dMapping id="shadowFocusBox" node="0>0|1|5" />
        <i3dMapping id="worklightFrontStatic" node="0>0|2|0|0" />
        <i3dMapping id="turnlightLeftStatic" node="0>0|2|0|1" />
        <i3dMapping id="turnlightRightStatic" node="0>0|2|0|2" />
        <i3dMapping id="frontlightStatic" node="0>0|2|0|3" />
        <i3dMapping id="backlightStatic" node="0>0|2|0|4" />
        <i3dMapping id="worklightBackStatic" node="0>0|2|0|5" />
        <i3dMapping id="frontLightLow" node="0>0|2|1|0" />
        <i3dMapping id="highBeamLow" node="0>0|2|1|1" />
        <i3dMapping id="frontLightHigh" node="0>0|2|1|2" />
        <i3dMapping id="highBeamHigh" node="0>0|2|1|3" />
        <i3dMapping id="workLightBackLow" node="0>0|2|2|0|0" />
        <i3dMapping id="workLightBackHigh" node="0>0|2|2|0|1" />
        <i3dMapping id="backLightsHigh" node="0>0|2|3|0" />
        <i3dMapping id="turnLightLeftFront" node="0>0|2|4|0|0" />
        <i3dMapping id="turnLightLeftBack" node="0>0|2|4|0|0|0" />
        <i3dMapping id="turnLightRightFront" node="0>0|2|4|1|0" />
        <i3dMapping id="turnLightRightBack" node="0>0|2|4|1|0|0" />
        <i3dMapping id="beaconLight3" node="0>0|2|5|0" />
        <i3dMapping id="beaconLight2" node="0>0|2|5|1" />
        <i3dMapping id="exitPoint" node="0>0|3" />
        <i3dMapping id="steeringWheel" node="0>0|4|0|1|0|1" />
        <i3dMapping id="player_leftHand" node="0>0|4|0|1|0|1|0" />
        <i3dMapping id="attacherArm" node="0>0|5|0|0" />
        <i3dMapping id="belt" node="0>0|5|0|0|0" />
        <i3dMapping id="beltRotor" node="0>0|5|0|0|1" />
        <i3dMapping id="hydraulicAttacherRef" node="0>0|5|0|0|2" />
        <i3dMapping id="pto" node="0>0|5|0|0|3" />
        <i3dMapping id="pipes1Ref" node="0>0|5|0|0|4" />
        <i3dMapping id="pipeJointRef" node="0>0|5|0|0|5" />
        <i3dMapping id="attacherJointRot" node="0>0|5|0|1" />
        <i3dMapping id="attacherJoint" node="0>0|5|0|1|0" />
        <i3dMapping id="trailerAttacherJointBack" node="0>0|5|1|0" />
        <i3dMapping id="player_rightFoot" node="0>0|6|0" />
        <i3dMapping id="player_leftFoot" node="0>0|6|1" />
        <i3dMapping id="aiCollisionNode" node="0>0|7|0" />
        <i3dMapping id="seat" node="0>0|8" />
        <i3dMapping id="joystick" node="0>0|8|2|0|1" />
        <i3dMapping id="joystickDecalLight" node="0>0|8|2|0|1|0|0" />
        <i3dMapping id="player_rightHand" node="0>0|8|2|0|1|0|1" />
        <i3dMapping id="player_skin" node="0>0|8|4" />
        <i3dMapping id="seatDecalLight" node="0>0|8|6" />
        <i3dMapping id="exhaustParticle" node="0>0|9|0" />
        <i3dMapping id="pipe" node="0>0|10|0|0" />
        <i3dMapping id="raycastNode" node="0>0|10|0|0|0" />
        <i3dMapping id="pipeEffect" node="0>0|10|0|0|1|0" />
        <i3dMapping id="smoke2" node="0>0|10|0|0|1|1" />
        <i3dMapping id="pipeHydraulicRef" node="0>0|10|0|0|2" />
        <i3dMapping id="graintankBack" node="0>0|10|1|0" />
        <i3dMapping id="hydraulicGrainTank1Ref" node="0>0|10|1|0|0" />
        <i3dMapping id="graintankFrontRef" node="0>0|10|1|0|1" />
        <i3dMapping id="graintankFront" node="0>0|10|1|1" />
        <i3dMapping id="hydraulicGrainTank2Ref" node="0>0|10|1|1|0" />
        <i3dMapping id="hydraulicGrainTank1" node="0>0|10|1|2" />
        <i3dMapping id="hydraulicGrainTank1Punch" node="0>0|10|1|2|0" />
        <i3dMapping id="hydraulicGrainTank2" node="0>0|10|1|3" />
        <i3dMapping id="hydraulicGrainTank2Punch" node="0>0|10|1|3|0" />
        <i3dMapping id="grainRotor" node="0>0|10|2" />
        <i3dMapping id="rotorFan" node="0>0|10|3" />
        <i3dMapping id="hydraulicPipe" node="0>0|10|4" />
        <i3dMapping id="hydraulicPipePunch" node="0>0|10|4|0" />
        <i3dMapping id="hydraulicAttacher" node="0>0|10|5" />
        <i3dMapping id="hydraulicAttacherPunch" node="0>0|10|5|0" />
        <i3dMapping id="chopperRotor" node="0>0|10|6" />
        <i3dMapping id="joint2" node="0>0|10|8|0" />
        <i3dMapping id="joint3" node="0>0|10|8|0|0" />
        <i3dMapping id="pipes1" node="0>0|10|10" />
        <i3dMapping id="pipes2" node="0>0|10|10|0" />
        <i3dMapping id="pipes1RefFrame" node="0>0|10|11" />
        <i3dMapping id="numbersSpeed" node="0>0|11|0" />
        <i3dMapping id="numbersRPM" node="0>0|11|1" />
        <i3dMapping id="numbersFillLevel" node="0>0|11|2" />
        <i3dMapping id="mirror3Decal" node="0>0|12|0" />
        <i3dMapping id="mirror2Decal" node="0>0|12|1" />
        <i3dMapping id="mirror1Decal" node="0>0|12|2" />
        <i3dMapping id="mirror4Decal" node="0>0|12|3" />
        <i3dMapping id="trailerTrigger" node="0>0|14" />
        <i3dMapping id="fillVolume" node="0>0|15|0|0" />
        <i3dMapping id="fillVolumeUnloadNode" node="0>0|15|1" />
        <i3dMapping id="fillVolumeLoadNode" node="0>0|15|2" />
        <i3dMapping id="workAreaStart" node="0>0|16|0" />
        <i3dMapping id="workAreaWidth" node="0>0|16|1" />
        <i3dMapping id="workAreaHeight" node="0>0|16|2" />
        <i3dMapping id="workAreaChopperStart" node="0>0|16|3" />
        <i3dMapping id="workAreaChopperWidth" node="0>0|16|4" />
        <i3dMapping id="workAreaChopperHeight" node="0>0|16|5" />
        <i3dMapping id="effect" node="0>0|17|0|0" />
		
        <i3dMapping id="componentJoint" node="0>0|18" />
        <i3dMapping id="newHolland_vis2" node="0>0|19|2" />
        <i3dMapping id="cabDecalLight" node="0>0|19|8" />
        <i3dMapping id="wheelBackLeft" node="1>0|0" />
        <i3dMapping id="wheelLeftDummy" node="1>0|0|0|0" />
        <i3dMapping id="hydraulicSteeringLeftRef" node="1>0|0|1" />
        <i3dMapping id="steeringBar" node="1>0|0|2" />
        <i3dMapping id="wheelBackRight" node="1>1|0" />
        <i3dMapping id="wheelRightDummy" node="1>1|0|0|0" />
        <i3dMapping id="hydraulicSteeringRightRef" node="1>1|0|1" />
        <i3dMapping id="steeringBarRef" node="1>1|0|2" />
        <i3dMapping id="hydraulicSteeringLeft" node="1>2" />
        <i3dMapping id="hydraulicSteeringLeftPunch" node="1>2|0" />
        <i3dMapping id="hydraulicSteeringRight" node="1>3" />
        <i3dMapping id="hydraulicSteeringRightPunch" node="1>3|0" />
        <i3dMapping id="chopperPlate" node="0>0|24|0" />
        <i3dMapping id="ignitionKey" node="0>0|21|0|2" />
        <i3dMapping id="chopperCenterEffectNode" node="0>0|17|2|1" />
        <i3dMapping id="strawUnloadEffectNode" node="0>0|17|1|1" />
        <i3dMapping id="chafferCenterEffectNode" node="0>0|17|2|2" />
        <i3dMapping id="chopperSmokeEmitter" node="0>0|17|2|0" />
        <i3dMapping id="strawEffectSmokeEmitter" node="0>0|17|1|0" />
        <i3dMapping id="fuelDisplay" node="0>0|11|3|0" />
    </i3dMappings>
</vehicle>
