﻿<?xml version="1.0" encoding="utf-8" standalone="no"?>
<vehicle type="cutter" xmlns:xsi="http://www.w3.org/2001/XMLSchema-instance" xsi:noNamespaceSchemaLocation="../../../../shared/xml/schema/vehicle.xsd">
    <annotation>Copyright (C) GIANTS Software GmbH, All Rights Reserved.</annotation>

    <storeData>
        <name>Varifeed 18FT</name>
        <specs>
            <workingWidth>5.5</workingWidth>
            <combination xmlFilename="newHollandTC590.xml"/>
        </specs>
        <functions>
            <function>$l10n_function_cutter</function>
        </functions>
        <image>huds/store_varifeed18.png</image>
        <price>30000</price>
        <lifetime>600</lifetime>
        <rotation>0</rotation>
        <brand>NEWHOLLAND</brand>
        <category>cutters</category>
        <vertexBufferMemoryUsage>1989120</vertexBufferMemoryUsage>
        <indexBufferMemoryUsage>295680</indexBufferMemoryUsage>
        <textureMemoryUsage>2686976</textureMemoryUsage>
        <audioMemoryUsage>0</audioMemoryUsage>
        <instanceVertexBufferMemoryUsage>0</instanceVertexBufferMemoryUsage>
        <instanceIndexBufferMemoryUsage>0</instanceIndexBufferMemoryUsage>
    </storeData>

    <base>
        <typeDesc>$l10n_typeDesc_cutter</typeDesc>
        <filename>varifeed18.i3d</filename>
        <size width="6" length="2.5" lengthOffset="0.3"/>
        <speedLimit value="10" />
        <components>
            <component centerOfMass="0 0.2 0" mass="2300"/>
        </components>
        <schemaOverlay attacherJointPosition="0 0" name="COMBINE_HEADER" />
		<mapHotspot type="CUTTER" />
    </base>

    <attachable>
        <inputAttacherJoints>
            <inputAttacherJoint node="attacherJoint" jointType="cutter" >
                <heightNode node="heightNode"/>
                <distanceToGround lower="0.4" upper="2.1"/>
            </inputAttacherJoint>
        </inputAttacherJoints>
    </attachable>

    <powerTakeOffs>
        <input inputNode="pto" inputAttacherJointIndices="1" aboveAttacher="true" ptoName="LEFT_PTO"/>
    </powerTakeOffs>

    <powerConsumer ptoRpm="540" neededMaxPtoPower="75"/>

    <groundReferenceNodes>
        <groundReferenceNode node="groundReferenceNode" threshold="0.4" />
    </groundReferenceNodes>
	
	<workAreas>	
        <workArea type="cutter" functionName="processCutterArea" disableBackwards="true" >
            <area startNode="workAreaStart" widthNode="workAreaWidth" heightNode="workAreaHeight" />
            <groundReferenceNode index="1" />
        <testAreas>
            <testArea startNode="testAreaStart1" widthNode="testAreaWidth1" heightNode="testAreaHeight1"/>
            <testArea startNode="testAreaStart2" widthNode="testAreaWidth2" heightNode="testAreaHeight2"/>
            <testArea startNode="testAreaStart3" widthNode="testAreaWidth3" heightNode="testAreaHeight3"/>
            <testArea startNode="testAreaStart4" widthNode="testAreaWidth4" heightNode="testAreaHeight4"/>
            <testArea startNode="testAreaStart5" widthNode="testAreaWidth5" heightNode="testAreaHeight5"/>
        </testAreas>
        </workArea>
    </workAreas>

    <animations>
        <animation name="varifeedRape">
            <part node="variFeed" startTime="0" endTime="0.9" startTrans="-0.078 0 -0.567" endTrans="-0.078 0 -0.167"/>
            <part node="rapeParts" startTime="0.9" endTime="0.95" visibility="false"/>
            <part node="rapeParts" startTime="0.95" endTime="1" visibility="true"/>
        </animation>

        <animation name="knifeAnimation" looping="true">
            <part node="canolaExtension_lowKnifes" startTime="0" endTime="0.5" startTrans="0 0 0" endTrans="0.1 0 0"/>
            <part node="canolaExtension_lowKnifes" startTime="0.5" endTime="1" startTrans="0.1 0 0" endTrans="0 0 0"/>

            <part node="canolaExtension_sideKnifesRight01" startTime="0" endTime="0.5" startTrans="0 0 0" endTrans="0 -0.06 0"/>
            <part node="canolaExtension_sideKnifesRight01" startTime="0.5" endTime="1" startTrans="0 -0.06 0" endTrans="0 0 0"/>
            <part node="canolaExtension_sideKnifesRight02" startTime="0" endTime="0.5" startTrans="0 0 0" endTrans="0 0.06 0"/>
            <part node="canolaExtension_sideKnifesRight02" startTime="0.5" endTime="1" startTrans="0 0.06 0" endTrans="0 0 0"/>

            <part node="canolaExtension_sideKnifesLeft01" startTime="0" endTime="0.5" startTrans="0 0 0" endTrans="0 -0.06 0"/>
            <part node="canolaExtension_sideKnifesLeft01" startTime="0.5" endTime="1" startTrans="0 -0.06 0" endTrans="0 0 0"/>
            <part node="canolaExtension_sideKnifesLeft02" startTime="0" endTime="0.5" startTrans="0 0 0" endTrans="0 0.06 0"/>
            <part node="canolaExtension_sideKnifesLeft02" startTime="0.5" endTime="1" startTrans="0 0.06 0" endTrans="0 0 0"/>
        </animation>
    </animations>

    <cylindered>
        <movingTools>
            <movingTool node="reelMover" playSound="true">
                <controls axis="AXIS_CUTTER_REEL" invertAxis="false" mouseSpeedFactor="0.9" iconName="REEL_TRANSLATE_X" />
                <translation transSpeed="0.1" transAcceleration="10" transMax="1.6" transMin="1.237" translationAxis="3"/>
                <dependentPart node="reelArmPipes3"/>
                <dependentPart node="reelMowerPart"/>
            </movingTool>

            <movingTool node="reelArm" playSound="true">
                <controls axis="AXIS_CUTTER_REEL2" invertAxis="true" mouseSpeedFactor="0.9" iconName="REEL_TRANSLATE_Y" />
                <rotation rotSpeed="20" rotAcceleration="50" rotMax="27.846" rotMin="-8" startRot="-8"/>
                <dependentPart node="reelHydraulic"/>
                <dependentPart node="reelArmPipes1"/>
                <dependentPart node="reelArmPipes2"/>
                <dependentPart node="reelArmPart"/>
            </movingTool>

            <movingTool node="reel2">
                <dependentPart node="spike1"/>
                <dependentPart node="spike2"/>
                <dependentPart node="spike3"/>
                <dependentPart node="spike4"/>
                <dependentPart node="spike5"/>
                <dependentPart node="spike6"/>
            </movingTool>
        </movingTools>

        <movingParts>
            <movingPart node="spike1" referencePoint="spike1Ref" referenceFrame="varifeed18_main_component1"/>
            <movingPart node="spike2" referencePoint="spike2Ref" referenceFrame="varifeed18_main_component1"/>
            <movingPart node="spike3" referencePoint="spike3Ref" referenceFrame="varifeed18_main_component1"/>
            <movingPart node="spike4" referencePoint="spike4Ref" referenceFrame="varifeed18_main_component1"/>
            <movingPart node="spike5" referencePoint="spike5Ref" referenceFrame="varifeed18_main_component1"/>
            <movingPart node="spike6" referencePoint="spike6Ref" referenceFrame="varifeed18_main_component1"/>
            <movingPart node="reelHydraulic" referencePoint="reelHydraulicRef" referenceFrame="reelHydraulicRef">
                <translatingPart node="reelHydraulicPunch"/>
            </movingPart>
            <movingPart node="reelArmPipes1" referencePoint="reelArmPipes1Ref" referenceFrame="varifeed18_main_component1" scaleZ="true"/>
            <movingPart node="reelArmPipes2" referencePoint="reelArmPipes2Ref" referenceFrame="varifeed18_main_component1" scaleZ="true"/>
            <movingPart node="reelArmPipes3" referencePoint="reelArmPipes3Ref" referenceFrame="varifeed18_main_component1" scaleZ="true"/>
            <movingPart node="reelArmPart" referencePoint="reelArmPartRef" referenceFrame="varifeed18_main_component1"/>
            <movingPart node="reelMowerPart" referencePoint="reelMowerPartRef" localReferencePoint="reelMowerPart2" referenceFrame="reelMowerPartRefFrame">
                <dependentPart node="reelMowerPart2"/>
            </movingPart>
            <movingPart node="reelMowerPart2" referencePoint="reelMowerPartRef" referenceFrame="reelMowerPartRef" scaleZ="true"/>
        </movingParts>

        <sounds>
            <hydraulic template="defaultHydraulicSound" pitchScale="1.2" volumeScale="1.0" fadeIn="0.1" fadeOut="0.05" linkNode="0>"/>
        </sounds>
    </cylindered>
	
	<cutter fruitTypeCategories="grainHeader">
        <fruitExtraObjects>
            <fruitExtraObject fruitType="canola"  anim="varifeedRape"/>
            <fruitExtraObject fruitType="wheat"   node="wheatParts" isDefault="true"/>
            <fruitExtraObject fruitType="barley"  node="wheatParts"/>
            <fruitExtraObject fruitType="soybean" node="wheatParts"/>
            <fruitExtraObject fruitType="oat"     node="wheatParts"/>
            <fruitExtraObject fruitType="sorghum" node="wheatParts"/>
        </fruitExtraObjects>

		<effect>
            <effectNode effectClass="CutterMotionPathEffect" effectType="CUTTER" linkNode="effectCenter">
                <motionPathEffect textureFilename="textures/drumArray.dds" numRows="32" rowLength="42" minFade="0.06" textureRealWidth="16"/>
            </effectNode>
        </effect>

        <fillEffect>
            <effectNode effectClass="ParticleEffect" effectNode="smokeEmitter" particleType="SMOKE" emitCountScale="0.1" worldSpace="false" useCuttingWidth="false"/>
        </fillEffect>
		
		<animationNodes>
            <animationNode node="mainDrum" rotSpeed="800" rotAxis="1" turnOnFadeTime="2" turnOffFadeTime="3"/>
            <animationNode node="reel" rotSpeed="200" rotAxis="1" turnOnFadeTime="2" turnOffFadeTime="3"/>
            <animationNode node="reel2" rotSpeed="200" rotAxis="1" turnOnFadeTime="2" turnOffFadeTime="3"/>
        </animationNodes>

        <automaticTilt raycastNode1="0>0|7|0" raycastNode2="0>0|7|2"/>
        <sounds>
            <cut template="cropCutting" />
        </sounds>
    </cutter>
	
    <dynamicMount forceLimitScale="1"/>

    <turnOnVehicle turnedOnByAttacherVehicle="true">
        <turnedOnAnimation name="knifeAnimation" speedScale="6" turnOnFadeTime="2" turnOffFadeTime="2"/>
		<sounds>
            <start template="HARVESTER_TOOL_START" volumeScale="1.5" />
            <work  template="HARVESTER_TOOL_WORK"  volumeScale="1.5" />
            <stop  template="HARVESTER_TOOL_STOP"  volumeScale="1.5" />
        </sounds>
    </turnOnVehicle>

    <ai>
        <areaMarkers leftNode="aiLeftMarker" rightNode="aiRightMarker" backNode="aiBackMarker"/>
        <sizeMarkers leftNode="sizeMarkerLeft" rightNode="sizeMarkerRight" backNode="sizeMarkerBack"/>
        <collisionTrigger node="aiCollisionNode" width="8.3" height="2.1"/>
    </ai>

    <foliageBending>
        <bendingNode minX="-3" maxX="3" minZ="-0.9" maxZ="0.5" yOffset="0.2" />
    </foliageBending>

    <wearable wearDuration="480" workMultiplier="5" fieldMultiplier="2"/>
    <washable dirtDuration="90" washDuration="1" workMultiplier="4" fieldMultiplier="2"/>

    <baseMaterial>
        <material name="varifeed_mat" baseNode="newHolland_vis">
            <shaderParameter name="colorMat0" value="NEWHOLLAND_YELLOW1"/>
        </material>
    </baseMaterial>
	
	<baseMaterialConfigurations price="0" useDefaultColors="false" defaultColorIndex="0">
        <baseMaterialConfiguration name="$l10n_colorYellow1" color="0.891 0.49 0 1" material="0"/>
		<baseMaterialConfiguration name="$l10n_colorYellow2" color="1 0.44 0 1" material="0"/>
		<baseMaterialConfiguration name="$l10n_colorYellow3" color="0.891 0.612 0 1" material="0"/>
		<baseMaterialConfiguration name="$l10n_colorBlack1" color="SHARED_BLACK1" material="0"/>
        <material name="varifeed_mat" shaderParameter="colorMat0" />
    </baseMaterialConfigurations>

    <i3dMappings>
        <i3dMapping id="varifeed18_main_component1" node="0>" />
        <i3dMapping id="newHolland_vis" node="0>0" />
        <i3dMapping id="attacherJoint" node="0>0|0|0" />
        <i3dMapping id="heightNode" node="0>0|0|0|0" />
        <i3dMapping id="pto" node="0>0|0|1" />
        <i3dMapping id="mainDrum" node="0>0|1|0" />
        <i3dMapping id="variFeed" node="0>0|1|1" />
        <i3dMapping id="rapeParts" node="0>0|1|1|1|0" />
        <i3dMapping id="canolaExtension_sideKnifesLeft01" node="0>0|1|1|1|0|0|0" />
        <i3dMapping id="canolaExtension_sideKnifesLeft02" node="0>0|1|1|1|0|0|1" />
        <i3dMapping id="canolaExtension_sideKnifesRight01" node="0>0|1|1|1|0|1|0" />
        <i3dMapping id="canolaExtension_sideKnifesRight02" node="0>0|1|1|1|0|1|1" />
        <i3dMapping id="wheatParts" node="0>0|1|1|1|1" />
        <i3dMapping id="canolaExtension_lowKnifes" node="0>0|1|1|2" />
        <i3dMapping id="reelArm" node="0>0|1|2" />
        <i3dMapping id="reelMover" node="0>0|1|2|0" />
        <i3dMapping id="reel" node="0>0|1|2|0|0" />
        <i3dMapping id="spike1" node="0>0|1|2|0|0|0" />
        <i3dMapping id="spike2" node="0>0|1|2|0|0|1" />
        <i3dMapping id="spike3" node="0>0|1|2|0|0|2" />
        <i3dMapping id="spike4" node="0>0|1|2|0|0|3" />
        <i3dMapping id="spike5" node="0>0|1|2|0|0|4" />
        <i3dMapping id="spike6" node="0>0|1|2|0|0|5" />
        <i3dMapping id="reel2" node="0>0|1|2|0|1" />
        <i3dMapping id="spike1Ref" node="0>0|1|2|0|1|0" />
        <i3dMapping id="spike2Ref" node="0>0|1|2|0|1|1" />
        <i3dMapping id="spike3Ref" node="0>0|1|2|0|1|2" />
        <i3dMapping id="spike4Ref" node="0>0|1|2|0|1|3" />
        <i3dMapping id="spike5Ref" node="0>0|1|2|0|1|4" />
        <i3dMapping id="spike6Ref" node="0>0|1|2|0|1|5" />
        <i3dMapping id="reelMowerPartRef" node="0>0|1|2|0|2" />
        <i3dMapping id="reelArmPipes3Ref" node="0>0|1|2|0|3" />
        <i3dMapping id="reelMowerPart" node="0>0|1|2|1" />
        <i3dMapping id="reelMowerPart2" node="0>0|1|2|1|0" />
        <i3dMapping id="reelArmPipes1" node="0>0|1|2|2" />
        <i3dMapping id="reelArmPipes2" node="0>0|1|2|3" />
        <i3dMapping id="reelArmPipes3" node="0>0|1|2|4" />
        <i3dMapping id="reelHydraulicRef" node="0>0|1|2|5" />
        <i3dMapping id="reelArmPartRef" node="0>0|1|2|6" />
        <i3dMapping id="reelMowerPartRefFrame" node="0>0|1|2|7" />
        <i3dMapping id="reelHydraulic" node="0>0|1|3" />
        <i3dMapping id="reelHydraulicPunch" node="0>0|1|3|0" />
        <i3dMapping id="reelArmPart" node="0>0|1|4" />
        <i3dMapping id="reelArmPipes1Ref" node="0>0|1|5" />
        <i3dMapping id="reelArmPipes2Ref" node="0>0|1|6" />
        <i3dMapping id="workAreaStart" node="0>0|2|0" />
        <i3dMapping id="workAreaWidth" node="0>0|2|1" />
        <i3dMapping id="workAreaHeight" node="0>0|2|2" />
        <i3dMapping id="groundReferenceNode" node="0>0|2|3" />
        <i3dMapping id="aiLeftMarker" node="0>0|3|0|0" />
        <i3dMapping id="aiRightMarker" node="0>0|3|0|1" />
        <i3dMapping id="aiBackMarker" node="0>0|3|0|2" />
        <i3dMapping id="sizeMarkerLeft" node="0>0|3|1|0" />
        <i3dMapping id="sizeMarkerRight" node="0>0|3|1|1" />
        <i3dMapping id="sizeMarkerBack" node="0>0|3|1|2" />
        <i3dMapping id="aiCollisionNode" node="0>0|3|2" />
        <i3dMapping id="testAreaStart1" node="0>0|4|0|0" />
        <i3dMapping id="testAreaWidth1" node="0>0|4|0|0|0" />
        <i3dMapping id="testAreaHeight1" node="0>0|4|0|0|1" />
        <i3dMapping id="testAreaStart2" node="0>0|4|0|1" />
        <i3dMapping id="testAreaWidth2" node="0>0|4|0|1|0" />
        <i3dMapping id="testAreaHeight2" node="0>0|4|0|1|1" />
        <i3dMapping id="testAreaStart3" node="0>0|4|0|2" />
        <i3dMapping id="testAreaWidth3" node="0>0|4|0|2|0" />
        <i3dMapping id="testAreaHeight3" node="0>0|4|0|2|1" />
        <i3dMapping id="testAreaStart4" node="0>0|4|0|3" />
        <i3dMapping id="testAreaWidth4" node="0>0|4|0|3|0" />
        <i3dMapping id="testAreaHeight4" node="0>0|4|0|3|1" />
        <i3dMapping id="testAreaStart5" node="0>0|4|0|4" />
        <i3dMapping id="testAreaWidth5" node="0>0|4|0|4|0" />
        <i3dMapping id="testAreaHeight5" node="0>0|4|0|4|1" />	
        <i3dMapping id="smokeEmitter" node="0>0|4|1" />
        <i3dMapping id="effectCenter" node="0>0|4|2" />
        <i3dMapping id="effectLeft" node="0>0|4|3" />
        <i3dMapping id="effectRight" node="0>0|4|4" />
    </i3dMappings>
</vehicle>
