<?xml version="1.0" encoding="utf-8" standalone="no" ?>
<wheel xmlns:xsi="http://www.w3.org/2001/XMLSchema-instance" xsi:noNamespaceSchemaLocation="../../../../../../shared/xml/schema/wheel.xsd">
    <brand>CONTINENTAL</brand>
    <name>Tractor85</name>
    <default>
        <physics radius="0.64" width="0.343" mass="0.153" tireType="mud" frictionScale="1.60" maxLongStiffness="8" maxLatStiffness="100" maxLatStiffnessLoad="2" />
        <tire filename="$data/shared/wheels/tires/continental/tractor85/R28_tractor85.i3d" nodeLeft="2|0" nodeRight="2|0" maxDeformation="0.0549" sideDeformOffset="0.967" isCareWheel="false" tireTrackAtlasIndex="0" />
        <outerRim filename="wheels/rims/rims.i3d" nodeLeft="0|0" nodeRight="0|1" widthAndDiam="32 29" />
    </default>
    <configurations>
        <configuration id="dual" >
            <innerRim filename="-" />
        </configuration>
    </configurations>
</wheel>
