<?xml version="1.0" encoding="utf-8" standalone="no" ?>
<wheel xmlns:xsi="http://www.w3.org/2001/XMLSchema-instance" xsi:noNamespaceSchemaLocation="../../../../../../shared/xml/schema/wheel.xsd">
    <brand>CONTINENTAL</brand>
    <name>Tractor85</name>
    <default>
        <physics radius="0.77" width="0.486" mass="0.296" tireType="mud" frictionScale="1.60" maxLongStiffness="8" maxLatStiffness="100" maxLatStiffnessLoad="2" />
        <tire filename="$data/shared/wheels/tires/continental/tractor85/R38_tractor85.i3d" nodeLeft="0|0" nodeRight="0|0" maxDeformation="0.0775" sideDeformOffset="0.967" isCareWheel="false" tireTrackAtlasIndex="0" />
        <outerRim filename="wheels/rims/rims.i3d" nodeLeft="1|0" nodeRight="1|1" widthAndDiam="32 41" />
    </default>
    <configurations>
        <configuration id="agirlik" >
            <additional filename="wheels/rims/rims.i3d" nodeLeft="4|0" nodeRight="4|1" offset="0.15" scale="1 1 1" mass="0.6" />
        </configuration>    
    </configurations>
</wheel>
