<?xml version="1.0" encoding="utf-8" standalone="no" ?>
<wheel>
    <default>
        <physics radius="0.443" width="0.308" mass="0.049" tireType="mud" frictionScale="1.60" maxLongStiffness="8" maxLatStiffness="100" maxLatStiffnessLoad="2" />
        <tire filename="shared/wheels/mitas/AC70G/R16_AC70G.i3d" nodeLeft="1|0" nodeRight="1|0" maxDeformation="0.057" isCareWheel="false" />
        <outerRim filename="$data/shared/wheels/rims/rim001.i3d" node="0|0" widthAndDiam="10 16" />
        <innerRim filename="$data/shared/wheels/rims/rim001.i3d" nodeLeft="2|0" nodeRight="2|1" widthAndDiam="10 16" scale="0.5 1 1" />
    </default>
    <configurations>
        <configuration id="dual" >
            <innerRim filename="-" nodeLeft="-" nodeRight="-" widthAndDiam="-" />
        </configuration>
        <configuration id="dual_tt281_left" >
            <outerRim filename="shared/wheels/rims/aebi/tt281.i3d" node="1|0" />
            <innerRim filename="-" nodeLeft="-" nodeRight="-" widthAndDiam="-" />
        </configuration>
        <configuration id="dual_tt281_right" >
            <outerRim filename="shared/wheels/rims/aebi/tt281.i3d" node="1|1" />
            <innerRim filename="-" nodeLeft="-" nodeRight="-" widthAndDiam="-" />
        </configuration>
    </configurations>
</wheel>