<?xml version="1.0" encoding="utf-8" standalone="no" ?>
<wheel>
    <default>
        <physics radius="0.442" width="0.428" mass="0.094" tireType="mud" frictionScale="1.60" maxLongStiffness="12" maxLatStiffness="140" maxLatStiffnessLoad="2" />
        <tire filename="shared/wheels/mitas/AC70G/R17_AC70G.i3d" nodeLeft="0|0" nodeRight="0|0" maxDeformation="0.045" isCareWheel="false" />
        <outerRim filename="$data/shared/wheels/rims/rim001.i3d" node="0|0" widthAndDiam="13 17" />
        <innerRim filename="$data/shared/wheels/rims/rim001.i3d" nodeLeft="2|0" nodeRight="2|1" widthAndDiam="13 17" scale="0.5 1 1" />
    </default>
    <configurations>
        <configuration id="tt281_left" >
            <outerRim filename="shared/wheels/rims/aebi/tt281.i3d" node="0|0" />
        </configuration>
        <configuration id="tt281_right" >
            <outerRim filename="shared/wheels/rims/aebi/tt281.i3d" node="0|1" />
        </configuration>
    </configurations>
</wheel>