<?xml version="1.0" encoding="utf-8" standalone="no" ?>
<wheel>
    <default>
        <physics radius="0.86" width="0.486" mass="0.275" tireType="mud" frictionScale="1.60" maxLongStiffness="8" maxLatStiffness="100" maxLatStiffnessLoad="2" />
        <tire filename="wheels/AC70G/R34_AC70G.i3d" nodeLeft="0|0" nodeRight="0|0" maxDeformation="0.072" isCareWheel="false" tireTrackAtlasIndex="0" />
        <outerRim filename="$data/shared/wheels/rims/rim001.i3d" node="0|0" widthAndDiam="15 34" />
        <innerRim filename="$data/shared/wheels/rims/rim003.i3d" nodeLeft="1|1" nodeRight="1|0" scale="1 0.8 0.8" widthAndDiam="15 43" />
    </default>
	<configurations>     
        <configuration id="weight3" >
            <additional filename="wheels/MFrims.i3d" nodeLeft="0|0" nodeRight="0|1" offset="0.3" scale="0.5 0.75 0.75" mass="0.6" />
        </configuration>
    </configurations>
</wheel>