<?xml version="1.0" encoding="utf-8" standalone="no" ?>
<wheel>
    <default>
        <physics radius="0.731" width="0.496" mass="0.220" tireType="mud" frictionScale="1.60" maxLongStiffness="8" maxLatStiffness="100" maxLatStiffnessLoad="2" />
        <tire filename="wheels/AC70G/R30_AC70G.i3d" nodeLeft="1|0" nodeRight="1|0" maxDeformation="0.077" isCareWheel="false" tireTrackAtlasIndex="0" />
        <outerRim filename="$data/shared/wheels/rims/rim001.i3d" node="1|0" widthAndDiam="15 30" />
  		<innerRim filename="wheels/rims/rim001.i3d" nodeLeft="1|0" nodeRight="1|1" scale="1 1.05 1.05" offset="0.05" />
    </default>
    <configurations>
        <configuration id="dual" >
            <innerRim filename="-" nodeLeft="-" nodeRight="-" widthAndDiam="-" />
        </configuration>
    </configurations>
</wheel>