<?xml version="1.0" encoding="utf-8" standalone="no" ?>
<wheel>
    <default>
        <physics radius="0.9" width="0.539" mass="0.29" tireType="mud" frictionScale="1.60" maxLongStiffness="9" maxLatStiffness="110" maxLatStiffnessLoad="2" />
        <tire filename="wheels/AC70G/R34_AC70G.i3d" nodeLeft="1|0" nodeRight="1|0" maxDeformation="0.077" isCareWheel="false" tireTrackAtlasIndex="0" />
        <outerRim filename="$data/shared/wheels/rims/rim001.i3d" node="0|0" widthAndDiam="16 34" />
        <innerRim filename="$data/shared/wheels/rims/rim003.i3d" nodeLeft="1|1" nodeRight="1|0" widthAndDiam="16 38" />
    </default>
	<configurations>     
        <configuration id="weight3" >
            <additional filename="wheels/MFrims.i3d" nodeLeft="0|0" nodeRight="0|1" offset="0.3" scale="0.5 0.75 0.75" mass="0.6" />
        </configuration>
    </configurations>
</wheel>