﻿<?xml version="1.0" encoding="utf-8" standalone="no" ?>
<vehicle type="tractor">
    <annotation>Copyright (C) GameMasTer, All Rights Reserved.</annotation>
    <storeData>
        <name>
            <en>8085</en></name>
        <specs>
            <power>85</power>
            <maxSpeed>45</maxSpeed>
        </specs>
        <functions>
            <function>$l10n_function_tractor</function>
            <function>$l10n_function_tractorFrontloader</function>
        </functions>
        <image>GameMasTer/store_8105.png</image>
        <price>18000</price>
        <lifetime>600</lifetime>
        <rotation>0</rotation>
        <brand>Tumosan</brand>
        <category>tractorsS</category>
        <shopTranslationOffset>0 -0.13 0</shopTranslationOffset>
        <shopRotationOffset>-1 0 0</shopRotationOffset>
        <vertexBufferMemoryUsage>3271072</vertexBufferMemoryUsage>
        <indexBufferMemoryUsage>594468</indexBufferMemoryUsage>
        <textureMemoryUsage>20275048</textureMemoryUsage>
        <instanceVertexBufferMemoryUsage>0</instanceVertexBufferMemoryUsage>
        <instanceIndexBufferMemoryUsage>0</instanceIndexBufferMemoryUsage>
    </storeData>
    <base>
        <typeDesc>$l10n_typeDesc_tractor</typeDesc>
        <filename>Tumosan8105.i3d</filename>
        <size width="2.5" length="5" lengthOffset="-0.5"/>
		<sounds filename="sounds/series7810.xml" volumeFactor="1.1"/>
        <components>
            <component centerOfMass="0 0.9 -0.3" solverIterationCount="10" mass="3000"/>
            <component centerOfMass="0 0.0 0" solverIterationCount="20" mass="1000"/>
            <joint component1="1" component2="2" node="frontAxisComponentJoint" rotLimit="0 0 12" rotLimitSpring="0 0 4000" rotLimitDamping="0 0 20" maxRotDriveForce="0 0 7" rotDriveRotation="0 0 0" rotDriveSpring="0 0 7" rotDriveDamping="0 0 7" breakable="false"/>
        </components>
        <schemaOverlay attacherJointPosition="0 0">
            <default name="DEFAULT_VEHICLE"/>
            <turnedOn name="DEFAULT_VEHICLE_ON"/>
            <selected name="DEFAULT_VEHICLE_SELECTED"/>
            <turnedOnSelected name="DEFAULT_VEHICLE_SELECTED_ON"/>
        </schemaOverlay>
		<schemaOverlay attacherJointPosition="0 0" name="VEHICLE" />
        <mapHotspot type="TRACTOR" />
    </base>
	<vehicleTypeConfigurations>
        <vehicleTypeConfiguration name="$l10n_configuration_valueDefault" price="0" vehicleType="tractor">
			<objectChange node="0>13|1|0"  visibilityActive="false" />
        </vehicleTypeConfiguration>
		<vehicleTypeConfiguration name="agırlık" price="800" vehicleType="tractor">
			<objectChange node="0>13|1|0"  visibilityActive="true" />
        </vehicleTypeConfiguration>
    </vehicleTypeConfigurations>
    <wheels>
        <wheelConfigurations>
            <wheelConfiguration name="$l10n_configuration_valueDefault" price="0">
                <wheels autoRotateBackSpeed="2.2">
                    <wheel filename="GameMasTer/380_85R24.xml" isLeft="true" hasTireTracks="true" hasParticles="true">
                        <physics rotSpeed="1" restLoad="1.4" repr="1>0|0|0" driveNode="1>0|0|0|0|0" forcePointRatio="0.5" initialCompression="25" suspTravel="0.13" spring="99" damper="99"/>
                        <steering node="1>1|0" nodeMinTransX="0.1" nodeMaxTransX="-0.1" />
                        <fender node="1>0|0|0|2" rotMax="18"/>
                    </wheel>
                    <wheel filename="GameMasTer/380_85R24.xml" isLeft="false" hasTireTracks="true" hasParticles="true">
                        <physics rotSpeed="1" restLoad="1.4" repr="1>0|1|0" driveNode="1>0|1|0|0|0" forcePointRatio="0.5" initialCompression="25" suspTravel="0.13" spring="99" damper="99"/>
                        <fender node="1>0|1|0|2" rotMin="-18"/>
                    </wheel>
                    <wheel filename="GameMasTer/460_85R30.xml" isLeft="true" hasTireTracks="true" hasParticles="true">
                        <physics rotSpeed="0" restLoad="0.8" repr="0>0|1|1" forcePointRatio="0.5" initialCompression="20" suspTravel="0.2" spring="99" damper="99"/>
                    </wheel>
                    <wheel filename="GameMasTer/460_85R30.xml" isLeft="false" hasTireTracks="true" hasParticles="true">
                        <physics rotSpeed="0" restLoad="0.8" repr="0>0|0|1" forcePointRatio="0.5" initialCompression="20" suspTravel="0.2" spring="99" damper="99"/>
                    </wheel>
                    <foliageBendingModifier index="1" minX="-1" maxX="1"/>
                    <foliageBendingModifier index="2" minX="-1.07" maxX="1.07"/>
                </wheels>
            </wheelConfiguration>
        </wheelConfigurations>
        <hubs>
        </hubs>
        <ackermannSteeringConfigurations>
            <ackermannSteering rotSpeed="40" rotMax="41" rotCenterWheel1="3" rotCenterWheel2="4"/>
        </ackermannSteeringConfigurations>
    </wheels>
    <speedRotatingParts>
        <speedRotatingPart node="driveShaft" wheelIndex="1" wheelScale="3"/>
    </speedRotatingParts>
    <lights>	
        <states>
            <state lightTypes="0"/>
            <state lightTypes="0 1"/>
            <state lightTypes="0 1 2"/>
        </states>
        <realLights>
            <low>
                <light node="frontLightLow" lightTypes="0" excludedLightTypes="2 3"/>
                <light node="workLightBackLow" lightTypes="1"/>
                <light node="workLightFrontLow" lightTypes="2"/>
                <light node="highBeamLow" lightTypes="3"/>
                <defaultLight shaderNode="0>3|0|2|0|11|0|0|1" lightTypes="1"/>
                <defaultLight shaderNode="0>3|0|2|0|9|0|0|1" lightTypes="1"/>
                <defaultLight shaderNode="0>3|0|2|0|8|0|0|1" lightTypes="2"/>
                <defaultLight shaderNode="0>3|0|2|0|10|0|0|1" lightTypes="2"/>
				<turnLightLeft node="0>4|3|1" intensity="15"/>
                <turnLightRight node="0>4|3|0" intensity="15"/>
				<turnLightLeft node="0>4|3|2" intensity="15"/>
				<turnLightRight node="0>4|3|3" intensity="15"/>	
            </low>
            <high>
                <light node="frontLightHigh" lightTypes="0" excludedLightTypes="2 3"/>
                <light node="workLightBackHigh" lightTypes="1"/>
                <light node="workLightFrontHigh" lightTypes="2"/>
                <light node="highBeamHigh" lightTypes="3"/>
                <light node="backLightsHigh" lightTypes="0"/>
                <turnLightLeft node="0>4|3|1" intensity="15"/>
                <turnLightRight node="0>4|3|0" intensity="15"/>
				<turnLightLeft node="0>4|3|2" intensity="15"/>
				<turnLightRight node="0>4|3|3" intensity="15"/>
                <interiorLight node="interiorScreenLight"/>
                <defaultLight shaderNode="0>3|0|2|0|11|0|0|1" lightTypes="1"/>
                <defaultLight shaderNode="0>3|0|2|0|9|0|0|1" lightTypes="1"/>
                <defaultLight shaderNode="0>3|0|2|0|8|0|0|1" lightTypes="2"/>
                <defaultLight shaderNode="0>3|0|2|0|10|0|0|1" lightTypes="2"/>
				<brakeLight shaderNode="0>3|0|2|0|1|0|0" intensity="35"/>
                <brakeLight shaderNode="0>3|0|2|0|0|0|0" intensity="35"/>	
            </high>
        </realLights>
        <defaultLights>					
			<defaultLight shaderNode="0>13|1|10|0|0|2|0" lightTypes="0"/>
			<defaultLight shaderNode="0>3|0|2|0|2|0" lightTypes="1"/>
			<defaultLight shaderNode="0>3|0|2|0|3|0" lightTypes="1"/>
			<defaultLight shaderNode="0>3|0|10|10|0" lightTypes="0"/>
			<defaultLight shaderNode="0>3|0|10|9|0" lightTypes="0"/>
			<defaultLight shaderNode="0>3|0|2|0|1|0|0" lightTypes="0"/>
			<defaultLight shaderNode="0>3|0|2|0|0|0|0" lightTypes="0"/>	
			<turnLightLeft node="0>4|3|1" intensity="15"/>
            <turnLightRight node="0>4|3|0" intensity="15"/>
			<turnLightLeft node="0>4|3|2" intensity="15"/>
			<turnLightRight node="0>4|3|3" intensity="15"/>
        </defaultLights>
		
		<brakeLights>
            <brakeLight shaderNode="0>3|0|2|0|1|0|0" intensity="35"/>
            <brakeLight shaderNode="0>3|0|2|0|0|0|0" intensity="35"/>
        </brakeLights>
		
		<turnLights>
            <turnLightLeft shaderNode="0>3|0|2|0|1|0|1" />
            <turnLightRight shaderNode="0>3|0|2|0|0|0|1" />
			<turnLightLeft shaderNode="0>3|0|10|10|3" />
			<turnLightRight shaderNode="0>3|0|10|9|3" />
			<turnLightLeft shaderNode="0>4|3|1" />
			<turnLightRight shaderNode="0>4|3|0" />
			<turnLightLeft shaderNode="0>4|3|2" />
			<turnLightRight shaderNode="0>4|3|3" />
        </turnLights>
		
        <beaconLights>
            <beaconLight node="0>3|0|2|1|0" filename="$data/shared/assets/beaconLights/lizard/beaconLight07.xml"/>
			<beaconLight node="0>3|0|2|1|1" filename="$data/shared/assets/beaconLights/lizard/beaconLight07.xml"/>
        </beaconLights>
        <sounds>
            <switchLight template="SWITCH_01" linkNode="trac1104_main_component1"/>
            <turnLight template="SWITCH_TURNLIGHT" linkNode="trac1104_main_component1"/>
        </sounds>
        <dashboards>
            <dashboard displayType="EMITTER" valueType="lightState" node="cabinDecalLight" intensity="0.03" lightTypes="0" groups="MOTOR_ACTIVE"/>
            <dashboard displayType="EMITTER" valueType="lightState" node="decalStickerLight" lightTypes="0" baseColor="GREY" emitColor="GREY" groups="MOTOR_ACTIVE"/>
            <dashboard displayType="EMITTER" valueType="lightState" node="0>3|0|9|0|3" lightTypes="1 2" baseColor="GREY" emitColor="GREY" groups="MOTOR_ACTIVE"/>
            <dashboard displayType="EMITTER" valueType="lightState" node="0>3|0|10|20|0" lightTypes="0" baseColor="GREY" emitColor="GREY" groups="MOTOR_ACTIVE"/>
            <dashboard displayType="EMITTER" valueType="lightState" node="0>3|0|10|20|1" lightTypes="0" baseColor="GREY" emitColor="GREY" groups="MOTOR_ACTIVE"/>
            <dashboard displayType="EMITTER" valueType="lightState" node="0>3|0|10|20|2" lightTypes="0" baseColor="GREY" emitColor="GREY" groups="MOTOR_ACTIVE"/>
            <dashboard displayType="EMITTER" valueType="lightState" node="0>3|0|10|19|0" lightTypes="0" baseColor="GREY" emitColor="GREY" groups="MOTOR_ACTIVE"/>
            <dashboard displayType="EMITTER" valueType="turnLightHazard" node="decalStickerHazardlight" baseColor="GREY" emitColor="RED" intensity="4" groups="MOTOR_ACTIVE"/>

			<dashboard displayType="emitter" valueType="turnLightLeft"  node="0>3|0|10|13"      baseColor="BLACK" emitColor="GREEN" groups="MOTOR_ACTIVE"/>
            <dashboard displayType="emitter" valueType="turnLightRight" node="0>3|0|10|14"     baseColor="BLACK" emitColor="GREEN" groups="MOTOR_ACTIVE"/>
			<dashboard displayType="emitter" valueType="turnLightHazard" node="0>3|0|10|15"              baseColor="BLACK" emitColor="RED" intensity="4" groups="MOTOR_ACTIVE"/>
			
			<dashboard displayType="EMITTER" valueType="lightState" node="0>3|0|10|8"         baseColor="BLACK" emitColor="GREEN" intensity="2" lightTypes="0" excludedLightTypes="3" groups="MOTOR_ACTIVE"/>
			0>3|0|9|0|7
			<dashboard displayType="EMITTER" valueType="lightState" node="0>3|0|9|0|2"       baseColor="BLACK" emitColor="GREEN"    intensity="2" lightTypes="2" excludedLightTypes="0" groups="MOTOR_ACTIVE"/>
			<dashboard displayType="EMITTER" valueType="lightState" node="0>3|0|9|0|3"  baseColor="BLACK" emitColor="RED"    intensity="2" lightTypes="1"                        groups="MOTOR_ACTIVE"/>
        
			
		
		
		</dashboards>
    </lights>
    <attacherJoints comboDuration="0">
        <attacherJoint node="attacherJointBack" lowerRotationOffset="-1.5" upperRotationOffset="-1.5" moveTime="2.5" comboTime="1">
            <distanceToGround lower="0.36" upper="1.07"/>
            <rotationNode node="attacherJointBackRot" lowerRotation="-11 0 0" upperRotation="30 0 0"/>
            <rotationNode2 node="attacherJointBackRot2"/>
            <bottomArm rotationNode="attacherJointBackArmBottom" translationNode="attacherJointBackArmBottomLink" referenceNode="referencePointBackBottom" zScale="-1" startRotation="-10 0 0"/>
            <topArm baseNode="attacherJointBackArmTop" filename="$data/shared/assets/upperLinks/walterscheid03.i3d" zScale="-1" color="SHARED_GREY5"/>
            <schema position="1 0" rotation="0" invertX="false"/>
            <objectChange node="trailerAttacherNode" visibilityActive="false" visibilityInactive="true"/>
            <objectChange node="trailerLowNode" visibilityActive="false" visibilityInactive="true"/>
        </attacherJoint>
        <attacherJoint node="trailerAttacherJointBack" jointType="trailer" lowerRotLimit="10 50 50" upperRotRotationOffset="0" allowsJointLimitMovement="false" comboTime="1">
            <distanceToGround lower="0.44" upper="1.02"/>
            <transNode node="trailerAttacherNode" minY="0.367" maxY="0.947" height="0.3"/>
            <schema position="1 0" rotation="0" invertX="false"/>
            <objectChange node="trailerLowNode" visibilityActive="false" visibilityInactive="true"/>
        </attacherJoint>
        <attacherJoint node="trailerAttacherJointBackLow" jointType="trailerLow" lowerRotLimit="10 50 50" lowerTransLimit="0 0 0" upperRotRotationOffset="0" allowsJointLimitMovement="false" comboTime="1">
            <distanceToGround lower="0.44" upper="0.96"/>
            <transNode node="trailerLowNode" minY="0.37" maxY="0.89" height="0.2"/>
            <schema position="1 0" rotation="0" invertX="false"/>
            <objectChange node="attacherJointBackArmBottom" rotationActive="30 0 0" rotationInactive="-17 0 0"/>
            <objectChange node="trailerAttacherNode" visibilityActive="false" visibilityInactive="true"/>
            <steeringBars leftNode="trailerLowSteeringBarLeftRef" rightNode="trailerLowSteeringBarRightRef"/>
        </attacherJoint>
        <attacherJoint node="trailerAttacherJointFront" jointType="trailer" lowerRotLimit="10 50 50" lowerTransLimit="0 0 0" upperRotRotationOffset="0" allowsJointLimitMovement="false" comboTime="0">
            <schema position="1 0" rotation="0" invertX="true"/>
        </attacherJoint>
        <sounds>
            <attach template="ATTACH_01" linkNode="trac1104_main_component1"/>
            <hydraulic template="DEFAULT_HYDRAULIC_SOUND" linkNode="trac1104_main_component1"/>
        </sounds>
    </attacherJoints>
    <powerTakeOffs>
        <output attacherJointIndices="1 2 3" outputNode="ptoOutputBack"/>
    </powerTakeOffs>
    <connectionHoses>
        <target attacherJointIndices="1 2 3" type="hydraulicIn" node="hydraulicIn01"/>
        <target attacherJointIndices="1 2 3" type="hydraulicOut" node="hydraulicOut01"/>
        <target attacherJointIndices="1 2 3" type="hydraulicIn" node="hydraulicIn02"/>
        <target attacherJointIndices="1 2 3" type="hydraulicOut" node="hydraulicOut02"/>
        <target attacherJointIndices="1 2 3" type="hydraulicIn" node="hydraulicIn03"/>
        <target attacherJointIndices="1 2 3" type="hydraulicOut" node="hydraulicOut03"/>
        <target attacherJointIndices="1 2 3" type="hydraulicIn" node="hydraulicIn04"/>
        <target attacherJointIndices="1 2 3" type="hydraulicOut" node="hydraulicOut04"/>
        <target attacherJointIndices="1 2 3" type="airDoubleRed" node="airDoubleOrange" socket="air_red"/>
        <target attacherJointIndices="1 2 3" type="airDoubleYellow" node="airDoubleYellow" socket="air_yellow"/>
        <target attacherJointIndices="1 2 3" type="electric" node="electricBack" socket="electric"/>
    </connectionHoses>
    <enterable isTabbable="true">
        <enterReferenceNode node="trac1104_main_component1"/>
        <exitPoint node="exitPoint"/>
        <cameras>
            <camera node="outdoorCamera" rotatable="true" rotateNode="outdoorCameraTarget" limit="true" useWorldXZRotation="true" rotMinX="-1.4" rotMaxX="1" transMin="4" transMax="40" translation="0 0 5" rotation="-20 180 0">
                <raycastNode node="cameraRaycastNode1"/>
                <raycastNode node="cameraRaycastNode2"/>
            </camera>
            <camera node="indoorCamera" rotatable="true" limit="true" rotMinX="-1.1" rotMaxX="0.4" transMin="0" transMax="0" useMirror="true" isInside="true" shadowFocusBox="shadowFocusBox"/>
			<camera node="camera1" rotatable="true" limit="true" rotMinX="-1.1" rotMaxX="0.4" transMin="0" transMax="0" useMirror="true" isInside="true" shadowFocusBox="shadowFocusBox"/>
			<camera node="camera2" rotatable="true" limit="true" rotMinX="-1.1" rotMaxX="0.4" transMin="0" transMax="0" useMirror="true" isInside="true" shadowFocusBox="shadowFocusBox"/>
			<camera node="camera3" rotatable="true" limit="true" rotMinX="-1.1" rotMaxX="0.4" transMin="0" transMax="0" useMirror="true" isInside="true" shadowFocusBox="shadowFocusBox"/>
        </cameras>
        <characterNode node="playerSkin" cameraMinDistance="1.5" spineRotation="-90 0 90">
            <target ikChain="leftFoot" targetNode="playerLeftFootTarget"/>
            <target ikChain="rightFoot" targetNode="playerRightFootTarget"/>
            <target ikChain="leftArm" targetNode="playerLeftHandTarget"/>
            <target ikChain="rightArm" targetNode="playerRightHandTarget"/>
        </characterNode>
        <characterTargetNodeModifier node="playerRightFootTarget" transitionTime="0.1">
            <state node="playerRightFootTargetGas" referenceNode="gasPedal" directionReferenceNode="playerRightFootTargetGasRef"/>
            <state node="playerRightFootTargetBrake" referenceNode="brakePedal"/>
        </characterTargetNodeModifier>
        <mirrors>
            <mirror node="0>3|0|3|0" prio="1"/>
            <mirror node="0>3|0|3|1" prio="1"/>
        </mirrors>
		
		<dashboards>
            <dashboard displayType="NUMBER" valueType="time"          numbers="0>3|0|10|27"          precision="2" groups="MOTOR_ACTIVE"/>
             <dashboard displayType="NUMBER" valueType="operatingTime" numbers="0>3|0|10|18" precision="1" groups="MOTOR_ACTIVE"/>
        </dashboards>
		
    </enterable>
    <motorized>
        <consumerConfigurations>
            <consumerConfiguration>
                <consumer fillUnitIndex="1" usage="33" fillType="diesel"/>
                <!-- usage is per hour at max load and max rpm -->
                <consumer fillUnitIndex="2" usage="200" fillType="air" permanentConsumption="false" refillLitersPerSecond="250" refillCapacityPercentage="0.5"/>
                <!-- usage per second at full brake power -->
            </consumerConfiguration>
        </consumerConfigurations>
        <differentialConfigurations>
            <differentialConfiguration>
                <differentials>
                    <differential torqueRatio="0.5" maxSpeedRatio="1.8" wheelIndex1="1" wheelIndex2="2"/>
                    <!-- front left-right -->
                    <differential torqueRatio="0.5" maxSpeedRatio="1.8" wheelIndex1="3" wheelIndex2="4"/>
                    <!-- back left-right -->
                    <differential torqueRatio="0.5" maxSpeedRatio="1.8" differentialIndex1="1" differentialIndex2="2"/>
                    <!-- front-back -->
                </differentials>
            </differentialConfiguration>
        </differentialConfigurations>
        <motorConfigurations>
            <motorConfiguration hp="95">
                <motor torqueScale="0.560" minRpm="850" maxRpm="3300" maxForwardSpeed="49" maxBackwardSpeed="22" brakeForce="3" lowBrakeForceScale="0.22" lowBrakeForceSpeedLimit="1">
                    <torque normRpm="0.45" torque="0.9"/>
                    <torque normRpm="0.5" torque="0.97"/>
                    <torque normRpm="0.59" torque="1"/>
                    <torque normRpm="0.72" torque="1"/>
                    <torque normRpm="0.86" torque="0.88"/>
                    <torque normRpm="1" torque="0.88"/>
                </motor>
					<transmission autoGearChangeTime="0.5" gearChangeTime="0.4" name="$l10n_info_transmission_manualWithPowerShiftGroups">
                    <directionChange useGroup="false" useGear="false" changeTime="0.5"/>
                    <groups type="POWERSHIFT" changeTime="0.2">
                        <group ratio="0.20"  name="|" />
                        <group ratio="0.45"  name="||" />
						<group ratio="0.90"  name="|||" />
						
                    </groups>
                    <forwardGear maxSpeed="8.0"  />
                    <forwardGear maxSpeed="17.0" />
                    <forwardGear maxSpeed="32.0" />
					<forwardGear maxSpeed="55.0" />
                </transmission>
                <transmission minForwardGearRatio="19.2" maxForwardGearRatio="450" minBackwardGearRatio="57" maxBackwardGearRatio="450"/>
            </motorConfiguration>
        </motorConfigurations>
        <exhaustEffects>
            <exhaustEffect node="exhaustParticleLinkNode" filename="$data/particleSystems/shared/exhaust.i3d" minRpmColor="0.9 0.9 0.9 0.1" maxRpmColor="0.9 0.9 0.9 0.4" minRpmScale="0.05" maxRpmScale="0.5" xzRotationsOffset="-180 0" xzRotationsForward="0 300" xzRotationsBackward="150 0" xzRotationsLeft="20 80" xzRotationsRight="40 -200"/>
        </exhaustEffects>
        <motorStartDuration>2500</motorStartDuration>
		
        <dashboards>
			<dashboard displayType="ANIMATION" valueType="rpm"              animName="rpmDisplay"         minValueAnim="0"  maxValueAnim="2500" groups="MOTOR_ACTIVE"/>
            <dashboard displayType="NUMBER" valueType="speed" numbers="0>3|0|10|17" precision="1" groups="MOTOR_ACTIVE"/>
			<dashboard displayType="ANIMATION" valueType="rpm" animName="rpmNeedle" minValueAnim="0" maxValueAnim="2500" groups="MOTOR_ACTIVE"/>
        </dashboards>
        
		<sounds externalSoundFile="sounds/tumosan_maxima.xml"/>
    </motorized>
    <drivable>
        <sounds>
            <waterSplash template="WATER_SPLASH_01" linkNode="trac1104_main_component1"/>
        </sounds>
        <steeringWheel node="steeringWheel" indoorRotation="540" outdoorRotation="50"/>
        <dashboards>
            <dashboard displayType="ROT" valueType="accelerationAxis" node="gasPedal" minRot="0 0 0" maxRot="-10 0 0" doInterpolation="true" groups="MOTOR_ACTIVE"/>
            <dashboard displayType="ROT" valueType="decelerationAxis" node="brakePedal" minRot="0 0 0" maxRot="-11 0 0" doInterpolation="true" groups="MOTOR_ACTIVE"/>
        </dashboards>
    </drivable>	
	<animations>
        <animation name="wiperFrontAnimation">
            <part node="frontWiperRot" startTime="0.0" endTime="0.35" startRot="-8 0 0" endRot="-10 0 0"/>
            <part node="frontWiperRot" startTime="0.35" endTime="0.7" startRot="-10 0 0" endRot="-8 0 0"/>
            <part node="frontWiper" startTime="0.0" endTime="0.7" startRot="0 0 0" endRot="0 0 95"/>
        </animation>
        <animation name="wiperBackAnimation">
            <part node="rearWiper" startTime="0.0" endTime="0.5" startRot="0 0 0" endRot="0 0 -60"/>
        </animation>
        <animation name="rpmNeedle">
            <part node="0>3|0|10|17|0" startTime="0.0" endTime="1.0" startRot="0 0 0" endRot="0 -180 0"/>
        </animation>
        <animation name="temperatureNeedle">
            <part node="indoorHudTemperatureNeedle" startTime="0.0" endTime="1.0" startRot="0 0 0" endRot="0 0 87"/>
        </animation>
        <animation name="fuelNeedle">
            <part node="indoorHudFuelNeedle" startTime="0.0" endTime="1.0" startRot="0 0 0" endRot="0 0 79.5"/>
		</animation>
		<animation name="rpmDisplay">
            <part node="0>3|0|10|19|0" startTime="0"    endTime="1.0" startRot="0 0 0"    endRot="-60 0 0" />
        </animation>
        <animation name="bonnet">
            <part node="0>13|3|13" startTime="0.0" endTime="1.0" startRot="0 0 0" endRot="-60 0 0"/>
        </animation>	
    </animations>

<simpleIC outsideInteractionTrigger="0>13|3|14" >
	<animation animationName="bonnet" animationSpeed="1" sharedAnimation="false" soundVolumeIncreasePercentage="0.5" >
		<outsideTrigger triggerPoint="0>13|3|15" triggerPointSize="0.09" />
	</animation>
</simpleIC>

    <cylindered>
        <movingTools>
            <movingTool node="attacherJointBackArmBottom">
                <dependentPart node="mainArm"/>
            </movingTool>
        </movingTools>
        <movingParts>
        <movingPart node="1>0|0|0|1" referencePoint="1>1|0|0" referenceFrame="1>1|0|0" isActiveDirty="true" scaleZ="true" />
        <movingPart node="1>0|1|0|1" referencePoint="1>1|0|1" referenceFrame="1>1|0|1" isActiveDirty="true" scaleZ="true" />
            <movingPart node="mainArm" referencePoint="mainArmRef" localReferencePoint="mainArmPart" referenceFrame="attacherJointBackRot">
                <dependentPart node="mainArmPart"/>
            </movingPart>
            <movingPart node="mainArmPart" referencePoint="mainArmRef" referenceFrame="mainArmRef">
                <dependentPart node="mainArmHydraulic"/>
                <dependentPart node="bottomLinkLeft"/>
                <dependentPart node="bottomLinkRight"/>
            </movingPart>
            <movingPart node="mainArmHydraulic" referencePoint="mainArmHydraulicRef" referenceFrame="mainArmHydraulicRef">
                <translatingPart node="mainArmHydraulicPunch"/>
            </movingPart>
            <movingPart node="bottomLinkLeft" referencePoint="bottomLinkLeftRef" referenceFrame="bottomLinkLeftRef"/>
            <movingPart node="bottomLinkRight" referencePoint="bottomLinkRightRef" referenceFrame="bottomLinkRightRef"/>
        </movingParts>
        <sounds>
            <hydraulic template="DEFAULT_HYDRAULIC_SOUND" linkNode="trac1104_main_component1"/>
        </sounds>
    </cylindered>
    <wipers>
        <wiper animName="wiperFrontAnimation">
            <state animSpeed="1.0" animPause="2.0"/>
            <state animSpeed="1.0" animPause="1.0"/>
            <state animSpeed="1.0" animPause="0.0"/>
            <state animSpeed="1.5" animPause="0.0"/>
        </wiper>
        <wiper animName="wiperBackAnimation">
            <state animSpeed="1.0" animPause="2.0"/>
            <state animSpeed="1.0" animPause="1.0"/>
            <state animSpeed="1.0" animPause="0.0"/>
            <state animSpeed="1.5" animPause="0.0"/>
        </wiper>
    </wipers>
    <suspensions>
        <suspension node="cabinSuspension" weight="200" minRotation="-5 0 -5" maxRotation="5 0 5" suspensionParametersX="200 17" suspensionParametersZ="200 17"/>
        <suspension node="seatSuspension" weight="150" minTranslation="-0.05 -0.15 0.0" maxTranslation="0.05 0.15 0.0" suspensionParametersX="20 4" suspensionParametersY="5 1" suspensionParametersZ="20 4"/>
        <suspension useCharacterTorso="true" weight="90" minRotation="0 -5 -5" maxRotation="0 5 5" suspensionParametersY="7 1" suspensionParametersZ="7 1"/>
    </suspensions>
    <fillUnit>
        <fillUnitConfigurations>
            <fillUnitConfiguration>
                <fillUnits>
                    <fillUnit unit="$l10n_unit_literShort" showOnHud="false" showInShop="false" fillTypes="diesel" capacity="100">
                        <dashboard displayType="ANIMATION" valueType="fillLevel" animName="fuelNeedle" doInterpolation="true" interpolationSpeed="0.3" groups="MOTOR_ACTIVE"/>
                    </fillUnit>
                    <fillUnit unit="$l10n_unit_literShort" showOnHud="false" showInShop="false" fillTypes="air" capacity="2000"/>
                </fillUnits>
            </fillUnitConfiguration>
        </fillUnitConfigurations>
    </fillUnit>
    <honk>
        <sound file="sounds/kornacng.wav" innerRadius="10">
            <volume indoor="1.80" outdoor="3.80"/>
            <pitch outdoor="1.00"/>
            <lowpassGain indoor="0.95"/>
        </sound>
    </honk>
    <dashboard>
        <groups>
            <group name="MOTOR_STARTING" isMotorStarting="true"/>
            <group name="MOTOR_ACTIVE" isMotorStarting="true" isMotorRunning="true"/>
        </groups>
        <default>
			<dashboard displayType="VISIBILITY" node="0>3|0|9|0|7" groups="MOTOR_STARTING"/>
			
            <dashboard displayType="VISIBILITY" node="dashboard_lightupdecal" groups="MOTOR_ACTIVE"/>
            <dashboard displayType="VISIBILITY" node="dashboard_decalSticker" groups="MOTOR_ACTIVE"/>
        </default>
    </dashboard>
    <ai>
        <collisionTrigger node="aiCollisionTrigger"/>
    </ai>
    <foliageBending>
        <bendingNode minX="-0.95" maxX="0.95" minZ="-0.65" maxZ="1.55" yOffset="0.6"/>
        <bendingNode minX="-0.95" maxX="0.95" minZ="-2.25" maxZ="-0.65" yOffset="0.6"/>
    </foliageBending>
    <baseMaterial>
        <material name="trac1104_mat" baseNode="trac1104_vis">
            <shaderParameter name="colorMat0" value="ARMATRAC_RED1"/>
            <shaderParameter name="colorMat2" value="ARMATRAC_GREY1"/>
        </material>
        <material name="rearHitch_mat" baseNode="rearHitchBase">
            <shaderParameter name="colorMat0" value="ARMATRAC_GREY1"/>
        </material>
    </baseMaterial>
	<wearable wearDuration="650" workMultiplier="5" fieldMultiplier="2"/>
    <washable dirtDuration="150" washDuration="1" workMultiplier="3" fieldMultiplier="2"/>
    <i3dMappings>
        <i3dMapping id="trac1104_main_component1" node="0>"/>
        <i3dMapping id="wheelBackLeft" node="0>0|0"/>
        <i3dMapping id="wheelBackRight" node="0>0|1"/>
        <i3dMapping id="frontAxisComponentJoint" node="0>0|2"/>
        <i3dMapping id="exitPoint" node="0>1"/>
        <i3dMapping id="outdoorCameraTarget" node="0>2|0"/>
        <i3dMapping id="outdoorCamera" node="0>2|0|0"/>
		<i3dMapping id="camera1" node="0>2|0|1"/>
        <i3dMapping id="indoorCamera" node="0>2|1"/>
        <i3dMapping id="cameraRaycastNode1" node="0>2|2"/>
        <i3dMapping id="cameraRaycastNode2" node="0>2|3"/>
		<i3dMapping id="camera2" node="0>2|4"/>
        <i3dMapping id="cabinSuspension" node="0>3|0"/>
        <i3dMapping id="seatSuspension" node="0>3|0|0"/>
        <i3dMapping id="playerSkin" node="0>3|0|0|0|0"/>
        <i3dMapping id="steeringWheel" node="0>3|0|1|0|0"/>
        <i3dMapping id="playerRightHandTarget" node="0>3|0|1|0|0|0"/>
        <i3dMapping id="playerLeftHandTarget" node="0>3|0|1|0|0|1"/>
        <i3dMapping id="yellowRound_01_01" node="0>3|0|2|0|0"/>
        <i3dMapping id="yellowRound_01_02" node="0>3|0|2|0|1"/>
        <i3dMapping id="workingLightCircle_01_01" node="0>3|0|2|0|2"/>
        <i3dMapping id="workingLightCircle_01_02" node="0>3|0|2|0|3"/>
        <i3dMapping id="frontLightOval_01Right" node="0>3|0|2|0|4"/>
        <i3dMapping id="frontLightOval_01Left" node="0>3|0|2|0|5"/>
        <i3dMapping id="rear2ChamberLight_06Right" node="0>3|0|2|0|6"/>
        <i3dMapping id="rear2ChamberLight_06Left" node="0>3|0|2|0|7"/>
        <i3dMapping id="workingLightOval_01Right01" node="0>3|0|2|0|8"/>
        <i3dMapping id="workingLightOval_01Right02" node="0>3|0|2|0|9"/>
        <i3dMapping id="workingLightOval_01Left01" node="0>3|0|2|0|10"/>
        <i3dMapping id="workingLightOval_01Left02" node="0>3|0|2|0|11"/>
        <i3dMapping id="beaconLight" node="0>3|0|2|1|0"/>
        <i3dMapping id="frontWiperRot" node="0>3|0|4|0"/>
        <i3dMapping id="frontWiper" node="0>3|0|4|0|0"/>
        <i3dMapping id="rearWiperRot" node="0>3|0|4|1"/>
        <i3dMapping id="rearWiper" node="0>3|0|4|1|0"/>
        <i3dMapping id="playerLeftFootTarget" node="0>3|0|5|0"/>
        <i3dMapping id="playerRightFootTarget" node="0>3|0|5|1"/>
        <i3dMapping id="gasPedal" node="0>3|0|6|0"/>
        <i3dMapping id="playerRightFootTargetGasRef" node="0>3|0|6|0|0"/>
        <i3dMapping id="playerRightFootTargetGas" node="0>3|0|6|1"/>
        <i3dMapping id="brakePedal" node="0>3|0|6|2"/>
        <i3dMapping id="playerRightFootTargetBrake" node="0>3|0|6|2|0"/>
        <i3dMapping id="indoorHudRPMNeedle" node="0>3|0|10|19|0"/>
        <i3dMapping id="shadowFocusBox" node="0>3|0|8"/>
        <i3dMapping id="interiorScreenLight" node="0>3|0|9|0|0"/>
        <i3dMapping id="decalStickerLight" node="0>3|0|9|0|2"/>
        <i3dMapping id="decalStickerWorklight" node="0>3|0|9|0|3"/>
        <i3dMapping id="decalStickerHazardlight" node="0>3|0|9|0|4"/>
        <i3dMapping id="decalStickerTurnRight" node="0>3|0|9|0|5"/>
        <i3dMapping id="decalStickerTurnLeft" node="0>3|0|9|0|6"/>
        <i3dMapping id="decalStickerAny" node="0>3|0|9|0|7"/>
        <i3dMapping id="dashboard_decalSticker" node="0>3|0|9|0|8"/>
        <i3dMapping id="lights_interior" node="0>4|0|1"/>
        <i3dMapping id="redRound_01_02" node="0>4|1|0"/>
        <i3dMapping id="redRound_01_01" node="0>4|1|1"/>
        <i3dMapping id="frontLightLow" node="0>4|2|0"/>
        <i3dMapping id="highBeamLow" node="0>4|2|1"/>
        <i3dMapping id="frontLightHigh" node="0>4|2|2"/>
        <i3dMapping id="highBeamHigh" node="0>4|2|3"/>
        <i3dMapping id="turnLightRightFront" node="0>4|3|0"/>
        <i3dMapping id="turnLightRightBack" node="0>4|3|0|0"/>
        <i3dMapping id="turnLightLeftFront" node="0>4|3|1"/>
        <i3dMapping id="turnLightLeftBack" node="0>4|3|1|0"/>
        <i3dMapping id="workLightFrontHigh" node="0>4|4|0"/>
        <i3dMapping id="workLightFrontLow" node="0>4|4|1"/>
        <i3dMapping id="workLightBackLow" node="0>4|4|2"/>
        <i3dMapping id="workLightBackHigh" node="0>4|4|3"/>
        <i3dMapping id="backLightsHigh" node="0>4|5|0"/>
        <i3dMapping id="attacherJointBackRot" node="0>5|0|0"/>
        <i3dMapping id="attacherJointBackRot2" node="0>5|0|0|0"/>
        <i3dMapping id="attacherJointBack" node="0>5|0|0|0|0"/>
        <i3dMapping id="attacherJointBackArmBottom" node="0>5|0|1"/>
        <i3dMapping id="attacherJointBackArmBottomLink" node="0>5|0|1|0"/>
        <i3dMapping id="referencePointBackBottom" node="0>5|0|1|0|0"/>
        <i3dMapping id="mainArmRef" node="0>5|0|1|0|1"/>
        <i3dMapping id="bottomLinkLeftRef" node="0>5|0|1|0|1|0"/>
        <i3dMapping id="bottomLinkRightRef" node="0>5|0|1|0|1|1"/>
        <i3dMapping id="attacherJointBackArmTop" node="0>5|0|2"/>
        <i3dMapping id="trailerAttacherNode" node="0>5|1|0"/>
        <i3dMapping id="trailerAttacherJointBack" node="0>5|1|0|0"/>
        <i3dMapping id="trailerLowNode" node="0>5|1|1"/>
        <i3dMapping id="trailerAttacherJointBackLow" node="0>5|1|1|0"/>
        <i3dMapping id="trailerLowSteeringBarLeftRef" node="0>5|1|1|1"/>
        <i3dMapping id="trailerLowSteeringBarRightRef" node="0>5|1|1|2"/>
        <i3dMapping id="trailerAttacherJointFront" node="0>5|1|2"/>
        <i3dMapping id="ptoOutputBack" node="0>5|2|0"/>
        <i3dMapping id="frontloaderAttacherBlock" node="0>5|3|0"/>
        <i3dMapping id="frontloaderAttacherJoint" node="0>5|3|0|0"/>
        <i3dMapping id="hydraulicIn01" node="0>5|4|0"/>
        <i3dMapping id="hydraulicOut01" node="0>5|4|1"/>
        <i3dMapping id="hydraulicIn02" node="0>5|4|2"/>
        <i3dMapping id="hydraulicOut02" node="0>5|4|3"/>
        <i3dMapping id="hydraulicIn03" node="0>5|4|4"/>
        <i3dMapping id="hydraulicOut03" node="0>5|4|5"/>
        <i3dMapping id="hydraulicIn04" node="0>5|4|6"/>
        <i3dMapping id="hydraulicOut04" node="0>5|4|7"/>
        <i3dMapping id="airDoubleYellow" node="0>5|4|8"/>
        <i3dMapping id="airDoubleOrange" node="0>5|4|9"/>
        <i3dMapping id="electricBack" node="0>5|4|10"/>
        <i3dMapping id="aiCollisionTrigger" node="0>6|0"/>
        <i3dMapping id="exactFillRootNode" node="0>6|1"/>
        <i3dMapping id="exhaustParticleLinkNode" node="0>7"/>
        <i3dMapping id="driveShaft" node="0>8|0|0"/>
        <i3dMapping id="rearHitchBase" node="0>8|1"/>
        <i3dMapping id="mainArmHydraulic" node="0>9|0"/>
        <i3dMapping id="mainArmHydraulicPunch" node="0>9|0|0"/>
        <i3dMapping id="bottomLinkLeft" node="0>9|1"/>
        <i3dMapping id="bottomLinkRight" node="0>9|2"/>
        <i3dMapping id="mainArmRefFrame" node="0>9|3"/>
        <i3dMapping id="mainArm" node="0>9|4"/>
        <i3dMapping id="mainArmHydraulicRef" node="0>9|4|0"/>
        <i3dMapping id="mainArmPart" node="0>9|4|1"/>
        <i3dMapping id="steeringBar" node="1>0|0|0"/>
        <i3dMapping id="steeringBarLeftRef" node="1>0|0|0|0"/>
        <i3dMapping id="steeringBarRightRef" node="1>0|0|0|1"/>
        <i3dMapping id="wheelFrontLeftAxis" node="1>0|1|0"/>
        <i3dMapping id="wheelFrontLeft" node="1>0|1|0|0|0"/>
		<i3dMapping id="camera3" node="1>0|1|0|0|0|2"/>
        <i3dMapping id="fenderFrontLeft" node="1>0|1|0|2"/>
        <i3dMapping id="wheelFrontRightAxis" node="1>0|2|0"/>
        <i3dMapping id="wheelFrontRight" node="1>0|2|0|0|0"/>
        <i3dMapping id="fenderFrontRight" node="1>0|2|0|2"/>
    </i3dMappings>
</vehicle>
