﻿<?xml version="1.0" encoding="utf-8" standalone="no" ?>
<modDesc descVersion="80">
    <author>R6kun</author>
    <version>1.0.0.0</version>
    <iconFilename>Huds/icon_Tinaz.dds</iconFilename>
    <title>
        <tr>Tınaz Tandem</tr>
        <en>Tinaz Trailer</en>
		<de>Tinaz Trailers</de>
    </title>
    <description>
<en><![CDATA[Tinaz
Base Price: 6825 $

Main Color Options

Capacity:
- 5000 l
- 6000 l
]]></en>
<de><![CDATA[Tinaz
Grundpreis: ab 6825 €

Farbkonfiguration

- 5000 l
- 6000 l
]]></de>
</description>
    <storeItems>
        <storeItem xmlFilename="Tinaz.xml"/>
    </storeItems>
    <multiplayer supported="true"/>
	<brands>
	    <brand name="TINAZ" title="Tinaz" image="brand_Tinaz.dds"/>
    </brands>
    <vehicleTypes>
        <type name="flieglAutoload" parent="baseTipper" filename="$dataS/scripts/vehicles/Vehicle.lua">
            <specialization name="baleLoader"/>
        </type>
    </vehicleTypes>
</modDesc>
