<?xml version="1.0" encoding="utf-8" standalone="no" ?>
<vehicle type="flieglAutoload" xmlns:xsi="http://www.w3.org/2001/XMLSchema-instance" xsi:noNamespaceSchemaLocation="../../../../shared/xml/schema/vehicle.xsd">
    <annotation>Copyright (C) R6kun, All Rights Reserved.</annotation>
    <storeData>
        <name>
            <tr>Romork</tr>            
		    <en>Trailer</en>
            <de>Trailer</de>
        </name>
        <functions>
            <function>$l10n_function_tipper</function>
        </functions>
        <image>Huds/store_Tinaz.dds</image>
        <price>6825</price>
        <lifetime>600</lifetime>
        <rotation>0</rotation>
        <brand>TINAZ</brand>
        <category>trailers</category>
        <shopTranslationOffset>0 0.124 0</shopTranslationOffset>
        <shopRotationOffset>-1.601 0 0</shopRotationOffset>
        <vertexBufferMemoryUsage>4557824</vertexBufferMemoryUsage>
        <indexBufferMemoryUsage>1050624</indexBufferMemoryUsage>
        <textureMemoryUsage>3735552</textureMemoryUsage>
        <instanceVertexBufferMemoryUsage>0</instanceVertexBufferMemoryUsage>
        <instanceIndexBufferMemoryUsage>0</instanceIndexBufferMemoryUsage>
        <audioMemoryUsage>0</audioMemoryUsage>
    </storeData>
    <base>
        <typeDesc>$l10n_typeDesc_tipper</typeDesc>
        <filename>Tinaz.i3d</filename>
        <size width="2.5" length="7.1" height="3.2" lengthOffset="0.74" />
		<sounds volumeFactor="1.8"/>
        <components>
            <component centerOfMass="0 0 -0.07228533" solverIterationCount="10" mass="550"/>
        </components>
        <schemaOverlay attacherJointPosition="0 0" name="IMPLEMENT" />
        <mapHotspot type="TRAILER" />
    </base>

    <designConfigurations title="Çamurluk Seçenek"><!--Fender Config-->
        <designConfiguration name="Yok">
            <objectChange node="Fender" visibilityActive="false"/>
        </designConfiguration>
        <designConfiguration name="Var">
            <objectChange node="Fender" visibilityActive="true"/>
        </designConfiguration>
    </designConfigurations>

    <design2Configurations title="Arka Tampon"><!--RearBumpers-->
        <design2Configuration name="Yok">
            <objectChange node="RearBumper" visibilityActive="false"/>
        </design2Configuration>
        <design2Configuration name="Var" price="400">
            <objectChange node="RearBumper" visibilityActive="true"/>
        </design2Configuration>
    </design2Configurations> 

    <design3Configurations title="Ön Demir Seçenek"><!--Strais Config-->
        <design3Configuration name="Eski Tip">
            <objectChange node="Strais" visibilityActive="false"/>
            <objectChange node="Strais2" visibilityActive="true"/>
            <objectChange node="Strais3" visibilityActive="true"/>
        </design3Configuration>
        <design3Configuration name="Yeni Tip" price="400">
            <objectChange node="Strais" visibilityActive="true"/>
            <objectChange node="Strais2" visibilityActive="false"/>
            <objectChange node="Strais3" visibilityActive="false"/>
        </design3Configuration>
    </design3Configurations> 

    <design4Configurations title="Plaka Seçenek"><!--license Plates-->
        <design4Configuration name="Yok">
            <objectChange node="Plates" visibilityActive="false"/>
        </design4Configuration>
        <design4Configuration name="Var" price="100">
            <objectChange node="Plates" visibilityActive="true"/>
        </design4Configuration>
    </design4Configurations> 

    <design5Configurations title="iç Demir Seçenek"><!--medium iron-->
        <design5Configuration name="Standart">
            <objectChange node="Chain" visibilityActive="false"/>
            <objectChange node="ChainOne" visibilityActive="false"/>
            <objectChange node="Iron" visibilityActive="false"/>
            <objectChange node="IronOne" visibilityActive="false"/>
        </design5Configuration>
        <design5Configuration name="Versiyon 1">
            <objectChange node="Chain" visibilityActive="true"/>
            <objectChange node="ChainOne" visibilityActive="true"/>
            <objectChange node="Iron" visibilityActive="false"/>
            <objectChange node="IronOne" visibilityActive="false"/>
        </design5Configuration>
        <design5Configuration name="Versiyon 2" price="100">
            <objectChange node="Chain" visibilityActive="false"/>
            <objectChange node="ChainOne" visibilityActive="false"/>
            <objectChange node="Iron" visibilityActive="true"/>
            <objectChange node="IronOne" visibilityActive="true"/>
        </design5Configuration>
    </design5Configurations>

    <design6Configurations title="Ek Demir Seçenek"><!--Strais source-->
        <design6Configuration name="Yok">
            <objectChange node="source" visibilityActive="false"/>
        </design6Configuration>
        <design6Configuration name="Var" price="100">
            <objectChange node="source" visibilityActive="true"/>
        </design6Configuration>
    </design6Configurations> 

    <wheels>
        <wheelConfigurations>			
			<wheelConfiguration name="$l10n_configuration_valueDefault" price="0" brand="BKT">
                <wheels>
                    <wheel filename="shared/wheels/bkt/12_5_80_18.xml" isLeft="true" hasTireTracks="true" hasParticles="true" brand="TRELLEBORG">
                        <physics tipOcclusionAreaGroupId="1" restLoad="1.3" repr="WheelLeft" forcePointRatio="0.5" radius="0.47" initialCompression="17" suspTravel="0.13" spring="50" damper="50"/>
                    </wheel>
                    <wheel filename="shared/wheels/bkt/12_5_80_18.xml" isLeft="false" hasTireTracks="true" hasParticles="true">
                        <physics tipOcclusionAreaGroupId="1" restLoad="1.3" repr="WheelLeftTwo" forcePointRatio="0.5" radius="0.47" initialCompression="17" suspTravel="0.13" spring="50" damper="50"/>
                    </wheel>
                    <wheel filename="shared/wheels/bkt/12_5_80_18.xml" isLeft="false" hasTireTracks="true" hasParticles="true">
                        <physics tipOcclusionAreaGroupId="1" restLoad="1.3" repr="WheelRight" forcePointRatio="0.5" radius="0.47" initialCompression="17" suspTravel="0.13" spring="50" damper="50"/>
                    </wheel>
                    <wheel filename="shared/wheels/bkt/12_5_80_18.xml" isLeft="false" hasTireTracks="true" hasParticles="true">
                        <physics tipOcclusionAreaGroupId="1" restLoad="1.3" repr="WheelRightTwo" forcePointRatio="0.5" radius="0.47" initialCompression="17" suspTravel="0.13" spring="50" damper="50"/>
                    </wheel>
                </wheels>
                <objectChange node="WheelLeft" scaleActive="0.95 1 1" />
                <objectChange node="WheelLeftTwo" scaleActive="0.95 1 1" />
                <objectChange node="WheelRight" scaleActive="0.95 1 1" />
                <objectChange node="WheelRightTwo" scaleActive="0.95 1 1" />
            </wheelConfiguration>

            <wheelConfiguration name="$l10n_configuration_valueDefault" price="50" brand="TRELLEBORG">
                <wheels>
                    <wheel filename="shared/wheels/bkt/400_60R15_5.xml" isLeft="true" hasTireTracks="true" hasParticles="true" brand="TRELLEBORG">
                        <physics tipOcclusionAreaGroupId="1" restLoad="1.3" repr="WheelLeft" forcePointRatio="0.5" radius="0.47" initialCompression="17" suspTravel="0.13" spring="50" damper="50"/>
                    </wheel>
                    <wheel filename="shared/wheels/bkt/400_60R15_5.xml" isLeft="false" hasTireTracks="true" hasParticles="true">
                        <physics tipOcclusionAreaGroupId="1" restLoad="1.3" repr="WheelLeftTwo" forcePointRatio="0.5" radius="0.47" initialCompression="17" suspTravel="0.13" spring="50" damper="50"/>
                    </wheel>
                    <wheel filename="shared/wheels/bkt/400_60R15_5.xml" isLeft="false" hasTireTracks="true" hasParticles="true">
                        <physics tipOcclusionAreaGroupId="1" restLoad="1.3" repr="WheelRight" forcePointRatio="0.5" radius="0.47" initialCompression="17" suspTravel="0.13" spring="50" damper="50"/>
                    </wheel>
                    <wheel filename="shared/wheels/bkt/400_60R15_5.xml" isLeft="false" hasTireTracks="true" hasParticles="true">
                        <physics tipOcclusionAreaGroupId="1" restLoad="1.3" repr="WheelRightTwo" forcePointRatio="0.5" radius="0.47" initialCompression="17" suspTravel="0.13" spring="50" damper="50"/>
                    </wheel>
                </wheels>
                <objectChange node="WheelLeft" scaleActive="0.76 1.08 1.08" />
                <objectChange node="WheelLeftTwo" scaleActive="0.76 1.08 1.08" />
                <objectChange node="WheelRight" scaleActive="0.76 1.08 1.08" />
                <objectChange node="WheelRightTwo" scaleActive="0.76 1.08 1.08" />
            </wheelConfiguration>
	    </wheelConfigurations>
        <hubs>
            <color0>SHARED_BLACK2</color0>
            <color1>SHARED_BLACK2</color1>
            <hub linkNode="WheelLeft" filename="shared/wheels/hubs/hub.xml" isLeft="true" scale="1 1 1"/>
            <hub linkNode="WheelRight" filename="shared/wheels/hubs/hub.xml" isLeft="false" scale="1 1 1"/>
            <hub linkNode="WheelLeftTwo" filename="shared/wheels/hubs/hub.xml" isLeft="true" scale="1 1 1"/>
            <hub linkNode="WheelRightTwo" filename="shared/wheels/hubs/hub.xml" isLeft="false" scale="1 1 1"/>
        </hubs>
    </wheels>

    <attachable>
        <inputAttacherJoints>
            <inputAttacherJoint node="attacherJoint" jointType="trailerLow" attacherHeight="0.60"/>
        </inputAttacherJoints>
        <support animationName="supportAnimation"/>
        <brakeForce force="0.7" maxForce="1.7" maxForceMass="24000"/>
    </attachable>

    <attacherJoints>
        <attacherJoint node="trailerAttacherJoint" jointType="trailerLow" lowerRotLimit="10 62 80" upperRotationOffset="0" allowsJointLimitMovement="false" canTurnOnImplement="false">
            <schema position="1 0" rotation="0" invertX="false"/>
        </attacherJoint>
		<attacherJoint node="trailerAttacherJoint2" jointType="trailer" lowerRotLimit="10 62 80" upperRotationOffset="0" allowsJointLimitMovement="false" canTurnOnImplement="false">
            <schema position="1 0" rotation="0" invertX="false"/>
        </attacherJoint>
        <sounds>
            <attach template="ATTACH_01"/>
        </sounds>
    </attacherJoints>

    <connectionHoses>
        <hose inputAttacherJointIndices="1" type="hydraulicIn" node="hydraulicIn01" length="1" diameter="0.02">
            <objectChange node="Gidici" visibilityActive="false" visibilityInactive="true"/>
        </hose>
        <hose inputAttacherJointIndices="1" type="hydraulicOut" node="hydraulicOut01" length="1" diameter="0.02"/>

        <hose inputAttacherJointIndices="1" type="electric" node="electricnode2" length="1.82" diameter="0.01" straighteningFactor="1.5">  
            <objectChange node="electricCab"          rotationActive="0 0 0" rotationInactive="-90 0 0"/>
            <objectChange node="electricFront" visibilityActive="true" visibilityInactive="false"/>
        </hose>
    </connectionHoses>

    <lights>
        <sharedLight linkNode="rearLight15left" filename="$data/shared/assets/lights/lizard/rearLight32_left.xml"/>
        <sharedLight linkNode="rearLight15right" filename="$data/shared/assets/lights/lizard/rearLight32_right.xml"/>
        <states>
            <state lightTypes="0"/>
        </states>
        <realLights>
            <high>
                <light node="backLightsHigh" lightTypes="0"/>
                <turnLightLeft node="turnLightLeftBack"/>
                <turnLightRight node="turnLightRightBack"/>
                <light node="light1" lightTypes="0"/>
                <light node="light2" lightTypes="0"/>
            </high>
        </realLights>
        <defaultLights>                 
            <defaultLight shaderNode="sideMarker04White" lightTypes="0" intensity="5"/>
            <defaultLight shaderNode="sideMarker04White2" lightTypes="0" intensity="5"/>
       </defaultLights>
    </lights>

    <animations>
        <animation name="tipAnimationBack_bottom">
            <part node="Body" startTime="0.8" endTime="12.8" startRot="0 0 0" endRot="-35 0 0"/>
            <part node="BackDoor" startTime="0" endTime="1" startRot="0 0 0" endRot="-150 0 0"/>
            <part node="Silage_iron_Cover" startTime="0.8" endTime="12.8" startRot="0 0 0" endRot="35 0 0"/>
            <part node="effectGrainBack" startTime="0.8" endTime="12.8" startRot="0 0 0" endRot="35 0 0"/>
            <part node="animation1" startTime="0.8" endTime="12.8" startRot="0 0 0" endRot="-73 0 0"/>
            <part node="animation2" startTime="0.8" endTime="12.8" startRot="0 0 0" endRot="109 0 0"/>
        </animation>
        <animation name="tipAnimationGrainDoor">
            <part node="GrainDoor" startTime="0" endTime="1" startTrans="0 0 0" endTrans="0 0.31154016 0"/>
            <part node="Body" startTime="0.8" endTime="12.8" startRot="0 0 0" endRot="-35 0 0"/>
            <part node="GrainDoorAnim" startTime="0" endTime="1" startRot="0 0 0" endRot="80 0 0"/>
            <part node="GrainDoorAnim2" startTime="0" endTime="1" startRot="0 0 0" endRot="-163 0 0"/>
            <part node="effectGrainBack2" startTime="0.5" endTime="12" startRot="0 0 0" endRot="35 0 0"/>
            <part node="animation1" startTime="0.8" endTime="12.8" startRot="0 0 0" endRot="-73 0 0"/>
            <part node="animation2" startTime="0.8" endTime="12.8" startRot="0 0 0" endRot="109 0 0"/>
        </animation>
        <!--Dayak Anim-->
        <animation name="supportAnimation">
            <part node="Beating" startTime="0" endTime="1" startTrans="0 0.12695928 0" endTrans="0 0 0"/>
            <part node="BeatingArm" startTime="0" endTime="1" startRot="-310 0 0" endRot="0 0 0"/>
            <part node="BeatingAnim" startTime="0" endTime="1" startTrans="0 0.19637637 0" endTrans="0 0 0"/>
        </animation>
        <!--Kapak Anim-->
        <animation name="Left" playSound="true">
            <part node="LeftDoor" startTime="0" endTime="1" startRot="0 0 0" endRot="0 0 -180"/>
            <sound template="metalOpen" startTime="0.01" direction="1" volumeScale="2.2" />
            <sound template="metalClose" startTime="0" direction="-1" volumeScale="2.2" />
        </animation>
        <animation name="Left2" playSound="true">
            <part node="LeftDoorOne" startTime="0" endTime="1" startRot="0 0 0" endRot="0 0 -180"/>
            <sound template="metalOpen" startTime="0.01" direction="1" volumeScale="2.2" />
            <sound template="metalClose" startTime="0" direction="-1" volumeScale="2.2" />
        </animation>
        <animation name="Right" playSound="true">
            <part node="RightDoor" startTime="0" endTime="1" startRot="0 0 0" endRot="0 0 180"/>
            <sound template="metalOpen" startTime="0.01" direction="1" volumeScale="2.2" />
            <sound template="metalClose" startTime="0" direction="-1" volumeScale="2.2" />
        </animation>
        <animation name="Right2" playSound="true">
            <part node="RighDoorOne" startTime="0" endTime="1" startRot="0 0 0" endRot="0 0 180"/>
            <sound template="metalOpen" startTime="0.01" direction="1" volumeScale="2.2" />
            <sound template="metalClose" startTime="0" direction="-1" volumeScale="2.2" />
        </animation>
        <animation name="Back" playSound="true">
            <part node="BackDoor" startTime="0" endTime="1" startRot="0 0 0" endRot="-180 0 0"/>
            <sound template="metalOpen" startTime="0.01" direction="1" volumeScale="2.2" />
            <sound template="metalClose" startTime="0" direction="-1" volumeScale="2.2" />
        </animation>
        <animation name="Back2" playSound="true">
            <part node="BackDoor" startTime="0" endTime="1" startRot="0 0 0" endRot="-86.5 0 0"/>
            <sound template="metalOpen" startTime="0.01" direction="1" volumeScale="2.2" />
            <sound template="metalClose" startTime="0" direction="-1" volumeScale="2.2" />
        </animation>
        <animation name="Chest">
            <part node="ChestDoor" startTime="0" endTime="0.5" startRot="0 0 0" endRot="0 0 -40"/>
            <sound template="metalOpen" startTime="0.01" direction="1" volumeScale="2.2" />
            <sound template="metalClose" startTime="0" direction="-1" volumeScale="2.2" />
        </animation>
        <!--İlavele 1-->
        <animation name="ilavesol" >
            <part node="LeftAppendixOne" startTime="0.01" endTime="0.02" visibility="false" />
            <part node="LeftAppendixOne" startTime="0" endTime="0.01" visibility="true" />

            <part node="LeftAppendixOneColl" startTime="0" endTime="0.1" startTrans="0 0 0" endTrans="-1 -1.24427283 0"/>

            <sound template="metalOpen" startTime="0.01" direction="1" volumeScale="2.2" />
            <sound template="metalClose" startTime="0" direction="-1" volumeScale="2.2" />
        </animation>
        <animation name="ilavesag" >
            <part node="RightAppendixOne" startTime="0.01" endTime="0.02" visibility="false" />
            <part node="RightAppendixOne" startTime="0" endTime="0.01" visibility="true" />

            <part node="RightAppendixOneColl" startTime="0" endTime="0.1" startTrans="0 0 0" endTrans="1 -1.24427283 0"/>

            <sound template="metalOpen" startTime="0.01" direction="1" volumeScale="2.2" />
            <sound template="metalClose" startTime="0" direction="-1" volumeScale="2.2" />
        </animation>
        <animation name="ilavesol2" >
            <part node="LeftAppendixFour" startTime="0.01" endTime="0.02" visibility="false" />
            <part node="LeftAppendixFour" startTime="0" endTime="0.01" visibility="true" />

            <part node="LeftAppendixFourColl" startTime="0" endTime="0.1" startTrans="0 0 0" endTrans="-1 -1.24427283 0"/>

            <sound template="metalOpen" startTime="0.01" direction="1" volumeScale="2.2" />
            <sound template="metalClose" startTime="0" direction="-1" volumeScale="2.2" />
        </animation>
        <animation name="ilavesag2" >
            <part node="RightAppendixFour" startTime="0.01" endTime="0.02" visibility="false" />
            <part node="RightAppendixFour" startTime="0" endTime="0.01" visibility="true" />

            <part node="RightAppendixFourColl" startTime="0" endTime="0.1" startTrans="0 0 0" endTrans="1 -1.24427283 0"/>

            <sound template="metalOpen" startTime="0.01" direction="1" volumeScale="2.2" />
            <sound template="metalClose" startTime="0" direction="-1" volumeScale="2.2" />
        </animation>
        <animation name="İlavearka" >
            <part node="BackAppendixOne" startTime="0.01" endTime="0.02" visibility="false" />
            <part node="BackAppendixOne" startTime="0" endTime="0.01" visibility="true" />

            <part node="BackAppendixOneColl" startTime="0" endTime="0.1" startTrans="0 0 0" endTrans="0 -1.21300006 0.35016564"/>

            <sound template="metalOpen" startTime="0.01" direction="1" volumeScale="2.2" />
            <sound template="metalClose" startTime="0" direction="-1" volumeScale="2.2" />
        </animation>
        <animation name="İlaveon" >
            <part node="FrontAppendixOne" startTime="0.01" endTime="0.02" visibility="false" />
            <part node="FrontAppendixOne" startTime="0" endTime="0.01" visibility="true" />

            <part node="FrontAppendixOneColl" startTime="0" endTime="0.1" startTrans="0 0 0" endTrans="0 -1.19625306 -0.33817929"/>

            <sound template="metalOpen" startTime="0.01" direction="1" volumeScale="2.2" />
            <sound template="metalClose" startTime="0" direction="-1" volumeScale="2.2" />
        </animation>
        <!--İlavele 2-->
        <animation name="ilavesol3" >
            <part node="LeftAppendixTwo" startTime="0.01" endTime="0.02" visibility="false" />
            <part node="LeftAppendixTwo" startTime="0" endTime="0.01" visibility="true" />

            <part node="LeftAppendixTwoColl" startTime="0" endTime="0.1" startTrans="0 0 0" endTrans="-1 -1.55503643 0"/>

            <sound template="metalOpen" startTime="0.01" direction="1" volumeScale="2.2" />
            <sound template="metalClose" startTime="0" direction="-1" volumeScale="2.2" />
        </animation>
        <animation name="ilavesol4" >
            <part node="LeftAppendixFive" startTime="0.01" endTime="0.02" visibility="false" />
            <part node="LeftAppendixFive" startTime="0" endTime="0.01" visibility="true" />

            <part node="LeftAppendixFiveColl" startTime="0" endTime="0.1" startTrans="0 0 0" endTrans="-1 -1.55503643 0"/>

            <sound template="metalOpen" startTime="0.01" direction="1" volumeScale="2.2" />
            <sound template="metalClose" startTime="0" direction="-1" volumeScale="2.2" />
        </animation>
        <animation name="ilavesag5" >
            <part node="RightAppendixTwo" startTime="0.01" endTime="0.02" visibility="false" />
            <part node="RightAppendixTwo" startTime="0" endTime="0.01" visibility="true" />

            <part node="RightAppendixTwoColl" startTime="0" endTime="0.1" startTrans="0 0 0" endTrans="1 -1.55503643 0"/>

            <sound template="metalOpen" startTime="0.01" direction="1" volumeScale="2.2" />
            <sound template="metalClose" startTime="0" direction="-1" volumeScale="2.2" />
        </animation>
        <animation name="ilavesag6" >
            <part node="RightAppendixFive" startTime="0.01" endTime="0.02" visibility="false" />
            <part node="RightAppendixFive" startTime="0" endTime="0.01" visibility="true" />

            <part node="RightAppendixFiveColl" startTime="0" endTime="0.1" startTrans="0 0 0" endTrans="1 -1.55503643 0"/>

            <sound template="metalOpen" startTime="0.01" direction="1" volumeScale="2.2" />
            <sound template="metalClose" startTime="0" direction="-1" volumeScale="2.2" />
        </animation>
        <animation name="İlaveon7" >
            <part node="FrontAppendixTwo" startTime="0.01" endTime="0.02" visibility="false" />
            <part node="FrontAppendixTwo" startTime="0" endTime="0.01" visibility="true" />

            <part node="FrontAppendixTwoColl" startTime="0" endTime="0.1" startTrans="0 0 0" endTrans="0 -1.49965191 -0.47263077"/>

            <sound template="metalOpen" startTime="0.01" direction="1" volumeScale="2.2" />
            <sound template="metalClose" startTime="0" direction="-1" volumeScale="2.2" />
        </animation>
        <animation name="İlavearka8" >
            <part node="BackAppendixTwo" startTime="0.01" endTime="0.02" visibility="false" />
            <part node="BackAppendixTwo" startTime="0" endTime="0.01" visibility="true" />

            <part node="BackAppendixTwoColl" startTime="0" endTime="0.1" startTrans="0 0 0" endTrans="0 -1.50387943 0.37907365"/>

            <sound template="metalOpen" startTime="0.01" direction="1" volumeScale="2.2" />
            <sound template="metalClose" startTime="0" direction="-1" volumeScale="2.2" />
        </animation>
        <!--İlavele 3-->
        <animation name="ilavesol9" >
            <part node="LeftAppendixTheere" startTime="0.01" endTime="0.02" visibility="false" />
            <part node="LeftAppendixTheere" startTime="0" endTime="0.01" visibility="true" />

            <part node="LeftAppendixTheereColl" startTime="0" endTime="0.1" startTrans="0 0 0" endTrans="-1 -1.81725752 0"/>

            <sound template="metalOpen" startTime="0.01" direction="1" volumeScale="2.2" />
            <sound template="metalClose" startTime="0" direction="-1" volumeScale="2.2" />
        </animation>
        <animation name="ilavesol10" >
            <part node="LeftAppendixSix" startTime="0.01" endTime="0.02" visibility="false" />
            <part node="LeftAppendixSix" startTime="0" endTime="0.01" visibility="true" />

            <part node="LeftAppendixSixColl" startTime="0" endTime="0.1" startTrans="0 0 0" endTrans="-1 -1.81725752 0"/>

            <sound template="metalOpen" startTime="0.01" direction="1" volumeScale="2.2" />
            <sound template="metalClose" startTime="0" direction="-1" volumeScale="2.2" />
        </animation>
        <animation name="ilavesag11" >
            <part node="RightAppendixTheere" startTime="0.01" endTime="0.02" visibility="false" />
            <part node="RightAppendixTheere" startTime="0" endTime="0.01" visibility="true" />

            <part node="RightAppendixTheereColl" startTime="0" endTime="0.1" startTrans="0 0 0" endTrans="1 -1.81725752 0"/>

            <sound template="metalOpen" startTime="0.01" direction="1" volumeScale="2.2" />
            <sound template="metalClose" startTime="0" direction="-1" volumeScale="2.2" />
        </animation>
        <animation name="ilavesag12" >
            <part node="RightAppendixSix" startTime="0.01" endTime="0.02" visibility="false" />
            <part node="RightAppendixSix" startTime="0" endTime="0.01" visibility="true" />

            <part node="RightAppendixSixColl" startTime="0" endTime="0.1" startTrans="0 0 0" endTrans="1 -1.81725752 0"/>

            <sound template="metalOpen" startTime="0.01" direction="1" volumeScale="2.2" />
            <sound template="metalClose" startTime="0" direction="-1" volumeScale="2.2" />
        </animation>
        <animation name="İlaveon13" >
            <part node="FrontAppendixTheere" startTime="0.01" endTime="0.02" visibility="false" />
            <part node="FrontAppendixTheere" startTime="0" endTime="0.01" visibility="true" />

            <part node="FrontAppendixTheereColl" startTime="0" endTime="0.1" startTrans="0 0 0" endTrans="0 -1.77618194 -0.33817929"/>

            <sound template="metalOpen" startTime="0.01" direction="1" volumeScale="2.2" />
            <sound template="metalClose" startTime="0" direction="-1" volumeScale="2.2" />
        </animation>
        <animation name="İlavearka14" >
            <part node="BackAppendixTheere" startTime="0.01" endTime="0.02" visibility="false" />
            <part node="BackAppendixTheere" startTime="0" endTime="0.01" visibility="true" />

            <part node="BackAppendixTheereColl" startTime="0" endTime="0.1" startTrans="0 0 0" endTrans="0 -1.70903325 0.35016564"/>

            <sound template="metalOpen" startTime="0.01" direction="1" volumeScale="2.2" />
            <sound template="metalClose" startTime="0" direction="-1" volumeScale="2.2" />
        </animation>
        <!--Babalar1-->
        <animation name="Baba1" >
            <part node="Left1" startTime="0.01" endTime="0.02" visibility="false" />
            <part node="Left1" startTime="0" endTime="0.01" visibility="true" />
            <sound template="metalOpen" startTime="0.01" direction="1" volumeScale="2.2" />
            <sound template="metalClose" startTime="0" direction="-1" volumeScale="2.2" />
        </animation>
        <animation name="Baba2" >
            <part node="Left2" startTime="0.01" endTime="0.02" visibility="false" />
            <part node="Left2" startTime="0" endTime="0.01" visibility="true" />
            <sound template="metalOpen" startTime="0.01" direction="1" volumeScale="2.2" />
            <sound template="metalClose" startTime="0" direction="-1" volumeScale="2.2" />
        </animation>
        <animation name="Baba3" >
            <part node="Left3" startTime="0.01" endTime="0.02" visibility="false" />
            <part node="Left3" startTime="0" endTime="0.01" visibility="true" />
            <sound template="metalOpen" startTime="0.01" direction="1" volumeScale="2.2" />
            <sound template="metalClose" startTime="0" direction="-1" volumeScale="2.2" />
        </animation>
        <animation name="Baba4" >
            <part node="Right4" startTime="0.01" endTime="0.02" visibility="false" />
            <part node="Right4" startTime="0" endTime="0.01" visibility="true" />
            <sound template="metalOpen" startTime="0.01" direction="1" volumeScale="2.2" />
            <sound template="metalClose" startTime="0" direction="-1" volumeScale="2.2" />
        </animation>
        <animation name="Baba5" >
            <part node="Right5" startTime="0.01" endTime="0.02" visibility="false" />
            <part node="Right5" startTime="0" endTime="0.01" visibility="true" />
            <sound template="metalOpen" startTime="0.01" direction="1" volumeScale="2.2" />
            <sound template="metalClose" startTime="0" direction="-1" volumeScale="2.2" />
        </animation>
        <animation name="Baba6" >
            <part node="Right6" startTime="0.01" endTime="0.02" visibility="false" />
            <part node="Right6" startTime="0" endTime="0.01" visibility="true" />
            <sound template="metalOpen" startTime="0.01" direction="1" volumeScale="2.2" />
            <sound template="metalClose" startTime="0" direction="-1" volumeScale="2.2" />
        </animation>
        <!--Babalar2-->
        <animation name="Baba7" >
            <part node="Left7" startTime="0.01" endTime="0.02" visibility="false" />
            <part node="Left7" startTime="0" endTime="0.01" visibility="true" />
            <sound template="metalOpen" startTime="0.01" direction="1" volumeScale="2.2" />
            <sound template="metalClose" startTime="0" direction="-1" volumeScale="2.2" />
        </animation>
        <animation name="Baba8" >
            <part node="Left8" startTime="0.01" endTime="0.02" visibility="false" />
            <part node="Left8" startTime="0" endTime="0.01" visibility="true" />
            <sound template="metalOpen" startTime="0.01" direction="1" volumeScale="2.2" />
            <sound template="metalClose" startTime="0" direction="-1" volumeScale="2.2" />
        </animation>
        <animation name="Baba9" >
            <part node="Left9" startTime="0.01" endTime="0.02" visibility="false" />
            <part node="Left9" startTime="0" endTime="0.01" visibility="true" />
            <sound template="metalOpen" startTime="0.01" direction="1" volumeScale="2.2" />
            <sound template="metalClose" startTime="0" direction="-1" volumeScale="2.2" />
        </animation>
        <animation name="Baba10" >
            <part node="Right10" startTime="0.01" endTime="0.02" visibility="false" />
            <part node="Right10" startTime="0" endTime="0.01" visibility="true" />
            <sound template="metalOpen" startTime="0.01" direction="1" volumeScale="2.2" />
            <sound template="metalClose" startTime="0" direction="-1" volumeScale="2.2" />
        </animation>
        <animation name="Baba11" >
            <part node="Right11" startTime="0.01" endTime="0.02" visibility="false" />
            <part node="Right11" startTime="0" endTime="0.01" visibility="true" />
            <sound template="metalOpen" startTime="0.01" direction="1" volumeScale="2.2" />
            <sound template="metalClose" startTime="0" direction="-1" volumeScale="2.2" />
        </animation>
        <animation name="Baba12" >
            <part node="Right12" startTime="0.01" endTime="0.02" visibility="false" />
            <part node="Right12" startTime="0" endTime="0.01" visibility="true" />
            <sound template="metalOpen" startTime="0.01" direction="1" volumeScale="2.2" />
            <sound template="metalClose" startTime="0" direction="-1" volumeScale="2.2" />
        </animation>
        <!--Babalar3-->
        <animation name="Baba13" >
            <part node="Left13" startTime="0.01" endTime="0.02" visibility="false" />
            <part node="Left13" startTime="0" endTime="0.01" visibility="true" />
            <sound template="metalOpen" startTime="0.01" direction="1" volumeScale="2.2" />
            <sound template="metalClose" startTime="0" direction="-1" volumeScale="2.2" />
        </animation>
        <animation name="Baba14" >
            <part node="Left14" startTime="0.01" endTime="0.02" visibility="false" />
            <part node="Left14" startTime="0" endTime="0.01" visibility="true" />
            <sound template="metalOpen" startTime="0.01" direction="1" volumeScale="2.2" />
            <sound template="metalClose" startTime="0" direction="-1" volumeScale="2.2" />
        </animation>
        <animation name="Baba15" >
            <part node="Left15" startTime="0.01" endTime="0.02" visibility="false" />
            <part node="Left15" startTime="0" endTime="0.01" visibility="true" />
            <sound template="metalOpen" startTime="0.01" direction="1" volumeScale="2.2" />
            <sound template="metalClose" startTime="0" direction="-1" volumeScale="2.2" />
        </animation>
        <animation name="Baba16" >
            <part node="Right16" startTime="0.01" endTime="0.02" visibility="false" />
            <part node="Right16" startTime="0" endTime="0.01" visibility="true" />
            <sound template="metalOpen" startTime="0.01" direction="1" volumeScale="2.2" />
            <sound template="metalClose" startTime="0" direction="-1" volumeScale="2.2" />
        </animation>
        <animation name="Baba17" >
            <part node="Right17" startTime="0.01" endTime="0.02" visibility="false" />
            <part node="Right17" startTime="0" endTime="0.01" visibility="true" />
            <sound template="metalOpen" startTime="0.01" direction="1" volumeScale="2.2" />
            <sound template="metalClose" startTime="0" direction="-1" volumeScale="2.2" />
        </animation>
        <animation name="Baba18" >
            <part node="Right18" startTime="0.01" endTime="0.02" visibility="false" />
            <part node="Right18" startTime="0" endTime="0.01" visibility="true" />
            <sound template="metalOpen" startTime="0.01" direction="1" volumeScale="2.2" />
            <sound template="metalClose" startTime="0" direction="-1" volumeScale="2.2" />
        </animation>
        <animation name="moveBalePlacesToEmpty">
            <part node="unloadPosZ" startTime="0" endTime="0.2" startTrans="0 0 0" endTrans="0 0 0"/>
            <part node="unloadPosY" startTime="0" endTime="0.2" startTrans="0.9 1.4 2" endTrans="0.9 1.4 2"/>
        </animation>
        <animation name="baleGrabberTransportToWork">
            <part node="unloadPosZ" startTime="0" duration="0.1" startTrans="0 0 0" endTrans="0 0 0"/>
            <part node="unloadPosY" startTime="0" duration="0.1" startTrans="0.9 1.4 2" endTrans="0.9 1.4 2"/>
        </animation>

        <animation name="toggleCover">
            <part node="Branda" startTime="0" endTime="0.05" visibility="true"/>
            <part node="Branda" startTime="0.05" endTime="0.1" visibility="false"/>

            <sound template="fabricCover2" startTime="0.01" direction="1"  volumeScale="1.4" pitchScale="1.5"/>
            <sound template="fabricCover1" startTime="0.05" direction="-1" volumeScale="1.4" pitchScale="1.8"/>
        </animation>
    </animations>

    <interactiveControl>
        <interactiveControlConfigurations title="$l10n_actionIC_Animation">
            <interactiveControlConfiguration name="$l10n_actionIC_IC">
                <interactiveControls>

                    <outdoorTrigger node="SimpleTriger" />

                    <!--Kapak Anim Ref-->

                    <interactiveControl posText="$l10n_actionIC_closeWindow" negText="$l10n_actionIC_openWindow" >
                        <clickPoint node="LeftDoorRef" size="0.05" type="OUTDOOR" />
                        <animation name="Left" speedScale="1.0" initTime="0.0" />
                    </interactiveControl>

                    <interactiveControl posText="$l10n_actionIC_closeWindow" negText="$l10n_actionIC_openWindow" >
                        <clickPoint node="LeftDoorOneRef" size="0.05" type="OUTDOOR" />
                        <animation name="Left2" speedScale="1.0" initTime="0.0" />
                    </interactiveControl>

                    <interactiveControl posText="$l10n_actionIC_closeWindow" negText="$l10n_actionIC_openWindow" >
                        <clickPoint node="RightDoorRef" size="0.05" type="OUTDOOR" />
                        <animation name="Right" speedScale="1.0" initTime="0.0" />
                    </interactiveControl>

                    <interactiveControl posText="$l10n_actionIC_closeWindow" negText="$l10n_actionIC_openWindow" >
                        <clickPoint node="RightDoorOneRef" size="0.05" type="OUTDOOR" />
                        <animation name="Right2" speedScale="1.0" initTime="0.0" />
                    </interactiveControl>

                    <interactiveControl posText="$l10n_actionIC_closeWindow" negText="$l10n_actionIC_openWindow" >
                        <clickPoint node="BackDoorRef" size="0.05" type="OUTDOOR" />
                        <animation name="Back" speedScale="1.0" initTime="0.0" />
                    </interactiveControl>

                    <interactiveControl posText="$l10n_actionIC_closeWindow" negText="$l10n_actionIC_openWindow" >
                        <clickPoint node="BackDoorRef2" size="0.05" type="OUTDOOR" />
                        <animation name="Back2" speedScale="1.0" initTime="0.0" />
                    </interactiveControl>

                    <interactiveControl posText="$l10n_actionIC_closeWindow" negText="$l10n_actionIC_openWindow" >
                        <clickPoint node="ChestDoorRef" size="0.05" type="OUTDOOR" />
                        <animation name="Chest" speedScale="1.0" initTime="0.0" />
                    </interactiveControl>

                    <!--İlave1-->
                    
                    <interactiveControl posText="$l10n_actionIC_closeWindow" negText="$l10n_actionIC_openWindow" >
                        <clickPoint node="LeftAppendixOneRef" size="0.05" type="OUTDOOR" />
                        <animation name="ilavesol" speedScale="1.0" initTime="0.0" />
                    </interactiveControl>

                    <interactiveControl posText="$l10n_actionIC_closeWindow" negText="$l10n_actionIC_openWindow" >
                        <clickPoint node="RightAppendixOneRef" size="0.05" type="OUTDOOR" />
                        <animation name="ilavesag" speedScale="1.0" initTime="0.0" />
                    </interactiveControl>

                    <interactiveControl posText="$l10n_actionIC_closeWindow" negText="$l10n_actionIC_openWindow" >
                        <clickPoint node="LeftAppendixFourRef" size="0.05" type="OUTDOOR" />
                        <animation name="ilavesol2" speedScale="1.0" initTime="0.0" />
                    </interactiveControl>

                    <interactiveControl posText="$l10n_actionIC_closeWindow" negText="$l10n_actionIC_openWindow" >
                        <clickPoint node="RightAppendixFourRef" size="0.05" type="OUTDOOR" />
                        <animation name="ilavesag2" speedScale="1.0" initTime="0.0" />
                    </interactiveControl>

                    <interactiveControl posText="$l10n_actionIC_closeWindow" negText="$l10n_actionIC_openWindow" >
                        <clickPoint node="BackAppendixOneRef" size="0.05" type="OUTDOOR" />
                        <animation name="İlavearka" speedScale="1.0" initTime="0.0" />
                    </interactiveControl>

                    <interactiveControl posText="$l10n_actionIC_closeWindow" negText="$l10n_actionIC_openWindow" >
                        <clickPoint node="FrontAppendixOneRef" size="0.05" type="OUTDOOR" />
                        <animation name="İlaveon" speedScale="1.0" initTime="0.0" />
                    </interactiveControl>

                    <!--İlave2-->
                    
                    <interactiveControl posText="$l10n_actionIC_closeWindow" negText="$l10n_actionIC_openWindow" >
                        <clickPoint node="LeftAppendixTwoRef" size="0.05" type="OUTDOOR" />
                        <animation name="ilavesol3" speedScale="1.0" initTime="0.0" />
                    </interactiveControl>

                    <interactiveControl posText="$l10n_actionIC_closeWindow" negText="$l10n_actionIC_openWindow" >
                        <clickPoint node="LeftAppendixFiveRef" size="0.05" type="OUTDOOR" />
                        <animation name="ilavesol4" speedScale="1.0" initTime="0.0" />
                    </interactiveControl>

                    <interactiveControl posText="$l10n_actionIC_closeWindow" negText="$l10n_actionIC_openWindow" >
                        <clickPoint node="RightAppendixTwoRef" size="0.05" type="OUTDOOR" />
                        <animation name="ilavesag5" speedScale="1.0" initTime="0.0" />
                    </interactiveControl>

                    <interactiveControl posText="$l10n_actionIC_closeWindow" negText="$l10n_actionIC_openWindow" >
                        <clickPoint node="RightAppendixFiveRef" size="0.05" type="OUTDOOR" />
                        <animation name="ilavesag6" speedScale="1.0" initTime="0.0" />
                    </interactiveControl>

                    <interactiveControl posText="$l10n_actionIC_closeWindow" negText="$l10n_actionIC_openWindow" >
                        <clickPoint node="FrontAppendixTwoRef" size="0.05" type="OUTDOOR" />
                        <animation name="İlaveon7" speedScale="1.0" initTime="0.0" />
                    </interactiveControl>

                    <interactiveControl posText="$l10n_actionIC_closeWindow" negText="$l10n_actionIC_openWindow" >
                        <clickPoint node="BackAppendixTwoRef" size="0.05" type="OUTDOOR" />
                        <animation name="İlavearka8" speedScale="1.0" initTime="0.0" />
                    </interactiveControl>

                    <!--İlave3-->
                    
                    <interactiveControl posText="$l10n_actionIC_closeWindow" negText="$l10n_actionIC_openWindow" >
                        <clickPoint node="LeftAppendixThreeRef" size="0.05" type="OUTDOOR" />
                        <animation name="ilavesol9" speedScale="1.0" initTime="0.0" />
                    </interactiveControl>

                    <interactiveControl posText="$l10n_actionIC_closeWindow" negText="$l10n_actionIC_openWindow" >
                        <clickPoint node="LeftAppendixSixRef" size="0.05" type="OUTDOOR" />
                        <animation name="ilavesol10" speedScale="1.0" initTime="0.0" />
                    </interactiveControl>

                    <interactiveControl posText="$l10n_actionIC_closeWindow" negText="$l10n_actionIC_openWindow" >
                        <clickPoint node="RightAppendixThreeRef" size="0.05" type="OUTDOOR" />
                        <animation name="ilavesag11" speedScale="1.0" initTime="0.0" />
                    </interactiveControl>

                    <interactiveControl posText="$l10n_actionIC_closeWindow" negText="$l10n_actionIC_openWindow" >
                        <clickPoint node="RightAppendixSixRef" size="0.05" type="OUTDOOR" />
                        <animation name="ilavesag12" speedScale="1.0" initTime="0.0" />
                    </interactiveControl>

                    <interactiveControl posText="$l10n_actionIC_closeWindow" negText="$l10n_actionIC_openWindow" >
                        <clickPoint node="FrontAppendixThreeRef" size="0.05" type="OUTDOOR" />
                        <animation name="İlaveon13" speedScale="1.0" initTime="0.0" />
                    </interactiveControl>

                    <interactiveControl posText="$l10n_actionIC_closeWindow" negText="$l10n_actionIC_openWindow" >
                        <clickPoint node="BackAppendixThreeRef" size="0.05" type="OUTDOOR" />
                        <animation name="İlavearka14" speedScale="1.0" initTime="0.0" />
                    </interactiveControl>

                    <!--Babalar1-->
                    
                    <interactiveControl posText="$l10n_actionIC_closeWindow" negText="$l10n_actionIC_openWindow" >
                        <clickPoint node="Left1Ref" size="0.05" type="OUTDOOR" />
                        <animation name="Baba1" speedScale="1.0" initTime="0.0" />
                    </interactiveControl>

                    <interactiveControl posText="$l10n_actionIC_closeWindow" negText="$l10n_actionIC_openWindow" >
                        <clickPoint node="Left2Ref" size="0.05" type="OUTDOOR" />
                        <animation name="Baba2" speedScale="1.0" initTime="0.0" />
                    </interactiveControl>

                    <interactiveControl posText="$l10n_actionIC_closeWindow" negText="$l10n_actionIC_openWindow" >
                        <clickPoint node="Left3Ref" size="0.05" type="OUTDOOR" />
                        <animation name="Baba3" speedScale="1.0" initTime="0.0" />
                    </interactiveControl>

                    <interactiveControl posText="$l10n_actionIC_closeWindow" negText="$l10n_actionIC_openWindow" >
                        <clickPoint node="Right4Ref" size="0.05" type="OUTDOOR" />
                        <animation name="Baba4" speedScale="1.0" initTime="0.0" />
                    </interactiveControl>

                    <interactiveControl posText="$l10n_actionIC_closeWindow" negText="$l10n_actionIC_openWindow" >
                        <clickPoint node="Right5Ref" size="0.05" type="OUTDOOR" />
                        <animation name="Baba5" speedScale="1.0" initTime="0.0" />
                    </interactiveControl>

                    <interactiveControl posText="$l10n_actionIC_closeWindow" negText="$l10n_actionIC_openWindow" >
                        <clickPoint node="Right6Ref" size="0.05" type="OUTDOOR" />
                        <animation name="Baba6" speedScale="1.0" initTime="0.0" />
                    </interactiveControl>

                    <!--Babalar2-->
                    
                    <interactiveControl posText="$l10n_actionIC_closeWindow" negText="$l10n_actionIC_openWindow" >
                        <clickPoint node="Left7Ref" size="0.05" type="OUTDOOR" />
                        <animation name="Baba7" speedScale="1.0" initTime="0.0" />
                    </interactiveControl>

                    <interactiveControl posText="$l10n_actionIC_closeWindow" negText="$l10n_actionIC_openWindow" >
                        <clickPoint node="Left8Ref" size="0.05" type="OUTDOOR" />
                        <animation name="Baba8" speedScale="1.0" initTime="0.0" />
                    </interactiveControl>

                    <interactiveControl posText="$l10n_actionIC_closeWindow" negText="$l10n_actionIC_openWindow" >
                        <clickPoint node="Left9Ref" size="0.05" type="OUTDOOR" />
                        <animation name="Baba9" speedScale="1.0" initTime="0.0" />
                    </interactiveControl>

                    <interactiveControl posText="$l10n_actionIC_closeWindow" negText="$l10n_actionIC_openWindow" >
                        <clickPoint node="Right10Ref" size="0.05" type="OUTDOOR" />
                        <animation name="Baba10" speedScale="1.0" initTime="0.0" />
                    </interactiveControl>

                    <interactiveControl posText="$l10n_actionIC_closeWindow" negText="$l10n_actionIC_openWindow" >
                        <clickPoint node="Right11Ref" size="0.05" type="OUTDOOR" />
                        <animation name="Baba11" speedScale="1.0" initTime="0.0" />
                    </interactiveControl>

                    <interactiveControl posText="$l10n_actionIC_closeWindow" negText="$l10n_actionIC_openWindow" >
                        <clickPoint node="Right12Ref" size="0.05" type="OUTDOOR" />
                        <animation name="Baba12" speedScale="1.0" initTime="0.0" />
                    </interactiveControl>

                    <!--Babalar3-->
                    
                    <interactiveControl posText="$l10n_actionIC_closeWindow" negText="$l10n_actionIC_openWindow" >
                        <clickPoint node="Left13Ref" size="0.05" type="OUTDOOR" />
                        <animation name="Baba13" speedScale="1.0" initTime="0.0" />
                    </interactiveControl>

                    <interactiveControl posText="$l10n_actionIC_closeWindow" negText="$l10n_actionIC_openWindow" >
                        <clickPoint node="Left14Ref" size="0.05" type="OUTDOOR" />
                        <animation name="Baba14" speedScale="1.0" initTime="0.0" />
                    </interactiveControl>

                    <interactiveControl posText="$l10n_actionIC_closeWindow" negText="$l10n_actionIC_openWindow" >
                        <clickPoint node="Left15Ref" size="0.05" type="OUTDOOR" />
                        <animation name="Baba15" speedScale="1.0" initTime="0.0" />
                    </interactiveControl>

                    <interactiveControl posText="$l10n_actionIC_closeWindow" negText="$l10n_actionIC_openWindow" >
                        <clickPoint node="Right15Ref" size="0.05" type="OUTDOOR" />
                        <animation name="Baba16" speedScale="1.0" initTime="0.0" />
                    </interactiveControl>

                    <interactiveControl posText="$l10n_actionIC_closeWindow" negText="$l10n_actionIC_openWindow" >
                        <clickPoint node="Right16Ref" size="0.05" type="OUTDOOR" />
                        <animation name="Baba17" speedScale="1.0" initTime="0.0" />
                    </interactiveControl>

                    <interactiveControl posText="$l10n_actionIC_closeWindow" negText="$l10n_actionIC_openWindow" >
                        <clickPoint node="Right17Ref" size="0.05" type="OUTDOOR" />
                        <animation name="Baba18" speedScale="1.0" initTime="0.0" />
                    </interactiveControl>
                </interactiveControls>
            </interactiveControlConfiguration>
          </interactiveControlConfigurations>
    </interactiveControl>

    <cylindered>
        <movingTools>
            <movingTool node="Body" playSound="true">
                <dependentPart node="hydraulicPart"/>
            </movingTool>
            <movingTool node="unloadPosZ" playSound="false">
                <controls axis="AXIS_CRANE_ARM" invertAxis="true" mouseSpeedFactor="1" iconName="CRANE_EC_TRANSLATE_Z"/>
                <translation transSpeed="4" transAcceleration="4" transMax="4" transMin="-4" translationAxis="1"/>
            </movingTool>
            <movingTool node="unloadPosY" playSound="false">
                <controls axis="AXIS_CRANE_ARM2" invertAxis="true" mouseSpeedFactor="1" iconName="CRANE_EC_TRANSLATE_Y"/>
                <translation transSpeed="4" transAcceleration="4" transMax="4" transMin="0.2" translationAxis="2"/>
            </movingTool>
        </movingTools>
        <movingParts>
		    <movingPart node="hydraulicPart" referencePoint="hydraulicPartRef" referenceFrame="hydraulicPartRef" lockAxis="1">
                <translatingPart node="hydraulicPart1" />
                <translatingPart node="hydraulicPart2" />
                <translatingPart node="hydraulicPart3" />
            </movingPart>
        </movingParts>
        <sounds>
            <actionSound template="hydraulicLayerTone" pitchScale="0.5" volumeScale="0.9" linkNode="0>0|3|0" actionNames="TRANSLATING_POS" nodes="hydraulicPart">
                <pitch dropOffFactor="1.1" dropOffTime="0.2" />
            </actionSound>
            <actionSound template="defaultHydraulicSound" pitchScale="0.4" volumeScale="0.8" linkNode="0>0|3|0" actionNames="TRANSLATING_NEG" nodes="hydraulicPart"/>

            <actionSound template="cylinderPunch" pitchScale="0.7" linkNode="hydraulicPart" actionNames="TRANSLATING_END_NEG" nodes="hydraulicPart1"/>
            <actionSound template="cylinderPunch" pitchScale="0.7" linkNode="hydraulicPart" actionNames="TRANSLATING_END_NEG" nodes="hydraulicPart2"/>
            <actionSound template="cylinderPunch" pitchScale="0.7" linkNode="hydraulicPart" actionNames="TRANSLATING_END_NEG" nodes="hydraulicPart3"/>
        </sounds>
    </cylindered>

    <fillUnit>
        <fillUnitConfigurations>
            <fillUnitConfiguration name="Normal" price="0" params="500">
                <fillUnits>
                    <fillUnit shopDisplayUnit="CUBICMETER" fillTypeCategories="bulk" capacity="12000">
                        <exactFillRootNode node="exactFillRootNode"/>
                        <autoAimTargetNode node="fillAutoAimTarget" startZ="0.9" endZ="-2.8" invert="false" fillUnitIndex="1" startPercentage="25"/>
                    </fillUnit>
                </fillUnits>
                <objectChange node="ThreeAppendix" visibilityActive="false"/>
                <objectChange node="BackChain"   visibilityActive="false"/>
                <objectChange node="Silage_iron" visibilityActive="false"/>

                <objectChange node="LeftAppendixTheereColl" compoundChildActive="false" compoundChildInActive="true" />
                <objectChange node="LeftAppendixSixColl" compoundChildActive="false" compoundChildInActive="true" />
                <objectChange node="RightAppendixTheereColl" compoundChildActive="false" compoundChildInActive="true" />

                <objectChange node="RightAppendixSixColl" compoundChildActive="false" compoundChildInActive="true" />
                <objectChange node="FrontAppendixTheereColl" compoundChildActive="false" compoundChildInActive="true" />
                <objectChange node="BackAppendixTheereColl" compoundChildActive="false" compoundChildInActive="true" />
            </fillUnitConfiguration>
            <fillUnitConfiguration name="Üçüncü İlave" price="550" params="3000">
                <fillUnits>
                    <fillUnit shopDisplayUnit="CUBICMETER" fillTypeCategories="bulk" capacity="13000">
                        <exactFillRootNode node="exactFillRootNode"/>
                        <autoAimTargetNode node="fillAutoAimTarget" startZ="0.9" endZ="-2.8" invert="false" fillUnitIndex="1" startPercentage="25"/>
                    </fillUnit>
                </fillUnits>
                <objectChange node="ThreeAppendix" visibilityActive="true"/>
                <objectChange node="fillVolume" visibilityActive="false"/>
                <objectChange node="BackChain"   visibilityActive="false"/>

                <objectChange node="Silage_iron" visibilityActive="false"/>
            </fillUnitConfiguration>
            <fillUnitConfiguration name="Silaj İlavesi" price="650" params="500">
                <fillUnits>
                    <fillUnit shopDisplayUnit="CUBICMETER" fillTypeCategories="SILAGETRAILER" capacity="15000">
                        <exactFillRootNode node="exactFillRootNode"/>
                        <autoAimTargetNode node="fillAutoAimTarget" startZ="0.9" endZ="-2.8" invert="false" fillUnitIndex="1" startPercentage="25"/>
                    </fillUnit>
                </fillUnits>
                <objectChange node="BackChain"   visibilityActive="false"/>
                <objectChange node="OneAppendix"   visibilityActive="false"/>
                <objectChange node="TwoAppendix"   visibilityActive="false"/>
                <objectChange node="ThreeAppendix"   visibilityActive="false"/>
                <objectChange node="fillVolume" visibilityActive="false"/>
                <objectChange node="fillVolume2" visibilityActive="false"/>
                <objectChange node="Strais" visibilityActive="false"/>
                <objectChange node="BackDoor" visibilityActive="false"/>

                <objectChange node="Silage_iron" visibilityActive="true"/>

                <objectChange node="LeftAppendixTheereColl" compoundChildActive="false" compoundChildInActive="true" />
                <objectChange node="LeftAppendixSixColl" compoundChildActive="false" compoundChildInActive="true" />
                <objectChange node="RightAppendixTheereColl" compoundChildActive="false" compoundChildInActive="true" />

                <objectChange node="RightAppendixSixColl" compoundChildActive="false" compoundChildInActive="true" />
                <objectChange node="FrontAppendixTheereColl" compoundChildActive="false" compoundChildInActive="true" />
                <objectChange node="BackAppendixTheereColl" compoundChildActive="false" compoundChildInActive="true" />

                <objectChange node="LeftAppendixOneColl" compoundChildActive="false" compoundChildInActive="true" />
                <objectChange node="LeftAppendixFourColl" compoundChildActive="false" compoundChildInActive="true" />
                <objectChange node="RightAppendixOneColl" compoundChildActive="false" compoundChildInActive="true" />

                <objectChange node="RightAppendixFourColl" compoundChildActive="false" compoundChildInActive="true" />
                <objectChange node="BackAppendixOneColl" compoundChildActive="false" compoundChildInActive="true" />
                <objectChange node="FrontAppendixOneColl" compoundChildActive="false" compoundChildInActive="true" />

                <objectChange node="LeftAppendixTwoColl" compoundChildActive="false" compoundChildInActive="true" />
                <objectChange node="LeftAppendixFiveColl" compoundChildActive="false" compoundChildInActive="true" />
                <objectChange node="RightAppendixTwoColl" compoundChildActive="false" compoundChildInActive="true" />

                <objectChange node="RightAppendixFiveColl" compoundChildActive="false" compoundChildInActive="true" />
                <objectChange node="FrontAppendixTwoColl" compoundChildActive="false" compoundChildInActive="true" />
                <objectChange node="BackAppendixTwoColl" compoundChildActive="false" compoundChildInActive="true" />
            </fillUnitConfiguration>
            <fillUnitConfiguration name="Oto Balya" price="1000" params="500">
                <fillUnits>
                    <fillUnit unit="$l10n_unit_bale" capacity="150" fillTypes="squareBale" updateMass="false" />
                </fillUnits>
                <objectChange node="BackChain"   visibilityActive="true"/>
                <objectChange node="OneAppendix"   visibilityActive="false"/>
                <objectChange node="TwoAppendix"   visibilityActive="false"/>
                <objectChange node="ThreeAppendix"   visibilityActive="false"/>
                <objectChange node="fillVolume" visibilityActive="false"/>
                <objectChange node="fillVolume2" visibilityActive="false"/>
                <objectChange node="Strais" visibilityActive="false"/>
                <objectChange node="Silage_iron" visibilityActive="false"/>

                <objectChange node="LeftAppendixTheereColl" compoundChildActive="false" compoundChildInActive="true" />
                <objectChange node="LeftAppendixSixColl" compoundChildActive="false" compoundChildInActive="true" />
                <objectChange node="RightAppendixTheereColl" compoundChildActive="false" compoundChildInActive="true" />

                <objectChange node="RightAppendixSixColl" compoundChildActive="false" compoundChildInActive="true" />
                <objectChange node="FrontAppendixTheereColl" compoundChildActive="false" compoundChildInActive="true" />
                <objectChange node="BackAppendixTheereColl" compoundChildActive="false" compoundChildInActive="true" />

                <objectChange node="LeftAppendixOneColl" compoundChildActive="false" compoundChildInActive="true" />
                <objectChange node="LeftAppendixFourColl" compoundChildActive="false" compoundChildInActive="true" />
                <objectChange node="RightAppendixOneColl" compoundChildActive="false" compoundChildInActive="true" />

                <objectChange node="RightAppendixFourColl" compoundChildActive="false" compoundChildInActive="true" />
                <objectChange node="BackAppendixOneColl" compoundChildActive="false" compoundChildInActive="true" />
                <objectChange node="FrontAppendixOneColl" compoundChildActive="false" compoundChildInActive="true" />

                <objectChange node="LeftAppendixTwoColl" compoundChildActive="false" compoundChildInActive="true" />
                <objectChange node="LeftAppendixFiveColl" compoundChildActive="false" compoundChildInActive="true" />
                <objectChange node="RightAppendixTwoColl" compoundChildActive="false" compoundChildInActive="true" />

                <objectChange node="RightAppendixFiveColl" compoundChildActive="false" compoundChildInActive="true" />
                <objectChange node="FrontAppendixTwoColl" compoundChildActive="false" compoundChildInActive="true" />
                <objectChange node="BackAppendixTwoColl" compoundChildActive="false" compoundChildInActive="true" />
           </fillUnitConfiguration>
        </fillUnitConfigurations>
    </fillUnit>

    <fillVolume>
        <fillVolumeConfigurations>
            <fillVolumeConfiguration>
                <volumes>
                    <volume node="fillVolume" maxDelta="20" maxAllowedHeapAngle="3" fillUnitIndex="1" />
                    <volume node="fillVolume2" maxDelta="20" maxAllowedHeapAngle="3" fillUnitIndex="1" />

                    <volume node="fillVolume_Silage" maxDelta="20" maxAllowedHeapAngle="3" fillUnitIndex="1" />
                </volumes>
            </fillVolumeConfiguration>
        </fillVolumeConfigurations>
        <unloadInfos>
            <unloadInfo>
                <node node="unloadInfoBack" width="2" length="1.0"/>
            </unloadInfo>
        </unloadInfos>
    </fillVolume>

    <trailer>
        <trailerConfigurations>
            <trailerConfiguration>
                <trailer>
                    <tipSide name="$l10n_info_tipSideBack" dischargeNodeIndex="1">
                        <animation name="tipAnimationBack_bottom" speedScale="1.0" startTipTime="0.02"/>
                    </tipSide>
                    <tipSide name="$l10n_info_tipSideBackGrainDoor" dischargeNodeIndex="2" >
                        <animation name="tipAnimationGrainDoor" speedScale="0.35" closeSpeedScale="0.8" />
                    </tipSide>
                </trailer>
            </trailerConfiguration>
        </trailerConfigurations>
    </trailer>

	<dischargeable>
        <dischargeableConfigurations>
            <dischargeableConfiguration>
                <dischargeNode node="dischargeNodeBack" emptySpeed="571" fillUnitIndex="1" unloadInfoIndex="1" allowAIDischarge="true">
                    <info width="2" length="1.5" />
                    <effects>
                        <effectNode effectClass="TipEffect">
                            <effectNode effectNode="effectParticleBack" effectClass="ParticleEffect" materialType="unloadingParticle" emitCountScale="2"/>
                            <effectNode effectNode="effectGrainBack" materialType="unloading" fadeTime="0.5" extraDistanceNode="dischargeNodeBack" extraDistance="0.6"/>
                        </effectNode>
                        <effectNode effectNode="effectSmokeBack" materialType="unloadingSmoke" fadeTime="0.5" />
                    </effects>
                </dischargeNode>
                <dischargeNode node="dischargeNodeBack2" emptySpeed="571" fillUnitIndex="1" unloadInfoIndex="1" allowAIDischarge="true">
                    <info width="2" length="1.5" />
                    <effects>
                        <effectNode effectClass="TipEffect">
                            <effectNode effectNode="effectParticleBack2" effectClass="ParticleEffect" materialType="unloadingParticle" emitCountScale="2"/>
                            <effectNode effectNode="effectGrainBack2" materialType="unloading" fadeTime="0.5" extraDistanceNode="dischargeNodeBack2" extraDistance="0.6"/>
                        </effectNode>
                        <effectNode effectNode="effectSmokeBack2" materialType="unloadingSmoke" fadeTime="0.5" />
                    </effects>
                </dischargeNode>
            </dischargeableConfiguration>
        </dischargeableConfigurations>
    </dischargeable>

    <cover>
        <coverConfigurations>
            <coverConfiguration openCoverWhileTipping="true">
                <cover openAnimation="toggleCover" fillUnitIndices="1"/>
            </coverConfiguration>
        </coverConfigurations>
    </cover>

    <baleLoader>
        <texts lowerPlattform="action_baleloaderTransportPosition"/>
        <grabber grabNode="baleGrabber" triggerNode="baleTrigger" pickupRange="10" transportPositionAfterUnloading="true">
            <grabParticleSystem disableDuration="0" position="0 0.5 0" rotation="0 0 0" file="$data/particleSystems/shared/threshingStrawParticles.i3d"/>
        </grabber>
        <balePlaces startBalePlace="baleStartPlace">
            <balePlace node="baleUnloading"/>
        </balePlaces>
        <baleTypes>
            <baleType width="0.45" height="0.35" length="1.2" mixedFillTypes="false"/>
        </baleTypes>
    </baleLoader>

    <tensionBelts>
        <tensionBeltsConfigurations>
            <tensionBeltsConfiguration>
                <tensionBelts linkNode="beltActivationTrigger" jointNode="Tinaz_main_component" width="0.075" maxEdgeLength="0.1" geometryBias="0.01" ratchetPosition="0.2" defaultOffset="0.1" defaultOffsetSide="0.1" defaultHeight="4" activationTrigger="0>0|6|4" >
                    <tensionBelt startNode="tensionBeltStart1" endNode="tensionBeltEnd1"/>
                    <tensionBelt startNode="tensionBeltStart2" endNode="tensionBeltEnd2"/>
                    <tensionBelt startNode="tensionBeltStart3" endNode="tensionBeltEnd3"/>
                    <tensionBelt startNode="tensionBeltStart4" endNode="tensionBeltEnd4" />
                    <tensionBelt startNode="tensionBeltStart5" endNode="tensionBeltEnd5" />
                    <tensionBelt startNode="tensionBeltStart6" endNode="tensionBeltEnd6" />
                    <sounds>
                        <addBelt template="beltOpen" />
                        <removeBelt template="beltClose" />
                    </sounds>
                </tensionBelts>
            </tensionBeltsConfiguration>
        </tensionBeltsConfigurations>
    </tensionBelts>

    <ai>
        <agentAttachment jointNode="attacherJoint" rotCenterWheelIndices="1 2 3 4" width="2.7" height="4" length="13.9" lengthOffset="1.8"/>
    </ai>

    <licensePlates>
        <licensePlate node="plate"  position="BACK"  preferedType="ELONGATED" placementArea="0.08 0.27 0.06 0.27"/>
    </licensePlates>

    <foliageBending>
        <bendingNode minX="-1.2" maxX="1.2" minZ="-3.3" maxZ="1.7" yOffset="0.6"/>
    </foliageBending>

    <baseMaterial>
        <material name="Tinaz_Mat" baseNode="Tinaz_Vis">
            <shaderParameter name="colorMat0" value="0.15 0.15 0.15 0"/>
        </material>
        <material name="Tinaz_Mat1" baseNode="Tinaz_Vis">
            <shaderParameter name="colorMat1" value="0 0.3 0.3 16"/>
        </material>
        <material name="Tinaz_Mat2" baseNode="Tinaz_Vis">
            <shaderParameter name="colorMat2" value="0.703 1 0 16"/>
        </material>
        <material name="Tinaz_Ma3" baseNode="Tinaz_Vis">
            <shaderParameter name="colorMat4" value="0.15 0.15 0.15 1"/>
        </material>
    </baseMaterial>

    <baseMaterialConfigurations title="Şase Renk" price="750" defaultColorIndex="0">
        <baseMaterialConfiguration name="Grey" color="0.15 0.15 0.15 0"/>
        <baseMaterialConfiguration name="Black" color="0.05 0.05 0.05 0"/>
        <baseMaterialConfiguration name="Red" color="0.8 0 0 6"/>
        <material name="Tinaz_Mat" shaderParameter="colorMat0"/>
        <material name="Tinaz_Ma3" shaderParameter="colorMat4"/>
    </baseMaterialConfigurations>

    <designMaterialConfigurations title="Gövde Renk" price="750" useDefaultColors="true" defaultColorIndex="0">
        <designMaterialConfiguration name="Original" color="0 0.3 0.3 16"/>
        <material name="Tinaz_Mat1" shaderParameter="colorMat1" />
    </designMaterialConfigurations>

    <designMaterial2Configurations title="Şerit Renk" price="150" useDefaultColors="true" defaultColorIndex="0" >
        <designMaterial2Configuration name="Original" color="0.703 1 0 16"/>   
        <material name="Tinaz_Mat2" shaderParameter="colorMat2"/>
    </designMaterial2Configurations>

     <rimColorConfigurations defaultColorIndex="0">
        <rimColorConfiguration name="Standart" color="0.2 0.2 0.2"/>
        <rimColorConfiguration name="Standard Mat" color="0.21201 0.21201 0.21201" price="300" material="27"/>
        <rimColorConfiguration name="Black" color="0.01 0.01 0.01" price="300"/>
        <rimColorConfiguration name="Black Mat" color="0.01 0.01 0.0101" material="27" price="300"/>
        <rimColorConfiguration name="Cream" color="VICON_CREAM" price="300"/>
        <rimColorConfiguration name="White" color="SHARED_WHITE2" price="300"/>
        <rimColorConfiguration name="Orange" color="1 0.238 0.013" price="300"/>
    </rimColorConfigurations>

    <wearable wearDuration="480" workMultiplier="5" fieldMultiplier="2"/>
    <washable dirtDuration="90" washDuration="1" workMultiplier="3" fieldMultiplier="2"/>
    
    <i3dMappings>
        <i3dMapping id="Tinaz_main_component" node="0>"/>
        <i3dMapping id="Tinaz_Vis" node="0>0"/>
        <i3dMapping id="attacherJoint" node="0>0|0|0"/>
        <i3dMapping id="trailerAttacherJoint" node="0>0|0|1"/>
        <i3dMapping id="trailerAttacherJoint2" node="0>0|0|2"/>
        <i3dMapping id="WheelLeft" node="0>0|1|0"/>
        <i3dMapping id="WheelLeftTwo" node="0>0|1|1"/>
        <i3dMapping id="WheelRight" node="0>0|1|2"/>
        <i3dMapping id="WheelRightTwo" node="0>0|1|3"/>
        <i3dMapping id="Body" node="0>0|2|0"/>
        <i3dMapping id="hydraulicPart" node="0>0|4|0"/>
        <i3dMapping id="hydraulicPart1" node="0>0|4|0|0"/>
        <i3dMapping id="hydraulicPart2" node="0>0|4|0|0|0"/>
        <i3dMapping id="hydraulicPart3" node="0>0|4|0|0|0|0"/>
        <i3dMapping id="exactFillRootNode" node="0>0|2|0|0|1"/>
        <i3dMapping id="fillAutoAimTarget" node="0>0|2|0|0|2"/>
        <i3dMapping id="fillVolume" node="0>0|2|0|0|0"/>
        <i3dMapping id="fillVolume2" node="0>0|2|0|2|7|9"/>
        <i3dMapping id="unloadInfoBack" node="0>0|2|0|0|3"/>
        <i3dMapping id="dischargeNodeBack" node="0>0|6|0"/>
        <i3dMapping id="effectParticleBack" node="0>0|2|0|1|0|1|0"/>
        <i3dMapping id="effectGrainBack" node="0>0|2|0|1|0|0|0"/>
        <i3dMapping id="effectSmokeBack" node="0>0|2|0|1|0|0|1"/>
        <i3dMapping id="OneAppendix" node="0>0|2|0|2|5"/>
        <i3dMapping id="TwoAppendix" node="0>0|2|0|2|6"/>
        <i3dMapping id="ThreeAppendix" node="0>0|2|0|2|7"/>
        <i3dMapping id="hydraulicPartRef" node="0>0|2|0|4"/>
        <i3dMapping id="animation1" node="0>0|3|0"/>
        <i3dMapping id="animation2" node="0>0|3|0|0"/>
        <i3dMapping id="hydraulicIn01" node="0>0|0|3"/>
        <i3dMapping id="hydraulicOut01" node="0>0|0|4"/>
        <i3dMapping id="Gidici" node="0>0|0|3|0"/>
        <i3dMapping id="Fender" node="0>0|2|0|3|1"/>
        <i3dMapping id="RearBumper" node="0>0|5|0"/>
        <i3dMapping id="Strais" node="0>0|2|0|3|2"/>
        <i3dMapping id="Strais2" node="0>0|2|0|3|0"/>
        <i3dMapping id="Strais3" node="0>0|2|0|2|6|8"/>
        <i3dMapping id="rearLight15left" node="0>0|5|0|0|0"/>
        <i3dMapping id="rearLight15right" node="0>0|5|0|0|1"/>
        <i3dMapping id="backLightsHigh" node="0>0|5|0|0|2"/>
        <i3dMapping id="turnLightLeftBack" node="0>0|5|0|0|3"/>
        <i3dMapping id="turnLightRightBack" node="0>0|5|0|0|4"/>
        <i3dMapping id="light1" node="0>0|5|0|1|2"/>
        <i3dMapping id="light2" node="0>0|5|0|1|3"/>
        <i3dMapping id="sideMarker04White" node="0>0|5|0|1|0|0"/>
        <i3dMapping id="sideMarker04White2" node="0>0|5|0|1|1|0"/>
        <i3dMapping id="plate" node="0>0|5|0|1|4"/>
        <i3dMapping id="Plates" node="0>0|5|0|1"/>
        <i3dMapping id="GrainDoor" node="0>0|2|0|2|4|0|0|0"/>
        <i3dMapping id="effectGrainBack2" node="0>0|2|0|1|1|0|0"/>
        <i3dMapping id="dischargeNodeBack2" node="0>0|6|1"/>
        <i3dMapping id="effectParticleBack2" node="0>0|2|0|1|1|1|0"/>
        <i3dMapping id="effectSmokeBack2" node="0>0|2|0|1|1|0|1"/>
        <i3dMapping id="GrainDoorAnim" node="0>0|2|0|2|4|0|1"/>
        <i3dMapping id="GrainDoorAnim2" node="0>0|2|0|2|4|0|1|0"/>
        <i3dMapping id="Chain" node="0>0|2|0|2|5|8|1"/>
        <i3dMapping id="ChainOne" node="0>0|2|0|2|7|8|1"/>
        <i3dMapping id="Iron" node="0>0|2|0|2|5|8|0"/>
        <i3dMapping id="IronOne" node="0>0|2|0|2|7|8|0"/>
        <i3dMapping id="SimpleTriger" node="0>0|7|0"/>
        <i3dMapping id="Beating" node="0>0|0|5|0"/>
        <i3dMapping id="BeatingAnim" node="0>0|0|5|0|0"/>
        <i3dMapping id="BeatingArm" node="0>0|0|5|0|1"/>
        <i3dMapping id="BeatingAnimRef" node="0>0|0|5|0|2"/>
        <i3dMapping id="BeatingArmAnimRef" node="0>0|0|5|0|1|0"/>
        <i3dMapping id="ChestDoor" node="0>0|3|1"/>
        <i3dMapping id="ChestDoorRef" node="0>0|3|1|0"/>
        <i3dMapping id="LeftDoor" node="0>0|2|0|2|0|0"/>
        <i3dMapping id="LeftDoorOne" node="0>0|2|0|2|1|0"/>
        <i3dMapping id="RightDoor" node="0>0|2|0|2|2|0"/>
        <i3dMapping id="RighDoorOne" node="0>0|2|0|2|3|0"/>
        <i3dMapping id="BackDoor" node="0>0|2|0|2|4|0"/>
        <i3dMapping id="LeftAppendixOne" node="0>0|2|0|2|5|0"/>
        <i3dMapping id="RightAppendixOne" node="0>0|2|0|2|5|1"/>
        <i3dMapping id="LeftAppendixFour" node="0>0|2|0|2|5|2"/>
        <i3dMapping id="RightAppendixFour" node="0>0|2|0|2|5|3"/>
        <i3dMapping id="BackAppendixOne" node="0>0|2|0|2|5|4"/>
        <i3dMapping id="FrontAppendixOne" node="0>0|2|0|2|5|5"/>
        <i3dMapping id="LeftAppendixTwo" node="0>0|2|0|2|6|0"/>
        <i3dMapping id="LeftAppendixFive" node="0>0|2|0|2|6|1"/>
        <i3dMapping id="RightAppendixTwo" node="0>0|2|0|2|6|2"/>
        <i3dMapping id="RightAppendixFive" node="0>0|2|0|2|6|3"/>
        <i3dMapping id="FrontAppendixTwo" node="0>0|2|0|2|6|4"/>
        <i3dMapping id="BackAppendixTwo" node="0>0|2|0|2|6|5"/>
        <i3dMapping id="LeftAppendixTheere" node="0>0|2|0|2|7|0"/>
        <i3dMapping id="LeftAppendixSix" node="0>0|2|0|2|7|1"/>
        <i3dMapping id="RightAppendixTheere" node="0>0|2|0|2|7|2"/>
        <i3dMapping id="RightAppendixSix" node="0>0|2|0|2|7|3"/>
        <i3dMapping id="FrontAppendixTheere" node="0>0|2|0|2|7|4"/>
        <i3dMapping id="BackAppendixTheere" node="0>0|2|0|2|7|5"/>
        <i3dMapping id="LeftDoorRef" node="0>0|2|0|2|0|0|2"/>
        <i3dMapping id="LeftDoorOneRef" node="0>0|2|0|2|1|0|2"/>
        <i3dMapping id="RightDoorRef" node="0>0|2|0|2|2|0|2"/>
        <i3dMapping id="RightDoorOneRef" node="0>0|2|0|2|3|0|2"/>
        <i3dMapping id="BackDoorRef" node="0>0|2|0|2|4|0|3"/>
        <i3dMapping id="LeftAppendixOneRef" node="0>0|2|0|2|5|9|0"/>
        <i3dMapping id="RightAppendixOneRef" node="0>0|2|0|2|5|9|1"/>
        <i3dMapping id="LeftAppendixFourRef" node="0>0|2|0|2|5|9|2"/>
        <i3dMapping id="RightAppendixFourRef" node="0>0|2|0|2|5|9|3"/>
        <i3dMapping id="BackAppendixOneRef" node="0>0|2|0|2|5|9|4"/>
        <i3dMapping id="FrontAppendixOneRef" node="0>0|2|0|2|5|9|5"/>
        <i3dMapping id="LeftAppendixTwoRef" node="0>0|2|0|2|6|13|0"/>
        <i3dMapping id="LeftAppendixFiveRef" node="0>0|2|0|2|6|13|1"/>
        <i3dMapping id="RightAppendixTwoRef" node="0>0|2|0|2|6|13|2"/>
        <i3dMapping id="RightAppendixFiveRef" node="0>0|2|0|2|6|13|3"/>
        <i3dMapping id="FrontAppendixTwoRef" node="0>0|2|0|2|6|13|4"/>
        <i3dMapping id="BackAppendixTwoRef" node="0>0|2|0|2|6|13|5"/>
        <i3dMapping id="LeftAppendixThreeRef" node="0>0|2|0|2|7|15|0"/>
        <i3dMapping id="LeftAppendixSixRef" node="0>0|2|0|2|7|15|1"/>
        <i3dMapping id="RightAppendixThreeRef" node="0>0|2|0|2|7|15|2"/>
        <i3dMapping id="RightAppendixSixRef" node="0>0|2|0|2|7|15|3"/>
        <i3dMapping id="FrontAppendixThreeRef" node="0>0|2|0|2|7|15|4"/>
        <i3dMapping id="BackAppendixThreeRef" node="0>0|2|0|2|7|15|5"/>
        <i3dMapping id="Left1" node="0>0|2|0|2|5|6"/>
        <i3dMapping id="Left2" node="0>0|2|0|2|5|7"/>
        <i3dMapping id="Left3" node="0>0|2|0|2|5|10"/>
        <i3dMapping id="Right4" node="0>0|2|0|2|5|11"/>
        <i3dMapping id="Right5" node="0>0|2|0|2|5|12"/>
        <i3dMapping id="Right6" node="0>0|2|0|2|5|13"/>
        <i3dMapping id="Left7" node="0>0|2|0|2|6|6"/>
        <i3dMapping id="Left8" node="0>0|2|0|2|6|7"/>
        <i3dMapping id="Left9" node="0>0|2|0|2|6|9"/>
        <i3dMapping id="Right10" node="0>0|2|0|2|6|10"/>
        <i3dMapping id="Right11" node="0>0|2|0|2|6|11"/>
        <i3dMapping id="Right12" node="0>0|2|0|2|6|12"/>
        <i3dMapping id="Left13" node="0>0|2|0|2|7|6"/>
        <i3dMapping id="Left14" node="0>0|2|0|2|7|7"/>
        <i3dMapping id="Left15" node="0>0|2|0|2|7|11"/>
        <i3dMapping id="Right16" node="0>0|2|0|2|7|12"/>
        <i3dMapping id="Right17" node="0>0|2|0|2|7|13"/>
        <i3dMapping id="Right18" node="0>0|2|0|2|7|14"/>
        <i3dMapping id="Left1Ref" node="0>0|2|0|2|5|9|6"/>
        <i3dMapping id="Left2Ref" node="0>0|2|0|2|5|9|7"/>
        <i3dMapping id="Left3Ref" node="0>0|2|0|2|5|9|8"/>
        <i3dMapping id="Right4Ref" node="0>0|2|0|2|5|9|9"/>
        <i3dMapping id="Right5Ref" node="0>0|2|0|2|5|9|10"/>
        <i3dMapping id="Right6Ref" node="0>0|2|0|2|5|9|11"/>
        <i3dMapping id="Left7Ref" node="0>0|2|0|2|6|13|6"/>
        <i3dMapping id="Left8Ref" node="0>0|2|0|2|6|13|7"/>
        <i3dMapping id="Left9Ref" node="0>0|2|0|2|6|13|8"/>
        <i3dMapping id="Right10Ref" node="0>0|2|0|2|6|13|9"/>
        <i3dMapping id="Right11Ref" node="0>0|2|0|2|6|13|10"/>
        <i3dMapping id="Right12Ref" node="0>0|2|0|2|6|13|11"/>
        <i3dMapping id="Left13Ref" node="0>0|2|0|2|7|15|6"/>
        <i3dMapping id="Left14Ref" node="0>0|2|0|2|7|15|7"/>
        <i3dMapping id="Left15Ref" node="0>0|2|0|2|7|15|8"/>
        <i3dMapping id="Right15Ref" node="0>0|2|0|2|7|15|9"/>
        <i3dMapping id="Right16Ref" node="0>0|2|0|2|7|15|10"/>
        <i3dMapping id="Right17Ref" node="0>0|2|0|2|7|15|11"/>
        <i3dMapping id="source" node="0>0|2|0|3|3"/>
        <i3dMapping id="baleGrabber" node="0>0|2|0|8|0"/>
        <i3dMapping id="baleTrigger" node="0>0|2|0|8|1"/>
        <i3dMapping id="baleStartPlace" node="0>0|2|0|8|8"/>
        <i3dMapping id="baleUnloading" node="0>0|2|0|8|9|0|0"/>
        <i3dMapping id="unloadPosZ" node="0>0|2|0|8|9"/>
        <i3dMapping id="unloadPosY" node="0>0|2|0|8|9|0"/>
        <i3dMapping id="BackDoorRef2" node="0>0|2|0|2|4|0|4"/>
        <i3dMapping id="BackChain" node="0>0|2|0|3|4"/>
        <i3dMapping id="LeftAppendixOneColl" node="0>0|2|0|2|5|0|1"/>
        <i3dMapping id="LeftAppendixFourColl" node="0>0|2|0|2|5|2|1"/>
        <i3dMapping id="RightAppendixOneColl" node="0>0|2|0|2|5|1|1"/>
        <i3dMapping id="RightAppendixFourColl" node="0>0|2|0|2|5|3|1"/>
        <i3dMapping id="BackAppendixOneColl" node="0>0|2|0|2|5|4|2"/>
        <i3dMapping id="FrontAppendixOneColl" node="0>0|2|0|2|5|5|1"/>
        <i3dMapping id="LeftAppendixTwoColl" node="0>0|2|0|2|6|0|1"/>
        <i3dMapping id="LeftAppendixFiveColl" node="0>0|2|0|2|6|1|1"/>
        <i3dMapping id="RightAppendixTwoColl" node="0>0|2|0|2|6|2|1"/>
        <i3dMapping id="RightAppendixFiveColl" node="0>0|2|0|2|6|3|1"/>
        <i3dMapping id="FrontAppendixTwoColl" node="0>0|2|0|2|6|4|1"/>
        <i3dMapping id="BackAppendixTwoColl" node="0>0|2|0|2|6|5|1"/>
        <i3dMapping id="LeftAppendixTheereColl" node="0>0|2|0|2|7|0|1"/>
        <i3dMapping id="LeftAppendixSixColl" node="0>0|2|0|2|7|1|1"/>
        <i3dMapping id="RightAppendixTheereColl" node="0>0|2|0|2|7|2|1"/>
        <i3dMapping id="RightAppendixSixColl" node="0>0|2|0|2|7|3|1"/>
        <i3dMapping id="FrontAppendixTheereColl" node="0>0|2|0|2|7|4|1"/>
        <i3dMapping id="BackAppendixTheereColl" node="0>0|2|0|2|7|5|1"/>
        <i3dMapping id="beltActivationTrigger" node="0>0|8|6"/>
        <i3dMapping id="tensionBeltStart1" node="0>0|8|0"/>
        <i3dMapping id="tensionBeltStart2" node="0>0|8|1"/>
        <i3dMapping id="tensionBeltStart3" node="0>0|8|2"/>
        <i3dMapping id="tensionBeltStart4" node="0>0|8|3"/>
        <i3dMapping id="tensionBeltStart5" node="0>0|8|4"/>
        <i3dMapping id="tensionBeltStart6" node="0>0|8|5"/>
        <i3dMapping id="tensionBeltEnd1" node="0>0|8|0|0"/>
        <i3dMapping id="tensionBeltEnd2" node="0>0|8|1|0"/>
        <i3dMapping id="tensionBeltEnd3" node="0>0|8|2|0"/>
        <i3dMapping id="tensionBeltEnd4" node="0>0|8|3|0"/>
        <i3dMapping id="tensionBeltEnd5" node="0>0|8|4|0"/>
        <i3dMapping id="tensionBeltEnd6" node="0>0|8|5|0"/>
        <i3dMapping id="Branda" node="0>0|2|0|9"/>
        <i3dMapping id="Silage_iron" node="0>0|2|0|10|0"/>
        <i3dMapping id="Silage_iron_Cover" node="0>0|2|0|10|0|0"/>
        <i3dMapping id="fillVolume_Silage" node="0>0|2|0|10|0|2"/>
        <i3dMapping id="electricnode2" node="0>0|0|7|1|0"/>
        <i3dMapping id="electricCab" node="0>0|0|7|0|0"/>
        <i3dMapping id="electricFront" node="0>0|0|7|1"/>
    </i3dMappings>
</vehicle>