<?xml version="1.0" encoding="utf-8" standalone="no"?>
<configurations>
	<entry>engcon_pack/ENGCON_Cable.xml</entry>
	<entry>engcon_pack/ENGCON_DeepDigging.xml</entry>
	<entry>engcon_pack/ENGCON_DeepDiggingBroad.xml</entry>
	<entry>engcon_pack/ENGCON_Grader.xml</entry>
	<entry>engcon_pack/ENGCON_WaterDrainage.xml</entry>
	<entry>fsm/Case_CX245.xml</entry>
    <entry>fsm/Case_CX245_Standard_Bucket.xml</entry>
    <entry>fsm/Case_CX245_Wide_Bucket.xml</entry>
	<entry>fsm/Case_CX250D_LR_Standard_Bucket.xml</entry>
	<entry>fsm/Case_CX250D_LR_Wide_Bucket.xml</entry>
	<entry>fsm/CAT_3000H.xml</entry>
	<entry>fsm/CAT_7495HD_Bucket.xml</entry>
	<entry>fsm/CAT_990H_Bucket.xml</entry>
	<entry>fsm/CAT_CP56.xml</entry>
	<entry>fsm/CAT_D10T.xml</entry>
	<entry>fsm/JD700.xml</entry>
	<entry>fsm/JD700Ripper.xml</entry>
	<entry>fsm/CAT_D6_Blade.xml</entry>
	<entry>fsm/CAT_D6_Ripper.xml</entry>
	<entry>fsm/Dossan_DX800LC-7.xml</entry>
	<entry>fsm/Hitachi_310W.xml</entry>
	<entry>fsm/Kobelco_SK480_Rake.xml</entry>
	<entry>fsm/Kobelco_SK480_Ripper.xml</entry>
	<entry>fsm/Kobelco_SK480_Standard_Bucket.xml</entry>
	<entry>fsm/Komatsu_GD655.xml</entry>
	<entry>fsm/Komatsu_WA900A_Bucket.xml</entry>
	<entry>fsm/Liebherr_980SME.xml</entry>
	<entry>fsm/385c.xml</entry>
	<entry>fsm/6015b.xml</entry>
	<entry>fsm/Mecalac_MTX12_Standard_Bucket.xml</entry>
	<entry>fsm/Mecalac_MTX12_Wide_Bucket.xml</entry>
	<entry>fsm/Mecalac_MTX12_Wide_Bucket_Reversed.xml</entry>
	<entry>fsm/Volvo_EC750EL_Mining_Bucket.xml</entry>
	<entry>fsm/Volvo_EC750EL_Standard_Bucket.xml</entry>
	<entry>fsm/Volvo_L350H_Bucket.xml</entry>
	<entry>fsm/Volvo_L350H_Bucket1.xml</entry>
	<entry>fsm/Volvo_SD115.xml</entry>
	<entry>fsm/BOMAG_ROLLER.xml</entry>
	<entry>fsm/CAT_953D.xml</entry>
	<entry>fsm/Volvo_EC950E.xml</entry>
	<entry>fsm/Komatsu_D575.xml</entry>
	<entry>fsm/Komatsu_PC8000.xml</entry>
	<entry>fsm/Komatsu_D575Ripper.xml</entry>
	<entry>fsm/Liebherr_R926_Standard_Bucket.xml</entry>
    <entry>fsm/Liebherr_R926_Wide_Bucket.xml</entry>
	<entry>fsm/Komatsu_WA1800.xml</entry>	
	<entry>fsm/Wide_Bucket.xml</entry>
	<entry>fsm/HD_Bucket.xml</entry>
	<entry>giants/Albutt_frontLoaderShovel.xml</entry>
	<entry>giants/Magsi_telehandlerShovel.xml</entry>
	<entry>giants/Magsi_wheelLoaderShovel.xml</entry>
	<entry>giants/McCormack_overtippingBucket.xml</entry>
	<entry>giants/Paladin_highDumpBucket.xml</entry>
	<entry>vds/4MR_Cat992.xml</entry>
	<entry>vds/4MR_Cat994.xml</entry>
	<entry>vds/4MR_CAT6015B.xml</entry>
	<entry>vds/4MR_Hitachi_2600EX.xml</entry>
	<entry>vds/Hitachi350LC_Telescope.xml</entry>
	<entry>vds/nmcD11BulldozerBlade.xml</entry>
	<entry>vds/nmcD11BulldozerRipper.xml</entry>
	<entry>vds/nmcD11BulldozerSnowBlade.xml</entry>
	<entry>vds/4MR_Hitachi470LC1.xml</entry>
	<entry>vds/4MR_Hitachi470LC2.xml</entry>
	<entry>vds/4MR_HitachiEX8000.xml</entry>	
	<entry>vds/4MR_cat_18m3.xml</entry>
	<entry>vds/4MR_JohnDeere_870G1.xml</entry>
	<entry>vds/4MR_JohnDeere_870G2.xml</entry> 
	<entry>vds/4MR_JohnDeere_870G3.xml</entry> 	
	<entry>vds/4MR_Hitachi_Zaxis870LC1.xml</entry> 
	<entry>vds/4MR_Hitachi_Zaxis870LC2.xml</entry> 
	<entry>vds/4MR_Hitachi_Zaxis870LC3.xml</entry> 
	<entry>vds/ASHLAND_I200_TS4_SCRAPER.xml</entry>
	<entry>vds/KomatsuD65PXi.xml</entry>
	<entry>vds/JackhammerPack_brh.xml</entry>
	<entry>vds/JackhammerPack_brh2.xml</entry>
	<entry>vds/NawaRo-Maus.xml</entry>  
	<entry>fsmce/Liebherr_9800.xml</entry>
	<entry>fsmce/Komatsu_WA380.xml</entry>
	<entry>fsmce/PC1250.xml</entry>
	<entry>fsmce/wirtgen.xml</entry>
	<entry>fsmce/Volvo_BL61B.xml</entry>
	<entry>fsmce/Liebherr_776.xml</entry>
	<entry>fsmce/scrap_Caterpillar663.xml</entry>
	<entry>fsmce/CATD11.xml</entry> 
	<entry>fsmce/LeTourneau.xml</entry> 	
	<entry>HAMM_H210i.xml</entry>
	<entry>MAN_Aspiratrice_Long_Nozzle.xml</entry>
	<entry>MAN_Aspiratrice_Small_Nozzle.xml</entry>
	<entry>HITACHI8000_8000.xml</entry>
	<entry>YanmarDigBucket.xml</entry>
	<entry>YanmarDitchBucket.xml</entry>
	<entry>Starlight/40-50_Ton_Smooth_Edge_Bucket.xml</entry>
	<entry>Starlight/40-50_Ton_5_Tooth_Bucket.xml</entry>
	<entry>Starlight/40-50_Ton_3_Tooth_Bucket.xml</entry>
	<entry>scrap_Los_Antonios.xml</entry>
	<entry>180GDitch.xml</entry>
    <entry>180GDig.xml</entry>
	<entry>FiatBlade.xml</entry>
	<entry>jcb4cxgodet2.xml</entry>
	<entry>JD50GBucket.xml</entry>
    <entry>4MR_CAT_D11T.xml</entry>
	<entry>JCB110W.xml</entry>
	<entry>Komatsu_PC300.xml</entry>
	<entry>WMF_CATD7D_Blade.xml</entry>
	<entry>Jcb/jcb4cxgodet1.xml</entry>
    <entry>Jcb/jcb4cxgodet3.xml</entry>
	<entry>Jcb/jcb4cxgodet4.xml</entry>
	<entry>Jcb/jcb4cxgodet5.xml</entry>
	<entry>Jcb/JackhammerPack_brh.xml</entry>
	<entry>Volvo/volvogodet1.xml</entry>
	<entry>Volvo/volvogodet2.xml</entry>
	<entry>CAT336_Godet1.xml</entry>
	<entry>CAT336_Godet2.xml</entry>
	<entry>CAT320_1.xml</entry>
</configurations>