<?xml version="1.0" encoding="utf-8" standalone="no"?>
<configuration machineType="bucket" modName="FS22_JCB_110W_CYSG" typeName="cysg110wBucket" xmlName="Bucket1">
  <terraform>
        <i3d parent="0>" z="0.6">
            <node x="-0.3" />
            <node x="-0.1" />
            <node x="0.1" />
            <node x="0.3" />
        </i3d>
        <modes>
            <mode>NORMAL</mode>
            <mode>LOWER</mode>
            <mode>FLATTEN</mode>
            <mode>SMOOTH</mode>
        </modes>
    </terraform>
    <collision>
        <i3d parent="0>" y="0" z="0">
            <node x="-0.3" z="0" />
            <node x="-0.3" z="0.6" />
            <node x="0.3" z="0" />
            <node x="0.3" z="0.6" />
        </i3d>
    </collision>
    <paint>
        <i3d parent="0>0" z="0.6">
            <node />
        </i3d>
    </paint>
    <discharge>
        <modes>
            <mode>NORMAL</mode>
            <mode>RAISE</mode>
            <mode>FLATTEN</mode>
            <mode>SMOOTH</mode>
            <mode>PAINT</mode>
        </modes>
    </discharge>
</configuration>