<?xml version="1.0" encoding="utf-8" standalone="no"?>
<configuration machineType="bucket" modName="FS22_JohnDeere50G" typeName="shovel" xmlName="bucketJD">
    <terraform>
        <i3d parent="pickUpNode" >
            <node x="-0.331" />
            <node x="-0.1" />
            <node x="0.1" />
            <node x="0.331" />
        </i3d>
        <modes>
            <mode>NORMAL</mode>
            <mode>LOWER</mode>
            <mode>FLATTEN</mode>
            <mode>SMOOTH</mode>
        </modes>
    </terraform>
    <collision>
        <i3d parent="pickUpNode" >
            <node x="-0.33"  />
            <node x="-0.1"  />
            <node x="0.1"  />
            <node x="0.33"  />
        </i3d>
    </collision>
    <paint>
        <i3d parent="pickUpNode" >
            <node />
        </i3d>
    </paint>
    <discharge>
        <modes>
            <mode>NORMAL</mode>
            <mode>RAISE</mode>
            <mode>FLATTEN</mode>
            <mode>SMOOTH</mode>
            <mode>PAINT</mode>
        </modes>
    </discharge>
</configuration>