<?xml version="1.0" encoding="utf-8" standalone="no"?>
<configuration machineType="bucket" modName="FS22_KomatsuPC300" typeName="PC300" xmlName="PC300">
    <terraform>
        <i3d parent="pickUpNode" z="0.6">
            <node x="-0.95" />
            <node x="-0.4" />
            <node x="0.4" />
            <node x="0.95" />
        </i3d>
        <modes>
            <mode>NORMAL</mode>
            <mode>LOWER</mode>
            <mode>FLATTEN</mode>
            <mode>SMOOTH</mode>
        </modes>
    </terraform>
    <collision>
        <i3d parent="pickUpNode" y="0" z="0">
             <node x="-0.95" />
            <node x="-0.4" />
            <node x="0.4" />
            <node x="0.95" />
        </i3d>
    </collision>
    <paint>
        <i3d parent="pickUpNode" z="0.6">
            <node />
        </i3d>
    </paint>
    <discharge>
        <modes>
            <mode>NORMAL</mode>
            <mode>RAISE</mode>
            <mode>FLATTEN</mode>
            <mode>SMOOTH</mode>
            <mode>PAINT</mode>
        </modes>
    </discharge>
</configuration>