<?xml version="1.0" encoding="utf-8" standalone="no"?>
<configuration machineType="suctionAttachment" modName="FS22_Aspiratrice" typeName="shovel" xmlName="Petit_buse">
    <terraform>
        <i3d parent="Avec_Dent" y="-1.05">
            <node x="0.2" z="-0.15" />
            <node x="0.2" z="0.15" />
            <node x="-0.2" z="0.15" />
            <node x="-0.2" z="-0.15" />
        </i3d>
        <modes>
            <mode>LOWER</mode>
            <mode>FLATTEN</mode>
            <mode>SMOOTH</mode>
        </modes>
        <radius>1.5</radius>
    </terraform>
    <paint>
        <i3d parent="Avec_Dent" y="-1.05">
            <node />
        </i3d>
        <radius>1.5</radius>
    </paint>
    <settings>
        <volumeFillRatio>0.1</volumeFillRatio>
        <flattenRadius>1.5</flattenRadius>
        <smoothRadius>1.5</smoothRadius>
    </settings>
</configuration>