<?xml version="1.0" encoding="utf-8" standalone="no" ?>
<sounds xmlns:xsi="http://www.w3.org/2001/XMLSchema-instance" xsi:noNamespaceSchemaLocation="../../../../../shared/xml/schema/vehicle_sounds.xsd">
    <motorized>
        <sounds>
             <motor template="engineSmall" file="sounds/8105_loop.gls" linkNodeOffset="0 0 1" volumeScale="2.5" supportsReverb="true">
                 <lowpassGain indoor="0.55" outdoor="1" />
                 <pitch indoor="0.9" outdoor="0.9"></pitch>
             </motor>
             <motor template="indoorCabinRumble" />
             <motor file="$data/sounds/vehicles/shared/metalClanksVehBack01.wav" volumeScale="1.5" innerRadius="2.5" outerRadius="15" isLocalSound="true" linkNodeOffset="0 1.5 -2.0" pitchScale="0.8">
                <volume indoor="0.45" outdoor="1.1" >
                    <modifier type="SUSPENSION" value="-0.07" modifiedValue="1.5" />
                    <modifier type="SUSPENSION" value="-0.02" modifiedValue="1.3" />
                    <modifier type="SUSPENSION" value="-0.01" modifiedValue="1.0" />
                    <modifier type="SUSPENSION" value="0.0"   modifiedValue="0.0" />
                    <modifier type="SUSPENSION" value="0.01"  modifiedValue="1.0" />
                    <modifier type="SUSPENSION" value="0.02"  modifiedValue="1.3" />
                    <modifier type="SUSPENSION" value="0.07"  modifiedValue="1.5" />
                </volume>
            </motor>
             <gearbox file="$data/sounds/vehicles/transmission/newHollandTransmission.wav" pitchScale="0.6" volumeScale="0.65" innerRadius="7.0" outerRadius="60.0" > 
                <volume indoor="0.85" outdoor="2.2" >
                    <modifier type="SPEED" value="4.0" modifiedValue="0.0" />
                    <modifier type="SPEED" value="30.0" modifiedValue="1.0" />
                    <modifier type="SPEED" value="60.0" modifiedValue="1.0" />
                    <modifier type="SPEED" value="120.0" modifiedValue="1.4" />

                    <modifier type="MOTOR_LOAD" value="-1.00" modifiedValue="1.0" />
                    <modifier type="MOTOR_LOAD" value="0.00" modifiedValue="1.0" />
                    <modifier type="MOTOR_LOAD" value="0.20" modifiedValue="1.0" />
                    <modifier type="MOTOR_LOAD" value="0.45" modifiedValue="2.0" />
                    <modifier type="MOTOR_LOAD" value="0.80" modifiedValue="1.0" />
                    <modifier type="MOTOR_LOAD" value="1.00" modifiedValue="0.7" />
            
                    <modifier type="DRIVING_DIRECTION" value="-1.0" modifiedValue="1.5" />
                    <modifier type="DRIVING_DIRECTION" value="0.00" modifiedValue="0.0" />
                    <modifier type="DRIVING_DIRECTION" value="1.00" modifiedValue="1.0" />
                </volume>
                <pitch indoor="1.80" outdoor="1.77">
                    <modifier type="SPEED" value="0.0" modifiedValue="0.3"/>
                    <modifier type="SPEED" value="60.0" modifiedValue="0.8"/>
                    <modifier type="SPEED" value="120.0" modifiedValue="1.3"/>

                    <modifier type="SUSPENSION" value="-1.0" modifiedValue="0.9" />
                    <modifier type="SUSPENSION" value="-0.5" modifiedValue="0.95" />
                    <modifier type="SUSPENSION" value="0.0" modifiedValue="1.0" />
                    <modifier type="SUSPENSION" value="0.5" modifiedValue="1.05" />
                    <modifier type="SUSPENSION" value="1.0" modifiedValue="1.1" />

                    <modifier type="DRIVING_DIRECTION" value="-1.0" modifiedValue="1.8" />
                    <modifier type="DRIVING_DIRECTION" value="0.00" modifiedValue="1.0" />
                    <modifier type="DRIVING_DIRECTION" value="1.00" modifiedValue="1.0" />
                </pitch>
                
                <lowpassGain indoor="0.3" outdoor="1.0" />
                <lowpassCutoffFrequency indoor="700" outdoor="20000.0" />
                <lowpassResonance indoor="1.0" outdoor="1.0"/> 
            </gearbox>
            <compressedAir template="compressedAir"/>
            <gearLeverStart template="gearDisengaged"/>
            <gearLeverEnd template="gearEngaged"/>
            <gearGroupLeverStart template="gearDisengaged" volumeScale="2.0"/>
            <gearGroupLeverEnd template="gearEngaged" volumeScale="2.0"/>
            <airCompressorStop template="compressedAir"/>
        </sounds>
    </motorized>

    <lights>
        <sounds>
            <toggleLights template="SWITCH_01"  />
            <turnLight template="SWITCH_TURNLIGHT"  />
        </sounds>
    </lights>

    <attacherJoints>
        <sounds>
            <attach template="ATTACH_01" />
            <hydraulic template="defaultHydraulicSound" />
        </sounds>
    </attacherJoints>

    <drivable>
        <sounds>
            <waterSplash template="WATER_SPLASH_01" />
        </sounds>
    </drivable>

    <honk>
        <sound template="hornDefault" volumeScale="1.5"/>
    </honk>
</sounds>
