<!-- if a lights section already exists only take from <beaconLights>   to     </beaconLights>-->

<lights>

	<beaconLights>
		<!-- start of bar2beaconramme or the long beacon bar-->
            <beaconLight node="IndexPath for each FBK2.0" filename="BeaconPack/FBK2.1_Frontblitz.xml"/>
            <beaconLight node="IndexPath for each FBK2.0" filename="BeaconPack/FBK2.1_Frontblitz.xml"/>
            <beaconLight node="IndexPath for each FBK2.0" filename="BeaconPack/FBK2.0_Frontblitz.xml"/>
            <beaconLight node="IndexPath for each FBK2.0" filename="BeaconPack/FBK2.0_Frontblitz.xml"/>
            <beaconLight node="IndexPath for each FBK2.0" filename="BeaconPack/FBK2.1_Frontblitz.xml"/>
            <beaconLight node="IndexPath for each FBK2.0" filename="BeaconPack/FBK2.1_Frontblitz.xml"/>
            <beaconLight node="IndexPath for each FBK2.0" filename="BeaconPack/FBK2.0_Frontblitz.xml"/>
            <beaconLight node="IndexPath for each FBK2.0" filename="BeaconPack/FBK2.0_Frontblitz.xml"/>
            <beaconLight node="IndexPath for each FBK2.0" filename="BeaconPack/FBK2.1_Frontblitz.xml"/>
            <beaconLight node="IndexPath for each FBK2.0" filename="BeaconPack/FBK2.0_Frontblitz.xml"/>
            <beaconLight node="IndexPath for each FBK2.0" filename="BeaconPack/FBK2.0_Frontblitz.xml"/>
            <beaconLight node="IndexPath for each FBK2.0" filename="BeaconPack/FBK2.1_Frontblitz.xml"/>
            <beaconLight node="IndexPath for each FBK2.0" filename="BeaconPack/FBK2.0_Frontblitz.xml"/>
            <beaconLight node="IndexPath for each FBK2.0" filename="BeaconPack/FBK2.1_Frontblitz.xml"/>
            <beaconLight node="IndexPath for each FBK2.0" filename="BeaconPack/FBK2.1_Frontblitz.xml"/>
            <beaconLight node="IndexPath for each FBK2.0" filename="BeaconPack/FBK2.0_Frontblitz.xml"/>
            <!-- end of bar2beaconramme or the long beacon bar-->


            <!-- start of small fbk2.0 lights for best result alternate between FBK2.0_Frontblitz.xml and FBK2.1_Frontblitz.xml for each light-->
            <beaconLight node="IndexPath for each FBK2.0" filename="BeaconPack/FBK2.0_Frontblitz.xml"/>
            <beaconLight node="IndexPath for each FBK2.0" filename="BeaconPack/FBK2.1_Frontblitz.xml"/>

        </beaconLights>

    </lights>