﻿<?xml version="1.0" encoding="utf-8" standalone="no"?>
<modDesc descVersion="69">
    <author>Tiny</author>
    <version>1.0.0.0</version>
    <title>
        <en>Ozduman</en>
    </title>
    <description>
        <tr><![CDATA[18 li Ozsduman işte amk]]></tr>
    </description>
    <iconFilename>icon_Ozduman.dds</iconFilename>
    <multiplayer supported="true"/>
    <storeItems>
        <storeItem xmlFilename="Ozduman.xml"/>
    </storeItems>
    <brands>
        <brand name="OZDUMAN" title="Ozduman" image="brand.dds"/>
    </brands>
</modDesc>