<?xml version="1.0" encoding="utf-8" standalone="no"?>
<vehicle type="fertilizingSowingMachine" xmlns:xsi="http://www.w3.org/2001/XMLSchema-instance" xsi:noNamespaceSchemaLocation="https://validation.gdn.giants-software.com/xml/fs22/vehicle.xsd">
    <annotation>Copyright (C) GIANTS Software GmbH, All Rights Reserved.</annotation>
    <storeData>
        <name>
            <en>18 Li</en></name>
        <specs>
            <neededPower>45</neededPower>
            <workingWidth>3.21</workingWidth>
        </specs>
        <functions>
            <function>$l10n_function_sowingMachine</function>
            <function>$l10n_function_sowingMachineDirect</function>
        </functions>
        <image>store_Ozduman.dds</image>
        <price>4400</price>
        <lifetime>600</lifetime>
        <rotation>0</rotation>
        <brand>OZDUMAN</brand>
        <category>seeders</category>
        <shopTranslationOffset>0 0.132 0</shopTranslationOffset>
        <shopRotationOffset>2.755 0 0</shopRotationOffset>
    </storeData>
    <base>
        <typeDesc>$l10n_typeDesc_sowingMachine</typeDesc>
        <filename>Ozduman.i3d</filename>
        <size width="5.8" length="5.1"/>
        <components>
            <component centerOfMass="0 0.69999999 0.22135025" solverIterationCount="10" mass="764"/>
        </components>
        <schemaOverlay name="IMPLEMENT" attacherJointPosition="0 0"/>
        <speedLimit value="18"/>
    </base>
    <wheels>
        <wheelConfigurations>
            <wheelConfiguration name="$l10n_configuration_valueDefault" price="0" brand="BKT">
                <wheels>
                    <wheel filename="wheels/lastik.xml" isLeft="true" hasTireTracks="true" hasParticles="true">
                        <physics restLoad="1.7" repr="0>0|1|0" forcePointRatio="0.3" radius="0.41" initialCompression="40" suspTravel="0.05" spring="80" damper="20" rotationDamping="0.001"/>
                    </wheel>
                    <wheel filename="wheels/lastik.xml" isLeft="false" hasTireTracks="true" hasParticles="true">
                        <physics restLoad="1.7" repr="0>0|1|1" forcePointRatio="0.3" radius="0.41" initialCompression="40" suspTravel="0.05" spring="80" damper="20" rotationDamping="0.001"/>
                    </wheel>
                </wheels>
                <objectChange node="0>0|1|0" scaleActive="0.8 0.85 0.85"/>
                <objectChange node="0>0|1|1" scaleActive="0.8 0.85 0.85"/>
            </wheelConfiguration>
            <wheelConfiguration name="$l10n_configuration_valueDefault" price="0" brand="TRELLEBORG">
                <wheels>
                    <wheel filename="wheels/400_70R18.xml" isLeft="true" hasTireTracks="true" hasParticles="true">
                        <physics restLoad="1.7" repr="0>0|1|0" forcePointRatio="0.3" radius="0.41" initialCompression="40" suspTravel="0.05" spring="80" damper="20" rotationDamping="0.001"/>
                    </wheel>
                    <wheel filename="wheels/400_70R18.xml" isLeft="false" hasTireTracks="true" hasParticles="true">
                        <physics restLoad="1.7" repr="0>0|1|1" forcePointRatio="0.3" radius="0.41" initialCompression="40" suspTravel="0.05" spring="80" damper="20" rotationDamping="0.001"/>
                    </wheel>
                </wheels>
                <objectChange node="0>0|1|0" scaleActive="0.6 0.85 0.85"/>
                <objectChange node="0>0|1|1" scaleActive="0.6 0.85 0.85"/>
            </wheelConfiguration>
        </wheelConfigurations>
    </wheels>
    <rimColorConfigurations useDefaultColors="true" defaultColorIndex="15" />
    <speedRotatingParts>
        <speedRotatingPart node="0>0|2|7|0|0" radius="0.495" groundReferenceNodeIndex="1" wheelIndex="1" foldMinLimit="0" foldMaxLimit="0.5"/>
        <speedRotatingPart node="0>0|2|10|0|0" radius="0.495" groundReferenceNodeIndex="1" wheelIndex="1" foldMinLimit="0" foldMaxLimit="0.5"/>
    </speedRotatingParts>
    <attachable allowFoldingWhileAttached="false">
        <inputAttacherJoints>
            <inputAttacherJoint node="0>0|13|0|2" jointType="trailerLow" attacherHeight="0.6"/>
            <inputAttacherJoint node="0>0|0|0" jointType="implement" lowerRotationOffset="27 0 0" topReferenceNode="0>0|0|1" upperRotationOffset="6 0 0">
			<distanceToGround lower="0.4" upper="1.8" />
			</inputAttacherJoint>
        </inputAttacherJoints>
		<brakeForce force="0.1" maxForce="0.9" maxForceMass="8000"/>
        <support animationName="moveSupport"/>
    </attachable>
    <attacherJoints>
        <attacherJoint node="0>0|0|5" jointType="trailer" lowerRotLimit="10 70 70" upperRotationOffset="0" allowsJointLimitMovement="false" canTurnOnImplement="false">
            <schema position="1 0" rotation="0" invertX="false"/>
        </attacherJoint>
        <attacherJoint node="0>0|0|6" jointType="trailerLow" lowerRotLimit="10 70 70" upperRotationOffset="0" allowsJointLimitMovement="false" canTurnOnImplement="false">
            <schema position="1 0" rotation="0" invertX="false"/>
        </attacherJoint>
        <sounds>
            <attach template="ATTACH_01" linkNode="0>"/>
        </sounds>
    </attacherJoints>
    <powerConsumer forceNode="Ozduman_main_component1" maxForce="10" neededMaxPtoPower="0"/>
    <groundReferenceNodes>
        <groundReferenceNode node="0>0|11|2" threshold="0.2" depthNode="0>0|11|1" forceFactor="1"/>
    </groundReferenceNodes>
    <connectionHoses>
        <hose inputAttacherJointIndices="1 2" type="hydraulicIn" node="0>0|0|3|0" length="1" diameter="0.02">
            <objectChange node="0>0|0|3|0|0" visibilityActive="false" visibilityInactive="true"/>
        </hose>
        <hose inputAttacherJointIndices="1 2" type="hydraulicIn" node="0>0|0|4|0" length="1" diameter="0.02">
            <objectChange node="0>0|0|4|0|0" visibilityActive="false" visibilityInactive="true"/>
        </hose>
        <target attacherJointIndices="1 2 3" type="hydraulicIn" node="0>0|0|7" socket="hydraulic01"/>
        <target attacherJointIndices="1 2 3" type="hydraulicIn" node="0>0|0|8" socket="hydraulic01"/>
    </connectionHoses>
    <workAreas>
        <workArea functionName="processSowingMachineArea" needsSetIsTurnedOn="false" type="sowingMachine">
            <area heightNode="0>0|12|0|2" startNode="0>0|12|0|0" widthNode="0>0|12|0|1"/>
            <folding maxLimit="0.1" minLimit="0"/>
            <groundReferenceNode index="1"/>
        </workArea>
    </workAreas>
    <workParticles>
        <particleAnimation>
            <node node="0>0|2|7|2" refNodeIndex="1" materialType="SOIL"/>
            <node node="0>0|2|10|2" refNodeIndex="1" materialType="SOIL"/>
        </particleAnimation>
        <particle>
            <node node="0>0|11|0|0" refNodeIndex="1" particleType="SOIL"/>
            <node node="0>0|11|0|1" refNodeIndex="1" particleType="SOIL_SMOKE"/>
            <node node="0>0|11|0|2" refNodeIndex="1" particleType="SOIL_CHUNKS" worldSpace="false"/>
            <node node="0>0|11|0|3" refNodeIndex="1" particleType="SOIL_BIG_CHUNKS" worldSpace="false"/>
        </particle>
    </workParticles>
    <sprayer fillUnitIndex="2" unloadInfoIndex="2">
        <usageScales workingWidth="3.57" scale="1"/>
    </sprayer>
    <animations>
        <animation name="folding" playSound="true">
            <part node="0>0|2|7" startTime="0" endTime="1" startRot="-27 0 0" endRot="0 0 0"/>
            <part node="0>0|2|10" startTime="0" endTime="1" startRot="-45 0 0" endRot="0 0 0"/>
            <part node="0>0|2|6" startTime="0" endTime="1" startRot="63 0 0" endRot="0 0 0"/>
            <part node="0>0|2|6|2" startTime="0" endTime="1" startRot="20 0 0" endRot="83 0 0"/>
            <part node="0>0|2|10|3" startTime="0" endTime="1" startRot="35 0 0" endRot="0 0 0"/>
            <part node="0>0|2|6|3" startTime="0" endTime="1" startRot="20 0 0" endRot="83 0 0"/>
            <part node="0>0|2|7|3" startTime="0" endTime="1" startRot="55 0 0" endRot="35 0 0"/>
        </animation>
        <animation name="moveSupport">
            <part endTime="0.1" endTrans="-0.04 -0.55211234 0.155637" node="0>0|0|2|0" startTime="0" startTrans="-0.04 -0.2832039 0.155637"/>
            <part endTime="0.1" endTrans="0.012 0.92532557 0.33867943" node="0>0|13|0|1" startTime="0" startTrans="0.012 0.925 -0.00444258"/>
        </animation>
        <animation name="Kapak" playSound="true">
            <part node="0>0|2|0|0" startTime="0" endTime="1" startRot="0 0 0" endRot="70 0 0"/>
        </animation>
        <animation name="Kapak2" playSound="true">
            <part node="0>0|2|1|0" startTime="0" endTime="1" startRot="0 0 0" endRot="70 0 0"/>
        </animation>

        <animation name="Tohum_Kol" playSound="true">
            <part node="0>0|2|4|0" startTime="0" endTime="1" startRot="0 0 0" endRot="0 0 25"/>
        </animation>
        <animation name="TohumKol2" playSound="true">
            <part node="0>0|2|5|0" startTime="0" endTime="1" startRot="0 0 0" endRot="0 0 -25"/>
        </animation>

        <animation name="GubreKol" playSound="true">
            <part node="0>0|2|2|0" startTime="0" endTime="1" startRot="0 0 0" endRot="0 0 25"/>
        </animation>
        <animation name="GubreKol2" playSound="true">
            <part node="0>0|2|3|0" startTime="0" endTime="1" startRot="0 0 0" endRot="0 0 -25"/>
        </animation>

        <animation name="ceki">
            <part endRot="-90 0 0" endTime="1" node="0>0|13|0" startRot="0 0 0" startTime="0"/>
        </animation>
    </animations>
    <simpleIC outsideInteractionTrigger="0>0|2|8|0"> 
        <animation animationName="Kapak" animationSpeed="1" sharedAnimation="false" soundVolumeIncreasePercentage="0.6" >
            <outsideTrigger triggerPoint="0>0|2|0|0|1" triggerPointSize="0.1" />
        </animation>
        <animation animationName="Kapak2" animationSpeed="1" sharedAnimation="false" soundVolumeIncreasePercentage="0.6" >
            <outsideTrigger triggerPoint="0>0|2|1|0|1" triggerPointSize="0.1" />
        </animation>

        <animation animationName="Tohum_Kol" animationSpeed="1" sharedAnimation="false" soundVolumeIncreasePercentage="0.6" >
            <outsideTrigger triggerPoint="0>0|2|4|0|0" triggerPointSize="0.1" />
        </animation>
        <animation animationName="TohumKol2" animationSpeed="1" sharedAnimation="false" soundVolumeIncreasePercentage="0.6" >
            <outsideTrigger triggerPoint="0>0|2|5|0|0" triggerPointSize="0.1" />
        </animation>

        <animation animationName="GubreKol" animationSpeed="1" sharedAnimation="false" soundVolumeIncreasePercentage="0.6" >
            <outsideTrigger triggerPoint="0>0|2|2|0|0" triggerPointSize="0.1" />
        </animation>
        <animation animationName="GubreKol2" animationSpeed="1" sharedAnimation="false" soundVolumeIncreasePercentage="0.6" >
            <outsideTrigger triggerPoint="0>0|2|3|0|0" triggerPointSize="0.1" />
        </animation>

        <animation animationName="ceki" animationSpeed="1" sharedAnimation="false" soundVolumeIncreasePercentage="0.6" >
            <outsideTrigger triggerPoint="0>0|13|0|3" triggerPointSize="0.1" />
        </animation>
    </simpleIC>
    <foldable>
        <foldingConfigurations>
            <foldingConfiguration>
                <foldingParts startMoveDirection="1" turnOnFoldMinLimit="0.0" turnOnFoldMaxLimit="1.0" foldMiddleAnimTime="1.0">
                    <foldingPart animationName="folding" speedScale="1"/>
                </foldingParts>
            </foldingConfiguration>
        </foldingConfigurations>
    </foldable>
    <cylindered>
        <movingTools>
            <movingTool node="0>0|2|0|0" playSound="true">
                <dependentPart node="0>0|6|0"/>
                <dependentPart node="0>0|8|0"/>
            </movingTool>
            <movingTool node="0>0|2|1|0" playSound="true">
                <dependentPart node="0>0|7|0"/>
                <dependentPart node="0>0|5|0"/>
            </movingTool>
            <movingTool node="0>0|2|6" playSound="true">
                <dependentPart node="0>0|4|0"/>
                <dependentPart node="0>0|3|0"/>
            </movingTool>
        </movingTools>
        <movingParts>
            <movingPart node="0>0|6|0" referencePoint="0>0|2|0|0|0" referenceFrame="0>0|2|0|0|0" lockAxis="1">
                <translatingPart node="0>0|6|0|0" />
            </movingPart>
            <movingPart node="0>0|8|0" referencePoint="0>0|2|0|0|2" referenceFrame="0>0|2|0|0|2" lockAxis="1">
                <translatingPart node="0>0|8|0|0" />
            </movingPart>

            <movingPart node="0>0|7|0" referencePoint="0>0|2|1|0|2" referenceFrame="0>0|2|1|0|2" lockAxis="1">
                <translatingPart node="0>0|7|0|0" />
            </movingPart>
            <movingPart node="0>0|5|0" referencePoint="0>0|2|1|0|0" referenceFrame="0>0|2|1|0|0" lockAxis="1">
                <translatingPart node="0>0|5|0|0" />
            </movingPart>
            <movingPart node="0>0|4|0" referencePoint="0>0|2|6|0" referenceFrame="0>0|2|6|0" lockAxis="1">
                <translatingPart node="0>0|4|0|0" />
            </movingPart>
            <movingPart node="0>0|3|0" referencePoint="0>0|2|6|1" referenceFrame="0>0|2|6|1" lockAxis="1">
                <translatingPart node="0>0|3|0|0" />
            </movingPart>
        </movingParts>
    </cylindered>
    <fillUnit>
        <fillUnitConfigurations>
            <fillUnitConfiguration>
                <fillUnits>
                    <fillUnit capacity="338" fillTypes="SEEDS" unitTextOverride="$l10n_unit_literShort">
                        <exactFillRootNode node="0>0|10|0" extraEffectDistance="0.6"/>
                    </fillUnit>
                    <fillUnit capacity="287" fillTypes="FERTILIZER" unitTextOverride="$l10n_unit_literShort">
                        <exactFillRootNode node="0>0|10|5" extraEffectDistance="0.4"/>
                    </fillUnit>
                    <unloading width="10" offset="0 0 0"/>
                </fillUnits>
            </fillUnitConfiguration>
        </fillUnitConfigurations>
    </fillUnit>
    <fillVolume>
        <fillVolumeConfigurations>
            <fillVolumeConfiguration>
                <volumes>
                    <volume node="0>0|10|1|0" fillUnitIndex="1" maxDelta="0.05" maxAllowedHeapAngle="20"/>
                    <volume node="0>0|10|3|0" fillUnitIndex="2" maxDelta="0.05" maxAllowedHeapAngle="20"/>
                </volumes>
            </fillVolumeConfiguration>
        </fillVolumeConfigurations>
    </fillVolume>
    <cultivator>
        <directionNode node="Ozduman_main_component1"/>
        <onlyActiveWhenLowered value="true"/>
        <sounds>
            <work linkNode="0>" template="DEFAULT_CULTIVATOR_WORK"/>
        </sounds>
    </cultivator>
    <sowingMachine fillUnitIndex="1">
        <useDirectPlanting value="true"/>
        <seedFruitTypeCategories>sowingMachine</seedFruitTypeCategories>
        <needsActivation value="true"/>
        <sounds>
            <work linkNode="Ozduman_main_component1" template="DEFAULT_SOWING_WORK"/>
        </sounds>
    </sowingMachine>
    <turnOnVehicle turnOffIfNotAllowed="true"/>
    <cover>
        <coverConfigurations>
            <coverConfiguration>
                <cover openAnimation="Kapak" fillUnitIndices="1"/>
                <cover openAnimation="Kapak2" fillUnitIndices="2"/>
            </coverConfiguration>
        </coverConfigurations>
    </cover>
    <foliageBending>
        <bendingNode minX="-2.5" maxX="2.5" minZ="-2.0" maxZ="0" yOffset="0.3"/>
    </foliageBending>
    <wearable wearDuration="480" workMultiplier="5" fieldMultiplier="2"/>
    <washable dirtDuration="90" washDuration="1" workMultiplier="6" fieldMultiplier="2"/>
    <ai>
        <allowTurnBackward value="false"/>
        <areaMarkers leftNode="0>0|12|1|0" rightNode="0>0|12|1|1" backNode="0>0|12|1|2"/>
        <collisionTrigger node="aiCollisionTrigger"/>
        <needsLowering value="true"/>
    </ai>
    <baseMaterial>
        <material name="Ozduman_Mat" baseNode="Ozduman_Vis">
            <shaderParameter name="colorMat4" value="0.6 0 0 0"/>
        </material> 
        <material name="Ozduman_Mat2" baseNode="0>0|2|12">
            <shaderParameter name="colorMat4" value="0.6 0 0 0"/>
        </material> 
        <material name="Ozduman_Mat3" baseNode="0>0|2|9">
            <shaderParameter name="colorMat4" value="0.6 0 0 0"/>
        </material> 
        <material name="Ozduman_Mat4" baseNode="Ozduman_Vis">
            <shaderParameter name="colorMat0" value="0 0.2 0.03 0"/>
        </material>
        <material name="Ozduman_Mat5" baseNode="0>0|2|7">
            <shaderParameter name="colorMat0" value="0 0.2 0.03 0"/>
        </material> 
        <material name="Yay_mat" baseNode="0>0|2|15">
            <shaderParameter name="colorMat0" value="0 0.2 0.03 0"/>
        </material> 
        <material name="ceki" baseNode="0>0|13|0">
            <shaderParameter name="colorMat0" value="0 0.2 0.03 0"/>
        </material>
        <material name="piston" baseNode="0>0|3|0">
            <shaderParameter name="colorMat4" value="0.6 0 0 0"/>
        </material>  
        <material name="Kapak" baseNode="0>0|2|1|0">
            <shaderParameter name="colorMat0" value="0 0.2 0.03 0"/>
        </material>
    </baseMaterial>
    
    <baseMaterialConfigurations price="100" useDefaultColors="true">
        <baseMaterialConfiguration name="Original" color="0 0.2 0.03 0"/>
        <material name="Ozduman_Mat4" shaderParameter="colorMat0" />
        <material name="Ozduman_Mat5" shaderParameter="colorMat0" />
        <material name="Yay_mat" shaderParameter="colorMat0" />
        <material name="ceki" shaderParameter="colorMat0" />
        <material name="Kapak" shaderParameter="colorMat0" />
    </baseMaterialConfigurations>
    <designMaterialConfigurations price="750" useDefaultColors="true" defaultColorIndex="0">
        <designMaterialConfiguration name="Original" color="0.6 0 0 0"/>
        <material name="Ozduman_Mat" shaderParameter="colorMat4"/>
        <material name="Ozduman_Mat2" shaderParameter="colorMat4"/>
        <material name="Ozduman_Mat3" shaderParameter="colorMat4"/>
        <material name="piston" shaderParameter="colorMat4"/>
    </designMaterialConfigurations>

    <i3dMappings>
        <i3dMapping id="Ozduman_main_component1" node="0>"/>
        <i3dMapping id="Ozduman_Vis" node="0>0"/>
    </i3dMappings>
</vehicle>