<?xml version="1.0" encoding="utf-8" standalone="no"?>
<configuration machineType="bucketExcavator" modName="FS22_4MR_Cat385LC" typeName="CAT385C" xmlName="CAT385C">
    <terraform>
        <i3d parent="0>2|0|0|0|2|1" y="0" z="0.5">
            <node x="1" y="0" z="0" />
            <node x="0.609" y="0" z="0" />
            <node x="0" y="0" z="0" />
            <node x="-0.609" y="0" z="0" />
            <node x="-1" y="0" z="0" />
        </i3d>
        <modes>
            <mode>NORMAL</mode>
            <mode>LOWER</mode>
            <mode>FLATTEN</mode>
            <mode>SMOOTH</mode>
        </modes>
    </terraform>
    <collision>
        <i3d parent="0>2|0|0|0|2|1" y="0" z="0.8">
            <node x="1" y="0" z="0" />
            <node x="1" y="0" z="0" />
            <node x="-1" y="0" z="0" />
            <node x="-1" y="0" z="0" />
       </i3d>
    </collision>
    <paint>
        <i3d parent="0>2|0|0|0|2|1" y="0" z="0.5">
            <node />
        </i3d>
    </paint>
    <discharge>
        <modes>
            <mode>NORMAL</mode>
            <mode>RAISE</mode>
            <mode>FLATTEN</mode>
            <mode>SMOOTH</mode>
            <mode>PAINT</mode>
        </modes>
    </discharge>
</configuration>