<?xml version="1.0" encoding="utf-8" standalone="no"?>
<configuration machineType="bucket" modName="FS22_Hitachi350LC_Telescope" typeName="shovel" xmlName="Pinza">
    <terraform>
        <i3d parent="0>" y="0.5" z="0">
            <node x="-0.55" y="-0.5" z="0" />
            <node x="0" y="-0.5" z="0" />
            <node x="0.55" y="-0.5" z="0" />
			<node x="-0.729" y="-0.5" z="0.874" />
            <node x="0.743" y="-0.5" z="0.874" />
            <node x="0.743" y="-0.5" z="-0.9" />
            <node x="-0.757" y="-0.5" z="-0.9" />
       </i3d>
        <modes>
            <mode>NORMAL</mode>
            <mode>LOWER</mode>
            <mode>FLATTEN</mode>
            <mode>SMOOTH</mode>
        </modes>
    </terraform>
    <collision>
        <i3d parent="0>" y="0.5" z="-0.2">
		    <node x="-0.55" y="-0.5" z="0" />
            <node x="0" y="-0.5" z="0" />
            <node x="0.55" y="-0.5" z="0" />
            <node x="-0.729" y="-0.5" z="0.874" />
            <node x="0.743" y="-0.5" z="0.874" />
            <node x="0.743" y="-0.5" z="-0.9" />
            <node x="-0.757" y="-0.5" z="-0.9" />
        </i3d>
    </collision>
    <paint>
        <i3d parent="0>" y="0.5" z="0">
            <node />
        </i3d>
    </paint>
    <discharge>
        <modes>
            <mode>NORMAL</mode>
            <mode>RAISE</mode>
            <mode>FLATTEN</mode>
            <mode>SMOOTH</mode>
            <mode>PAINT</mode>
        </modes>
    </discharge>
</configuration>