<?xml version="1.0" encoding="utf-8" standalone="no"?>
<configuration machineType="bucketExcavator" modName="FS22_Liebherr_9800" typeName="Liebherr_9800" xmlName="9800">
    <terraform>
        <i3d parent="0>5|0|0|0|6" y="0" z="-0.2">
            <node x="-2.25" y="0" z="0" />
            <node x="-1.8" y="0" z="0" />
            <node x="-1.3" y="0" z="0" />
            <node x="-0.8" y="0" z="0" />
            <node x="-0.25" y="0" z="0" />
            <node x="0.25" y="0" z="0" />
            <node x="0.8" y="0" z="0" />
            <node x="1.3" y="0" z="0" />
            <node x="1.8" y="0" z="0" />
            <node x="2.25" y="0" z="0" />
        </i3d>
        <modes>
            <mode>NORMAL</mode>
            <mode>LOWER</mode>
            <mode>FLATTEN</mode>
            <mode>SMOOTH</mode>
        </modes>
    </terraform>
    <collision>
        <i3d parent="0>5|0|0|0|6" y="0" z="-0.1">
            <node x="-2.25" y="0" z="0" />
            <node x="-1.8" y="0" z="0" />
            <node x="-1.3" y="0" z="0" />
            <node x="-0.8" y="0" z="0" />
            <node x="-0.25" y="0" z="0" />
            <node x="0.25" y="0" z="0" />
            <node x="0.8" y="0" z="0" />
            <node x="1.3" y="0" z="0" />
            <node x="1.8" y="0" z="0" />
            <node x="2.25" y="0" z="0" />
        </i3d>
    </collision>
    <paint>
        <i3d parent="0>5|0|0|0|6" y="0" z="-0.2">
            <node />
        </i3d>
    </paint>
    <discharge>
        <modes>
            <mode>NORMAL</mode>
            <mode>RAISE</mode>
            <mode>FLATTEN</mode>
            <mode>SMOOTH</mode>
            <mode>PAINT</mode>
        </modes>
    </discharge>
</configuration>