﻿<?xml version="1.0" encoding="utf-8" standalone="no" ?>
<vehicle type="trailer">
    <annotation>Copyright (C) Tiny, All Rights Reserved.</annotation>
    <storeData>
        <name>  
        <tr>Romork</tr>          
		<en>Trailer</en>
        <de>Trailer</de>
        </name>
        <specs>
            <combination xmlFilename="$data/vehicles/welger/dk115/dk115.xml"/>
        </specs>
        <functions>
            <function>$l10n_function_tipper</function>
        </functions>
        <image>store_Ece.dds</image>
        <price>6825</price>
        <lifetime>600</lifetime>
        <rotation>0</rotation>
        <brand>ECE</brand>
        <category>trailers</category>
        <shopTranslationOffset>0 0 0</shopTranslationOffset>
        <shopRotationOffset>2.26 0 0</shopRotationOffset>
    </storeData>
    <base>
        <typeDesc>$l10n_typeDesc_tipper</typeDesc>
        <filename>Ece.i3d</filename>
        <size width="3" length="7" lengthOffset="0"/>
		<sounds volumeFactor="1.8"/>
        <components>
            <component centerOfMass="0 0 -0.0266276" solverIterationCount="10" mass="550"/>
        </components>
        <schemaOverlay attacherJointPosition="0 0" name="IMPLEMENT" />
        <mapHotspot type="TRAILER" />
    </base>
    <designConfigurations title="Mop"><!--Mop-->
        <designConfiguration name="No">
            <objectChange node="0>0|5|0" visibilityActive="false"/>
        </designConfiguration>
        <designConfiguration name="Yes" price="400">
            <objectChange node="0>0|5|0" visibilityActive="true"/>
        </designConfiguration>
    </designConfigurations> 
    <design2Configurations title="Chest"><!--Chest-->
        <design2Configuration name="No">
            <objectChange node="0>0|2|0|3|0" visibilityActive="false"/>
        </design2Configuration>
        <design2Configuration name="Yes">
            <objectChange node="0>0|2|0|3|0" visibilityActive="true"/>
        </design2Configuration>
    </design2Configurations>
    <design3Configurations title="Strip">
        <design3Configuration name="No">
            <!--Verison One-->
            <objectChange node="0>0|2|0|2|3|2|0" visibilityActive="false"/>
            <objectChange node="0>0|2|0|2|3|3|0" visibilityActive="false"/>
            <objectChange node="0>0|2|0|2|4|0|0|0" visibilityActive="false"/>
            <objectChange node="0>0|2|0|2|4|0|1|0" visibilityActive="false"/>
            <!--Verison Two-->
            <objectChange node="0>0|2|0|2|3|2|1" visibilityActive="false"/>
            <objectChange node="0>0|2|0|2|3|3|1" visibilityActive="false"/>
            <objectChange node="0>0|2|0|2|4|0|0|1" visibilityActive="false"/>
            <objectChange node="0>0|2|0|2|4|0|1|1" visibilityActive="false"/>
            <objectChange node="0>0|2|0|2|0|0|0" visibilityActive="false"/>
            <objectChange node="0>0|2|0|2|1|0|0" visibilityActive="false"/>
        </design3Configuration>
        <design3Configuration name="Verison One">
            <!--Verison One-->
            <objectChange node="0>0|2|0|2|3|2|0" visibilityActive="true"/>
            <objectChange node="0>0|2|0|2|3|3|0" visibilityActive="true"/>
            <objectChange node="0>0|2|0|2|4|0|0|0" visibilityActive="true"/>
            <objectChange node="0>0|2|0|2|4|0|1|0" visibilityActive="true"/>
            <!--Verison Two-->
            <objectChange node="0>0|2|0|2|3|2|1" visibilityActive="false"/>
            <objectChange node="0>0|2|0|2|3|3|1" visibilityActive="false"/>
            <objectChange node="0>0|2|0|2|4|0|0|1" visibilityActive="false"/>
            <objectChange node="0>0|2|0|2|4|0|1|1" visibilityActive="false"/>
        </design3Configuration>
        <design3Configuration name="Verison Two">
            <!--Verison Two-->
            <objectChange node="0>0|2|0|2|3|2|1" visibilityActive="true"/>
            <objectChange node="0>0|2|0|2|3|3|1" visibilityActive="true"/>
            <objectChange node="0>0|2|0|2|4|0|0|1" visibilityActive="true"/>
            <objectChange node="0>0|2|0|2|4|0|1|1" visibilityActive="true"/>
            <!--Verison One-->
            <objectChange node="0>0|2|0|2|3|2|0" visibilityActive="false"/>
            <objectChange node="0>0|2|0|2|3|3|0" visibilityActive="false"/>
            <objectChange node="0>0|2|0|2|4|0|0|0" visibilityActive="false"/>
            <objectChange node="0>0|2|0|2|4|0|1|0" visibilityActive="false"/>
            <objectChange node="0>0|2|0|2|0|0|0" visibilityActive="false"/>
            <objectChange node="0>0|2|0|2|1|0|0" visibilityActive="false"/>
        </design3Configuration>
    </design3Configurations>
    <design4Configurations title="Reflector"><!--Reflector-->
        <design4Configuration name="No">
            <objectChange node="0>0|2|0|2|2|0|2" visibilityActive="false"/>
        </design4Configuration>
        <design4Configuration name="Yes">
            <objectChange node="0>0|2|0|2|2|0|2" visibilityActive="true"/>
        </design4Configuration>
    </design4Configurations>
    <design5Configurations title="Water Tank"><!--Water Tank-->
        <design5Configuration name="No">
            <objectChange node="0>0|10|0" visibilityActive="false"/>
        </design5Configuration>
        <design5Configuration name="Yes">
            <objectChange node="0>0|10|0" visibilityActive="true"/>
        </design5Configuration>
    </design5Configurations>
    <wheels>
        <wheelConfigurations>			
			<wheelConfiguration name="$l10n_configuration_valueDefault" price="0" brand="MITAS">
                <wheels>
                    <wheel filename="Wheels/Wheel.xml" isLeft="true" hasTireTracks="true" hasParticles="true" brand="TRELLEBORG">
                        <physics tipOcclusionAreaGroupId="1" restLoad="0.49" repr="0>0|1|0" forcePointRatio="0.5" radius="0.44" initialCompression="17" suspTravel="0.13" spring="50" damper="50"/>
                    </wheel>
                    <wheel filename="Wheels/Wheel.xml" isLeft="false" hasTireTracks="true" hasParticles="true">
                        <physics tipOcclusionAreaGroupId="1" restLoad="0.49" repr="0>0|1|1" forcePointRatio="0.5" radius="0.44" initialCompression="17" suspTravel="0.13" spring="50" damper="50"/>
                    </wheel>
                </wheels>
            </wheelConfiguration>
	    </wheelConfigurations>
    </wheels>
    <attachable>
        <inputAttacherJoints>
            <inputAttacherJoint node="0>0|0|0" jointType="trailerLow" attacherHeight="0.60"/>
        </inputAttacherJoints>
        <brakeForce force="0.7" maxForce="1.7" maxForceMass="24000"/>
    </attachable>
    <attacherJoints>
        <attacherJoint node="0>0|0|1" jointType="trailerLow" lowerRotLimit="10 62 80" upperRotationOffset="0" allowsJointLimitMovement="false" canTurnOnImplement="false">
            <schema position="1 0" rotation="0" invertX="false"/>
        </attacherJoint>
		<attacherJoint node="0>0|0|2" jointType="trailer" lowerRotLimit="10 62 80" upperRotationOffset="0" allowsJointLimitMovement="false" canTurnOnImplement="false">
            <schema position="1 0" rotation="0" invertX="false"/>
        </attacherJoint>
        <sounds>
            <attach template="ATTACH_01"/>
        </sounds>
    </attacherJoints>
    <connectionHoses>
        <hose inputAttacherJointIndices="1" type="hydraulicIn" node="0>0|0|3" length="1" diameter="0.02">
            <objectChange node="0>0|0|3|0" visibilityActive="false" visibilityInactive="true"/>
        </hose>
        <localHose>
            <hose type="CABLE_BOUNDLE"  node="0>0|7"  length="0.001" diameter="0.02" minCenterPointAngle="50" straighteningFactor="1" isWorldSpaceHose="false" isTwoPointHose="true"/>
            <target attacherJointIndices="1 3 4" type="CABLE_BOUNDLE" node="0>0|3|0|1" straighteningFactor="2"/>
        </localHose>
    </connectionHoses>
    <animations>
        <animation name="tipAnimationBack_bottom">
            <part node="0>0|2|0" startTime="0.8" endTime="12.8" startRot="0 0 0" endRot="-35 0 0"/>
            <part node="0>0|2|0|2|2|0" startTime="0" endTime="1" startRot="0 0 0" endRot="-150 0 0"/>
            <part node="0>0|2|0|1|0|0|0" startTime="0.8" endTime="12.8" startRot="0 0 0" endRot="35 0 0"/>
        </animation>
        <animation name="Left_Door">
            <part node="0>0|2|0|2|0|0" startTime="0" endTime="1" startRot="0 0 0" endRot="0 0 -180"/>
            <sound template="metalOpen" startTime="0.01" direction="1" volumeScale="2.2" />
            <sound template="metalClose" startTime="0" direction="-1" volumeScale="2.2" />
        </animation>
        <animation name="Right_Door">
            <part node="0>0|2|0|2|1|0" startTime="0.0" endTime="1" startRot="0 0 0" endRot="0 0 180"/>
            <sound template="metalOpen" startTime="0.01" direction="1" volumeScale="2.2" />
            <sound template="metalClose" startTime="0" direction="-1" volumeScale="2.2" />
        </animation>
        <animation name="Back_Door">
            <part node="0>0|2|0|2|2|0" startTime="0.0" endTime="1" startRot="0 0 0" endRot="-180 0 0"/>
            <sound template="metalOpen" startTime="0.01" direction="1" volumeScale="2.2" />
            <sound template="metalClose" startTime="0" direction="-1" volumeScale="2.2" />
        </animation>
        <animation name="Bale_Door">
            <part node="0>0|2|0|2|2|0" startTime="0" endTime="0.5" startRot="0 0 0" endRot="-80 0 0"/>
            <sound template="metalOpen" startTime="0.01" direction="1" volumeScale="2.2" />
            <sound template="metalClose" startTime="0" direction="-1" volumeScale="2.2" />
        </animation>
        <animation name="Front_additional">
            <part node="0>0|2|0|2|3|0" startTime="0.01" endTime="0.02" visibility="false" />
            <part node="0>0|2|0|2|3|0" startTime="0" endTime="0.01" visibility="true" />
            <sound template="metalOpen" startTime="0.01" direction="1" volumeScale="2.2" />
            <sound template="metalClose" startTime="0" direction="-1" volumeScale="2.2" />
        </animation>
        <animation name="Back_additional">
            <part node="0>0|2|0|2|3|1" startTime="0.01" endTime="0.02" visibility="false" />
            <part node="0>0|2|0|2|3|1" startTime="0" endTime="0.01" visibility="true" />
            <sound template="metalOpen" startTime="0.01" direction="1" volumeScale="2.2" />
            <sound template="metalClose" startTime="0" direction="-1" volumeScale="2.2" />
        </animation>
        <animation name="Left_additional">
            <part node="0>0|2|0|2|3|2" startTime="0.01" endTime="0.02" visibility="false" />
            <part node="0>0|2|0|2|3|2" startTime="0" endTime="0.01" visibility="true" />
            <sound template="metalOpen" startTime="0.01" direction="1" volumeScale="2.2" />
            <sound template="metalClose" startTime="0" direction="-1" volumeScale="2.2" />
        </animation>
        <animation name="Right_additional">
            <part node="0>0|2|0|2|3|3" startTime="0.01" endTime="0.02" visibility="false" />
            <part node="0>0|2|0|2|3|3" startTime="0" endTime="0.01" visibility="true" />
            <sound template="metalOpen" startTime="0.01" direction="1" volumeScale="2.2" />
            <sound template="metalClose" startTime="0" direction="-1" volumeScale="2.2" />
        </animation>
        <animation name="Left_Two_additional">
            <part node="0>0|2|0|2|4|0|0" startTime="0.01" endTime="0.02" visibility="false" />
            <part node="0>0|2|0|2|4|0|0" startTime="0" endTime="0.01" visibility="true" />
            <sound template="metalOpen" startTime="0.01" direction="1" volumeScale="2.2" />
            <sound template="metalClose" startTime="0" direction="-1" volumeScale="2.2" />
        </animation>
        <animation name="Right_Two_additional">
            <part node="0>0|2|0|2|4|0|1" startTime="0.01" endTime="0.02" visibility="false" />
            <part node="0>0|2|0|2|4|0|1" startTime="0" endTime="0.01" visibility="true" />
            <sound template="metalOpen" startTime="0.01" direction="1" volumeScale="2.2" />
            <sound template="metalClose" startTime="0" direction="-1" volumeScale="2.2" />
        </animation>
        <animation name="Front_Two_additional">
            <part node="0>0|2|0|2|4|0|2" startTime="0.01" endTime="0.02" visibility="false" />
            <part node="0>0|2|0|2|4|0|2" startTime="0" endTime="0.01" visibility="true" />
            <sound template="metalOpen" startTime="0.01" direction="1" volumeScale="2.2" />
            <sound template="metalClose" startTime="0" direction="-1" volumeScale="2.2" />
        </animation>
        <animation name="Back_Two_additional">
            <part node="0>0|2|0|2|4|0|3" startTime="0.01" endTime="0.02" visibility="false" />
            <part node="0>0|2|0|2|4|0|3" startTime="0" endTime="0.01" visibility="true" />
            <sound template="metalOpen" startTime="0.01" direction="1" volumeScale="2.2" />
            <sound template="metalClose" startTime="0" direction="-1" volumeScale="2.2" />
        </animation>
        <animation name="Dayak_Ref">
            <part node="0>0|0|4|0|0|1" startTime="0" endTime="0.5" startRot="0 0 0" endRot="0 -310 0"/>
            <part node="0>0|0|4|0|0|0" startTime="0" endTime="0.5" startTrans="-0.003 -0.39319909 -0.0343699" endTrans="-0.003 -0.20270362 -0.0343699"/>
        </animation>
        <animation name="Dayak_Ref2">
            <part node="0>0|0|4|0|0" startTime="0" endTime="0.1" startTrans="0 0 0" endTrans="0 0.15069479 0.00000005"/>
        </animation>
        <animation name="Branda_Ref1">
            <part node="0>0|2|0|11" startTime="0.01" endTime="0.02" visibility="true" />
            <part node="0>0|2|0|11" startTime="0" endTime="0.01" visibility="false" />
        </animation>
        <animation name="Branda_Ref2">
            <part node="0>0|2|0|12" startTime="0.01" endTime="0.02" visibility="true" />
            <part node="0>0|2|0|12" startTime="0" endTime="0.01" visibility="false" />
        </animation>
    </animations>
    <simpleIC outsideInteractionTrigger="0>0|8|0" > 
        <animation animationName="Left_Door" animationSpeed="1" sharedAnimation="false" soundVolumeIncreasePercentage="0.5" >
            <outsideTrigger triggerPoint="0>0|2|0|2|0|0|3" triggerPointSize="0.04" />
        </animation>
        <animation animationName="Right_Door" animationSpeed="1" sharedAnimation="false" soundVolumeIncreasePercentage="0.5" >
            <outsideTrigger triggerPoint="0>0|2|0|2|1|0|3" triggerPointSize="0.04" />
        </animation>
        <animation animationName="Back_Door" animationSpeed="1" sharedAnimation="false" soundVolumeIncreasePercentage="0.5" >
            <outsideTrigger triggerPoint="0>0|2|0|2|2|0|1" triggerPointSize="0.04" />
        </animation>
        <animation animationName="Front_additional" animationSpeed="0.2" sharedAnimation="false" soundVolumeIncreasePercentage="1">
            <outsideTrigger triggerPoint="0>0|2|0|2|3|0|0" triggerPointSize="0.04" />
        </animation>
        <animation animationName="Back_additional" animationSpeed="0.2" sharedAnimation="false" soundVolumeIncreasePercentage="1">
            <outsideTrigger triggerPoint="0>0|2|0|2|3|1|0" triggerPointSize="0.04" />
        </animation>
        <animation animationName="Left_additional" animationSpeed="0.2" sharedAnimation="false" soundVolumeIncreasePercentage="1">
            <outsideTrigger triggerPoint="0>0|2|0|2|3|2|2" triggerPointSize="0.04" />
        </animation>
        <animation animationName="Right_additional" animationSpeed="0.2" sharedAnimation="false" soundVolumeIncreasePercentage="1">
            <outsideTrigger triggerPoint="0>0|2|0|2|3|3|2" triggerPointSize="0.04" />
        </animation>    
        <animation animationName="Left_Two_additional" animationSpeed="0.2" sharedAnimation="false" soundVolumeIncreasePercentage="1">
            <outsideTrigger triggerPoint="0>0|2|0|2|4|0|0|2" triggerPointSize="0.04" />
        </animation>
        <animation animationName="Right_Two_additional" animationSpeed="0.2" sharedAnimation="false" soundVolumeIncreasePercentage="1">
            <outsideTrigger triggerPoint="0>0|2|0|2|4|0|1|2" triggerPointSize="0.04" />
        </animation>
        <animation animationName="Front_Two_additional" animationSpeed="0.2" sharedAnimation="false" soundVolumeIncreasePercentage="1">
            <outsideTrigger triggerPoint="0>0|2|0|2|4|0|2|0" triggerPointSize="0.04" />
        </animation>
        <animation animationName="Back_Two_additional" animationSpeed="0.2" sharedAnimation="false" soundVolumeIncreasePercentage="1">
            <outsideTrigger triggerPoint="0>0|2|0|2|4|0|3|0" triggerPointSize="0.04" />
        </animation>
        <animation animationName="Dayak_Ref" animationSpeed="0.2" sharedAnimation="false" soundVolumeIncreasePercentage="1">
            <outsideTrigger triggerPoint="0>0|0|4|0|0|1|0" triggerPointSize="0.04" />
        </animation>
        <animation animationName="Dayak_Ref2" animationSpeed="0.2" sharedAnimation="false" soundVolumeIncreasePercentage="1">
            <outsideTrigger triggerPoint="0>0|0|5" triggerPointSize="0.04" />
        </animation>
        <animation animationName="Branda_Ref1" animationSpeed="0.2" sharedAnimation="false" soundVolumeIncreasePercentage="1">
            <outsideTrigger triggerPoint="0>0|2|0|13" triggerPointSize="0.04" />
        </animation>
        <animation animationName="Branda_Ref2" animationSpeed="0.2" sharedAnimation="false" soundVolumeIncreasePercentage="1">
            <outsideTrigger triggerPoint="0>0|2|0|14" triggerPointSize="0.04" />
        </animation>
        <animation animationName="Bale_Door" animationSpeed="0.2" sharedAnimation="false" soundVolumeIncreasePercentage="1">
            <outsideTrigger triggerPoint="0>0|2|0|2|2|0|3" triggerPointSize="0.04" />
        </animation>
    </simpleIC>
    <cylindered>
        <movingTools>
            <movingTool node="0>0|2|0" playSound="true">
                <dependentPart node="0>0|3|0"/>
            </movingTool>
        </movingTools>
        <movingParts>
		    <movingPart node="0>0|3|0" referencePoint="0>0|2|0|4" referenceFrame="0>0|2|0|4" lockAxis="1">
                <translatingPart node="0>0|3|0|0" />
                <translatingPart node="0>0|3|0|0|0" />
                <translatingPart node="0>0|3|0|0|0|0" />
            </movingPart>
        </movingParts>
        <sounds>
            <actionSound template="hydraulicLayerTone" pitchScale="0.5" volumeScale="0.9" linkNode="0>0|3|0" actionNames="TRANSLATING_POS" nodes="0>0|3|0">
                <pitch dropOffFactor="1.1" dropOffTime="0.2" />
            </actionSound>
            <actionSound template="defaultHydraulicSound" pitchScale="0.4" volumeScale="0.8" linkNode="0>0|3|0" actionNames="TRANSLATING_NEG" nodes="0>0|3|0"/>

            <actionSound template="cylinderPunch" pitchScale="0.7" linkNode="0>0|3|0" actionNames="TRANSLATING_END_NEG" nodes="0>0|3|0|0"/>
            <actionSound template="cylinderPunch" pitchScale="0.7" linkNode="0>0|3|0" actionNames="TRANSLATING_END_NEG" nodes="0>0|3|0|0|0"/>
            <actionSound template="cylinderPunch" pitchScale="0.7" linkNode="0>0|3|0" actionNames="TRANSLATING_END_NEG" nodes="0>0|3|0|0|0|0"/>
        </sounds>
    </cylindered>
    <fillUnit>
        <fillUnitConfigurations>
            <fillUnitConfiguration name="Standard" price="0" params="3000">
                <fillUnits>
                    <fillUnit unit="$l10n_unit_literShort" fillTypeCategories="bulk" capacity="5000">
                        <exactFillRootNode node="0>0|2|0|0|1"/>
                        <autoAimTargetNode node="0>0|2|0|0|2" startZ="0.9" endZ="-2.8" invert="false" fillUnitIndex="1" startPercentage="25"/>
                    </fillUnit>
                </fillUnits>
                <objectChange node="0>0|2|0|8" visibilityActive="true"/>
                <objectChange node="0>0|2|0|2|4|0" visibilityActive="false"/>
                <objectChange node="0>0|2|0|9" visibilityActive="false"/>
                <objectChange node="0>0|2|0|10" visibilityActive="false"/>
            </fillUnitConfiguration>
            <fillUnitConfiguration name="Double Addition" price="750" params="3500">
                <fillUnits>
                    <fillUnit unit="$l10n_unit_literShort" fillTypeCategories="bulk" capacity="6000">
                        <exactFillRootNode node="0>0|2|0|0|1"/>
                        <autoAimTargetNode node="0>0|2|0|0|2" startZ="0.9" endZ="-2.8" invert="false" fillUnitIndex="1" startPercentage="25"/>
                    </fillUnit>
                </fillUnits>
                <objectChange node="0>0|2|0|2|4|0" visibilityActive="true"/>
                <objectChange node="0>0|2|0|0|0" visibilityActive="false"/>
                <objectChange node="0>0|2|0|9" visibilityActive="true"/>
                <objectChange node="0>0|2|0|8" visibilityActive="false"/>
                <objectChange node="0>0|2|0|10" visibilityActive="false"/>
            </fillUnitConfiguration>
            <fillUnitConfiguration name="Wooden Addition" price="1000" params="4000">
                <fillUnits>
                    <fillUnit unit="$l10n_unit_literShort" fillTypeCategories="bulk" capacity="6800">
                        <exactFillRootNode node="0>0|2|0|0|1"/>
                        <autoAimTargetNode node="0>0|2|0|0|2" startZ="0.9" endZ="-2.8" invert="false" fillUnitIndex="1" startPercentage="25"/>
                    </fillUnit>
                </fillUnits>
                <objectChange node="0>0|2|0|10" visibilityActive="true"/>
                <objectChange node="0>0|2|0|2|4|0" visibilityActive="false"/>
                <objectChange node="0>0|2|0|0|0" visibilityActive="false"/>
                <objectChange node="0>0|2|0|9" visibilityActive="true"/>
                <objectChange node="0>0|2|0|8" visibilityActive="false"/>
                <objectChange node="0>0|2|0|2|4|0|4" visibilityActive="false"/>
            </fillUnitConfiguration>
        </fillUnitConfigurations>
    </fillUnit>
    <fillVolume>
        <fillVolumeConfigurations>
            <fillVolumeConfiguration>
                <volumes>
                    <volume node="0>0|2|0|0|0" maxDelta="0.23" maxAllowedHeapAngle="18" fillUnitIndex="1"/>
                    <volume node="0>0|2|0|2|4|0|4" maxDelta="0.23" maxAllowedHeapAngle="18" fillUnitIndex="1"/>
                    <volume node="0>0|2|0|10|0" maxDelta="0.23" maxAllowedHeapAngle="18" fillUnitIndex="1"/>
                </volumes>
            </fillVolumeConfiguration>
        </fillVolumeConfigurations>
        <unloadInfos>
            <unloadInfo>
                <node node="0>0|2|0|0|3" width="2" length="1.0"/>
            </unloadInfo>
        </unloadInfos>
    </fillVolume>
    <trailer>
        <trailerConfigurations>
            <trailerConfiguration>
                <trailer>
                    <tipSide name="$l10n_info_tipSideBack" dischargeNodeIndex="1">
                        <animation name="tipAnimationBack_bottom" speedScale="1.0" startTipTime="0.02"/>
                    </tipSide>
                </trailer>
            </trailerConfiguration>
        </trailerConfigurations>
    </trailer>
	<dischargeable>
        <dischargeableConfigurations>
            <dischargeableConfiguration>
                <dischargeNode node="0>0|4|0" emptySpeed="571" fillUnitIndex="1" unloadInfoIndex="1" allowAIDischarge="true">
                    <info width="2" length="1.5" />
                    <effects>
                        <effectNode effectClass="TipEffect">
                            <effectNode effectNode="0>0|2|0|1|0|1|0" effectClass="ParticleEffect" materialType="unloadingParticle" emitCountScale="2"/>
                            <effectNode effectNode="0>0|2|0|1|0|0|0" materialType="unloading" fadeTime="0.5" extraDistanceNode="0>0|4|0" extraDistance="0.6"/>
                        </effectNode>
                        <effectNode effectNode="0>0|2|0|1|0|0|1" materialType="unloadingSmoke" fadeTime="0.5" />
                    </effects>
                </dischargeNode>
            </dischargeableConfiguration>
        </dischargeableConfigurations>
    </dischargeable>
    <baseMaterial>
        <material name="Ece_Mat" baseNode="Ece_Vis">
            <shaderParameter name="colorMat1" value="0.564 0.1 0 6"/>
        </material>
        <material name="Ece_Mat1" baseNode="Ece_Vis">
            <shaderParameter name="colorMat6" value="0.5 0.5 0.5 0"/>
        </material>
        <material name="Ece_Mat2" baseNode="Ece_Vis">
            <shaderParameter name="colorMat7" value="0 0.1 1 0"/>
        </material>
        <material name="Ece_Mat3" baseNode="0>0|10|0">
            <shaderParameter name="colorMat0" value="0.564 0.1 0 6"/>
        </material>
    </baseMaterial>
    <baseMaterialConfigurations title="Govde" price="750" useDefaultColors="true" defaultColorIndex="0">
        <baseMaterialConfiguration name="Original" color="0.564 0.1 0 6"/>
        <material name="Ece_Mat" shaderParameter="colorMat1"/>
        <material name="Ece_Mat3" shaderParameter="colorMat0"/>
    </baseMaterialConfigurations>
    <designMaterialConfigurations title="Serit 1" price="750" useDefaultColors="true" defaultColorIndex="0">
        <designMaterialConfiguration name="Original" color="0.5 0.5 0.5 0"/>
        <material name="Ece_Mat1" shaderParameter="colorMat6" />
    </designMaterialConfigurations>
    <designMaterial2Configurations title="Serit 2" price="750" useDefaultColors="true" defaultColorIndex="0" >
        <designMaterial2Configuration name="Original" color="0 0.1 1 0"/>  
        <material name="Ece_Mat2" shaderParameter="colorMat7"/>
    </designMaterial2Configurations>
    <tensionBelts>
        <tensionBeltsConfigurations>
            <tensionBeltsConfiguration>
                <tensionBelts linkNode="0>0|6" jointNode="0>" width="0.075" maxEdgeLength="0.1" geometryBias="0.01" ratchetPosition="0.2" defaultOffset="0.1" defaultOffsetSide="0.1" defaultHeight="4" activationTrigger="0>0|6|4" >
                    <tensionBelt startNode="0>0|6|0" endNode="0>0|6|0|0"/>
                    <tensionBelt startNode="0>0|6|1" endNode="0>0|6|1|0"/>
                    <tensionBelt startNode="0>0|6|2" endNode="0>0|6|2|0"/>
                    <tensionBelt startNode="0>0|6|3" endNode="0>0|6|3|0" />
                    <sounds>
                        <addBelt template="beltOpen" />
                        <removeBelt template="beltClose" />
                    </sounds>
                </tensionBelts>
            </tensionBeltsConfiguration>
        </tensionBeltsConfigurations>
    </tensionBelts>
    <ai>
        <allowTurnBackward value="false"/>
        <turningRadiusLimitation radius="8"/>
    </ai>
    <foliageBending>
        <bendingNode minX="-1" maxX="1" minZ="-1.6" maxZ="1.6" yOffset="0.6"/>
    </foliageBending>
    <suspensions>
      <suspension node="0>0|5|0" weight="500" minRotation="-90 0 0" maxRotation="90 0 0" suspensionParametersX="7 1" suspensionParametersZ="7 1"/>
      <suspension useCharacterTorso="true" weight="500" minRotation="0 5 5" maxRotation="0 -5 -5" suspensionParametersY="7 1" suspensionParametersZ="7 1" />
    </suspensions>
    <wearable wearDuration="480" workMultiplier="5" fieldMultiplier="2"/>
    <washable dirtDuration="90" washDuration="1" workMultiplier="3" fieldMultiplier="2"/>
    <i3dMappings>
        <i3dMapping id="Ece_main_component" node="0>"/>
        <i3dMapping id="Ece_Vis" node="0>0"/>
    </i3dMappings>
</vehicle>