﻿<?xml version="1.0" encoding="utf-8" standalone="no" ?>
<modDesc descVersion="72">
    <author>Tiny</author>
    <version>1.0.0.0</version>
    <iconFilename>icon_Ece.dds</iconFilename>
    <storeItems>
        <storeItem xmlFilename="Ece.xml"/>
    </storeItems>
    <title>
        <tr>Ece Romork</tr>
        <en>Ece Trailer</en>
		<de>Eces Trailer</de>
    </title>
    <description>
<en><![CDATA[Ece Trailer
Base Price: 6825 $

Main Color Options

Capacity:
- 5000 l
- 6000 l
- 6800 l
]]></en>
<de><![CDATA[Eces Trailer
Grundpreis: ab 6825 €

Farbkonfiguration

Fassungsvermögen:
- 5000 l
- 6000 l
- 6800 l
]]></de>
</description>
    <multiplayer supported="true"/>
	<brands>
	<brand name="ECE" title="Ece" image="brand.dds"/>
    </brands>
</modDesc>
