﻿<?xml version="1.0" encoding="utf-8" standalone="no" ?>
<modDesc descVersion="61">
    <author>Gamemaster</author>
    <version>1.0.0.0</version>
	<title>
        <en>8075</en>
    </title>
    <description>
        <en><![CDATA[Price: 40760$
Max. working speed: 15 kmh
Required power: 105 hp
width: 2.5 m
]]></en>
    </description>
    <iconFilename>GameMasTer/icon.png</iconFilename>
	<multiplayer supported="true" />
	<brands>
        <brand name="Tumosan" title="Tumosan" image="GameMasTer/Brand.dds"/>
    </brands>
	
    <storeItems>
        <storeItem xmlFilename="Tumosan8085.xml"/>
    </storeItems>
</modDesc>
