﻿<?xml version="1.0" encoding="utf-8" standalone="no" ?>
<prefabDesc descVersion="1">
    <author>Swedish Bonna Team</author>
    <version>1.0.0.0</version>
	
	<title>
        <en>LED Lightbars 22 And 52</en>
        <de>LED-Lichtleiste 22 Und 52</de>
        <fr>Barre Lumineuse LED 22 Et 52</fr>
    </title>
	
	<description>
        <en><![CDATA[LED auxiliary lighting improves driving pleasure.
Improved remote lighting on dark rural and gravel roads - there is no problem for these Lightbars.]]></en>
        <de><![CDATA[LED-Zusatzbeleuchtung verbessert den Fahrspaß.
Verbesserte Fernbeleuchtung auf dunklen Land- und Schotterstraßen - für diese Lichtleisten gibt es kein Problem.]]></de>
        <fr><![CDATA[L'éclairage auxiliaire LED améliore le plaisir de conduire.
Amélioration de l'éclairage à distance sur les routes rurales et graveleuses sombres - il n'y a pas de problème pour ces Lightbars.]]></fr>
    </description>
	
	<categories>
        <category>others</category>
    </categories>
	
	<iconFilename>icon.dds</iconFilename>
	
	<prefabs>
		<prefab name="LED Lightbars 22 And 52" i3dFilename="LED_lightramp_22_52.i3d" />
    </prefabs>
</prefabDesc>
