<?xml version="1.0" encoding="utf-8" standalone="no" ?>
<wheel xmlns:xsi="http://www.w3.org/2001/XMLSchema-instance" xsi:noNamespaceSchemaLocation="../../../../../../shared/xml/schema/wheel.xsd">
    <brand>MITAS</brand>
    <name>SFT</name>
    <default>
        <physics radius="0.86" width="0.65" mass="0.254" tireType="mud" frictionScale="1.60" maxLongStiffness="8" maxLatStiffness="100" maxLatStiffnessLoad="2" />
        <tire filename="$data/shared/wheels/tires/mitas/SFT/R34_SFT.i3d" nodeLeft="1|0" nodeRight="1|0" maxDeformation="0.086" sideDeformOffset="0.953" isCareWheel="false" tireTrackAtlasIndex="0" />
        <outerRim filename="wheels/rim001_1.i3d" node="0|0" widthAndDiam="18 34" />
        <innerRim filename="wheels/rim001_1.i3d" nodeLeft="2|0" nodeRight="2|1" widthAndDiam="18 34" />
    </default>
    <configurations>
        <configuration id="dual" >
            <innerRim filename="-" />
        </configuration>
    </configurations>
</wheel>
