<?xml version="1.0" encoding="utf-8" standalone="no" ?>
<wheel>
    <default>
        <physics radius="0.772" width="0.46" mass="0.192" tireType="mud" frictionScale="1.60" maxLongStiffness="81" maxLatStiffness="900" maxLatStiffnessLoad="81" />
        <tire filename="$data/shared/wheels/tires/michelin/agriBib2/R30_agriBib2.i3d" nodeLeft="2|0" nodeRight="2|0" maxDeformation="0.068" isCareWheel="false" tireTrackAtlasIndex="0" />
    </default>
    <configurations>
        <configuration id="dual" >
            <innerRim filename="-" nodeLeft="-" nodeRight="-" widthAndDiam="-" />
        </configuration>
    </configurations>
</wheel>
