﻿<?xml version="1.0" encoding="utf-8" standalone="no" ?>
<modDesc descVersion="61">
    <author>FS Miner</author>
    <version>1.0.0.0</version>
    <title>
        <en>Assets Review</en>
    </title>
    <description>
        <en>My Mod Description</en>
    </description>
    <iconFilename>icon.dds</iconFilename>
    <storeItems>
        <storeItem xmlFilename="review.xml"/>
    </storeItems>
	
	<extraSourceFiles>
		<sourceFile filename="scripts/categorizer.lua" />
	</extraSourceFiles>

 <newcategory name="FSMinersCreations" title="FS Miner's Creations" type="VEHICLE" img="fs_m_sq.dds" />
 
   <brands>
             <brand name="FSMCR" title="FSMCR" image="brand_FSMCR.dds"/>
       </brands>
</modDesc>
