﻿<?xml version="1.0" encoding="utf-8" standalone="no" ?>
<vehicle type="implement" xmlns:xsi="http://www.w3.org/2001/XMLSchema-instance" xsi:noNamespaceSchemaLocation="../../../../shared/xml/schema/vehicle.xsd">
    <annotation>Copyright (C) GIANTS Software GmbH, All Rights Reserved.</annotation>
    <storeData>
        <name>
            <en>Assets Review</en></name>
        <functions>
            <function>$l10n_function_weight</function>
        </functions>
        <storePacks>
            <storePack>STARTER_GRAINS</storePack>
        </storePacks>
        <rotation>0</rotation>
        <image>store.dds</image>
        <price>650</price>
        <lifetime>600</lifetime>
       <brand>FSMCR</brand>
         <category>FSMinersCreations</category> 
        <shopTranslationOffset>0 0 0</shopTranslationOffset>
        <vertexBufferMemoryUsage>98304</vertexBufferMemoryUsage>
        <indexBufferMemoryUsage>18944</indexBufferMemoryUsage>
        <textureMemoryUsage>1441792</textureMemoryUsage>
        <instanceVertexBufferMemoryUsage>0</instanceVertexBufferMemoryUsage>
        <instanceIndexBufferMemoryUsage>0</instanceIndexBufferMemoryUsage>
        <audioMemoryUsage>0</audioMemoryUsage>
    </storeData>
    <base>
        <typeDesc>$l10n_typeDesc_weight</typeDesc>
        <filename>review.i3d</filename>
        <size width="5" length="5"/>
        <components>
            <component centerOfMass="0 0.1 0" solverIterationCount="10" mass="20"/>
        </components>
        <schemaOverlay attacherJointPosition="0 0" name="IMPLEMENT"/>
    </base>
   <!--  <attacherJoints>
        <attacherJoint node="trailerAttacherJoint" jointType="trailer" lowerRotLimit="25 75 75" allowsJointLimitMovement="false">
            <schema position="1 0" rotation="0" invertX="false"/>
        </attacherJoint>
        <sounds>
            <attach template="ATTACH_01" linkNode="0>"/>
        </sounds>
    </attacherJoints>
    <attachable>
        <inputAttacherJoints>
            <inputAttacherJoint node="attacherJoint" jointType="implement" topReferenceNode="topReferenceNode" lowerRotLimitScale="0 0 0" upperRotationOffset="1" lowerRotationOffset="0" needsLowering="false">
                <distanceToGround lower="0.3" upper="0.9"/>
            </inputAttacherJoint>
        </inputAttacherJoints>
    </attachable>
    <ai>
        <agentAttachment width="0.8" height="1.0" length="0.6" lengthOffset="0"/>
    </ai> -->
    <foliageBending>
        <bendingNode minX="-0.42" maxX="0.42" minZ="-0.4" maxZ="0.3" yOffset="0.1"/>
    </foliageBending>
    <wearable wearDuration="480" workMultiplier="5" fieldMultiplier="2"/>
    <washable dirtDuration="90" washDuration="1" workMultiplier="2" fieldMultiplier="2"/>
    <i3dMappings>
        <i3dMapping id="weight600_main_component1" node="0>"/>
        <i3dMapping id="weight600_vis" node="0>0"/><!-- 
        <i3dMapping id="attacherJoint" node="0>0|0|0"/>
        <i3dMapping id="topReferenceNode" node="0>0|0|1"/>
        <i3dMapping id="trailerAttacherJoint" node="0>0|0|2"/> -->
    </i3dMappings>
</vehicle>
