﻿<?xml version="1.0" encoding="utf-8" standalone="no" ?>
<modDesc descVersion="72">

  <author>ViperGTS96</author>
  <version>1.5.0.1</version>

  <title>
    <en>3rd Person</en>
    <de>Dritte Person</de>
    <fr>Troisième Personne</fr>
    <es>Tercera Persona</es>
    <it>Terza Persona</it>
    <cz>Třetí Osoba</cz>
    <pl>Trzecia Osoba</pl>
  </title>

  <description>
<en><![CDATA[Default player camera is set to a new 3rd Person Camera!
- Change between "third person" and "first person".
- Zoom in/out with the mouse wheel.
- Additional settings can be found in the "modSettings" folder.
- Models & Animations are already in the game.

Change Log v1.5.0.0:
- Dedicated Server (Multiplayer) rotation issues fixed.
- Fixed FS22 v1.4 issue

Change Log v1.5.0.1:
- Fixed FS22 v1.8 issue - but starting camera is first person now.]]></en>

<de><![CDATA[Die Standard-Spielerkamera ist auf eine neue 3rd-Person-Kamera eingestellt!
- Wechseln Sie zwischen "Dritter Person" und "Erster Person".
- Vergrößern/Verkleinern mit dem Mausrad.
- Zusätzliche Einstellungen können im "modSettings" Ordner gefunden werden.
- Modelle und Animationen sind bereits im Spiel enthalten.

Changelog 1.5.0.0:
- Probleme mit der Rotation des dedizierten Servers (Multiplayer) behoben.
- Problem mit LS22 v1.4 behoben

Changelog v1.5.0.1:
- LS22 v1.8-Patch Problem behoben - die Startkamera ist jetzt in der ersten Person.]]></de>

<fr><![CDATA[La caméra par défaut du joueur est réglée sur une nouvelle caméra à la troisième personne !
- Changer entre "troisième personne" et "première personne".
- Zoom avant/arrière avec la molette de la souris.
- Des paramètres supplémentaires se trouvent dans le dossier "modSettings".
- Modèles et Animations sont déjà dans le jeu.

Journal des modifications v1.5.0.0:
- Réparation des problèmes de rotation du serveur dédié (Multiplayer).
- Réparation du problème de FS22 v1.4

Journal des modifications v1.5.0.1:
- Réparation du problème de FS22 v1.8 - mais la caméra de départ est maintenant à la première personne.]]></fr>

<es><![CDATA[La cámara del jugador por defecto se ajusta a una nueva cámara en tercera persona.
-Cambiar entre "tercera persona" y "primera persona".
-Ampliar/alejar el zoom con la rueda del ratón.
-Se pueden encontrar ajustes adicionales en la carpeta "modSettings".
-Los modelos y animaciones ya están en el juego.

Registro de cambios v1.5.0.0:
-Corregidos los problemas de rotación del servidor dedicado (multijugador).
-Se ha corregido el problema de FS22 v1.4

Registro de cambios v1.5.0.1:
-Se ha corregido el problema de FS22 v1.8 - pero la cámara de inicio es primera persona ahora.]]></es>

<it><![CDATA[La telecamera predefinita del giocatore è impostata su una nuova telecamera in terza persona!
-Cambia tra "terza persona" e "prima persona".
-Zoom in/out con la rotella del mouse.
-Altre impostazioni si trovano nella cartella "modSettings".
-I modelli e le animazioni sono già presenti nel gioco.

Registro delle modifiche v1.5.0.0:
-Risolti i problemi di rotazione del server dedicato (Multiplayer).
-Corretto il problema di FS22 v1.4

Registro delle modifiche v1.5.0.1:
-Corretto il problema di FS22 v1.8: la telecamera di partenza è in prima persona.]]></it>

<cz><![CDATA[Výchozí kamera hráče je nastavena na novou kameru 3. osoby!
-Přepínání mezi "třetí osobou" a "první osobou".
-Přibližování a oddalování pomocí kolečka myši.
-Další nastavení najdete ve složce "modSettings".
-Modely a animace jsou již ve hře.

Protokol změn v1.5.0.0:
-Oprava problémů s rotací vyhrazeného serveru (pro více hráčů).
-Opraven problém s FS22 v1.4

Protokol změn v1.5.0.1:
-Opraven problém s FS22 v1.8 - ale spouštěcí kamera je nyní z první osoby.]]></cz>

 <pl><![CDATA[Domyślna kamera gracza jest ustawiona na nową kamerę 3-osobową!
-Zmiana pomiędzy "trzecią osobą" a "pierwszą osobą".
-Zoom in/out za pomocą kółka myszy.
-Dodatkowe ustawienia można znaleźć w folderze "modSettings".
-Modele i animacje są już w grze.

Dziennik zmian v1.5.0.0:
-Naprawiono problemy z rotacją serwera dedykowanego (wieloosobowego).
-Poprawiono problemy z FS22 v1.4

Change Log v1.5.0.1:
-Poprawiono problemy z FS22 v1.8 - poprawka - ale kamera startowa jest teraz z pierwszej osoby.]]></pl>
  </description>

  <iconFilename>icon.dds</iconFilename>
  <multiplayer supported="true"/>

  <extraSourceFiles>
    <sourceFile filename="thirdPerson.lua"/>
  </extraSourceFiles>

  <l10n>
    <text name="input_PLAYERCAMERA">
      <en>NotUsed</en>
    </text>
  </l10n>

  <actions>
    <action name="PLAYERCAMERA" category="VEHICLE" axisType="HALF"/>
  </actions>

  <inputBinding>
    <actionBinding action="PLAYERCAMERA">
      <binding device="KB_MOUSE_DEFAULT" input="KEY_c" axisComponent="+" neutralInput="0" index="1"/>
    </actionBinding>
  </inputBinding>

</modDesc>