﻿<?xml version="1.0" encoding="utf-8" standalone="no" ?>
<modDesc descVersion="61">
    <author>KayaMods</author>
    <version>1.0.0.0</version>
    <title>
        <en>New Holland TDD PLUS</en>
    </title>
    <description>
        <en>NEW HOLLAND TDD PLUS</en>
    </description>
    <iconFilename>icon.png</iconFilename>
	 <multiplayer supported="true"/>	
    <storeItems>
        <storeItem xmlFilename="TDD.xml"/>
    </storeItems>
	<brands>
        <brand name="R30" title="R30" image="Texture/R30.dds"/>
        <brand name="R34" title="R34" image="Texture/R34.dds"/>
        <brand name="R38" title="R38" image="Texture/R38.dds"/>
    </brands>	
</modDesc>
