﻿<?xml version="1.0" encoding="utf-8" standalone="no" ?>
<vehicle type="tractor" xmlns:xsi="http://www.w3.org/2001/XMLSchema-instance" xsi:noNamespaceSchemaLocation="../../../../shared/xml/schema/vehicle.xsd">
    <annotation>Copyright (C) GIANTS Software GmbH, All Rights Reserved.</annotation>
    <storeData>
        <name>
            <en>NH TDD PLUS</en></name>
        <specs>
            <power>85</power>
            <maxSpeed>40</maxSpeed>
        </specs>
        <functions>
            <function>$l10n_function_tractor</function>
            <function>$l10n_function_tractorFrontloader</function>
        </functions>
        <image>store_TDD.dds</image>
        <price>20500</price>
        <lifetime>600</lifetime>
        <rotation>0</rotation>
        <brand>NEWHOLLAND</brand>
        <category>tractorsS</category>
        <shopTranslationOffset>0 -0.047 0</shopTranslationOffset>
        <shopRotationOffset>-0.397 0 0</shopRotationOffset>
        <vertexBufferMemoryUsage>5817088</vertexBufferMemoryUsage>
        <indexBufferMemoryUsage>1481472</indexBufferMemoryUsage>
        <textureMemoryUsage>5963776</textureMemoryUsage>
        <instanceVertexBufferMemoryUsage>0</instanceVertexBufferMemoryUsage>
        <instanceIndexBufferMemoryUsage>0</instanceIndexBufferMemoryUsage>
        <audioMemoryUsage>349743</audioMemoryUsage>
    </storeData>
    <base>
        <typeDesc>$l10n_typeDesc_tractor</typeDesc>
        <filename>TDD.i3d</filename>
        <sounds filename="sounds/tdd.xml"/>
        <size width="3.2" length="5" height="3" lengthOffset="0.1"/>
        <components>
            <component centerOfMass="0 0.95 -0.55" solverIterationCount="20" mass="1670"/>
            <component centerOfMass="0 0 0" solverIterationCount="25" mass="1500"/>
            <joint component1="1" component2="2" node="axisJoint" rotLimit="0 0 15" rotLimitSpring="0 0 4000" rotLimitDamping="0 0 20" maxRotDriveForce="0 0 8" rotDriveRotation="0 0 0.4" rotDriveSpring="0 0 4" rotDriveDamping="0 0 8" breakable="false"/>			
        </components>
        <schemaOverlay attacherJointPosition="0 0" name="VEHICLE"/>
        <mapHotspot type="TRACTOR"/>
    </base>
    <wheels>
        <wheelConfigurations>
		
			<wheelConfiguration name="Small" price="500" brand="R30">
                <wheels autoRotateBackSpeed="1.7" differentialIndex="1" ackermannSteeringIndex="1">
                    <wheel filename="wheels/320_85R24.xml" isLeft="true" hasTireTracks="true" hasParticles="true">
                        <physics rotSpeed="1" restLoad="1.1" repr="axisFrontLeft"  driveNode="wheelFrontLeft"  forcePointRatio="0.45" initialCompression="25" suspTravel="0.11" spring="60" damper="50" yOffset="0.03"/>
                        <fender node="fenderLeft" rotMax="15"/>
                        <steering node="" nodeMinTransX="0.11" nodeMaxTransX="-0.11"/>
                    </wheel>
                    <wheel filename="wheels/320_85R24.xml" isLeft="false" hasTireTracks="true" hasParticles="true">
                        <physics rotSpeed="1" restLoad="1.1" repr="axisFrontRight" driveNode="wheelFrontRight" forcePointRatio="0.45" initialCompression="25" suspTravel="0.11" spring="60" damper="50" yOffset="0.03"/>            
                        <fender node="fenderRight" rotMin="-15"/>
                    </wheel>
                    <wheel filename="wheels/460_85R30.xml" isLeft="true" hasTireTracks="true" hasParticles="true">
                        <physics rotSpeed="0" restLoad="1.0" repr="wheelBackLeft" configId="weight1" forcePointRatio="0.5" initialCompression="20" suspTravel="0.2" spring="60" damper="60"/>
                    </wheel>
                    <wheel filename="wheels/460_85R30.xml" isLeft="false" hasTireTracks="true" hasParticles="true">
                        <physics rotSpeed="0" restLoad="1.0" repr="wheelBackRight" configId="weight1" forcePointRatio="0.5" initialCompression="20" suspTravel="0.2" spring="60" damper="60"/>
                    </wheel>
                </wheels>
				<objectChange node="0>0|0|0|1" visibilityActive="false"/>
				<objectChange node="0>0|0|0|0" visibilityActive="false"/>
				<objectChange node="0>0|0|1|1" visibilityActive="false"/>
				<objectChange node="0>0|0|1|0" visibilityActive="false"/>
				<objectChange node="1>0|0|0|0|0|0" visibilityActive="false"/>
				<objectChange node="1>0|0|0|0|0|1" visibilityActive="false"/>
				<objectChange node="1>0|1|0|0|0|0" visibilityActive="false"/>
				<objectChange node="1>0|1|0|0|0|1" visibilityActive="false"/>
				<objectChange node="1>0|0|0|0|0|2" visibilityActive="false"/>
				<objectChange node="1>0|1|0|0|0|2" visibilityActive="false"/>
				<objectChange node="0>0|0|0|2" visibilityActive="false"/>
				<objectChange node="0>0|0|1|2" visibilityActive="false"/>				
			    <objectChange node="1>0|0|0|0|0|3" visibilityActive="true"/>
				<objectChange node="1>0|1|0|0|0|3" visibilityActive="true"/>
				<objectChange node="0>0|0|0|3" visibilityActive="true"/>
				<objectChange node="0>0|0|1|3" visibilityActive="true"/>
                <foliageBendingModifier index="1" minX="-1.1" maxX="1.1"/>
                <foliageBendingModifier index="2" minX="-1.1" maxX="1.1"/>
            </wheelConfiguration>
			
			<wheelConfiguration name="Small" price="500" brand="R30">
                <wheels autoRotateBackSpeed="1.7" differentialIndex="1" ackermannSteeringIndex="1">
                    <wheel filename="wheels/320_85R24continaltel.xml" isLeft="true" hasTireTracks="true" hasParticles="true">
                        <physics rotSpeed="1" restLoad="1.1" repr="axisFrontLeft"  driveNode="wheelFrontLeft"  forcePointRatio="0.45" initialCompression="25" suspTravel="0.11" spring="60" damper="50" yOffset="0.03"/>
                        <fender node="fenderLeft" rotMax="15"/>
                        <steering node="" nodeMinTransX="0.11" nodeMaxTransX="-0.11"/>
                    </wheel>
                    <wheel filename="wheels/320_85R24continaltel.xml" isLeft="false" hasTireTracks="true" hasParticles="true">
                        <physics rotSpeed="1" restLoad="1.1" repr="axisFrontRight" driveNode="wheelFrontRight" forcePointRatio="0.45" initialCompression="25" suspTravel="0.11" spring="60" damper="50" yOffset="0.03"/>            
                        <fender node="fenderRight" rotMin="-15"/>
                    </wheel>
                    <wheel filename="wheels/460_85R30continaltel.xml" isLeft="true" hasTireTracks="true" hasParticles="true">
                        <physics rotSpeed="0" restLoad="1.0" repr="wheelBackLeft" configId="weight1" forcePointRatio="0.5" initialCompression="20" suspTravel="0.2" spring="60" damper="60"/>
                    </wheel>
                    <wheel filename="wheels/460_85R30continaltel.xml" isLeft="false" hasTireTracks="true" hasParticles="true">
                        <physics rotSpeed="0" restLoad="1.0" repr="wheelBackRight" configId="weight1" forcePointRatio="0.5" initialCompression="20" suspTravel="0.2" spring="60" damper="60"/>
                    </wheel>
                </wheels>
				<objectChange node="0>0|0|0|1" visibilityActive="false"/>
				<objectChange node="0>0|0|0|0" visibilityActive="false"/>
				<objectChange node="0>0|0|1|1" visibilityActive="false"/>
				<objectChange node="0>0|0|1|0" visibilityActive="false"/>
				<objectChange node="1>0|0|0|0|0|0" visibilityActive="false"/>
				<objectChange node="1>0|0|0|0|0|1" visibilityActive="false"/>
				<objectChange node="1>0|1|0|0|0|0" visibilityActive="false"/>
				<objectChange node="1>0|1|0|0|0|1" visibilityActive="false"/>
				<objectChange node="1>0|0|0|0|0|2" visibilityActive="false"/>
				<objectChange node="1>0|1|0|0|0|2" visibilityActive="false"/>
				<objectChange node="0>0|0|0|2" visibilityActive="false"/>
				<objectChange node="0>0|0|1|2" visibilityActive="false"/>				
			    <objectChange node="1>0|0|0|0|0|3" visibilityActive="true"/>
				<objectChange node="1>0|1|0|0|0|3" visibilityActive="true"/>
				<objectChange node="0>0|0|0|3" visibilityActive="true"/>
				<objectChange node="0>0|0|1|3" visibilityActive="true"/>
                <objectChange node="0>0|0|0|3"     scaleActive="1.1 0.9 0.9"/>
                <objectChange node="0>0|0|1|3"     scaleActive="1.1 0.9 0.9"/>					
                <foliageBendingModifier index="1" minX="-1.1" maxX="1.1"/>
                <foliageBendingModifier index="2" minX="-1.1" maxX="1.1"/>			
            </wheelConfiguration>

			<wheelConfiguration name="Small" price="500" brand="R30">
                <wheels autoRotateBackSpeed="1.7" differentialIndex="1" ackermannSteeringIndex="1">
                    <wheel filename="wheels/320_85R24vredestein.xml" isLeft="true" hasTireTracks="true" hasParticles="true">
                        <physics rotSpeed="1" restLoad="1.1" repr="axisFrontLeft"  driveNode="wheelFrontLeft"  forcePointRatio="0.45" initialCompression="25" suspTravel="0.11" spring="60" damper="50" yOffset="0.03"/>
                        <fender node="fenderLeft" rotMax="15"/>
                        <steering node="" nodeMinTransX="0.11" nodeMaxTransX="-0.11"/>
                    </wheel>
                    <wheel filename="wheels/320_85R24vredestein.xml" isLeft="false" hasTireTracks="true" hasParticles="true">
                        <physics rotSpeed="1" restLoad="1.1" repr="axisFrontRight" driveNode="wheelFrontRight" forcePointRatio="0.45" initialCompression="25" suspTravel="0.11" spring="60" damper="50" yOffset="0.03"/>            
                        <fender node="fenderRight" rotMin="-15"/>
                    </wheel>
                    <wheel filename="wheels/460_85R30vredestein.xml" isLeft="true" hasTireTracks="true" hasParticles="true">
                        <physics rotSpeed="0" restLoad="1.0" repr="wheelBackLeft" configId="weight1" forcePointRatio="0.5" initialCompression="20" suspTravel="0.2" spring="60" damper="60"/>
                    </wheel>
                    <wheel filename="wheels/460_85R30vredestein.xml" isLeft="false" hasTireTracks="true" hasParticles="true">
                        <physics rotSpeed="0" restLoad="1.0" repr="wheelBackRight" configId="weight1" forcePointRatio="0.5" initialCompression="20" suspTravel="0.2" spring="60" damper="60"/>
                    </wheel>
                </wheels>
				<objectChange node="0>0|0|0|1" visibilityActive="false"/>
				<objectChange node="0>0|0|0|0" visibilityActive="false"/>
				<objectChange node="0>0|0|1|1" visibilityActive="false"/>
				<objectChange node="0>0|0|1|0" visibilityActive="false"/>
				<objectChange node="1>0|0|0|0|0|0" visibilityActive="false"/>
				<objectChange node="1>0|0|0|0|0|1" visibilityActive="false"/>
				<objectChange node="1>0|1|0|0|0|0" visibilityActive="false"/>
				<objectChange node="1>0|1|0|0|0|1" visibilityActive="false"/>
				<objectChange node="1>0|0|0|0|0|2" visibilityActive="false"/>
				<objectChange node="1>0|1|0|0|0|2" visibilityActive="false"/>
				<objectChange node="0>0|0|0|2" visibilityActive="false"/>
				<objectChange node="0>0|0|1|2" visibilityActive="false"/>				
			    <objectChange node="1>0|0|0|0|0|3" visibilityActive="true"/>
				<objectChange node="1>0|1|0|0|0|3" visibilityActive="true"/>
				<objectChange node="0>0|0|0|3" visibilityActive="true"/>
				<objectChange node="0>0|0|1|3" visibilityActive="true"/>
                <objectChange node="0>0|0|0|3"     scaleActive="1.07 0.9 0.9"/>
                <objectChange node="0>0|0|1|3"     scaleActive="1.07 0.9 0.9"/>					
                <foliageBendingModifier index="1" minX="-1.1" maxX="1.1"/>
                <foliageBendingModifier index="2" minX="-1.1" maxX="1.1"/>
            </wheelConfiguration>			
			
           <wheelConfiguration name="Big" price="1000" brand="R34">
                <wheels autoRotateBackSpeed="1.7" differentialIndex="1" ackermannSteeringIndex="1">
                    <wheel filename="wheels/340_85R24.xml" isLeft="true" hasTireTracks="true" hasParticles="true">
                        <physics rotSpeed="1" restLoad="1.1" repr="axisFrontLeft"  driveNode="wheelFrontLeft"  forcePointRatio="0.45" initialCompression="25" suspTravel="0.11" spring="60" damper="50" yOffset="0.03"/>
                        <fender node="fenderLeft" rotMax="15"/>
                        <steering node="" nodeMinTransX="0.11" nodeMaxTransX="-0.11"/>
                    </wheel>
                    <wheel filename="wheels/340_85R24.xml" isLeft="false" hasTireTracks="true" hasParticles="true">
                        <physics rotSpeed="1" restLoad="1.1" repr="axisFrontRight" driveNode="wheelFrontRight" forcePointRatio="0.45" initialCompression="25" suspTravel="0.11" spring="60" damper="50" yOffset="0.03"/>            
                        <fender node="fenderRight" rotMin="-15"/>
                    </wheel>
                    <wheel filename="wheels/420_85R34.xml"  isLeft="true" hasTireTracks="true" hasParticles="true">
                        <physics rotSpeed="0" restLoad="1.0" repr="wheelBackLeft" configId="weight1" forcePointRatio="0.5" initialCompression="20" suspTravel="0.2" spring="60" damper="60"/>
                    </wheel>
                    <wheel filename="wheels/420_85R34.xml" isLeft="false" hasTireTracks="true" hasParticles="true">
                        <physics rotSpeed="0" restLoad="1.0" repr="wheelBackRight" configId="weight1" forcePointRatio="0.5" initialCompression="20" suspTravel="0.2" spring="60" damper="60"/>
                    </wheel>
                </wheels>
				<objectChange node="0>0|0|0|1" visibilityActive="true"/>
				<objectChange node="0>0|0|0|0" visibilityActive="false"/>
				<objectChange node="0>0|0|1|1" visibilityActive="true"/>
				<objectChange node="0>0|0|1|0" visibilityActive="false"/>				
				<objectChange node="1>0|0|0|0|0|0" visibilityActive="true"/>
				<objectChange node="1>0|0|0|0|0|1" visibilityActive="false"/>
				<objectChange node="1>0|1|0|0|0|0" visibilityActive="true"/>
				<objectChange node="1>0|1|0|0|0|1" visibilityActive="false"/>
				<objectChange node="1>0|0|0|0|0|2" visibilityActive="false"/>
				<objectChange node="1>0|1|0|0|0|2" visibilityActive="false"/>
				<objectChange node="0>0|0|0|2" visibilityActive="false"/>
				<objectChange node="0>0|0|1|2" visibilityActive="false"/>
				<objectChange node="1>0|0|0|0|0|3" visibilityActive="false"/>
				<objectChange node="1>0|1|0|0|0|3" visibilityActive="false"/>
				<objectChange node="0>0|0|0|3" visibilityActive="false"/>
				<objectChange node="0>0|0|1|3" visibilityActive="false"/>
                <foliageBendingModifier index="1" minX="-1.1" maxX="1.1"/>
                <foliageBendingModifier index="2" minX="-1.1" maxX="1.1"/>
            </wheelConfiguration>
           <wheelConfiguration name="Big" price="1000" brand="R34">
                <wheels autoRotateBackSpeed="1.7" differentialIndex="1" ackermannSteeringIndex="1">
                    <wheel filename="wheels/340_85R24continaltel.xml" isLeft="true" hasTireTracks="true" hasParticles="true">
                        <physics rotSpeed="1" restLoad="1.1" repr="axisFrontLeft"  driveNode="wheelFrontLeft"  forcePointRatio="0.45" initialCompression="25" suspTravel="0.11" spring="60" damper="50" yOffset="0.03"/>
                        <fender node="fenderLeft" rotMax="15"/>
                        <steering node="" nodeMinTransX="0.11" nodeMaxTransX="-0.11"/>
                    </wheel>
                    <wheel filename="wheels/340_85R24continaltel.xml" isLeft="false" hasTireTracks="true" hasParticles="true">
                        <physics rotSpeed="1" restLoad="1.1" repr="axisFrontRight" driveNode="wheelFrontRight" forcePointRatio="0.45" initialCompression="25" suspTravel="0.11" spring="60" damper="50" yOffset="0.03"/>            
                        <fender node="fenderRight" rotMin="-15"/>
                    </wheel>
                    <wheel filename="wheels/420_85R34continaltel.xml" isLeft="true" hasTireTracks="true" hasParticles="true">
                        <physics rotSpeed="0" restLoad="1.0" repr="wheelBackLeft" configId="weight1" forcePointRatio="0.5" initialCompression="20" suspTravel="0.2" spring="60" damper="60"/>
                    </wheel>
                    <wheel filename="wheels/420_85R34continaltel.xml"  isLeft="false" hasTireTracks="true" hasParticles="true">
                        <physics rotSpeed="0" restLoad="1.0" repr="wheelBackRight" configId="weight1" forcePointRatio="0.5" initialCompression="20" suspTravel="0.2" spring="60" damper="60"/>
                    </wheel>
                </wheels>
				<objectChange node="0>0|0|0|1" visibilityActive="true"/>
				<objectChange node="0>0|0|0|0" visibilityActive="false"/>
				<objectChange node="0>0|0|1|1" visibilityActive="true"/>
				<objectChange node="0>0|0|1|0" visibilityActive="false"/>				
				<objectChange node="1>0|0|0|0|0|0" visibilityActive="true"/>
				<objectChange node="1>0|0|0|0|0|1" visibilityActive="false"/>
				<objectChange node="1>0|1|0|0|0|0" visibilityActive="true"/>
				<objectChange node="1>0|1|0|0|0|1" visibilityActive="false"/>
				<objectChange node="1>0|0|0|0|0|2" visibilityActive="false"/>
				<objectChange node="1>0|1|0|0|0|2" visibilityActive="false"/>
				<objectChange node="0>0|0|0|2" visibilityActive="false"/>
				<objectChange node="0>0|0|1|2" visibilityActive="false"/>
				<objectChange node="1>0|0|0|0|0|3" visibilityActive="false"/>
				<objectChange node="1>0|1|0|0|0|3" visibilityActive="false"/>
				<objectChange node="0>0|0|0|3" visibilityActive="false"/>
				<objectChange node="0>0|0|1|3" visibilityActive="false"/>
                <objectChange node="0>0|0|0|1"     scaleActive="0.9 1 1"/>
                <objectChange node="0>0|0|1|1"     scaleActive="0.9 1 1"/>
                <objectChange node="1>0|0|0|0|0|0|0"     scaleActive="0.9 1 1"/>
                <objectChange node="1>0|1|0|0|0|0|0"     scaleActive="0.9 1 1"/>					
                <foliageBendingModifier index="1" minX="-1.1" maxX="1.1"/>
                <foliageBendingModifier index="2" minX="-1.1" maxX="1.1"/>
            </wheelConfiguration>
           <wheelConfiguration name="Big" price="1000" brand="R34">
                <wheels autoRotateBackSpeed="1.7" differentialIndex="1" ackermannSteeringIndex="1">
                    <wheel filename="wheels/340_85R24vredestein.xml" isLeft="true" hasTireTracks="true" hasParticles="true">
                        <physics rotSpeed="1" restLoad="1.1" repr="axisFrontLeft"  driveNode="wheelFrontLeft"  forcePointRatio="0.45" initialCompression="25" suspTravel="0.11" spring="60" damper="50" yOffset="0.03"/>
                        <fender node="fenderLeft" rotMax="15"/>
                        <steering node="" nodeMinTransX="0.11" nodeMaxTransX="-0.11"/>
                    </wheel>
                    <wheel filename="wheels/340_85R24vredestein.xml" isLeft="false" hasTireTracks="true" hasParticles="true">
                        <physics rotSpeed="1" restLoad="1.1" repr="axisFrontRight" driveNode="wheelFrontRight" forcePointRatio="0.45" initialCompression="25" suspTravel="0.11" spring="60" damper="50" yOffset="0.03"/>            
                        <fender node="fenderRight" rotMin="-15"/>
                    </wheel>
                    <wheel filename="wheels/420_85R34vredestein.xml" isLeft="true" hasTireTracks="true" hasParticles="true">
                        <physics rotSpeed="0" restLoad="1.0" repr="wheelBackLeft" configId="weight1" forcePointRatio="0.5" initialCompression="20" suspTravel="0.2" spring="60" damper="60"/>
                    </wheel>
                    <wheel filename="wheels/420_85R34vredestein.xml" isLeft="false" hasTireTracks="true" hasParticles="true">
                        <physics rotSpeed="0" restLoad="1.0" repr="wheelBackRight" configId="weight1" forcePointRatio="0.5" initialCompression="20" suspTravel="0.2" spring="60" damper="60"/>
                    </wheel>
                </wheels>
				<objectChange node="0>0|0|0|1" visibilityActive="true"/>
				<objectChange node="0>0|0|0|0" visibilityActive="false"/>
				<objectChange node="0>0|0|1|1" visibilityActive="true"/>
				<objectChange node="0>0|0|1|0" visibilityActive="false"/>				
				<objectChange node="1>0|0|0|0|0|0" visibilityActive="true"/>
				<objectChange node="1>0|0|0|0|0|1" visibilityActive="false"/>
				<objectChange node="1>0|1|0|0|0|0" visibilityActive="true"/>
				<objectChange node="1>0|1|0|0|0|1" visibilityActive="false"/>
				<objectChange node="1>0|0|0|0|0|2" visibilityActive="false"/>
				<objectChange node="1>0|1|0|0|0|2" visibilityActive="false"/>
				<objectChange node="0>0|0|0|2" visibilityActive="false"/>
				<objectChange node="0>0|0|1|2" visibilityActive="false"/>
				<objectChange node="1>0|0|0|0|0|3" visibilityActive="false"/>
				<objectChange node="1>0|1|0|0|0|3" visibilityActive="false"/>
				<objectChange node="0>0|0|0|3" visibilityActive="false"/>
				<objectChange node="0>0|0|1|3" visibilityActive="false"/>
                <foliageBendingModifier index="1" minX="-1.1" maxX="1.1"/>
                <foliageBendingModifier index="2" minX="-1.1" maxX="1.1"/>
            </wheelConfiguration>			
			 <wheelConfiguration name="Very Big" price="2000" brand="R34">
                <wheels autoRotateBackSpeed="1.7" differentialIndex="1" ackermannSteeringIndex="1">
                    <wheel filename="wheels/380_85R24.xml" isLeft="true" hasTireTracks="true" hasParticles="true">
                        <physics rotSpeed="1" restLoad="1.1" repr="axisFrontLeft"  driveNode="wheelFrontLeft"  forcePointRatio="0.45" initialCompression="25" suspTravel="0.11" spring="60" damper="50" yOffset="0.03"/>
                        <fender node="fenderLeft" rotMax="15"/>
                        <steering node="" nodeMinTransX="0.11" nodeMaxTransX="-0.11"/>
                    </wheel>
                    <wheel filename="wheels/380_85R24.xml" isLeft="false" hasTireTracks="true" hasParticles="true">
                        <physics rotSpeed="1" restLoad="1.1" repr="axisFrontRight" driveNode="wheelFrontRight" forcePointRatio="0.45" initialCompression="25" suspTravel="0.11" spring="60" damper="50" yOffset="0.03"/>            
                        <fender node="fenderRight" rotMin="-15"/>
                    </wheel>
                    <wheel filename="wheels/460_85R34.xml" isLeft="true" hasTireTracks="true" hasParticles="true">
                        <physics rotSpeed="0" restLoad="1.0" repr="wheelBackLeft" configId="weight1" forcePointRatio="0.5" initialCompression="20" suspTravel="0.2" spring="60" damper="60"/>
                    </wheel>
                    <wheel filename="wheels/460_85R34.xml" isLeft="false" hasTireTracks="true" hasParticles="true">
                        <physics rotSpeed="0" restLoad="1.0" repr="wheelBackRight" configId="weight1" forcePointRatio="0.5" initialCompression="20" suspTravel="0.2" spring="60" damper="60"/>
                    </wheel>
                </wheels>
				<objectChange node="0>0|0|0|1" visibilityActive="false"/>
				<objectChange node="0>0|0|0|0" visibilityActive="true"/>
				<objectChange node="0>0|0|1|1" visibilityActive="false"/>
				<objectChange node="0>0|0|1|0" visibilityActive="true"/>
				<objectChange node="1>0|0|0|0|0|0" visibilityActive="false"/>
				<objectChange node="1>0|0|0|0|0|1" visibilityActive="true"/>
				<objectChange node="1>0|1|0|0|0|0" visibilityActive="false"/>
				<objectChange node="1>0|1|0|0|0|1" visibilityActive="true"/>
				<objectChange node="1>0|0|0|0|0|2" visibilityActive="false"/>
				<objectChange node="1>0|1|0|0|0|2" visibilityActive="false"/>
				<objectChange node="0>0|0|0|2" visibilityActive="false"/>
				<objectChange node="0>0|0|1|2" visibilityActive="false"/>
				<objectChange node="1>0|0|0|0|0|3" visibilityActive="false"/>
				<objectChange node="1>0|1|0|0|0|3" visibilityActive="false"/>
				<objectChange node="0>0|0|0|3" visibilityActive="false"/>
				<objectChange node="0>0|0|1|3" visibilityActive="false"/>
                <foliageBendingModifier index="1" minX="-1.1" maxX="1.1"/>
                <foliageBendingModifier index="2" minX="-1.1" maxX="1.1"/>
            </wheelConfiguration>
			 <wheelConfiguration name="Very Big" price="2000" brand="R34">
                <wheels autoRotateBackSpeed="1.7" differentialIndex="1" ackermannSteeringIndex="1">
                    <wheel filename="wheels/380_85R24continaltel.xml" isLeft="true" hasTireTracks="true" hasParticles="true">
                        <physics rotSpeed="1" restLoad="1.1" repr="axisFrontLeft"  driveNode="wheelFrontLeft"  forcePointRatio="0.45" initialCompression="25" suspTravel="0.11" spring="60" damper="50" yOffset="0.03"/>
                        <fender node="fenderLeft" rotMax="15"/>
                        <steering node="" nodeMinTransX="0.11" nodeMaxTransX="-0.11"/>
                    </wheel>
                    <wheel filename="wheels/380_85R24continaltel.xml" isLeft="false" hasTireTracks="true" hasParticles="true">
                        <physics rotSpeed="1" restLoad="1.1" repr="axisFrontRight" driveNode="wheelFrontRight" forcePointRatio="0.45" initialCompression="25" suspTravel="0.11" spring="60" damper="50" yOffset="0.03"/>            
                        <fender node="fenderRight" rotMin="-15"/>
                    </wheel>
                    <wheel filename="wheels/460_85R34continaltel.xml" isLeft="true" hasTireTracks="true" hasParticles="true">
                        <physics rotSpeed="0" restLoad="1.0" repr="wheelBackLeft" configId="weight1" forcePointRatio="0.5" initialCompression="20" suspTravel="0.2" spring="60" damper="60"/>
                    </wheel>
                    <wheel filename="wheels/460_85R34continaltel.xml" isLeft="false" hasTireTracks="true" hasParticles="true">
                        <physics rotSpeed="0" restLoad="1.0" repr="wheelBackRight" configId="weight1" forcePointRatio="0.5" initialCompression="20" suspTravel="0.2" spring="60" damper="60"/>
                    </wheel>
                </wheels>
				<objectChange node="0>0|0|0|1" visibilityActive="false"/>
				<objectChange node="0>0|0|0|0" visibilityActive="true"/>
				<objectChange node="0>0|0|1|1" visibilityActive="false"/>
				<objectChange node="0>0|0|1|0" visibilityActive="true"/>
				<objectChange node="1>0|0|0|0|0|0" visibilityActive="false"/>
				<objectChange node="1>0|0|0|0|0|1" visibilityActive="true"/>
				<objectChange node="1>0|1|0|0|0|0" visibilityActive="false"/>
				<objectChange node="1>0|1|0|0|0|1" visibilityActive="true"/>
				<objectChange node="1>0|0|0|0|0|2" visibilityActive="false"/>
				<objectChange node="1>0|1|0|0|0|2" visibilityActive="false"/>
				<objectChange node="0>0|0|0|2" visibilityActive="false"/>
				<objectChange node="0>0|0|1|2" visibilityActive="false"/>
				<objectChange node="1>0|0|0|0|0|3" visibilityActive="false"/>
				<objectChange node="1>0|1|0|0|0|3" visibilityActive="false"/>
				<objectChange node="0>0|0|0|3" visibilityActive="false"/>
				<objectChange node="0>0|0|1|3" visibilityActive="false"/>
                <objectChange node="0>0|0|0|0"     scaleActive="0.97 1.016 1.016"/>
                <objectChange node="0>0|0|1|0"     scaleActive="0.97 1.016 1.016"/>	
                <objectChange node="1>0|0|0|0|0|1|0"     scaleActive="0.82 1 1"/>
                <objectChange node="1>0|1|0|0|0|1|0"     scaleActive="0.82 1 1"/>						
                <foliageBendingModifier index="1" minX="-1.1" maxX="1.1"/>
                <foliageBendingModifier index="2" minX="-1.1" maxX="1.1"/>
            </wheelConfiguration>
			 <wheelConfiguration name="Very Big" price="2000" brand="R34">
                <wheels autoRotateBackSpeed="1.7" differentialIndex="1" ackermannSteeringIndex="1">
                    <wheel filename="wheels/380_85R24vredestein.xml" isLeft="true" hasTireTracks="true" hasParticles="true">
                        <physics rotSpeed="1" restLoad="1.1" repr="axisFrontLeft"  driveNode="wheelFrontLeft"  forcePointRatio="0.45" initialCompression="25" suspTravel="0.11" spring="60" damper="50" yOffset="0.03"/>
                        <fender node="fenderLeft" rotMax="15"/>
                        <steering node="" nodeMinTransX="0.11" nodeMaxTransX="-0.11"/>
                    </wheel>
                    <wheel filename="wheels/380_85R24vredestein.xml" isLeft="false" hasTireTracks="true" hasParticles="true">
                        <physics rotSpeed="1" restLoad="1.1" repr="axisFrontRight" driveNode="wheelFrontRight" forcePointRatio="0.45" initialCompression="25" suspTravel="0.11" spring="60" damper="50" yOffset="0.03"/>            
                        <fender node="fenderRight" rotMin="-15"/>
                    </wheel>
                    <wheel filename="wheels/460_85R34vredestein.xml"  isLeft="true" hasTireTracks="true" hasParticles="true">
                        <physics rotSpeed="0" restLoad="1.0" repr="wheelBackLeft" configId="weight1" forcePointRatio="0.5" initialCompression="20" suspTravel="0.2" spring="60" damper="60"/>
                    </wheel>
                    <wheel filename="wheels/460_85R34vredestein.xml" isLeft="false" hasTireTracks="true" hasParticles="true">
                        <physics rotSpeed="0" restLoad="1.0" repr="wheelBackRight" configId="weight1" forcePointRatio="0.5" initialCompression="20" suspTravel="0.2" spring="60" damper="60"/>
                    </wheel>
                </wheels>
				<objectChange node="0>0|0|0|1" visibilityActive="false"/>
				<objectChange node="0>0|0|0|0" visibilityActive="true"/>
				<objectChange node="0>0|0|1|1" visibilityActive="false"/>
				<objectChange node="0>0|0|1|0" visibilityActive="true"/>
				<objectChange node="1>0|0|0|0|0|0" visibilityActive="false"/>
				<objectChange node="1>0|0|0|0|0|1" visibilityActive="true"/>
				<objectChange node="1>0|1|0|0|0|0" visibilityActive="false"/>
				<objectChange node="1>0|1|0|0|0|1" visibilityActive="true"/>
				<objectChange node="1>0|0|0|0|0|2" visibilityActive="false"/>
				<objectChange node="1>0|1|0|0|0|2" visibilityActive="false"/>
				<objectChange node="0>0|0|0|2" visibilityActive="false"/>
				<objectChange node="0>0|0|1|2" visibilityActive="false"/>
				<objectChange node="1>0|0|0|0|0|3" visibilityActive="false"/>
				<objectChange node="1>0|1|0|0|0|3" visibilityActive="false"/>
				<objectChange node="0>0|0|0|3" visibilityActive="false"/>
				<objectChange node="0>0|0|1|3" visibilityActive="false"/>
                <objectChange node="0>0|0|0|0"     scaleActive="0.97 1.016 1.016"/>
                <objectChange node="0>0|0|1|0"     scaleActive="0.97 1.016 1.016"/>						
                <foliageBendingModifier index="1" minX="-1.1" maxX="1.1"/>
                <foliageBendingModifier index="2" minX="-1.1" maxX="1.1"/>
            </wheelConfiguration>			
			 <wheelConfiguration name="ince" price="200" brand="R38">
                <wheels autoRotateBackSpeed="1.7" differentialIndex="1" ackermannSteeringIndex="1">
                    <wheel filename="wheels/280_85R28.xml" isLeft="true" hasTireTracks="true" hasParticles="true">
                        <physics rotSpeed="1" restLoad="1.1" repr="axisFrontLeft"  driveNode="wheelFrontLeft"  forcePointRatio="0.45" initialCompression="25" suspTravel="0.11" spring="60" damper="50" yOffset="0.03"/>
                        <fender node="fenderLeft" rotMax="15"/>
                        <steering node="" nodeMinTransX="0.11" nodeMaxTransX="-0.11"/>
                    </wheel>
                    <wheel filename="wheels/280_85R28.xml" isLeft="false" hasTireTracks="true" hasParticles="true">
                        <physics rotSpeed="1" restLoad="1.1" repr="axisFrontRight" driveNode="wheelFrontRight" forcePointRatio="0.45" initialCompression="25" suspTravel="0.11" spring="60" damper="50" yOffset="0.03"/>            
                        <fender node="fenderRight" rotMin="-15"/>
                    </wheel>
                    <wheel filename="wheels/380_85R38.xml"  isLeft="true" hasTireTracks="true" hasParticles="true">
                        <physics rotSpeed="0" restLoad="1.0" repr="wheelBackLeft" configId="weight1" forcePointRatio="0.5" initialCompression="20" suspTravel="0.2" spring="60" damper="60"/>
                    </wheel>
                    <wheel filename="wheels/380_85R38.xml"  isLeft="false" hasTireTracks="true" hasParticles="true">
                        <physics rotSpeed="0" restLoad="1.0" repr="wheelBackRight" configId="weight1" forcePointRatio="0.5" initialCompression="20" suspTravel="0.2" spring="60" damper="60"/>
                    </wheel>
                </wheels>
				<objectChange node="0>0|0|0|1" visibilityActive="false"/>
				<objectChange node="0>0|0|0|0" visibilityActive="false"/>
				<objectChange node="0>0|0|1|1" visibilityActive="false"/>
				<objectChange node="0>0|0|1|0" visibilityActive="false"/>
				<objectChange node="1>0|0|0|0|0|0" visibilityActive="false"/>
				<objectChange node="1>0|0|0|0|0|1" visibilityActive="false"/>
				<objectChange node="1>0|1|0|0|0|0" visibilityActive="false"/>
				<objectChange node="1>0|1|0|0|0|1" visibilityActive="false"/>
				<objectChange node="1>0|0|0|0|0|2" visibilityActive="true"/>
				<objectChange node="1>0|1|0|0|0|2" visibilityActive="true"/>
				<objectChange node="0>0|0|0|2" visibilityActive="true"/>
				<objectChange node="0>0|0|1|2" visibilityActive="true"/>
				<objectChange node="1>0|0|0|0|0|3" visibilityActive="false"/>
				<objectChange node="1>0|1|0|0|0|3" visibilityActive="false"/>
				<objectChange node="0>0|0|0|3" visibilityActive="false"/>
				<objectChange node="0>0|0|1|3" visibilityActive="false"/>
                <foliageBendingModifier index="1" minX="-1.1" maxX="1.1"/>
                <foliageBendingModifier index="2" minX="-1.1" maxX="1.1"/>
            </wheelConfiguration>			
        </wheelConfigurations>
        <rimColor material="18">SHARED_WHITE1</rimColor>
        <ackermannSteeringConfigurations>
            <ackermannSteering rotSpeed="40" rotMax="35" rotCenterWheel1="3" rotCenterWheel2="4"/>
        </ackermannSteeringConfigurations>
    </wheels>

    <configurationSets title="$l10n_configuration_frontweight">
        <configurationSet name="$l10n_configuration_valueNo" params="0">
            <configuration name="design" index="1"/>
            <configuration name="attacherJoint" index="1"/>
        </configurationSet>
        <configurationSet name="80" params="80">
            <configuration name="design" index="2"/>
            <configuration name="attacherJoint" index="2"/>
        </configurationSet>
		 <configurationSet name="160" params="160">
            <configuration name="design" index="3"/>
            <configuration name="attacherJoint" index="3"/>
        </configurationSet>
		 <configurationSet name="240" params="240">
            <configuration name="design" index="4"/>
            <configuration name="attacherJoint" index="4"/>
        </configurationSet>
		 <configurationSet name="320" params="320">
            <configuration name="design" index="5"/>
            <configuration name="attacherJoint" index="5"/>
        </configurationSet>
		 <configurationSet name="400" params="400">
            <configuration name="design" index="6"/>
            <configuration name="attacherJoint" index="6"/>
        </configurationSet>
    </configurationSets>
    <designConfigurations title="0">
        <designConfiguration name="$l10n_configuration_valueNo">
            <objectChange node="baseWeight" visibilityActive="false"/>
            <foliageBendingModifier index="3" minZ="1.8" maxZ="1.9"/>
        </designConfiguration>
		 <designConfiguration name="80" price="20">
            <objectChange node="series4700M_main_component1" massActive="200"/>
            <objectChange node="series4700M_main_component1" centerOfMassActive="0 0.95 -0.3"/>
            <objectChange node="baseWeight" visibilityActive="true"/>
            <objectChange node="weightCol" compoundChildActive="true" compoundChildInactive="false"/>
        </designConfiguration>
		
        <designConfiguration name="160" price="20">
            <objectChange node="series4700M_main_component1" massActive="200"/>
            <objectChange node="series4700M_main_component1" centerOfMassActive="0 0.95 -0.3"/>
            <objectChange node="baseWeight" visibilityActive="true"/>
			<objectChange node="0>0|9|0|0|1" visibilityActive="true"/>
            <objectChange node="weightCol" compoundChildActive="true" compoundChildInactive="false"/>
        </designConfiguration>
		
		  <designConfiguration name="240" price="40">
            <objectChange node="series4700M_main_component1" massActive="400"/>
            <objectChange node="series4700M_main_component1" centerOfMassActive="0 0.95 -0.3"/>
			<objectChange node="baseWeight" visibilityActive="true"/>
            <objectChange node="0>0|9|0|0|1" visibilityActive="true"/>
			<objectChange node="0>0|9|0|0|2" visibilityActive="true"/>
            <objectChange node="weightCol" compoundChildActive="true" compoundChildInactive="false"/>
        </designConfiguration>
		
		  <designConfiguration name="320" price="40">
            <objectChange node="series4700M_main_component1" massActive="800"/>
            <objectChange node="series4700M_main_component1" centerOfMassActive="0 0.95 -0.3"/>
			<objectChange node="baseWeight" visibilityActive="true"/>
			<objectChange node="0>0|9|0|0|1" visibilityActive="true"/>
            <objectChange node="0>0|9|0|0|2" visibilityActive="true"/>
			<objectChange node="0>0|9|0|0|3" visibilityActive="true"/>
            <objectChange node="weightCol" compoundChildActive="true" compoundChildInactive="false"/>
        </designConfiguration>	
		
		 <designConfiguration name="400" price="40">
            <objectChange node="series4700M_main_component1" massActive="1000"/>
            <objectChange node="series4700M_main_component1" centerOfMassActive="0 0.95 -0.3"/>
			<objectChange node="baseWeight" visibilityActive="true"/>
			<objectChange node="0>0|9|0|0|1" visibilityActive="true"/>
            <objectChange node="0>0|9|0|0|2" visibilityActive="true"/>
            <objectChange node="0>0|9|0|0|3" visibilityActive="true"/>
			<objectChange node="0>0|9|0|0|4" visibilityActive="true"/>
            <objectChange node="weightCol" compoundChildActive="true" compoundChildInactive="false"/>
        </designConfiguration>	
    </designConfigurations>	
	
	<vehicleTypeConfigurations title="Model">
        <vehicleTypeConfiguration name="2010" price="0" vehicleType="tractor">
			<objectChange node="0>0|10|0|0" visibilityActive="true" />
			<objectChange node="0>0|10|0|1" visibilityActive="false" />
        </vehicleTypeConfiguration>
        <vehicleTypeConfiguration name="2012" price="1000" vehicleType="tractor">
			<objectChange node="0>0|10|0|0" visibilityActive="false" />
			<objectChange node="0>0|10|0|1" visibilityActive="true" />
        </vehicleTypeConfiguration>
	</vehicleTypeConfigurations>
	
	
    <lights>
        <states>
            <state lightTypes="0"/>
            <state lightTypes="0 1"/>
            <state lightTypes="0 1 2"/>
        </states>
        <realLights>
            <low>
                <light node="frontLightLow" lightTypes="0" excludedLightTypes="2 3"/>
                <light node="workLightBackLow" lightTypes="1"/>
                <light node="workLightFrontLow" lightTypes="2"/>
                <light node="highBeamLow" lightTypes="3"/>
            </low>
            <high>
                <light node="frontLightHigh" lightTypes="0" excludedLightTypes="2 3"/>
                <light node="licensePlateLightHigh" lightTypes="0"/>
                <light node="workLightBackHigh1" lightTypes="1"/>
                <light node="workLightFrontHigh1" lightTypes="2"/>
                <light node="highBeamHigh" lightTypes="3"/>
                <light node="backLightsHigh1" lightTypes="0"/>
                <brakeLight node="backLightsHigh1"/>
                <turnLightLeft node="turnLightLeftFront"/>
                <turnLightRight node="turnLightRightFront"/>
                <interiorLight node="interiorScreenLight"/>
            </high>
        </realLights>
        <defaultLights>
            <defaultLight shaderNode="0>0|4|3|1" lightTypes="0 3" intensity="10"/>
			<defaultLight shaderNode="0>0|10|0|0|1|5" lightTypes="0 3" intensity="20"/>
			<defaultLight shaderNode="0>0|10|0|1|2|4" lightTypes="0 3" intensity="20"/>			
			<defaultLight shaderNode="0>0|4|7|4|1" lightTypes="1 3"/>
			<defaultLight shaderNode="0>0|4|7|4|7" lightTypes="2 3"/>
			<defaultLight shaderNode="0>0|2|0|5|0" lightTypes="2 3"/>
			<defaultLight shaderNode="0>0|2|0|4|0" lightTypes="2 3"/>
			
			<defaultLight shaderNode="0>0|2|0|6|0|0|0" lightTypes="2 3"/>
			<defaultLight shaderNode="0>0|2|0|6|1|0|0" lightTypes="2 3"/>
			<defaultLight shaderNode="0>0|2|0|6|2|0|0" lightTypes="1 3"/>
			<defaultLight shaderNode="0>0|2|0|6|3|0|0" lightTypes="1 3"/>
        </defaultLights>
        <turnLights>
            <turnLightLeft shaderNode="0>0|2|0|2|1"/>
            <turnLightRight shaderNode="0>0|2|0|3|1"/>
			<turnLightLeft shaderNode="0>0|2|0|5|2"/>
            <turnLightRight shaderNode="0>0|2|0|4|2"/>
        </turnLights>
        <brakeLights>
            <brakeLight shaderNode="0>0|2|0|2|0"/>
            <brakeLight shaderNode="0>0|2|0|3|0"/>			
        </brakeLights>
        <beaconLights>
            <beaconLight node="beaconLight07_01" filename="$data/shared/assets/beaconLights/lizard/beaconLight01.xml"/>
        </beaconLights>
    </lights>
    <attacherJoints comboDuration="2">
        <attacherJointConfigurations>
            <attacherJointConfiguration/>
            <attacherJointConfiguration>
                <attacherJoint node="trailerAttacherJointFront" jointType="trailer" lowerRotLimit="25 50 50" lowerTransLimit="0 0 0" allowsJointLimitMovement="false" comboTime="0">
                    <schema position="1 0" rotation="0" invertX="true"/>
                </attacherJoint>
            </attacherJointConfiguration>
        </attacherJointConfigurations>
        <attacherJoint node="attacherJointBack" upperRotationOffset="-1.5" lowerRotationOffset="-1.07" moveTime="2.5" comboTime="1">
            <distanceToGround lower="0.10" upper="0.92"/>
            <rotationNode node="attacherJointBackRot" lowerRotation="-19 0 0" upperRotation="20 0 0"/>
            <rotationNode2 node="attacherJointBackRot2"/>
            <bottomArm rotationNode="attacherJointBackArmBottom" translationNode="bottomLink" referenceNode="referencePointBackBottom" zScale="-1" startRotation=" 0 0"/>
            <topArm baseNode="attacherJointBackArmTop" filename="$data/shared/assets/upperLinks/walterscheid02.i3d" zScale="-1" color="AGCO_GREY3"/>
            <schema position="1 0" rotation="0" invertX="false"/>
            <visuals hide="trailerLowNode trailerAttacherNode"/>
        </attacherJoint>
        <attacherJoint node="trailerAttacherJointBack" jointType="trailer" lowerRotLimit="25 60 50" lowerTransLimit="0 0 0" allowsJointLimitMovement="false" comboTime="1">
            <distanceToGround lower="0" upper="0"/>
            <transNode node="trailerAttacherNode" minY="0.915" maxY="0.915" height="0">
                <dependentBottomArm node="attacherJointBackArmBottom" threshold="0.65" rotation="23 0 0"/>
            </transNode>
            <schema position="1 0" rotation="0" invertX="false"/>
        </attacherJoint>
        <attacherJoint node="trailerAttacherJointBackLow" jointType="trailerLow" lowerRotLimit="25 60 50" lowerTransLimit="0 0 0" allowsJointLimitMovement="false" comboTime="1">
            <distanceToGround lower="0" upper="0"/>
            <transNode node="trailerLowNode" minY="0.55" maxY="1.044">
                <dependentBottomArm node="attacherJointBackArmBottom" rotation="23 0 0"/>
            </transNode>
            <schema position="1 0" rotation="0" invertX="false"/>
            <visuals nodes="trailerLowNode" hide="trailerAttacherNode"/>
            <steeringBars leftNode="trailerSteeringLeftRef" rightNode="trailerSteeringRightRef"/>
        </attacherJoint>
       <attacherJoint node="0>0|3|1|2" jointType="trailerLow" lowerRotLimit="25 60 50" lowerTransLimit="0 0 0" allowsJointLimitMovement="false" comboTime="0">
            <schema position="1 0" rotation="0" invertX="false"/>
        </attacherJoint>
		<attacherJoint node="0>0|3|1|2" jointType="trailer" lowerRotLimit="25 60 50" lowerTransLimit="0 0 0" allowsJointLimitMovement="true" comboTime="0">
            <schema position="1 0" rotation="0" invertX="false"/>
        </attacherJoint>		
    </attacherJoints>
    <frontloaderConfigurations>
        <frontloaderConfiguration name="$l10n_ui_no" price="0"/>
        <frontloaderConfiguration name="Quicke" price="1500" displayBrand="QUICKE">
            <objectChange node="quickeFrontloaderConsole" visibilityActive="true" visibilityInactive="false"/>
            <attacherJoint node="attacherJointFrontloaderQuicke" jointType="attachableFrontloader" lowerTransLimit="0 0 0" lowerRotLimit="0 0 0" moveTime="2">
                <schema position="0.8 0" rotation="0" invertX="true"/>
            </attacherJoint>
        </frontloaderConfiguration>
        <frontloaderConfiguration name="Hauer" price="1500" displayBrand="HAUER">
            <objectChange node="hauerFrontloaderConsole" visibilityActive="true" visibilityInactive="false"/>
            <attacherJoint node="attacherJointFrontloaderHauer" jointType="attachableFrontloader" lowerTransLimit="0 0 0" lowerRotLimit="0 0 0" moveTime="2">
                <schema position="0.8 0" rotation="0" invertX="true"/>
            </attacherJoint>
        </frontloaderConfiguration>
    </frontloaderConfigurations>
    <connectionHoses>
        <target attacherJointIndices="1 2 3" type="electric" node="electricBack" socket="electric"/>
        <target attacherJointIndices="1 2 3" type="hydraulicIn" node="hydraulic01_in">
            <objectChange node="hydraulic01_in_cover" rotationActive="90 0 0" rotationInactive="0 0 0"/>
        </target>
        <target attacherJointIndices="1 2 3" type="hydraulicOut" node="hydraulic01_out">
            <objectChange node="hydraulic01_out_cover" rotationActive="-90 0 0" rotationInactive="0 0 0"/>
        </target>
        <target attacherJointIndices="1 2 3" type="hydraulicIn" node="hydraulic02_in">
            <objectChange node="hydraulic02_in_cover" rotationActive="90 0 0" rotationInactive="0 0 0"/>
        </target>
        <target attacherJointIndices="1 2 3" type="hydraulicOut" node="hydraulic02_out">
            <objectChange node="hydraulic02_out_cover" rotationActive="-90 0 0" rotationInactive="0 0 0"/>
        </target>
        <target attacherJointIndices="1 2 3" type="hydraulicIn" node="hydraulic03_in">
            <objectChange node="hydraulic03_in_cover" rotationActive="90 0 0" rotationInactive="0 0 0"/>
        </target>
        <target attacherJointIndices="1 2 3" type="hydraulicOut" node="hydraulic03_out">
            <objectChange node="hydraulic03_out_cover" rotationActive="-90 0 0" rotationInactive="0 0 0"/>
        </target>
    </connectionHoses>
    <powerTakeOffs>
        <output attacherJointIndices="1 2 3" outputNode="ptoBack"/>
    </powerTakeOffs>
    <enterable isTabbable="true">
        <enterReferenceNode node="series4700M_main_component1"/>
        <exitPoint node="exitPoint"/>
        <cameras>
            <camera node="outdoorCamera1" rotatable="true" rotateNode="outdoorCameraTarget" limit="true" useWorldXZRotation="true" rotMinX="-1.4" rotMaxX="1" transMin="3.2" transMax="40" translation="0 0 5.1" rotation="-20 180 0">
                <raycastNode node="cameraRaycastNode1"/>
                <raycastNode node="cameraRaycastNode2"/>
                <raycastNode node="cameraRaycastNode3"/>
            </camera>
            <camera node="indoorCamera1" rotatable="true" limit="true" rotMinX="-1.1" rotMaxX="0.4" transMin="0" transMax="0" useMirror="true" isInside="true" shadowFocusBox="shadowFocusBox" suspensionNodeIndex="1"/>
        </cameras>
        <characterNode node="playerSkin" cameraMinDistance="0.5" spineRotation="-90 0 90">
            <target ikChain="rightFoot" targetNode="playerRightFootTarget"/>
            <target ikChain="leftFoot" targetNode="playerLeftFootTarget"/>
            <target ikChain="rightArm" targetNode="playerRightHandTarget" poseId="wideFingers"/>
            <target ikChain="leftArm" targetNode="playerLeftHandTarget"/>
        </characterNode>
        <characterTargetNodeModifier node="playerLeftFootTarget" transitionTime="0.1">
            <state node="playerLeftFootTargetClutch" referenceNode="pedalClutch"/>
        </characterTargetNodeModifier>
        <characterTargetNodeModifier node="playerRightFootTarget" transitionTime="0.1">
            <state node="playerRightFootTargetGas" referenceNode="gasPedal" directionReferenceNode="playerRightFootTargetGasRef"/>
            <state node="playerRightFootTargetBrake" referenceNode="brakePedal"/>
        </characterTargetNodeModifier>
    </enterable>
    <licensePlates>
        <licensePlate node="licensePlateNodeFront" position="FRONT" preferedType="SQUARISH"/>
        <licensePlate node="licensePlateNodeBack" position="BACK" preferedType="SQUARISH" />
    </licensePlates>
    <motorized>
        <consumerConfigurations>
            <consumerConfiguration>
                <consumer fillUnitIndex="1" usage="40" fillType="diesel"/>
                <!-- usage is per hour at max load and max rpm -->
                <consumer fillUnitIndex="3" usage="250" fillType="air" permanentConsumption="false" refillLitersPerSecond="350" refillCapacityPercentage="0.5"/>
                <!-- usage per second at full brake power -->
            </consumerConfiguration>
        </consumerConfigurations>
        <differentialConfigurations>
            <differentialConfiguration>
                <differentials>
                    <differential torqueRatio="0.5" maxSpeedRatio="1.5" wheelIndex1="1" wheelIndex2="2"/>
                    <!-- front left-right -->
                    <differential torqueRatio="0.5" maxSpeedRatio="1.6" wheelIndex1="3" wheelIndex2="4"/>
                    <!-- back left-right -->
                    <differential torqueRatio="0.5" maxSpeedRatio="1.3" differentialIndex1="1" differentialIndex2="2"/>
                    <!-- front-back -->
                </differentials>
            </differentialConfiguration>
        </differentialConfigurations>
        <motorConfigurations>
            <motorConfiguration name="TD85D" price="0" hp="89">
                <motor torqueScale="0.550" minRpm="850" maxRpm="3000" maxForwardSpeed="45" maxBackwardSpeed="45" brakeForce="2.5" lowBrakeForceScale="0.22" dampingRateScale="0.35">
                    <torque normRpm="0.48" torque="0.9"/>
                    <torque normRpm="0.52" torque="0.97"/>
                    <torque normRpm="0.61" torque="1"/>
                    <torque normRpm="0.75" torque="1"/>
                    <torque normRpm="0.89" torque="0.88"/>
                    <torque normRpm="1" torque="0.72"/>
                </motor>
                <transmission autoGearChangeTime="0.5" gearChangeTime="0.4" name="$l10n_info_transmission_manual">
                     <directionChange useGear="false" reverseGearIndex="false" changeTime="0.5"/>
                    <groups  type="MANUELSHIFT" changeTime="0.5">
						<group ratio="1.00" name="|||"/>	
						<group ratio="0.50" name="||"/>					
                        <group ratio="0.25" name="|"/>				
                    </groups>
					<forwardGear maxSpeed="5.0"/>
                    <forwardGear maxSpeed="10.0"/>
                    <forwardGear maxSpeed="18.0"/>
                    <forwardGear maxSpeed="32.6"/>
                </transmission>
            </motorConfiguration>
        </motorConfigurations>
        <gearLevers>
            <gearLever node="gearGroupLever" centerAxis="3" changeTime="0.4" handsOnDelay="0.25">
			    <state gear="0" xRot="0" zRot="0"/>
                <state gear="1" xRot="4" zRot="-4"/>
                <state gear="2" xRot="-4" zRot="-4"/>
			    <state gear="3" xRot="4" zRot="4"/>
				<state gear="4" xRot="-4" zRot="4"/>
				<state gear="-1" xRot="4" zRot="-4"/>
                <state gear="-2" xRot="-4" zRot="-4"/>
			    <state gear="-3" xRot="4" zRot="4"/>
				<state gear="-4" xRot="-4" zRot="4"/>
            </gearLever>
			<gearLever node="0>0|4|4|4" centerAxis="3" changeTime="0.4" handsOnDelay="0.2">
			    <state group="1" xRot="3" zRot="-4" />
				<state group="2" xRot="-3" zRot="-4"/>
				<state group="3" xRot="3" zRot="4"/>
            </gearLever>
        </gearLevers>
        <exhaustEffects>
            <exhaustEffect node="exhaustParticle" filename="$data/effects/exhaust/exhaust.i3d" minRpmColor="0.9 0.9 0.9 0.1" maxRpmColor="0.9 0.9 0.9 0.4" minRpmScale="0.05" maxRpmScale="0.5"/>
        </exhaustEffects>
        <motorStartDuration>3000</motorStartDuration>
        <dashboards>
            <dashboard displayType="ROT" valueType="clutchPedal" node="pedalClutch" minRot="0 0 0" maxRot="-20 0 0" doInterpolation="true" groups="MOTOR_ACTIVE"/>
            <dashboard displayType="ANIMATION" valueType="motorTemperature" animName="loadingBarTemperature" minValueAnim="20" maxValueAnim="130" groups="MOTOR_ACTIVE"/>
            <dashboard displayType="ANIMATION" valueType="rpm" animName="loadingBarRPM" minValueAnim="0" maxValueAnim="2500" groups="MOTOR_ACTIVE"/>
            <dashboard displayType="ROT" valueType="movingDirection" node="leverDirectionSelector" minRot="18 0 0" maxRot="-18 0 0" doInterpolation="true" groups="MOTOR_ACTIVE"/>
        </dashboards>
    </motorized>
    <drivable>
        <steeringWheel node="steeringWheel" indoorRotation="540" outdoorRotation="30"/>
        <dashboards>
            <dashboard displayType="ROT" valueType="accelerationAxis" node="gasPedal" minRot="0 0 0" maxRot="-15 0 0" doInterpolation="true" groups="MOTOR_ACTIVE"/>
            <dashboard displayType="ROT" valueType="decelerationAxis" node="brakePedal" minRot="0 0 0" maxRot="-15 0 0" doInterpolation="true" groups="MOTOR_ACTIVE"/>
            <dashboard displayType="ROT" valueType="movingDirection" node="0>0|4|4|5" minRot="-6 0 0" maxRot="6 0 0" doInterpolation="true" groups="MOTOR_ACTIVE"/>			
        </dashboards>
    </drivable>
    <animations>
        <animation name="wiperFrontAnimation">
            <part node="0>0|4|6|0" startTime="0" endTime="0.5" startRot="1.639 0 0" endRot="1.639 0 90"/>
            <sound template="wiper1" startTime="0" endTime="1" direction="1" volumeScale="1.0" pitchScale="1.0" fadeOut="0.1" linkNode="wiperFront"/>
            <sound template="wiper2" startTime="0" endTime="1" direction="-1" volumeScale="1.0" pitchScale="1.0" fadeOut="0.1" linkNode="wiperFront"/>
        </animation>
        <animation name="loadingBarTemperature">
            <part node="needleTemp" startTime="0.0" endTime="1.0" startRot="-99.152 43.285 -99.281" endRot="-46.665 -8.855 13.208"/>
        </animation>
        <animation name="loadingBarFuel">
            <part node="needleFuel" startTime="0.0" endTime="1.0" startRot="-91.547 33.838 -91.765" endRot="-56.247 -2.985 5.468"/>
        </animation>
        <animation name="loadingBarRPM">
            <part node="needleRPM" startTime="0.0" endTime="1.0" startRot="-92.305 27.149 -102.804" endRot="-100.38 -25.325 105.419"/>
        </animation>
		<animation name="solKapi">
            <part node="0>0|4|7|0|2" startTime="0.0" endTime="1.5" startRot="3.671 -0.311 8.184" endRot="7.799 61.848 15.09" />			
		</animation>
		<animation name="sagKapi">
            <part node="0>0|4|7|0|1" startTime="0.0" endTime="1.5" startRot="4.758 0.637 -7.612" endRot="8.138 -54.132 -14.275" />			
		</animation>
		<animation name="arkaCam">
            <part node="0>0|4|7|0|0|3" startTime="0.0" endTime="1.5" startRot="0 0 0" endRot="70.173 0 0" />			
		</animation>
		<animation name="2010kaput">
            <part node="0>0|10|0|0|1" startTime="0.0" endTime="1.5" startRot="0 0 0" endRot="-55.173 0 0" />			
		</animation>
		<animation name="2012kaput">
            <part node="0>0|10|0|1|2" startTime="0.0" endTime="1.5" startRot="0 0 0" endRot="-55.173 0 0" />			
		</animation>
		<animation name="direksiyon">
            <part node="0>0|4|7|1" startTime="0.0" endTime="0.5" startRot="0 0 0" endRot="-20.173 0 0" />
            <part node="0>0|4|0" startTime="0.5" endTime="1.5" startRot="16 0 0" endRot="0 0 0" />		
            <part node="0>0|4|7|1" startTime="1.5" endTime="1.7" startRot="-20.173 0 0" endRot="0 0 0" />			
		</animation>
		<animation name="Lift-o-Matic">
            <part node="0>0|4|7|0|0|2|2" startTime="0" endTime="0.1" startRot="0 0 0" endRot="0 -35.292 0" />
        </animation>		
    </animations>
	
    <simpleIC outsideInteractionTrigger="0>0|16"> 
        <animation animationName="arkaCam" animationSpeed="1" sharedAnimation="false" soundVolumeIncreasePercentage="0.6" >
            <insideTrigger triggerPoint="0>0|4|7|0|0|3|1" triggerPointSize="0.04" />
        </animation>
        <animation animationName="sagKapi" animationSpeed="1" sharedAnimation="false" soundVolumeIncreasePercentage="0.6" >
            <insideTrigger triggerPoint="0>0|4|7|0|1|2" triggerPointSize="0.04" />
            <outsideTrigger triggerPoint="0>0|4|7|0|1|1" triggerPointSize="0.04" />			
        </animation>
        <animation animationName="solKapi" animationSpeed="1" sharedAnimation="false" soundVolumeIncreasePercentage="0.6" >
            <insideTrigger triggerPoint="0>0|4|7|0|2|2" triggerPointSize="0.04" />
            <outsideTrigger triggerPoint="0>0|4|7|0|2|1" triggerPointSize="0.04" />			
        </animation>
        <animation animationName="2010kaput" animationSpeed="1" sharedAnimation="false" soundVolumeIncreasePercentage="0.6" >
            <outsideTrigger triggerPoint="0>0|10|0|0|1|6" triggerPointSize="0.04" />			
        </animation>
        <animation animationName="2012kaput" animationSpeed="1" sharedAnimation="false" soundVolumeIncreasePercentage="0.6" >
            <outsideTrigger triggerPoint="0>0|10|0|1|2|5" triggerPointSize="0.04" />			
        </animation>
        <animation animationName="direksiyon" animationSpeed="1" sharedAnimation="false" soundVolumeIncreasePercentage="0.6" >
            <insideTrigger triggerPoint="0>0|4|7|1|0" triggerPointSize="0.04" />
        </animation>		
    </simpleIC>	
	
    <cylindered>
        <movingTools>
            <movingTool node="0>0|3|0|1">
                <dependentPart node="0>0|7|0|0|0" />
				<dependentAnimation name="Lift-o-Matic" rotationAxis="1" minValue="-15" maxValue="15" invert="true"/>
            </movingTool>		
            <movingTool node="attacherJointBackArmBottom">
                <dependentPart node="mainArm"/>
            </movingTool>
        </movingTools>
        <movingParts>
            <movingPart node="mainArm" localReferencePoint="mainArmPart" referencePoint="mainArmRef" referenceFrame="mainArmRefFrame">
                <dependentPart node="mainArmPart"/>
                <dependentPart node="mainArmHydraulic"/>
            </movingPart>
            <movingPart node="mainArmPart" referencePoint="mainArmRef" referenceFrame="mainArmRef"/>
            <movingPart node="mainArmHydraulic" referencePoint="mainArmHydraulicRef" referenceFrame="mainArmHydraulicRef">
                <translatingPart node="mainArmHydraulicPunch"/>
            </movingPart>
			<movingPart node="1>0|1|0|2"  referencePoint="1>0|0|1"  referenceFrame="1>0|0|1"  isActiveDirty="true" scaleZ="false" maxUpdateDistance="50"/>
			<movingPart node="1>0|1|0|3"  referencePoint="1>0|2|2"  referenceFrame="1>0|2|2"  isActiveDirty="true" scaleZ="false" maxUpdateDistance="50"/>
        </movingParts>
    </cylindered>
    <wipers>
        <wiper animName="wiperFrontAnimation">
            <state animSpeed="0.9" animPause="1.0"/>
            <state animSpeed="0.9" animPause="0.0"/>
            <state animSpeed="1.3" animPause="0.0"/>
        </wiper>
    </wipers>
    <suspensions>
        <suspension node="seat" weight="150" minTranslation="-0.05 -0.15 0.0" maxTranslation="0.05 0.15 0.0" suspensionParametersX="20 4" suspensionParametersY="5 1" suspensionParametersZ="20 4"/>
        <suspension useCharacterTorso="true" weight="90" minRotation="0 -5 -5" maxRotation="0 5 5" suspensionParametersY="7 1" suspensionParametersZ="7 1"/>
    </suspensions>
    <fillUnit>
        <fillUnitConfigurations>
            <fillUnitConfiguration>
                <fillUnits>
                    <fillUnit unitTextOverride="$l10n_unit_literShort" showOnHud="false" showInShop="false" fillTypes="diesel" capacity="92">
                        <dashboard displayType="ANIMATION" valueType="fillLevel" animName="loadingBarFuel" groups="MOTOR_ACTIVE"/>
                    </fillUnit>
                    <fillUnit unitTextOverride="$l10n_unit_literShort" showOnHud="false" showInShop="false" showOnInfoHud="false" fillTypes="air" capacity="3000"/>
                </fillUnits>
            </fillUnitConfiguration>
        </fillUnitConfigurations>
    </fillUnit>
    <dashboard>
        <groups>
            <group name="MOTOR_STARTING" isMotorStarting="true"/>
            <group name="MOTOR_ACTIVE" isMotorStarting="true" isMotorRunning="true"/>
        </groups>
        <default>
            <dashboard displayType="EMITTER" node="startingDecals" idleValue="-1" intensity="0.2" groups="MOTOR_STARTING"/>
        </default>
    </dashboard>
    <ai>
        <agent width="2.15" length="4.65" height="2.9" lengthOffset="1.23" frontOffset="2.24"/>
        <collisionTrigger node="aiCollisionNode" width="2.6" height="3.0"/>
    </ai>
    <foliageBending>
        <bendingNode minX="-1.05" maxX="1.05" minZ="-0.3" maxZ="1.8" yOffset="0.5"/>
        <bendingNode minX="-1.05" maxX="1.05" minZ="-1.9" maxZ="-0.3" yOffset="0.5"/>
        <bendingNode minX="-0.30" maxX="0.30" minZ="1.8" maxZ="2.35" yOffset="0.55"/>
    </foliageBending>
    <baseMaterial>
        <material name="taban" baseNode="0>0|4|7|0|0">
            <shaderParameter name="colorMat6" value="0.3 0.3 0.4"/>
        </material>
    </baseMaterial>
	
    <designMaterialConfigurations price="100" >
        <designMaterialConfiguration name="grı"  color="0.3 0.3 0.4"	price="0"/>
		<designMaterialConfiguration name="sıyah"   color="0.1 0.1 0.1"  price="200"/>		
        <material name="taban" shaderParameter="colorMat6"/>		
    </designMaterialConfigurations>
	
    <wearable wearDuration="480" workMultiplier="5" fieldMultiplier="2"/>
    <washable dirtDuration="90" washDuration="1" workMultiplier="3" fieldMultiplier="2"/>
    <i3dMappings>
        <i3dMapping id="series4700M_main_component1" node="0>"/>
        <i3dMapping id="wheelBackLeft" node="0>0|0|0"/>
        <i3dMapping id="wheelBackRight" node="0>0|0|1"/>
        <i3dMapping id="outdoorCameraTarget" node="0>0|1|0"/>
        <i3dMapping id="outdoorCamera1" node="0>0|1|0|0"/>
        <i3dMapping id="indoorCamera1" node="0>0|1|1"/>
        <i3dMapping id="cameraRaycastNode1" node="0>0|1|2"/>
        <i3dMapping id="cameraRaycastNode2" node="0>0|1|3"/>
        <i3dMapping id="cameraRaycastNode3" node="0>0|1|4"/>
        <i3dMapping id="shadowFocusBox" node="0>0|1|5"/>
        <i3dMapping id="frontLightLow" node="0>0|2|1|0"/>
        <i3dMapping id="highBeamLow" node="0>0|2|1|1"/>
        <i3dMapping id="frontLightHigh" node="0>0|2|1|2"/>
        <i3dMapping id="highBeamHigh" node="0>0|2|1|3"/>
        <i3dMapping id="licensePlateLightHigh" node="0>0|2|1|4"/>
        <i3dMapping id="interiorScreenLight" node="0>0|2|1|5"/>
        <i3dMapping id="workLightFrontLow" node="0>0|2|2|0"/>
        <i3dMapping id="workLightFrontHigh1" node="0>0|2|2|1"/>
        <i3dMapping id="workLightBackLow" node="0>0|2|2|2"/>
        <i3dMapping id="workLightBackHigh1" node="0>0|2|2|3"/>
        <i3dMapping id="backLightsHigh1" node="0>0|2|3|0"/>
        <i3dMapping id="turnLightLeftFront" node="0>0|2|4|0"/>
        <i3dMapping id="turnLightRightFront" node="0>0|2|4|1"/>
        <i3dMapping id="beaconLight07_01" node="0>0|2|5|0"/>
        <i3dMapping id="beaconLight07_02" node="0>0|2|5|1"/>
        <i3dMapping id="attacherJointBackRot" node="0>0|3|0|0"/>
        <i3dMapping id="attacherJointBackRot2" node="0>0|3|0|0|0"/>
        <i3dMapping id="attacherJointBack" node="0>0|3|0|0|0|0"/>
        <i3dMapping id="attacherJointBackArmBottom" node="0>0|3|0|1"/>
        <i3dMapping id="bottomLink" node="0>0|3|0|1|0"/>
        <i3dMapping id="referencePointBackBottom" node="0>0|3|0|1|0|0"/>
        <i3dMapping id="mainArmRef" node="0>0|3|0|1|0|1"/>
        <i3dMapping id="attacherJointBackArmTop" node="0>0|3|0|2"/>
        <i3dMapping id="trailerLowNode" node="0>0|3|1|0"/>
        <i3dMapping id="trailerAttacherJointBackLow" node="0>0|3|1|0|0"/>
        <i3dMapping id="trailerSteeringLeftRef" node="0>0|3|1|0|1"/>
        <i3dMapping id="trailerSteeringRightRef" node="0>0|3|1|0|2"/>
        <i3dMapping id="trailerAttacherNode" node="0>0|3|1|1"/>
        <i3dMapping id="trailerAttacherJointBack" node="0>0|3|1|1|0"/>
        <i3dMapping id="trailerAttacherJointFront" node="0>0|3|1|2"/>
        <i3dMapping id="ptoBack" node="0>0|3|2|0"/>
        <i3dMapping id="electricBack" node="0>0|3|3|0"/>
        <i3dMapping id="hydraulic03_out" node="0>0|3|3|3"/>
        <i3dMapping id="hydraulic03_in" node="0>0|3|3|4"/>
        <i3dMapping id="hydraulic02_out" node="0>0|3|3|5"/>
        <i3dMapping id="hydraulic02_in" node="0>0|3|3|6"/>
        <i3dMapping id="hydraulic01_out" node="0>0|3|3|7"/>
        <i3dMapping id="hydraulic01_in" node="0>0|3|3|8"/>
        <i3dMapping id="hydraulic03_out_cover" node="0>0|3|3|9"/>
        <i3dMapping id="hydraulic02_out_cover" node="0>0|3|3|10"/>
        <i3dMapping id="hydraulic01_out_cover" node="0>0|3|3|11"/>
        <i3dMapping id="hydraulic03_in_cover" node="0>0|3|3|12"/>
        <i3dMapping id="hydraulic02_in_cover" node="0>0|3|3|13"/>
        <i3dMapping id="hydraulic01_in_cover" node="0>0|3|3|14"/>
        <i3dMapping id="hauerFrontloaderConsole" node="0>0|3|4|0"/>
        <i3dMapping id="attacherJointFrontloaderHauer" node="0>0|3|4|0|0"/>
        <i3dMapping id="quickeFrontloaderConsole" node="0>0|3|4|1"/>
        <i3dMapping id="attacherJointFrontloaderQuicke" node="0>0|3|4|1|0"/>
        <i3dMapping id="steeringWheel" node="0>0|4|0|0|0"/>
        <i3dMapping id="playerLeftHandTarget" node="0>0|4|0|0|0|0"/>
        <i3dMapping id="seat" node="0>0|4|1"/>
        <i3dMapping id="playerSkin" node="0>0|4|1|0"/>
        <i3dMapping id="playerRightFootTarget" node="0>0|4|2|0"/>
        <i3dMapping id="playerLeftFootTarget" node="0>0|4|2|1"/>
        <i3dMapping id="playerRightFootTargetGas" node="0>0|4|2|2"/>
        <i3dMapping id="pedalClutch" node="0>0|4|4|0"/>
        <i3dMapping id="playerLeftFootTargetClutch" node="0>0|4|4|0|0"/>
        <i3dMapping id="gasPedal" node="0>0|4|4|1"/>
        <i3dMapping id="playerRightFootTargetGasRef" node="0>0|4|4|1|0"/>
        <i3dMapping id="gearGroupLever" node="0>0|4|4|2"/>
        <i3dMapping id="playerRightHandTarget" node="0>0|4|4|4|1"/>
        <i3dMapping id="brakePedal" node="0>0|4|4|3"/>
        <i3dMapping id="playerRightFootTargetBrake" node="0>0|4|4|3|0"/>
        <i3dMapping id="wiperFront" node="0>0|4|6|0"/>
        <i3dMapping id="wiperBack" node="0>0|4|6|1"/>
        <i3dMapping id="exitPoint" node="0>0|5"/>
        <i3dMapping id="axisJoint" node="0>0|6"/>
        <i3dMapping id="mainArmRefFrame" node="0>0|7|0"/>
        <i3dMapping id="mainArm" node="0>0|7|0|0"/>
        <i3dMapping id="mainArmPart" node="0>0|7|0|0|0"/>
        <i3dMapping id="mainArmHydraulicRef" node="0>0|7|0|0|1"/>
        <i3dMapping id="mainArmHydraulic" node="0>0|7|1"/>
        <i3dMapping id="mainArmHydraulicPunch" node="0>0|7|1|0"/>
        <i3dMapping id="aiCollisionNode" node="0>0|8|0"/>
        <i3dMapping id="baseWeight" node="0>0|9|0|0|0"/>
        <i3dMapping id="series4700M_vis" node="0>0|10|15|0"/>
        <i3dMapping id="exhaustParticle" node="0>0|11"/>
        <i3dMapping id="licensePlateNodeBack" node="0>0|12"/>
        <i3dMapping id="licensePlateNodeFront" node=""/>
        <i3dMapping id="weightCol" node="0>2|1"/>
        <i3dMapping id="series4700M_axis_component2" node="1>"/>
        <i3dMapping id="axis" node="1>0"/>
        <i3dMapping id="axisFrontLeft" node="1>0|0|0"/>
        <i3dMapping id="wheelFrontLeft" node="1>0|0|0|0|0"/>
        <i3dMapping id="fenderLeft" node="1>0|0|0|1|0"/>
        <i3dMapping id="axisFrontRight" node="1>0|1|0"/>
        <i3dMapping id="wheelFrontRight" node="1>0|1|0|0|0"/>
        <i3dMapping id="fenderRight" node="1>0|1|0|1|0"/>
        <i3dMapping id="steeringBarFrontRight" node="1>0|1|0|2"/>
        <i3dMapping id="steeringBarFrontLeftRef" node="1>0|2|0"/>
        <i3dMapping id="steeringBarFrontRightRef" node="1>0|2|1"/>        
		<i3dMapping id="needleRPM" node="0>0|4|3|2"/>
		<i3dMapping id="needleFuel" node="0>0|4|3|3"/>
		<i3dMapping id="needleTemp" node="0>0|4|3|4"/>
    </i3dMappings>
</vehicle>
