<?xml version="1.0" encoding="utf-8" standalone="no" ?>
<wheel xmlns:xsi="http://www.w3.org/2001/XMLSchema-instance" xsi:noNamespaceSchemaLocation="../../../../../../shared/xml/schema/wheel.xsd">
    <brand>MITAS</brand>
    <name>TD-02</name>
    <default>
        <physics radius="0.82" width="0.467" mass="0.189" tireType="mud" frictionScale="1.60" maxLongStiffness="8" maxLatStiffness="100" maxLatStiffnessLoad="2" />
        <tire filename="$data/shared/wheels/tires/mitas/TD02/_34_TD02.i3d" nodeLeft="1|0" nodeRight="1|0" maxDeformation="0.078" isCareWheel="false" tireTrackAtlasIndex="0" />
        <outerRim filename="$data/shared/wheels/rims/rim001.i3d" node="0|0" widthAndDiam="16 34" />
        <innerRim filename="Wheels/Rims.i3d" nodeLeft="0|2" nodeRight="0|3" scale="1 1 1" />
    </default>
</wheel>
