<?xml version="1.0" encoding="utf-8" standalone="no"?>
<modDesc descVersion="69">
    <author>Ragnardayee</author>
	<contributors>.</contributors>
    <version>1.0.0.0</version>

    <iconFilename>icon.dds</iconFilename>
    <multiplayer supported="true" /> 

    <title>
        <en>ragnarNew Holland TD Series</en>
    </title>

    <description>
        <en>
            New Holland TD Series
        </en>
    </description>
	
    <storeItems>
        <storeItem xmlFilename="NewHollandTL.xml"/>
    </storeItems>
	
	<l10n>
		<text name="tdd">
            <en>tdd</en>
            <it>tdd</it>
            <de>tdd</de>
			<tr>tdd</tr>
        </text>
		<text name="tdd1">
            <en>tdd1</en>
            <it>tdd1</it>
            <de>tdd1</de>
			<tr>tdd1</tr>
        </text>
		<text name="tdd2">
            <en>tdd2</en>
            <it>tdd2</it>
            <de>tdd2</de>
			<tr>tdd2</tr>
        </text>
		<text name="tdd3">
            <en>tdd3</en>
            <it>tdd3</it>
            <de>tdd3</de>
			<tr>tdd3</tr>
        </text>
		<text name="tdd4">
            <en>tdd4</en>
            <it>tdd4</it>
            <de>tdd4</de>
			<tr>tdd4</tr>
        </text>
		<text name="configuration_valueDualNarrow"> <br>Rodas estreitas duplas</br> <en>Dual narrow wheels</en><de>Zwei schmale Räder</de><fr>Deux roues étroites</fr></text>
	</l10n>
</modDesc>
