<?xml version="1.0" encoding="utf-8" standalone="no"?>
<vehicle type="tractor">
    <annotation>Copyright (C) GIANTS Software GmbH, All Rights Reserved.</annotation>

    <storeData>
        <name>ragnardayeTD</name>
        <specs>
            <power>110</power>
            <maxSpeed>55</maxSpeed>
        </specs>
        <functions>
            <function>$l10n_function_tractor</function>
        </functions>
        <image>store_TL.dds</image>
        <price>58000</price>
        <lifetime>600</lifetime>
        <rotation>0</rotation>
        <brand>NEWHOLLAND</brand>
        <category>tractorsS</category>	
        <shopTranslationOffset>0 0.05 0</shopTranslationOffset>
        <shopRotationOffset>0 0 0</shopRotationOffset>
        <vertexBufferMemoryUsage>2219664</vertexBufferMemoryUsage>
        <indexBufferMemoryUsage>380544</indexBufferMemoryUsage>
        <textureMemoryUsage>56274120</textureMemoryUsage>
        <instanceVertexBufferMemoryUsage>0</instanceVertexBufferMemoryUsage>
        <instanceIndexBufferMemoryUsage>0</instanceIndexBufferMemoryUsage>
    </storeData>

    <base>
        <typeDesc>$l10n_typeDesc_tractor</typeDesc>
        <filename>NewHollandTL.i3d</filename>
		<sounds filename="$data/vehicles/fendt/vario700/sounds/vario700.xml"/>
        <size width="2.7" length="4.5"/>
        <components>
            <component centerOfMass="0 0.85 -1.1" solverIterationCount="20" mass="6810"/>
            <component centerOfMass="0 0 0" solverIterationCount="20" mass="3425"/>
            <joint component1="1" component2="2" node="componentJointFrontAxis" rotLimit="0 0 10" rotLimitSpring="0 0 4000" rotLimitDamping="0 0 75" maxRotDriveForce="0 0 10" rotDriveRotation="0 0 0" rotDriveSpring="0 0 20" rotDriveDamping="0 0 10" breakable="false"/>
        </components>
        <schemaOverlay attacherJointPosition="0.5 0">
            <default name="DEFAULT_VEHICLE"/>
            <selected name="DEFAULT_VEHICLE_SELECTED"/>
        </schemaOverlay>
    </base>

    <wheels>
       <wheelConfigurations>
			<wheelConfiguration name="R34" price="0" brand="MITAS">
                <wheels autoRotateBackSpeed="2.2">
                    <wheel filename="wheels/AC70G/380_70R24.xml" isLeft="true" hasTireTracks="true" hasParticles="true" >
                        <physics rotSpeed="1" restLoad="1.0" repr="axisFrontLeft" driveNode="wheelFrontLeft"  forcePointRatio="0.5" initialCompression="25" suspTravel="0.09" spring="39" damper="60" />
                        <steering node="steeringBarFrontCenter" nodeMinTransX="0.09" nodeMaxTransX="-0.09"/>
                    </wheel>
                    <wheel filename="wheels/AC70G/380_70R24.xml" isLeft="false" hasTireTracks="true" hasParticles="true" >
                        <physics rotSpeed="1" restLoad="1.0" repr="axisFrontRight" driveNode="wheelFrontRight" forcePointRatio="0.5" initialCompression="25" suspTravel="0.09" spring="39" damper="60" />
                    </wheel>
                    <wheel filename="wheels/AC70G/480_70R34.xml" hasTireTracks="true"  hasParticles="true" >
                        <physics rotSpeed="0" restLoad="1.0" repr="wheelBackLeft" forcePointRatio="0.5" initialCompression="20" suspTravel="0.2" spring="20" damper="60" />
                    </wheel>
                    <wheel filename="wheels/AC70G/480_70R34.xml" isLeft="false" hasTireTracks="true" hasParticles="true" >
                        <physics rotSpeed="0" restLoad="1.0" repr="wheelBackRight" forcePointRatio="0.5" initialCompression="20" suspTravel="0.2" spring="20" damper="60" />
                    </wheel>
                    <foliageBendingModifier index="1" minX="-1.10" maxX="1.10" />
                    <foliageBendingModifier index="2" minX="-1.05" maxX="1.05" />
                </wheels>
            </wheelConfiguration>
			<wheelConfiguration name="R34 AGR" price="0" brand="MITAS">
                <wheels autoRotateBackSpeed="2.2">
                    <wheel filename="wheels/AC70G/380_70R24.xml" isLeft="true" hasTireTracks="true" hasParticles="true" >
                        <physics rotSpeed="1" restLoad="1.0" repr="axisFrontLeft" driveNode="wheelFrontLeft"  forcePointRatio="0.5" initialCompression="25" suspTravel="0.09" spring="39" damper="60" />
                        <steering node="steeringBarFrontCenter" nodeMinTransX="0.09" nodeMaxTransX="-0.09"/>
                    </wheel>
                    <wheel filename="wheels/AC70G/380_70R24.xml" isLeft="false" hasTireTracks="true" hasParticles="true" >
                        <physics rotSpeed="1" restLoad="1.0" repr="axisFrontRight" driveNode="wheelFrontRight" forcePointRatio="0.5" initialCompression="25" suspTravel="0.09" spring="39" damper="60" />
                    </wheel>
                    <wheel filename="wheels/AC70G/480_70R34.xml" configId="weight3" hasTireTracks="true"  hasParticles="true" >
                        <physics rotSpeed="0" restLoad="1.0" repr="wheelBackLeft" forcePointRatio="0.5" initialCompression="20" suspTravel="0.2" spring="20" damper="60" />
                    </wheel>
                    <wheel filename="wheels/AC70G/480_70R34.xml" configId="weight3" isLeft="false" hasTireTracks="true" hasParticles="true" >
                        <physics rotSpeed="0" restLoad="1.0" repr="wheelBackRight" forcePointRatio="0.5" initialCompression="20" suspTravel="0.2" spring="20" damper="60" />
                    </wheel>
                    <foliageBendingModifier index="1" minX="-1.10" maxX="1.10" />
                    <foliageBendingModifier index="2" minX="-1.05" maxX="1.05" />
                </wheels>
            </wheelConfiguration>
			<wheelConfiguration name="R38" price="0" brand="MITAS">
                <wheels autoRotateBackSpeed="2.2">
                    <wheel filename="wheels/AC70G/500_70R24.xml" isLeft="true" hasTireTracks="true" hasParticles="true" >
                        <physics rotSpeed="1" restLoad="1.0" repr="axisFrontLeft" driveNode="wheelFrontLeft"  forcePointRatio="0.5" initialCompression="25" suspTravel="0.09" spring="39" damper="60" />
                        <steering node="steeringBarFrontCenter" nodeMinTransX="0.09" nodeMaxTransX="-0.09"/>
                    </wheel>
                    <wheel filename="wheels/AC70G/500_70R24.xml" isLeft="false" hasTireTracks="true" hasParticles="true" >
                        <physics rotSpeed="1" restLoad="1.0" repr="axisFrontRight" driveNode="wheelFrontRight" forcePointRatio="0.5" initialCompression="25" suspTravel="0.09" spring="39" damper="60" />
                    </wheel>
                    <wheel filename="wheels/AC70G/520_70R34.xml" hasTireTracks="true"  hasParticles="true" >
                        <physics rotSpeed="0" restLoad="1.0" repr="wheelBackLeft" forcePointRatio="0.5" initialCompression="20" suspTravel="0.2" spring="20" damper="60" />
                    </wheel>
                    <wheel filename="wheels/AC70G/520_70R34.xml" isLeft="false" hasTireTracks="true" hasParticles="true" >
                        <physics rotSpeed="0" restLoad="1.0" repr="wheelBackRight" forcePointRatio="0.5" initialCompression="20" suspTravel="0.2" spring="20" damper="60" />
                    </wheel>
                    <foliageBendingModifier index="1" minX="-1.10" maxX="1.10" />
                    <foliageBendingModifier index="2" minX="-1.05" maxX="1.05" />
                </wheels>
				<objectChange node="wheelFrontLeft"     scaleActive="0.82 1 1"/>
                <objectChange node="wheelFrontRight"     scaleActive="0.82 1 1"/>
				<objectChange node="wheelBackLeft"     scaleActive="1.05 1.1 1.1"/>
                <objectChange node="wheelBackRight"     scaleActive="1.05 1.1 1.1"/>
				<objectChange node="wheelBackLeft"     translationActive="0.85 0.209 -1.238"/>
                <objectChange node="wheelBackRight"     translationActive="-0.85 0.209 -1.238"/>
            </wheelConfiguration>
			<wheelConfiguration name="R38 AGR" price="0" brand="MITAS">
                <wheels autoRotateBackSpeed="2.2">
                    <wheel filename="wheels/AC70G/500_70R24.xml" isLeft="true" hasTireTracks="true" hasParticles="true" >
                        <physics rotSpeed="1" restLoad="1.0" repr="axisFrontLeft" driveNode="wheelFrontLeft"  forcePointRatio="0.5" initialCompression="25" suspTravel="0.09" spring="39" damper="60" />
                        <steering node="steeringBarFrontCenter" nodeMinTransX="0.09" nodeMaxTransX="-0.09"/>
                    </wheel>
                    <wheel filename="wheels/AC70G/500_70R24.xml" isLeft="false" hasTireTracks="true" hasParticles="true" >
                        <physics rotSpeed="1" restLoad="1.0" repr="axisFrontRight" driveNode="wheelFrontRight" forcePointRatio="0.5" initialCompression="25" suspTravel="0.09" spring="39" damper="60" />
                    </wheel>
                    <wheel filename="wheels/AC70G/520_70R34.xml" configId="weight3" hasTireTracks="true"  hasParticles="true" >
                        <physics rotSpeed="0" restLoad="1.0" repr="wheelBackLeft" forcePointRatio="0.5" initialCompression="20" suspTravel="0.2" spring="20" damper="60" />
                    </wheel>
                    <wheel filename="wheels/AC70G/520_70R34.xml" configId="weight3" isLeft="false" hasTireTracks="true" hasParticles="true" >
                        <physics rotSpeed="0" restLoad="1.0" repr="wheelBackRight" forcePointRatio="0.5" initialCompression="20" suspTravel="0.2" spring="20" damper="60" />
                    </wheel>
                    <foliageBendingModifier index="1" minX="-1.10" maxX="1.10" />
                    <foliageBendingModifier index="2" minX="-1.05" maxX="1.05" />
                </wheels>
				<objectChange node="wheelFrontLeft"     scaleActive="0.82 1 1"/>
                <objectChange node="wheelFrontRight"     scaleActive="0.82 1 1"/>
				<objectChange node="wheelBackLeft"     scaleActive="1.05 1.1 1.1"/>
                <objectChange node="wheelBackRight"     scaleActive="1.05 1.1 1.1"/>
				<objectChange node="wheelBackLeft"     translationActive="0.85 0.209 -1.238"/>
                <objectChange node="wheelBackRight"     translationActive="-0.85 0.209 -1.238"/>
            </wheelConfiguration>
        </wheelConfigurations>

        <ackermannSteeringConfigurations>
            <ackermannSteering rotSpeed="40" rotMax="31.5" rotCenterWheel1="3" rotCenterWheel2="4"/>
        </ackermannSteeringConfigurations>

		<hubs>
            <color0>SHARED_BLACK1</color0>
            <color1>SHARED_BLACK1</color1>
            <hub linkNode="0>0|0|0" filename="$data/shared/wheels/hubs/hub_n10_14.xml" isLeft="true" scale="0.285 0.285 0.285"/>
            <hub linkNode="0>0|0|1" filename="$data/shared/wheels/hubs/hub_n10_14.xml" isLeft="false" scale="0.285 0.285 0.285"/>
            <hub linkNode="1>0|0|0|0|0" filename="$data/shared/wheels/hubs/hub_n8_8.xml" isLeft="true" scale="0.3 0.28 0.28"/>
            <hub linkNode="1>0|1|0|0|0" filename="$data/shared/wheels/hubs/hub_n8_8.xml" isLeft="false" scale="0.3 0.28 0.28"/>
        </hubs>
		
		<rimColor>SHARED_WHITE2</rimColor>
    </wheels>

    <attacherJoints comboDuration="2">
        <attacherJoint node="attacherJointBack" upperRotationOffset="0.76" moveTime="2.5" comboTime="1">
            <distanceToGround lower="0.35" upper="1.05" />
            <rotationNode node="attacherJointBackRot" upperRotation="22 0 0" lowerRotation="-20 0 0"/>
            <rotationNode2 node="attacherJointBackRot2"/>
            <bottomArm rotationNode="attacherJointBackArmBottom" translationNode="backArmBottom" referenceNode="referencePointBackBottom" zScale="-1" startRotation="-15 0 0"/>
            <topArm baseNode="attacherJointBackArmTop" filename="$data/shared/assets/upperLinks/walterscheid03.i3d" zScale="-1" color="SHARED_BLACK1" />
            <schema position="1 0" rotation="0" invertX="false"/>
        </attacherJoint>

        <attacherJoint node="trailerAttacherJointBack" jointType="trailer" lowerRotLimit="10 50 50" comboTime="1" allowsJointLimitMovement="false">
            <distanceToGround lower="0.44" upper="0.95" />
            <schema position="1 0" rotation="0" invertX="false"/>
        </attacherJoint>

        <attacherJoint node="trailerAttacherJointBackLow" jointType="trailerLow" lowerRotLimit="10 45 50" comboTime="1" allowsJointLimitMovement="false">
            <distanceToGround lower="0.48" upper="0.73" />
            <steeringBars leftNode="steeringBarLeftRef" rightNode="steeringBarRightRef"/>
            <schema position="1 0" rotation="0" invertX="false"/>
            <objectChange node="attacherJointBackArmBottom" rotationActive="22 0 0" rotationInactive="-15 0 0"/>
        </attacherJoint>
        <attacherJoint node="trailerAttacherJointFront" jointType="trailer" lowerRotLimit="10 70 50" comboTime="1" allowsJointLimitMovement="false">
            <schema position="1 0" rotation="0" invertX="true" />
        </attacherJoint>

        <sounds>
            <attach template="ATTACH_01" />
            <hydraulic template="DEFAULT_HYDRAULIC_SOUND" />
        </sounds>
    </attacherJoints>

    <powerTakeOffs>
        <output attacherJointIndices="1 2 3" outputNode="ptoBack" />
    </powerTakeOffs>

    <connectionHoses>
        <target attacherJointIndices="1 2 3" type="hydraulicIn" node="hydraulic01In"/>
        <target attacherJointIndices="1 2 3" type="hydraulicOut" node="hydraulic01Out"/>
        <target attacherJointIndices="1 2 3" type="hydraulicIn" node="hydraulic02In"/>
        <target attacherJointIndices="1 2 3" type="hydraulicOut" node="hydraulic02Out"/>
        <target attacherJointIndices="1 2 3" type="electric" node="electricBack" />

        <target attacherJointIndices="1 2 3" type="airDoubleRed" node="airDoubleOrange" socket="air_red"/>
        <target attacherJointIndices="1 2 3" type="airDoubleYellow" node="airDoubleYellow" socket="air_yellow"/>
    </connectionHoses>
    
    <lights>
        <states>
            <state lightTypes="0"/>
            <state lightTypes="0 1"/>
            <state lightTypes="0 1 2"/>
			<state lightTypes="0 1 2 3"/>
        </states>

        <realLights>
            <low>
                <light node="frontLightLow"       lightTypes="0" excludedLightTypes="2 3" />
                <light node="workLightBackLow"    lightTypes="1"/>
                <light node="workLightFrontLow"   lightTypes="2"/>
                <light node="highBeamLow"         lightTypes="3" />
				<light node="0>0|2|5" lightTypes="0"/>
            </low>
            <high>
                <light node="frontLightHigh"        lightTypes="0 3"/>
                <light node="workLightBackHigh"    lightTypes="1"/>
				<light node="workLightBackHighth"    lightTypes="3"/>
				<light node="workLightBackHighth2"    lightTypes="3"/>
                <light node="workLightFrontHigh"   lightTypes="2"/>
                <light node="highBeamHigh"          lightTypes="3"/>
                <light node="backLightsHigh"       lightTypes="0"/>
                <brakeLight node="backLightsHigh" />
                <turnLightLeft node="turnLightLeftHigh" />
                <turnLightRight node="turnLightRightHigh" />
				<light node="0>0|2|5" lightTypes="0"/>
            </high>
        </realLights>
        
        <defaultLights>
            <defaultLight shaderNode="backlightStatic"     lightTypes="0" intensity="20"/>
            <defaultLight shaderNode="backlightStatic1"     lightTypes="0" intensity="20"/>
            <defaultLight shaderNode="backlightStatic2"     lightTypes="0" intensity="20"/>
            <defaultLight shaderNode="backlightStatic3"     lightTypes="0" intensity="20"/>
            <defaultLight shaderNode="frontlight01StaticGlass"     lightTypes="0 3" intensity="30"/>
            <defaultLight shaderNode="frontlight04StaticGlass"     lightTypes="0 3" intensity="30"/>
            <defaultLight shaderNode="0>0|15|32|0|0|1"     lightTypes="0 3" intensity="30"/>
            <defaultLight shaderNode="0>0|15|32|0|1|1"     lightTypes="0 3" intensity="30"/>
            <defaultLight shaderNode="frontlight02Static"     lightTypes="0 3" intensity="30"/>
            <defaultLight shaderNode="0>0|15|32|0|2|0|1"     lightTypes="1" intensity="30"/>
            <defaultLight shaderNode="0>0|15|32|0|3|0|1"     lightTypes="1" intensity="30"/>
            <defaultLight shaderNode="0>0|15|32|0|4|0|1"     lightTypes="1" intensity="30"/>
            <defaultLight shaderNode="0>0|15|32|0|5|0|1"     lightTypes="1" intensity="30"/>
            <defaultLight shaderNode="0>0|15|32|0|6|0|1"     lightTypes="0 3" intensity="30"/>
            <defaultLight shaderNode="0>0|15|32|0|7|0|1"     lightTypes="0 3" intensity="30"/>
            <defaultLight shaderNode="frontlight03Static"     lightTypes="0 3" intensity="30"/>
			<defaultLight shaderNode="frontlight02Static1"     lightTypes="0 3" intensity="30"/>
            <defaultLight shaderNode="frontlight03Static2"     lightTypes="0 3" intensity="30"/>
            <defaultLight shaderNode="0>0|9|2|10|5|0|0|0|0|1"     lightTypes="1" intensity="10"/>
			<defaultLight shaderNode="0>0|9|2|10|8|1"     lightTypes="0 3" intensity="10"/>
			<defaultLight shaderNode="0>0|9|2|10|9|1"     lightTypes="0 3" intensity="10"/>
			
            <defaultLight shaderNode="0>0|9|2|10|4|0|0|0|0|1"     lightTypes="1" intensity="10"/>
			<defaultLight shaderNode="0>0|9|2|10|3|0|0|0|0|1"     lightTypes="1" intensity="10"/>
			<defaultLight shaderNode="0>0|9|2|10|2|0|0|0|0|1"     lightTypes="1" intensity="10"/>
			<defaultLight shaderNode="0>0|9|2|10|1|0|0|0|0|1"     lightTypes="1" intensity="10"/>
			<defaultLight shaderNode="0>0|9|2|10|0|0|0|0|0|1"     lightTypes="1" intensity="10"/>
			<defaultLight shaderNode="worklightBackStatic6"     lightTypes="2" intensity="10"/>
            <defaultLight shaderNode="worklightFrontStatic"     lightTypes="2" intensity="10"/>
            <defaultLight shaderNode="worklightFrontStatic1"     lightTypes="2" intensity="10"/>
            <defaultLight shaderNode="0>0|2|0|11|1"     lightTypes="0 3" />
            <defaultLight shaderNode="0>0|2|0|12|1"     lightTypes="0 3" />			
        </defaultLights>

        <turnLights>
            <turnLightLeft shaderNode="0>0|9|2|10|8|0" />
            <turnLightLeft shaderNode="0>0|2|0|12|0" />
            <turnLightLeft shaderNode="turnlightLeftStatic1" />
            <turnLightLeft shaderNode="turnlightLeftStatic2" />
            <turnLightLeft shaderNode="0>0|15|32|0|1|0" />
            <turnLightRight shaderNode="0>0|9|2|10|9|0" />
            <turnLightRight shaderNode="0>0|2|0|11|0" />
            <turnLightRight shaderNode="turnlightrightStatic1" />
            <turnLightRight shaderNode="turnlightrightStatic2" />
			<turnLightLeft shaderNode="turnlightLeftStatic7" />
			<turnLightRight shaderNode="turnlightrightStatic8" />
			<turnLightRight shaderNode="0>0|15|32|0|0|0" />
        </turnLights>

        <brakeLights>
            <brakeLight shaderNode="0>0|9|2|10|8|1" />
            <brakeLight shaderNode="0>0|9|2|10|9|1" />
            <brakeLight shaderNode="backlightStatic2" />
            <brakeLight shaderNode="backlightStatic3" />
            <brakeLight shaderNode="0>0|2|0|10|1" />
            <brakeLight shaderNode="0>0|2|0|9|1" />
        </brakeLights>
		
        <beaconLights>
            <beaconLight node="0>0|15|29" filename="$data/shared/assets/beaconLights/lizard/beaconLight02.xml"/>
            <beaconLight node="0>0|15|30" filename="$data/shared/assets/beaconLights/lizard/beaconLight02.xml"/>
			<beaconLight node="0>0|15|37|0" filename="BeaconPack/FBK2.0_Frontblitz.xml"/>
<beaconLight node="0>0|15|37|2" filename="BeaconPack/FBK2.1_Frontblitz.xml"/>
<beaconLight node="0>0|15|37|4" filename="BeaconPack/FBK2.0_Frontblitz.xml"/>
<beaconLight node="0>0|15|37|6" filename="BeaconPack/FBK2.1_Frontblitz.xml"/>
<beaconLight node="0>0|15|37|1" filename="BeaconPack/FBK2.0_Frontblitz.xml"/>
<beaconLight node="0>0|15|37|3" filename="BeaconPack/FBK2.1_Frontblitz.xml"/>
<beaconLight node="0>0|15|37|5" filename="BeaconPack/FBK2.0_Frontblitz.xml"/>
<beaconLight node="0>0|15|37|7" filename="BeaconPack/FBK2.1_Frontblitz.xml"/>	
        </beaconLights>		

        <sounds>
            <switchLight template="SWITCH_01"  />
            <turnLight template="SWITCH_TURNLIGHT" />
        </sounds>

        <dashboards>
            <dashboard displayType="EMITTER" valueType="turnLightLeft"  node="turnlightLeftt02_decal"      baseColor="BLACK" emitColor="GREEN" groups="MOTOR_ACTIVE"/>
            <dashboard displayType="EMITTER" valueType="turnLightRight" node="turnlightRight01_decal"     baseColor="BLACK" emitColor="GREEN" groups="MOTOR_ACTIVE"/>
			
            <dashboard displayType="EMITTER" valueType="lightState" node="0>0|3|3|5" intensity="0.5" lightTypes="0" groups="MOTOR_ACTIVE"/>
			<dashboard displayType="EMITTER" valueType="lightState" node="0>0|3|3|4|0|0" baseColor="BLACK" emitColor="0 1 0 1" intensity="1.0" lightTypes="0 1 2 3" groups="MOTOR_ACTIVE"/>
            <dashboard displayType="emitter" valueType="turnLightLeft"  node="0>0|3|3|4|0|1"      baseColor="BLACK" emitColor="GREEN" groups="MOTOR_ACTIVE"/>
            <dashboard displayType="emitter" valueType="turnLightRight" node="0>0|3|3|4|0|2"     baseColor="BLACK" emitColor="GREEN" groups="MOTOR_ACTIVE"/>
        </dashboards>
    </lights>

    <enterable>
        <exitPoint node="exitPoint"/>
        <enterReferenceNode node="TL_main_component1"/>

        <cameras>
            <camera node="outdoorCamera" rotatable="true" rotateNode="outdoorCameraTarget" limit="true" useWorldXZRotation="true" rotMinX="-1.4" rotMaxX="1" transMin="4" transMax="40" translation="0 0 5" rotation="-20 180 0" >
                <raycastNode node="cameraRaycastNode1"/>
                <raycastNode node="cameraRaycastNode2"/>
                <raycastNode node="cameraRaycastNode3"/>
            </camera>
            <camera node="indoorCamera" rotatable="true" limit="true" rotMinX="-1.1" rotMaxX="0.4" transMin="0" transMax="0" useMirror="true" isInside="true" shadowFocusBox="shadowFocusBox"/>
        </cameras>

        <characterNode node="playerSkin" cameraMinDistance="1.5" spineRotation="-90 0 90">
            <target ikChain="rightFoot" targetNode="playerRightFootTarget" />
            <target ikChain="leftFoot" targetNode="playerLeftFootTarget" />
            <target ikChain="rightArm" targetNode="playerRightHand" />
            <target ikChain="leftArm" targetNode="playerLeftHand" />
        </characterNode>
		
		<passengerSeats>
		    <passengerSeat node="0>0|15|41|0" exitPoint="0>0|15|41|0|6" outdoorCameraIndex="1">
                <camera node="0>0|15|41|0|0" rotatable="true" limit="true" rotMinX="-1.1" rotMaxX="0.4" transMin="0" transMax="0" useMirror="true" isInside="true" positionSmoothingParameter="0" shadowFocusBox="shadowFocusBox"/>
                <characterNode node="0>0|15|41|0|1" cameraMinDistance="0.5" spineRotation="-90 0 90">
                    <target ikChain="leftArm"   targetNode="0>0|15|41|0|4" poseId="flatFingers"/>
                    <target ikChain="rightArm"  targetNode="0>0|15|41|0|5" poseId="flatFingers"/>
                    <target ikChain="leftFoot"  targetNode="0>0|15|41|0|2" />
                    <target ikChain="rightFoot" targetNode="0>0|15|41|0|3" />
                </characterNode>
            </passengerSeat>
        </passengerSeats>

        <characterTargetNodeModifier node="playerRightFootTarget" transitionTime="0.1" >
            <state node="playerRightFootTargetGas"   referenceNode="gasPedal" directionReferenceNode="playerRightFootTargetGasRef" />
            <state node="playerRightFootTargetBrake" referenceNode="brakePedal" />
        </characterTargetNodeModifier>

        <mirrors>
            <mirror node="mirrorLeft" prio="1"/>
        </mirrors>
		<enterAnimation name="enterAnimation"/>
    </enterable>

    <suspensions>
        <suspension node="seat"              weight="150" minTranslation="-0.05 -0.15 0.0" maxTranslation="0.05 0.15 0.0" suspensionParametersX="20 4" suspensionParametersY="5 1" suspensionParametersZ="20 4" />
        <suspension useCharacterTorso="true" weight="90" minRotation="0 -5 -5" maxRotation="0 5 5" suspensionParametersY="7 1" suspensionParametersZ="7 1" />
    </suspensions>

    <motorized>
        <consumerConfigurations>
            <consumerConfiguration>
                <consumer fillUnitIndex="1" usage="31"  fillType="diesel" />  <!-- usage is per hour at max load and max rpm -->
                <consumer fillUnitIndex="2" usage="200" fillType="air" permanentConsumption="false" refillLitersPerSecond="250" refillCapacityPercentage="0.5" /> <!-- usage per second at full brake power -->
            </consumerConfiguration>
        </consumerConfigurations>

        <differentialConfigurations>
            <differentialConfiguration>
                <differentials>
                    <differential torqueRatio="0.5" maxSpeedRatio="1.8" wheelIndex1="1" wheelIndex2="2"/>
                    <differential torqueRatio="0.5" maxSpeedRatio="1.8" wheelIndex1="3" wheelIndex2="4"/>
                    <differential torqueRatio="0.5" maxSpeedRatio="1.8" differentialIndex1="1" differentialIndex2="2"/>
                </differentials>
            </differentialConfiguration>
        </differentialConfigurations>

        <motorConfigurations>
            <motorConfiguration name="TD90D BLUEMASTER" hp="90" price="0">
                <motor torqueScale="0.8" minRpm="850" maxRpm="2200" maxForwardSpeed="43" maxBackwardSpeed="22" brakeForce="8" lowBrakeForceScale="0.22" lowBrakeForceSpeedLimit="1">
                    <torque normRpm="0.85" torque="0.9"/>
                    <torque normRpm="0.8"  torque="0.97"/>
                    <torque normRpm="0.8" torque="1"/>
                    <torque normRpm="0.8" torque="1"/>
                    <torque normRpm="0.86" torque="0.88"/>
                    <torque normRpm="1"    torque="0.72"/>
                </motor>
                <transmission minForwardGearRatio="16.5" maxForwardGearRatio="250" minBackwardGearRatio="32" maxBackwardGearRatio="250" />
                <objectChange node="0>0|11|12|0" visibilityActive="true"/>
                <objectChange node="0>0|11|12|1" visibilityActive="false"/>
				<objectChange node="0>0|11|12|2" visibilityActive="false"/>
            </motorConfiguration>
			<motorConfiguration name="TD100D BLUEMASTER" hp="100" price="1000">
                <motor torqueScale="0.8" />
                <objectChange node="0>0|11|12|0" visibilityActive="false"/>
                <objectChange node="0>0|11|12|1" visibilityActive="true"/>
				<objectChange node="0>0|11|12|2" visibilityActive="false"/>
            </motorConfiguration>
			<motorConfiguration name="TD110D BLUEMASTER" hp="110" price="2000">
                <motor torqueScale="1.2" />
                <objectChange node="0>0|11|12|0" visibilityActive="false"/>
                <objectChange node="0>0|11|12|1" visibilityActive="false"/>
				<objectChange node="0>0|11|12|2" visibilityActive="true"/>
            </motorConfiguration>
        </motorConfigurations>

        <exhaustEffects>
            <exhaustEffect node="exhaustParticle" filename="$data/particleSystems/shared/exhaust.i3d" minRpmColor="0 0 0 1" maxRpmColor="0.01 0.01 0.01 5" minRpmScale="0.05" maxRpmScale="0.25" xzRotationsOffset="-240 0" xzRotationsForward="0 100" xzRotationsBackward="50 -45" xzRotationsLeft="80 200" xzRotationsRight="80 -200"/>
        </exhaustEffects>

        <motorStartDuration>2500</motorStartDuration>

        <dashboards>
            <dashboard displayType="NUMBER" valueType="rpm" numbers="0>0|3|3|4|1" precision="0" groups="MOTOR_ACTIVE"/>
			<dashboard displayType="ANIMATION" valueType="motorTemperature" animName="tempDisplay"  minValueAnim="20" maxValueAnim="120" groups="MOTOR_ACTIVE"/>
            <dashboard displayType="ANIMATION" valueType="rpm" animName="rpmDisplay"  minValueAnim="0" maxValueAnim="2500" groups="MOTOR_ACTIVE"/>
		    <dashboard displayType="NUMBER" valueType="speed" numbers="0>0|3|3|3" precision="1" groups="MOTOR_ACTIVE"/>
			<dashboard displayType="NUMBER" valueType="operatingTime" numbers="0>0|3|3|4|2" precision="1" groups="MOTOR_ACTIVE"/>
		</dashboards>

		<sounds externalSoundFile="$data/sounds/vehicles/engine/new_holland_t5/new_holland_t5.xml" />
    </motorized>
	
	<configurationSets>
        <configurationSet name="$l10n_configuration_valueDefault" params="0">
            <configuration name="design" index="1" />
        </configurationSet>
        <configurationSet name="$l10n_configuration_frontWeightX" params="500">
            <configuration name="design" index="2" />
        </configurationSet>
    </configurationSets>

    
	<design2Configurations>
        <design2Configuration name="$l10n_tdd" price="0"/>
        <design2Configuration name="$l10n_tdd1" price="350">
            <objectChange node="0>0|11|9|6" visibilityActive="true" visibilityInactive="false"/>
        </design2Configuration>
		<design2Configuration name="$l10n_tdd2" price="350">
			<objectChange node="0>0|11|9|7" visibilityActive="true" visibilityInactive="false"/>
        </design2Configuration>
		<design2Configuration name="$l10n_tdd3" price="350">
		    <objectChange node="0>0|11|9|8" visibilityActive="true" visibilityInactive="false"/>
        </design2Configuration>
		<design2Configuration name="$l10n_tdd4" price="350">
		    <objectChange node="0>0|11|9|9" visibilityActive="true" visibilityInactive="false"/>
        </design2Configuration>
	</design2Configurations>
		
    <drivable>
        <sounds>
            <waterSplash template="WATER_SPLASH_01" />
        </sounds>

        <steeringWheel node="steeringWheel" indoorRotation="540" outdoorRotation="40"/>

        <dashboards>
            <dashboard displayType="ROT"     valueType="accelerationAxis" node="gasPedal"   minRot="0 0 0"    maxRot="-10.5 0 0" doInterpolation="true" groups="MOTOR_ACTIVE"/>
            <dashboard displayType="ROT"     valueType="decelerationAxis" node="brakePedal" minRot="0 0 0"          maxRot="-15 0 0" doInterpolation="true" groups="MOTOR_ACTIVE"/>
        </dashboards>
    </drivable>

    <animations>
		<animation name="wiperFrontAnimation">
            <part node="0>0|3|4|0|1|0|0" startTime="0.0" endTime="0.5" startRot="0 0 0" endRot="0 0 170" />
            <part node="0>0|3|4|0|1|0|0" startTime="0.5" endTime="1.0" startRot="0 0 170" endRot="0 0 0" />
        </animation>
        <animation name="wiperBackAnimation">
            <part node="0>0|3|4|0|1|0|1|0"  startTime="0.0" endTime="0.5" startRot="0 0 0" endRot="0 11 -52" />
            <part node="0>0|3|4|0|1|0|1|0"  startTime="0.5" endTime="1.0" startRot="0 11 -52" endRot="0 0 -106" />
            <part node="0>0|3|4|0|1|0|1|0"  startTime="1.0" endTime="1.5" startRot="0 0 -106" endRot="0 11 -52" />
            <part node="0>0|3|4|0|1|0|1|0"  startTime="1.5" endTime="2.0" startRot="0 11 -52" endRot="0 0 0" />
        </animation>
		<animation name="rpmDisplay">
            <part node="0>0|3|3|0|0" startTime="0" endTime="1" startRot="0 -90 0" endRot="0 -260 0"/>
        </animation>
		<animation name="tempDisplay">
            <part node="0>0|3|3|2" startTime="0" endTime="1" startRot="-180 -90 -180" endRot="-180 10 -180"/>
        </animation>
        <animation name="fuelDisplay">
            <part node="0>0|3|3|1" startTime="0" endTime="1" startRot="180 -90 180" endRot="180 10 180"/>
        </animation>
		<animation name="LeftDoorOpening">
            <part node="0>0|15|7" startTime="0" endTime="1.5" startRot="3 0 5" endRot="3 50 5" />			
		</animation>
		<animation name="RightDoorOpening">
            <part node="0>0|15|8" startTime="0" endTime="1.5" startRot="3 0 -5" endRot="3 -50 -5" />			
		</animation>
		<animation name="backWindowOpening">
			<part node="0>0|15|9" startTime="0" endTime="1.5" startRot="0 0 0" endRot="70 0 0" />
		</animation>
    </animations>

    <cylindered>
        <movingTools>
            <movingTool node="attacherJointBackArmBottom">
                <dependentPart node="backMainArm"/>
            </movingTool>
			<movingTool node="0>0|15|7">
                <controls axis="AXIS_CRANE_TOOL" invertAxis="true" mouseSpeedFactor="0.6" />
                <animation animSpeed="0.8" animAcceleration="200" animName="LeftDoorOpening" />
            </movingTool>
			<movingTool node="0>0|15|8">
                <controls axis="AXIS_CRANE_TOOL2" invertAxis="true" mouseSpeedFactor="0.6" />
                <animation animSpeed="0.8" animAcceleration="200" animName="RightDoorOpening" />
            </movingTool>
			<movingTool node="0>0|15|9">
                <controls axis="AXIS_CRANE_TOOL3" invertAxis="true" mouseSpeedFactor="0.6" />
                <animation animSpeed="0.8" animAcceleration="200" animName="backWindowOpening" />
            </movingTool>
        </movingTools>

        <movingParts>
            <movingPart node="backMainArm" referencePoint="backMainArmRef" localReferencePoint="backMainArmPart" referenceFrame="TL_main_component1">
                <dependentPart node="backMainArmPart"/>
            </movingPart>
            <movingPart node="backMainArmPart" referencePoint="backMainArmRef" referenceFrame="backMainArmRef">
                <dependentPart node="hydraulicMainArm"/>
                <dependentPart node="backBottomArmStabilizer"/>
            </movingPart>
            <movingPart node="backBottomArmStabilizer" referencePoint="backBottomArmStabilizerRef" referenceFrame="backBottomArmStabilizerRef"/>
            <movingPart node="hydraulicMainArm" referencePoint="hydraulicMainArmREf" referenceFrame="hydraulicMainArmREf">
                <translatingPart node="hydraulicMainArmPunch"/>
            </movingPart>
            <movingPart node="steeringBarFrontLeft" referencePoint="steeringBarFrontLeftRef" referenceFrame="steeringBarFrontLeftRef" isActiveDirty="true" scaleZ="true"/>
            <movingPart node="1>0|1|0|1" referencePoint="wheelFrontRightRef" referenceFrame="wheelFrontRightRef" isActiveDirty="true" scaleZ="true"/>
        </movingParts>

        <sounds>
            <hydraulic template="DEFAULT_HYDRAULIC_SOUND" />
        </sounds>
    </cylindered>

    <fillUnit>
        <fillUnitConfigurations>
            <fillUnitConfiguration>
                <fillUnits>
                    <fillUnit unit="$l10n_unit_literShort" showOnHud="false" showInShop="false" fillTypes="diesel" capacity="120" >
                        <dashboard displayType="ANIMATION" valueType="fillLevel" animName="fuelDisplay" groups="MOTOR_ACTIVE"/>
                    </fillUnit>
                    <fillUnit unit="$l10n_unit_literShort" showOnHud="false" showInShop="false" fillTypes="air" capacity="2000" />
                </fillUnits>
            </fillUnitConfiguration>
        </fillUnitConfigurations>
    </fillUnit>

    <honk>
           <sound file="korna.wav" innerRadius="15">
            <volume indoor="19.00" outdoor="20.00"/>
            <pitch outdoor="1.00"/>
            <lowpassGain indoor="0.95"/>
        </sound>
    </honk>

    <ai>
        <collisionTrigger node="aiCollisionTrigger"/>
    </ai>

    <foliageBending>
        <bendingNode minX="-1.00" maxX="1.00" minZ="-0.3" maxZ="1.8" yOffset="0.5" />
        <bendingNode minX="-0.95" maxX="0.95" minZ="-2.0" maxZ="-0.3" yOffset="0.5" />
    </foliageBending>

    <dashboard>
        <groups>
            <group name="MOTOR_STARTING" isMotorStarting="true"/>
            <group name="MOTOR_ACTIVE"   isMotorStarting="true" isMotorRunning="true"/>
        </groups>
        <default>
            <dashboard displayType="EMITTER" node="dashboard_symbol4_decal"   baseColor="BLACK" emitColor="RED" groups="MOTOR_STARTING" />
        </default>
    </dashboard>
	
    <wearable wearDuration="480" workMultiplier="5" fieldMultiplier="2"/>
    <washable dirtDuration="90" washDuration="1" workMultiplier="3" fieldMultiplier="2"/>
	
	<rimColorConfigurations useDefaultColors="true" price="300"/>
	
    <i3dMappings>
        <i3dMapping id="TL_main_component1" node="0>" />
        <i3dMapping id="TL" node="0>0" />
        <i3dMapping id="wheelBackLeft" node="0>0|0|0" />
        <i3dMapping id="wheelBackRight" node="0>0|0|1" />
        <i3dMapping id="outdoorCameraTarget" node="0>0|1|0" />
        <i3dMapping id="outdoorCamera" node="0>0|1|0|0" />
        <i3dMapping id="indoorCamera" node="0>0|1|1" />
        <i3dMapping id="cameraRaycastNode1" node="0>0|1|2" />
        <i3dMapping id="cameraRaycastNode2" node="0>0|1|3" />
        <i3dMapping id="cameraRaycastNode3" node="0>0|1|4" />
        <i3dMapping id="shadowFocusBox" node="0>0|1|5" />
        <i3dMapping id="frontlight01StaticGlass" node="0>0|2|0|0|0" />
        <i3dMapping id="frontlight04StaticGlass" node="0>0|2|0|1|0" />
        <i3dMapping id="frontlight01Static" node="0>0|2|0|0|1" />
        <i3dMapping id="frontLightLow" node="0>0|2|1" />
        <i3dMapping id="highBeamLow" node="0>0|2|2" />
        <i3dMapping id="frontLightHigh" node="0>0|2|3" />
        <i3dMapping id="highBeamHigh" node="0>0|2|4" />
        <i3dMapping id="exitPoint" node="0>0|3" />
        <i3dMapping id="attacherJointBackRot" node="0>0|4|0|0" />
        <i3dMapping id="attacherJointBackRot2" node="0>0|4|0|0|0" />
        <i3dMapping id="attacherJointBack" node="0>0|4|0|0|0|0" />
        <i3dMapping id="attacherJointBackArmBottom" node="0>0|4|0|1" />
        <i3dMapping id="backArmBottom" node="0>0|4|0|1|0" />
        <i3dMapping id="referencePointBackBottom" node="0>0|4|0|1|0|0" />
        <i3dMapping id="backMainArmRef" node="0>0|4|0|1|0|1" />
        <i3dMapping id="backBottomArmStabilizerRef" node="0>0|4|0|1|0|2" />
        <i3dMapping id="attacherJointBackArmTop" node="0>0|4|0|2" />
        <i3dMapping id="trailerAttacherJointBack" node="0>0|4|1|1" />
        <i3dMapping id="trailerAttacherJointBackLow" node="0>0|4|1|2" />
        <i3dMapping id="steeringBarLeftRef" node="0>0|4|1|3" />
        <i3dMapping id="steeringBarRightRef" node="0>0|4|1|4" />
        <i3dMapping id="trailerAttacherJointFront" node="0>0|4|1|0" />
        <i3dMapping id="ptoBack" node="0>0|4|2|0" />
        <i3dMapping id="airDoubleOrange" node="0>0|4|4|0" />
        <i3dMapping id="airDoubleYellow" node="0>0|4|4|1" />
        <i3dMapping id="electricBack" node="0>0|4|4|2" />
        <i3dMapping id="hydraulic02Out" node="0>0|4|4|3" />
        <i3dMapping id="hydraulic02In" node="0>0|4|4|4" />
        <i3dMapping id="hydraulic01Out" node="0>0|4|4|5" />
        <i3dMapping id="hydraulic01In" node="0>0|4|4|6" />
        <i3dMapping id="aiCollisionTrigger" node="0>0|5|0" />
        <i3dMapping id="exhaustParticle" node="0>0|6" />
        <i3dMapping id="backMainArm" node="0>0|7|0" />
        <i3dMapping id="backMainArmPart" node="0>0|7|0|0" />
        <i3dMapping id="hydraulicMainArm" node="0>0|7|0|1" />
        <i3dMapping id="hydraulicMainArmPunch" node="0>0|7|0|1|0" />
        <i3dMapping id="backBottomArmStabilizer" node="0>0|7|1" />
        <i3dMapping id="hydraulicMainArmREf" node="0>0|7|2" />
        <i3dMapping id="cabinRot" node="0>0|9" />
        <i3dMapping id="seat" node="0>0|9|0" />
        <i3dMapping id="playerSkin" node="0>0|9|0|0" />
        <i3dMapping id="coluna" node="0>0|9|1" />
        <i3dMapping id="steeringWheel" node="0>0|9|1|0" />
        <i3dMapping id="playerRightHand" node="0>0|9|1|0|0" />
        <i3dMapping id="playerLeftHand" node="0>0|9|1|0|1" />
        <i3dMapping id="turnlightLeftStatic" node="0>0|9|2|0|0|2" />
        <i3dMapping id="turnlightLeftStatic1" node="0>0|9|2|0|3|2" />
        <i3dMapping id="turnlightLeftStatic2" node="0>0|2|0|2" />
        <i3dMapping id="turnlightrightStatic" node="0>0|9|2|0|1|2" />
		<i3dMapping id="turnlightLeftStatic7" node="0>0|9|2|10|7|0" />
		<i3dMapping id="turnlightrightStatic8" node="0>0|9|2|10|6|0" />
        <i3dMapping id="turnlightrightStatic1" node="0>0|9|2|0|4|2" />
        <i3dMapping id="turnlightrightStatic2" node="0>0|2|0|3" />
        <i3dMapping id="frontlight02Static" node="0>0|9|2|0|0|0" />
        <i3dMapping id="frontlight03Static" node="0>0|9|2|0|1|0" />
		<i3dMapping id="frontlight02Static1" node="0>0|9|2|10|7|1" />
        <i3dMapping id="frontlight03Static2" node="0>0|9|2|10|6|1" />
        <i3dMapping id="worklightFrontStatic" node="0>0|9|2|0|0|1" />
        <i3dMapping id="worklightFrontStatic1" node="0>0|9|2|0|1|1" />
        <i3dMapping id="worklightBackStatic" node="0>0|9|2|0|2|0|1" />
        <i3dMapping id="backlightStatic" node="0>0|9|2|0|3|0" />
        <i3dMapping id="backlightStatic1" node="0>0|9|2|0|4|0" />
        <i3dMapping id="backlightStatic2" node="0>0|9|2|0|4|1" />
        <i3dMapping id="backlightStatic3" node="0>0|9|2|0|3|1" />
        <i3dMapping id="workLightBackHigh" node="0>0|9|2|1" />
        <i3dMapping id="workLightFrontHigh" node="0>0|9|2|2" />
        <i3dMapping id="backLightsHigh" node="0>0|9|2|3" />
        <i3dMapping id="turnLightLeftHigh" node="0>0|9|2|4" />
        <i3dMapping id="turnLightLeftBack" node="0>0|9|2|4|0" />
        <i3dMapping id="turnLightRightHigh" node="0>0|9|2|5" />
        <i3dMapping id="turnLightRightBack" node="0>0|9|2|5|0" />
        <i3dMapping id="workLightFrontLow" node="0>0|9|2|8" />
        <i3dMapping id="workLightBackLow" node="0>0|9|2|9" />
        <i3dMapping id="playerLeftFootTarget" node="0>0|9|4|0" />
        <i3dMapping id="playerRightFootTarget" node="0>0|9|4|1" />
        <i3dMapping id="gasPedal" node="0>0|9|5|0|0" />
        <i3dMapping id="playerRightFootTargetGasRef" node="0>0|9|5|0|0|0" />
        <i3dMapping id="playerRightFootTargetGas" node="0>0|9|5|0|1" />
        <i3dMapping id="brakePedal" node="0>0|9|5|1" />
        <i3dMapping id="playerRightFootTargetBrake" node="0>0|9|5|1|0" />
        <i3dMapping id="needleRpm" node="0>0|9|6|0|0" />
        <i3dMapping id="needleTank" node="0>0|9|6|0|1" />
        <i3dMapping id="needleTemp" node="0>0|9|6|0|2" />
        <i3dMapping id="turnlightRight01_decal" node="0>0|9|6|1" />
        <i3dMapping id="turnlightLeftt02_decal" node="0>0|9|6|2" />
        <i3dMapping id="dashboard_symbol4_decal" node="0>0|11|6" />
        <i3dMapping id="mirrorLeft" node="0>0|9|7|0" />
        <i3dMapping id="exterior_vis" node="0>0|9|8|1" />
        <i3dMapping id="componentJointFrontAxis" node="0>0|10" />
        <i3dMapping id="axisFrontLeft" node="1>0|0|0" />
        <i3dMapping id="wheelFrontLeft" node="1>0|0|0|0|0" />
        <i3dMapping id="steeringBarFrontLeft" node="1>0|0|0|1" />
        <i3dMapping id="axisFrontRight" node="1>0|1|0" />
        <i3dMapping id="wheelFrontRight" node="1>0|1|0|0|0" />
        <i3dMapping id="steeringBarFrontCenter" node="1>0|2" />
        <i3dMapping id="steeringBarFrontLeftRef" node="1>0|2|0" />
        <i3dMapping id="wheelFrontRightRef" node="1>0|2|1" />
		<i3dMapping id="frontloaderAttacherBlock" node="0>0|4|3|0" />
        <i3dMapping id="attacherJointFrontloader" node="0>0|4|3|0|0" />
        <i3dMapping id="weight" node="0>0|8|0" />
		<i3dMapping id="indoorHudRPMNeedle" node="0>0|14|0" />
        <i3dMapping id="indoorHudFuelNeedle" node="0>0|14|1" />
        <i3dMapping id="indoorHudTemperatureNeedle" node="0>0|14|2" />
		<i3dMapping id="numbersSpeed" node="0>0|14|3" />
		
		<i3dMapping id="workLightBackHighth" node="0>0|9|2|11" />
		<i3dMapping id="workLightBackHighth2" node="0>0|9|2|12" />
		
		<i3dMapping id="worklightBackStatic1" node="0>0|9|2|10|0|0|1" />
		<i3dMapping id="worklightBackStatic2" node="0>0|9|2|10|1|0|1" />
	    <i3dMapping id="worklightBackStatic3" node="0>0|9|2|10|2|0|1" />
		<i3dMapping id="worklightBackStatic4" node="0>0|9|2|10|3|0|1" />
	    <i3dMapping id="worklightBackStatic5" node="0>0|9|2|10|4|0|1" />
		<i3dMapping id="worklightBackStatic6" node="0>0|9|2|10|5|0|1" />
		
		<i3dMapping id="turnlightLeftStatic1" node="0>0|15|13|0|4|1" />
		<i3dMapping id="turnlightrightStatic1" node="0>0|15|13|0|4|3" />
		
		<i3dMapping id="backlightStatic2" node="0>0|15|13|0|4|4" />
    </i3dMappings>
</vehicle>
