<?xml version="1.0" encoding="utf-8" standalone="no" ?>
<wheel>
    <default>
        <physics radius="0.651" width="0.36" mass="0.119" tireType="street" frictionScale="1.60" maxLongStiffness="8" maxLatStiffness="100" maxLatStiffnessLoad="2" />
       <tire filename="$data/shared/wheels/tires/michelin/omniBib/R28_omniBib.i3d" nodeLeft="1|0" nodeRight="1|0" maxDeformation="0.058" sideDeformOffset="0.982" isCareWheel="false" tireTrackAtlasIndex="0" />
        <outerRim filename="$data/shared/wheels/rims/rim001.i3d" node="0|0" widthAndDiam="12 28" />
        <innerRim filename="shared/wheels/rims/mf5400_rims.i3d" nodeLeft="0|0" nodeRight="0|1" scale="1 0.7 0.7" widthAndDiam="12 40" />
    </default>
	<configurations>
        <configuration id="weight1" >
            <additional filename="shared/wheels/weights/wheelweight.i3d" nodeLeft="0|0|0|0" nodeRight="0|1|0|0" scale="1 1.3 1.3" mass="0.5" />
        </configuration>
    </configurations>
</wheel>
