<?xml version="1.0" encoding="utf-8" standalone="no" ?>
<wheel>
    <default>
        <physics radius="0.866" width="0.48" mass="0.211" tireType="street" frictionScale="1.60" maxLongStiffness="8" maxLatStiffness="100" maxLatStiffnessLoad="2" />
        <tire filename="$data/shared/wheels/tires/michelin/agriBib2/R38_agriBib2.i3d" nodeLeft="2|0" nodeRight="2|0" maxDeformation="0.078" sideDeformOffset="0.949" isCareWheel="false" tireTrackAtlasIndex="0" />
        <outerRim filename="$data/shared/wheels/rims/rim001.i3d" node="0|0" widthAndDiam="16 38" />
        <innerRim filename="shared/wheels/rims/mf5400_rims.i3d" nodeLeft="1|1" nodeRight="1|0" scale="1 0.9 0.9" widthAndDiam="15 43" />
    </default>
	<configurations>
        <configuration id="weight1" >
            <additional filename="shared/wheels/weights/wheelweight.i3d" nodeLeft="0|0" nodeRight="0|1" offset="-0.02" scale="1 1.3 1.3" mass="0.5" />
        </configuration>
    </configurations>
</wheel>
