<?xml version="1.0" encoding="utf-8" standalone="no" ?>


<!-- Strobe2         -->

<vehicle>
       <beaconLights>
            <beaconLight node="strobeLens2" intensity="50" multiBlink="true">
                <realLight node="realLightStrobe2"/>
                <device mode="DOUBLE_BLINK_TRIPLE_WAIT" rpm="100" numLEDScale="1" brightnessScale="1"/>
            </beaconLight>                                                                            
        </beaconLights>

    <i3dMappings>
        <i3dMapping id="realLightStrobe2" node="4>0|1" />
        <i3dMapping id="strobeLens2" node="4>1" />
    </i3dMappings>

</vehicle>