<?xml version="1.0" encoding="utf-8" standalone="no" ?>
<wheel xmlns:xsi="http://www.w3.org/2001/XMLSchema-instance" xsi:noNamespaceSchemaLocation="../../../../../../shared/xml/schema/wheel.xsd">
    <brand>TRELLEBORG</brand>
    <name>TH400</name>
    <default>
        <physics radius="0.505" width="0.4" mass="0.088" tireType="mud" frictionScale="1.60" maxLongStiffness="8" maxLatStiffness="100" maxLatStiffnessLoad="2" />
        <tire filename="$data/shared/wheels/tires/trelleborg/TH400/R18_TH400.i3d" nodeLeft="1|0" nodeRight="1|0" maxDeformation="0.055" sideDeformOffset="0.960" isCareWheel="false" tireTrackAtlasIndex="0" />
        <outerRim filename="wheels/Rims2.i3d" nodeLeft="0|0" nodeRight="0|1" widthAndDiam="64 37"/>
    </default>
</wheel>
