<?xml version='1.0' encoding='utf-8' standalone='no'?>
<wheel xmlns:xsi="http://www.w3.org/2001/XMLSchema-instance" xsi:noNamespaceSchemaLocation="../../../../../../shared/xml/schema/wheel.xsd">
    <brand>TRELLEBORG</brand>
    <name>TM600</name>
    <default>
        <physics radius="0.482" width="0.4" mass="0.095" tireType="street" frictionScale="1.60" maxLongStiffness="8" maxLatStiffness="100" maxLatStiffnessLoad="2"/>
        <tire filename="wheels/R20_TH400.i3d" nodeLeft="0|0" nodeRight="0|0" maxDeformation="0.056" sideDeformOffset="0.950" isCareWheel="true" tireTrackAtlasIndex="0"/>
        <outerRim filename="wheels/rims.i3d" nodeLeft="0|0" nodeRight="0|1" widthAndDiam="37 40" />
    </default>
</wheel>
