<?xml version="1.0" encoding="utf-8" standalone="no" ?>
<wheel xmlns:xsi="http://www.w3.org/2001/XMLSchema-instance" xsi:noNamespaceSchemaLocation="../../../../../../shared/xml/schema/wheel.xsd">
    <brand>MICHELIN</brand>
    <name>AGRIBIB</name>
    <default>
        <physics radius="0.55" width="0.32" mass="0.088" tireType="mud" frictionScale="1.60" maxLongStiffness="8" maxLatStiffness="100" maxLatStiffnessLoad="2" />
        <tire filename="$data/shared/wheels/tires/michelin/agriBib/R24_agriBib.i3d" nodeLeft="2|0" nodeRight="2|0" maxDeformation="0.049" sideDeformOffset="0.967" isCareWheel="false" tireTrackAtlasIndex="0" />
        <outerRim filename="$data/shared/wheels/rims/rim001.i3d" node="0|0" widthAndDiam="11.5 25" />
        <innerRim filename="$data/shared/wheels/rims/rim004.i3d" nodeLeft="1|0" nodeRight="1|1" widthAndDiam="40 40" scale="0.635 0.635 0.635" />
    </default>
</wheel>
