<?xml version="1.0" encoding="utf-8" standalone="no" ?>
<wheel xmlns:xsi="http://www.w3.org/2001/XMLSchema-instance" xsi:noNamespaceSchemaLocation="../../../../../../shared/xml/schema/wheel.xsd">
    <brand>KLEBER</brand>
    <name>SKAYER</name>
    <default>
        <physics radius="0.85" width="0.46" mass="0.254" tireType="mud" frictionScale="1.60" maxLongStiffness="8" maxLatStiffness="100" maxLatStiffnessLoad="2"/>
        <tire filename="wheels/Skayer/Kleber/Kleber.i3d" nodeLeft="0|1" nodeRight="0|1" maxDeformation="0.078" sideDeformOffset="0.970" isCareWheel="false" tireTrackAtlasIndex="0"/>
        <innerRim filename="wheels/Rims/Jant.i3d" nodeLeft="0|4" nodeRight="0|5" offset="" scale="1.26 1.05 1.05"/>
    </default>
</wheel>
