﻿<?xml version="1.0" encoding="utf-8" standalone="no" ?>
<vehicle type="trailer">
    <annotation>Copyright (C) GIANTS Software GmbH, All Rights Reserved.</annotation>	
    <storeData>
        <name>Sayginlar</name>
        <functions>
            <function>$l10n_function_tipper</function>
        </functions>
        <image>store/store.dds</image>
        <price>7956</price>
        <dailyUpkeep>5</dailyUpkeep>
        <lifetime>600</lifetime>
        <rotation>0</rotation>
        <brand>LIZARD</brand>
        <category>trailers</category>
    </storeData>
	
	<base>
        <typeDesc>$l10n_typeDesc_tipper</typeDesc>
        <filename>Dubrava.i3d</filename>
        <size width="3" length="7.5" lengthOffset="1.1" />
        <components>
            <component centerOfMass="0 0.6 -0.4"  solverIterationCount="10" mass="1830"/>
            <component centerOfMass="0 0 0" solverIterationCount="10" mass="1300"/>
            <component solverIterationCount="10" mass="300"/>
            <joint component1="1" component2="2" node="0>5" rotLimit="0 120 2" transLimit="0 0 0" />
            <joint component1="2" component2="3" node="1>2" rotLimit="20 0 0" transLimit="0 0 0" />
        </components>
        <schemaOverlay attacherJointPosition="0 0">
            <default name="DEFAULT_IMPLEMENT"/>
            <selected name="DEFAULT_IMPLEMENT_SELECTED"/>
        </schemaOverlay>
    </base>

	<wheels>
        <wheelConfigurations>
            <wheelConfiguration name="$l10n_configuration_valueDefault" price="0" brand="LIZARD">
                <wheels>
                    <wheel isLeft="true" hasTireTracks="true" hasParticles="true" >
                        <physics tipOcclusionAreaGroupId="1" restLoad="1.1" repr="1>0"  forcePointRatio="0.5" initialCompression="20" suspTravel="0.20" spring="30" damper="7" radius="0.48" width="0.24" mass="0.119" tireType="offRoad" frictionScale="1.60" maxLongStiffness="8" maxLatStiffness="100" maxLatStiffnessLoad="2"/>
                    </wheel>
                    <wheel isLeft="false" hasTireTracks="true" hasParticles="true" >
                        <physics tipOcclusionAreaGroupId="1" restLoad="1.1" repr="1>1" forcePointRatio="0.5" initialCompression="20" suspTravel="0.20" spring="30" damper="7" radius="0.48" width="0.24" mass="0.119" tireType="offRoad" frictionScale="1.60" maxLongStiffness="8" maxLatStiffness="100" maxLatStiffnessLoad="2"/>
                    </wheel>
                    <wheel isLeft="true" hasTireTracks="true" hasParticles="true" >
                        <physics tipOcclusionAreaGroupId="1" restLoad="0.7" repr="0>0"   forcePointRatio="0.5" initialCompression="20" suspTravel="0.20" spring="30" damper="7" radius="0.48" width="0.24" mass="0.119" tireType="offRoad" frictionScale="1.60" maxLongStiffness="8" maxLatStiffness="100" maxLatStiffnessLoad="2"/>
                    </wheel>
                    <wheel isLeft="false" hasTireTracks="true" hasParticles="true" >
                        <physics tipOcclusionAreaGroupId="1" restLoad="0.7" repr="0>1"  forcePointRatio="0.5" initialCompression="20" suspTravel="0.20" spring="30" damper="7" radius="0.48" width="0.24" mass="0.119" tireType="offRoad" frictionScale="1.60" maxLongStiffness="8" maxLatStiffness="100" maxLatStiffnessLoad="2"/>
                    </wheel>
                </wheels>
            </wheelConfiguration>
         </wheelConfigurations>
    </wheels>
	
	<lights>
        <realLights>
            <high>
                <light node="0>3|0|0|12|0|1" lightTypes="0" />
                <turnLightLeft node="0>3|0|0|12|1|0|0" />
                <turnLightRight node="0>3|0|0|12|1|1|0" />
                <brakeLight node="0>3|0|0|12|0|0" />
            </high>
        </realLights>
		<defaultLights>
            <defaultLight shaderNode="0>2|1|4|0" lightTypes="0"/>
			<defaultLight shaderNode="0>2|1|5|0" lightTypes="0"/>
        </defaultLights>
		<turnLights>
            <turnLightLeft shaderNode="0>2|1|4|1" />
			<turnLightRight shaderNode="0>2|1|5|1" />
        </turnLights>
		<brakeLights>
            <brakeLight shaderNode="0>2|1|4|0" />
			<brakeLight shaderNode="0>2|1|5|0" />
        </brakeLights>
    </lights>
	
    <licensePlates>
		<licensePlate node="0>16" position="BACK" preferedType="SQUARISH" >
            <objectChange node="0>16" visibilityActive="true" />
        </licensePlate>
	</licensePlates>

	<connectionHoses>
		<target attacherJointIndices="1" type="hydraulicIn" node="0>2|3|0"/>
        <target attacherJointIndices="1" type="electric" node="0>3|0|0|13" length="1.75" diameter="0.008" />
        <target attacherJointIndices="1" type="airDoubleRed"  node="0>2|3|1" />
		<hose inputAttacherJointIndices="1" type="airDoubleRed"  node="2>2|0|2"  length="0.5" diameter="0.01" straighteningFactor="1.5" >
            <objectChange node="2>2|1|2" visibilityActive="false" visibilityInactive="true"/>
        </hose>
        <hose inputAttacherJointIndices="1" type="electric"  node="2>2|0|1"  length="1" diameter="0.01" straighteningFactor="0.5">
            <objectChange node="2>2|1|1" visibilityActive="false" visibilityInactive="true"/>
        </hose>
        <hose inputAttacherJointIndices="1" type="hydraulicIn" node="2>2|0|0" length="1" diameter="0.01" straighteningFactor="0.5">
            <objectChange node="2>2|1|0" visibilityActive="false" visibilityInactive="true"/>
        </hose>
    </connectionHoses>

	<attachable>
        <inputAttacherJoints>
            <inputAttacherJoint node="2>0" jointType="trailer" rootNode="2>" attacherHeight="0.874" />
        </inputAttacherJoints>
        <brakeForce force="0.1" maxForce="0.9" maxForceMass="8000"/>
        <support animationName="moveSupport" />
    </attachable>
	
	<attacherJoints>
        <attacherJoint node="0>4" jointType="trailer" lowerRotLimit="10 55 55" upperRotationOffset="0" allowsJointLimitMovement="false" canTurnOnImplement="false" >
            <schema position="1 0" rotation="0" invertX="false" />
        </attacherJoint>
        <sounds>
            <attach template="ATTACH_01" linkNode="0>" />
        </sounds>
    </attacherJoints>

	<fillVolume>
        <fillVolumeConfigurations>
            <fillVolumeConfiguration>
                <volumes>
                    <volume node="0>3|0|0|4|0" maxDelta="0.23" maxAllowedHeapAngle="18" fillUnitIndex="1"/>
                    <volume node="0>3|0|0|4|1" maxDelta="0.23" maxAllowedHeapAngle="18" fillUnitIndex="1"/>
                    <volume node="0>3|0|0|4|2" maxDelta="0.23" maxAllowedHeapAngle="18" fillUnitIndex="1"/>
                    <volume node="0>3|0|0|4|3" maxDelta="0.23" maxAllowedHeapAngle="18" fillUnitIndex="1"/>
                </volumes>
            </fillVolumeConfiguration>
        </fillVolumeConfigurations>

        <unloadInfos>
            <unloadInfo>
                <node node="0>3|0|0|3|0" width="1.5" length="0.4" priority="2" minHeight="0.4" />
                <node node="0>3|0|0|3|1" width="1.5" length="0.4" priority="2" minHeight="0.4" />
                <node node="0>3|0|0|3|2" width="1.5" length="1.0" />
                <node node="0>3|0|0|3|3" width="1.5" length="1.0" />
            </unloadInfo>
        </unloadInfos>
    </fillVolume>

    <fillUnit>
        <fillUnitConfigurations>
            <fillUnitConfiguration name="4000" price="0" params="4000">
                <fillUnits>
                    <fillUnit unit="$l10n_unit_literShort" fillTypeCategories="bulk" capacity="4000">
                        <exactFillRootNode node="0>3|0|0|19"/>
                        <autoAimTargetNode node="0>3|0|0|20" startZ="0.9" endZ="-2.8" invert="false" fillUnitIndex="1" startPercentage="25"/>
                    </fillUnit>
                </fillUnits>
                <objectChange node="0>3|0|0|22|0|9" visibilityActive="false" />
                <objectChange node="0>3|0|0|22|0|10" visibilityActive="false" />
                <objectChange node="0>3|0|0|22|0|11" visibilityActive="false" />
                <objectChange node="0>3|0|0|22|0|12" visibilityActive="false" />

                <objectChange node="0>3|0|0|4|0" visibilityActive="true" />
                <objectChange node="0>3|0|0|4|1" visibilityActive="false" />
                <objectChange node="0>3|0|0|4|2" visibilityActive="false" />
                <objectChange node="0>3|0|0|4|3" visibilityActive="false" />

                <objectChange node="0>3|0|0|22|0|3|0|5|0" visibilityActive="true" />
                <objectChange node="0>3|0|0|22|0|5|0|5|0" visibilityActive="true" />
                <objectChange node="0>3|0|0|22|0|3|0|5|1" visibilityActive="false" />
                <objectChange node="0>3|0|0|22|0|5|0|5|1" visibilityActive="false" />
                <objectChange node="0>3|0|0|22|0|3|0|5|2" visibilityActive="false" />
                <objectChange node="0>3|0|0|22|0|5|0|5|2" visibilityActive="false" />
                <objectChange node="0>3|0|0|22|0|3|0|5|3" visibilityActive="false" />
                <objectChange node="0>3|0|0|22|0|5|0|5|3" visibilityActive="false" />
                <objectChange node="0>3|0|0|22|0|3|0|5|4" visibilityActive="false" />
                <objectChange node="0>3|0|0|22|0|5|0|5|4" visibilityActive="false" />

            </fillUnitConfiguration>
			<fillUnitConfiguration name="5000" price="700" params="5000">
                <fillUnits>
                    <fillUnit unit="$l10n_unit_literShort" fillTypeCategories="bulk" capacity="5000">
                        <exactFillRootNode node="0>3|0|0|19"/>
                        <autoAimTargetNode node="0>3|0|0|20" startZ="0.9" endZ="-2.8" invert="false" fillUnitIndex="1" startPercentage="25"/>
                    </fillUnit>
                </fillUnits>
                <objectChange node="0>3|0|0|22|0|9" visibilityActive="true" />
                <objectChange node="0>3|0|0|22|0|10" visibilityActive="false" />
                <objectChange node="0>3|0|0|22|0|11" visibilityActive="false" />
                <objectChange node="0>3|0|0|22|0|12" visibilityActive="false" />

                <objectChange node="0>3|0|0|4|0" visibilityActive="false" />
                <objectChange node="0>3|0|0|4|1" visibilityActive="true" />
                <objectChange node="0>3|0|0|4|2" visibilityActive="false" />
                <objectChange node="0>3|0|0|4|3" visibilityActive="false" />

                <objectChange node="0>3|0|0|22|0|3|0|5|0" visibilityActive="false" />
                <objectChange node="0>3|0|0|22|0|5|0|5|0" visibilityActive="false" />
                <objectChange node="0>3|0|0|22|0|3|0|5|1" visibilityActive="true" />
                <objectChange node="0>3|0|0|22|0|5|0|5|1" visibilityActive="true" />
                <objectChange node="0>3|0|0|22|0|3|0|5|2" visibilityActive="false" />
                <objectChange node="0>3|0|0|22|0|5|0|5|2" visibilityActive="false" />
                <objectChange node="0>3|0|0|22|0|3|0|5|3" visibilityActive="false" />
                <objectChange node="0>3|0|0|22|0|5|0|5|3" visibilityActive="false" />
                <objectChange node="0>3|0|0|22|0|3|0|5|4" visibilityActive="false" />
                <objectChange node="0>3|0|0|22|0|5|0|5|4" visibilityActive="false" />
            </fillUnitConfiguration>
			<fillUnitConfiguration name="6000" price="1200" params="6000">
                <fillUnits>
                    <fillUnit unit="$l10n_unit_literShort" fillTypeCategories="bulk" capacity="6000">
                        <exactFillRootNode node="0>3|0|0|19"/>
                        <autoAimTargetNode node="0>3|0|0|20" startZ="0.9" endZ="-2.8" invert="false" fillUnitIndex="1" startPercentage="25"/>
                    </fillUnit>
                </fillUnits>
                <objectChange node="0>3|0|0|22|0|9" visibilityActive="true" />
                <objectChange node="0>3|0|0|22|0|10" visibilityActive="true" />
                <objectChange node="0>3|0|0|22|0|11" visibilityActive="false" />
                <objectChange node="0>3|0|0|22|0|12" visibilityActive="false" />

                <objectChange node="0>3|0|0|4|0" visibilityActive="false" />
                <objectChange node="0>3|0|0|4|1" visibilityActive="false" />
                <objectChange node="0>3|0|0|4|2" visibilityActive="true" />
                <objectChange node="0>3|0|0|4|3" visibilityActive="false" />

                <objectChange node="0>3|0|0|22|0|3|0|5|0" visibilityActive="false" />
                <objectChange node="0>3|0|0|22|0|5|0|5|0" visibilityActive="false" />
                <objectChange node="0>3|0|0|22|0|3|0|5|1" visibilityActive="false" />
                <objectChange node="0>3|0|0|22|0|5|0|5|1" visibilityActive="false" />
                <objectChange node="0>3|0|0|22|0|3|0|5|2" visibilityActive="true" />
                <objectChange node="0>3|0|0|22|0|5|0|5|2" visibilityActive="true" />
                <objectChange node="0>3|0|0|22|0|3|0|5|3" visibilityActive="false" />
                <objectChange node="0>3|0|0|22|0|5|0|5|3" visibilityActive="false" />
                <objectChange node="0>3|0|0|22|0|3|0|5|4" visibilityActive="false" />
                <objectChange node="0>3|0|0|22|0|5|0|5|4" visibilityActive="false" />
            </fillUnitConfiguration>
            <fillUnitConfiguration name="Tahta" price="1200" params="8000">
                <fillUnits>
                    <fillUnit unit="$l10n_unit_literShort" fillTypeCategories="bulk" capacity="8000">
                        <exactFillRootNode node="0>3|0|0|19"/>
                        <autoAimTargetNode node="0>3|0|0|20" startZ="0.9" endZ="-2.8" invert="false" fillUnitIndex="1" startPercentage="25"/>
                    </fillUnit>
                </fillUnits>
                <objectChange node="0>3|0|0|22|0|9" visibilityActive="true" />
                <objectChange node="0>3|0|0|22|0|10" visibilityActive="true" />
                <objectChange node="0>3|0|0|22|0|11" visibilityActive="true" />
                <objectChange node="0>3|0|0|22|0|12" visibilityActive="false" />

                <objectChange node="0>3|0|0|4|0" visibilityActive="false" />
                <objectChange node="0>3|0|0|4|1" visibilityActive="false" />
                <objectChange node="0>3|0|0|4|2" visibilityActive="false" />
                <objectChange node="0>3|0|0|4|3" visibilityActive="true" />

                <objectChange node="0>3|0|0|22|0|3|0|5|0" visibilityActive="false" />
                <objectChange node="0>3|0|0|22|0|5|0|5|0" visibilityActive="false" />
                <objectChange node="0>3|0|0|22|0|3|0|5|1" visibilityActive="false" />
                <objectChange node="0>3|0|0|22|0|5|0|5|1" visibilityActive="false" />
                <objectChange node="0>3|0|0|22|0|3|0|5|2" visibilityActive="false" />
                <objectChange node="0>3|0|0|22|0|5|0|5|2" visibilityActive="false" />
                <objectChange node="0>3|0|0|22|0|3|0|5|3" visibilityActive="true" />
                <objectChange node="0>3|0|0|22|0|5|0|5|3" visibilityActive="true" />
                <objectChange node="0>3|0|0|22|0|3|0|5|4" visibilityActive="false" />
                <objectChange node="0>3|0|0|22|0|5|0|5|4" visibilityActive="false" />
            </fillUnitConfiguration>
            <fillUnitConfiguration name="Pancar" price="1200" params="10000">
                <fillUnits>
                    <fillUnit unit="$l10n_unit_literShort" fillTypeCategories="bulk" capacity="10000">
                        <exactFillRootNode node="0>3|0|0|19"/>
                        <autoAimTargetNode node="0>3|0|0|20" startZ="0.9" endZ="-2.8" invert="false" fillUnitIndex="1" startPercentage="25"/>
                    </fillUnit>
                </fillUnits>
                <objectChange node="0>3|0|0|22|0|9" visibilityActive="true" />
                <objectChange node="0>3|0|0|22|0|10" visibilityActive="true" />
                <objectChange node="0>3|0|0|22|0|11" visibilityActive="false" />
                <objectChange node="0>3|0|0|22|0|12" visibilityActive="true" />
                <!--Fill Volume-->
                <objectChange node="0>3|0|0|4|0" visibilityActive="false" />
                <objectChange node="0>3|0|0|4|1" visibilityActive="false" />
                <objectChange node="0>3|0|0|4|2" visibilityActive="false" />
                <objectChange node="0>3|0|0|4|3" visibilityActive="true" />

                <objectChange node="0>3|0|0|22|0|3|0|5|0" visibilityActive="false" />
                <objectChange node="0>3|0|0|22|0|5|0|5|0" visibilityActive="false" />
                <objectChange node="0>3|0|0|22|0|3|0|5|1" visibilityActive="false" />
                <objectChange node="0>3|0|0|22|0|5|0|5|1" visibilityActive="false" />
                <objectChange node="0>3|0|0|22|0|3|0|5|2" visibilityActive="false" />
                <objectChange node="0>3|0|0|22|0|5|0|5|2" visibilityActive="false" />
                <objectChange node="0>3|0|0|22|0|3|0|5|3" visibilityActive="false" />
                <objectChange node="0>3|0|0|22|0|5|0|5|3" visibilityActive="false" />
                <objectChange node="0>3|0|0|22|0|3|0|5|4" visibilityActive="true" />
                <objectChange node="0>3|0|0|22|0|5|0|5|4" visibilityActive="true" />
            </fillUnitConfiguration>
        </fillUnitConfigurations>
    </fillUnit>
	
    <trailer>
        <trailerConfigurations>
		    <trailerConfiguration>
                <trailer>
                    <tipSide name="$l10n_info_tipSideBack" dischargeNodeIndex="1" unloadInfoIndex="4">
                        <animation name="tipAnimationBack" speedScale="1.0" startTipTime="0.1" />
                    </tipSide>
                </trailer>
            </trailerConfiguration>
        </trailerConfigurations>
    </trailer>

	<dischargeable>
        <dischargeNode node="0>10" emptySpeed="765"  fillUnitIndex="1" unloadInfoIndex="1" >
            <info width="4" length="0.5" />
            <effects>
                <effectNode effectNode="0>3|0|0|8|0|0" materialType="unloading" materialTypeId="1" fadeTime="0.5"/>
                <effectNode effectNode="0>3|0|0|8|0|1" materialType="smoke"     materialTypeId="1" fadeTime="0.5" />
            </effects>
        </dischargeNode>
        <dischargeNode node="0>11" emptySpeed="765"  fillUnitIndex="1" unloadInfoIndex="2" >
            <info width="4" length="0.5" />
            <effects>
                <effectNode effectNode="0>3|0|0|9|0|0" materialType="unloading" materialTypeId="1" fadeTime="0.5"/>
                <effectNode effectNode="0>3|0|0|9|0|1" materialType="smoke"     materialTypeId="1" fadeTime="0.5" />
            </effects>
        </dischargeNode>
    </dischargeable>
	
    <fillRootNode node="0>" />
   
    <fillMassNode node="0>" />
    <supportsFillTriggers value="true" />
	
    <cylindered>
		<movingTools>
			<movingTool node="0>3|0">
				<dependentPart node="0>2|2|0"/>
				<dependentPart node="0>2|2|1"/>
			</movingTool>
			<movingTool node="0>3">
				<dependentPart node="0>2|2|0"/>
				<dependentPart node="0>2|2|1"/>
			</movingTool>
            <movingTool node="0>3|0|0" playSound="true">
                <dependentPart node="0>2|2|2"/>
            </movingTool>
		</movingTools>
		
		<movingParts>
			<movingPart node="0>2|2|0" referencePoint="0>3|0|0|10" referenceFrame="0>3|0|0|10">
				<translatingPart node="0>2|2|0|0"/>
				<translatingPart node="0>2|2|0|0|0"/>
			</movingPart>
			<movingPart node="0>2|2|1" referencePoint="0>3|0|0|11" referenceFrame="0>3|0|0|11">
				<translatingPart node="0>2|2|1|0"/>
				<translatingPart node="0>2|2|1|0|0"/>
			</movingPart>
            <movingPart node="0>2|2|2" referencePoint="0>3|0|0|21" referenceFrame="0>13" limitedAxis="3">
                <dependentPart node="0>2|2|2|0"/>
            </movingPart>
            
			<movingPart node="0>2|2|2|0" referencePoint="0>3|0|0|21" referenceFrame="0>12" limitedAxis="2">
                <translatingPart node="0>2|2|2|0|0"/>
                <translatingPart node="0>2|2|2|0|0|0"/>
                <translatingPart node="0>2|2|2|0|0|0|0"/>
                <translatingPart node="0>2|2|2|0|0|0|0|0"/>
            </movingPart>
		</movingParts>
	</cylindered>

    <animations>
        <animation name="tipAnimationBack">
			<part node="0>3|0|0|5|0|1"          startTime="0.4" endTime="0.8"   startTrans="1.124 -0.031 4.749" endTrans="1.124 -0.031 4.704" />
			<part node="0>3|0|0|5|0|1"          startTime="0.8" endTime="1"   startRot="0 0 0" endRot="0 0 -30" />
            <part node="0>3|0|0"            startTime="1" endTime="4"   startRot="0 0 0" endRot="-35 0 0" />
            <part node="0>3|0|0|16|5"            startTime="1" endTime="3"   startRot="0 0 90" endRot="0 0 -45" />
            <part node="0>3|0|0|8|0"    startTime="1" endTime="8"   startRot="0 0 0" endRot="0 0 0" />
            <part node="0>3|0|0|8|0"    startTime="1" endTime="8"   startRot="0 0 0" endRot="0 0 0" />
            <part node="0>3|0|0|16|0"    startTime="1" endTime="8"   startRot="0 0 0" endRot="50 0 0" />
			<part node="0>3|0|0|22|7"     startTime="0.0" endTime="3"  startRot="0 0 0" endRot="-140 0 0" />
            <part node="0>3|0|0|22|0|7|0"     startTime="0.0" endTime="1"  startRot="0 0 0" endRot="0 0 -140" />
        </animation>
        <animation name="LeftDoor">
            <part node="0>3|0|0|22|0|6" startTime="0.0" endTime="0.8" startRot="0 0 0" endRot="0 0 160"/>
        </animation>
        <animation name="LeftDoorB">
            <part node="0>3|0|0|22|0|5" startTime="0.0" endTime="0.8" startRot="0 0 0" endRot="0 0 160"/>
        </animation>
        <animation name="RightDoor">
            <part node="0>3|0|0|22|0|4" startTime="0.0" endTime="0.8" startRot="0 0 0" endRot="0 0 -160"/>
        </animation>
        <animation name="RightDoorB">
            <part node="0>3|0|0|22|0|3" startTime="0.0" endTime="0.8" startRot="0 0 0" endRot="0 0 -160"/>
        </animation>
        <animation name="BackDoor">
            <part node="0>3|0|0|22|0|7|0" startTime="0.0" endTime="0.8" startRot="0 0 0" endRot="0 0 -160"/>
        </animation>
        <animation name="RightExtraB">
            <part node="0>3|0|0|22|0|9|0" startTime="0.01" endTime="0.02" visibility="false" />
            <part node="0>3|0|0|22|0|9|0" startTime="0" endTime="0.01" visibility="true" />
        </animation>
        <animation name="RightExtraF">
            <part node="0>3|0|0|22|0|9|1" startTime="0.01" endTime="0.02" visibility="false" />
            <part node="0>3|0|0|22|0|9|1" startTime="0" endTime="0.01" visibility="true" />
        </animation>
        <animation name="LeftExtraF">
            <part node="0>3|0|0|22|0|9|2" startTime="0.01" endTime="0.02" visibility="false" />
            <part node="0>3|0|0|22|0|9|2" startTime="0" endTime="0.01" visibility="true" />
        </animation>
        <animation name="LeftExtraB">
            <part node="0>3|0|0|22|0|9|3" startTime="0.01" endTime="0.02" visibility="false" />
            <part node="0>3|0|0|22|0|9|3" startTime="0" endTime="0.01" visibility="true" />
        </animation>
        <animation name="ExtraBack">
            <part node="0>3|0|0|22|0|9|4" startTime="0.01" endTime="0.02" visibility="false" />
            <part node="0>3|0|0|22|0|9|4" startTime="0" endTime="0.01" visibility="true" />
        </animation>
        <animation name="RightExtraFF">
            <part node="0>3|0|0|22|0|10|0" startTime="0.01" endTime="0.02" visibility="false" />
            <part node="0>3|0|0|22|0|10|0" startTime="0" endTime="0.01" visibility="true" />
        </animation>
        <animation name="LeftExtraFF">
            <part node="0>3|0|0|22|0|10|1" startTime="0.01" endTime="0.02" visibility="false" />
            <part node="0>3|0|0|22|0|10|1" startTime="0" endTime="0.01" visibility="true" />
        </animation>
        <animation name="LeftExtraBF">
            <part node="0>3|0|0|22|0|10|2" startTime="0.01" endTime="0.02" visibility="false" />
            <part node="0>3|0|0|22|0|10|2" startTime="0" endTime="0.01" visibility="true" />
        </animation>
        <animation name="RightExtraBF">
            <part node="0>3|0|0|22|0|10|4" startTime="0.01" endTime="0.02" visibility="false" />
            <part node="0>3|0|0|22|0|10|4" startTime="0" endTime="0.01" visibility="true" />
        </animation>
        <animation name="ExtraBackB">
            <part node="0>3|0|0|22|0|10|3" startTime="0.01" endTime="0.02" visibility="false" />
            <part node="0>3|0|0|22|0|10|3" startTime="0" endTime="0.01" visibility="true" />
        </animation>
        <animation name="FrontDoor">
            <part node="0>3|0|0|22|0|8" startTime="0.0" endTime="0.8" startRot="0 0 0" endRot="75 0 0"/>
        </animation>
    </animations>

    <simpleIC outsideInteractionTrigger="0>15" reachDistance="1.8" >
        <animation animationName="LeftDoor" animationSpeed="1" sharedAnimation="false" soundVolumeIncreasePercentage="0.5" >
		    <outsideTrigger triggerPoint="0>3|0|0|22|0|6|0|0" triggerPointSize="0.04" />
	    </animation>
        <animation animationName="LeftDoorB" animationSpeed="1" sharedAnimation="false" soundVolumeIncreasePercentage="0.5" >
		    <outsideTrigger triggerPoint="0>3|0|0|22|0|5|0|0" triggerPointSize="0.04" />
	    </animation>
        <animation animationName="RightDoor" animationSpeed="1" sharedAnimation="false" soundVolumeIncreasePercentage="0.5" >
		    <outsideTrigger triggerPoint="0>3|0|0|22|0|4|0|0" triggerPointSize="0.04" />
	    </animation>
        <animation animationName="RightDoorB" animationSpeed="1" sharedAnimation="false" soundVolumeIncreasePercentage="0.5" >
		    <outsideTrigger triggerPoint="0>3|0|0|22|0|3|0|0" triggerPointSize="0.04" />
	    </animation>
        <animation animationName="BackDoor" animationSpeed="1" sharedAnimation="false" soundVolumeIncreasePercentage="0.5" >
		    <outsideTrigger triggerPoint="0>3|0|0|22|0|7|0|0" triggerPointSize="0.04" />
	    </animation>
        <animation animationName="RightExtraB" animationSpeed="1" sharedAnimation="false" soundVolumeIncreasePercentage="0.5" >
		    <outsideTrigger triggerPoint="0>3|0|0|22|0|9|0|0" triggerPointSize="0.04" />
	    </animation>
        <animation animationName="RightExtraF" animationSpeed="1" sharedAnimation="false" soundVolumeIncreasePercentage="0.5" >
		    <outsideTrigger triggerPoint="0>3|0|0|22|0|9|1|0" triggerPointSize="0.04" />
	    </animation>
        <animation animationName="LeftExtraF" animationSpeed="1" sharedAnimation="false" soundVolumeIncreasePercentage="0.5" >
		    <outsideTrigger triggerPoint="0>3|0|0|22|0|9|2|0" triggerPointSize="0.04" />
	    </animation>
        <animation animationName="LeftExtraB" animationSpeed="1" sharedAnimation="false" soundVolumeIncreasePercentage="0.5" >
		    <outsideTrigger triggerPoint="0>3|0|0|22|0|9|3|0" triggerPointSize="0.04" />
	    </animation>
        <animation animationName="ExtraBack" animationSpeed="1" sharedAnimation="false" soundVolumeIncreasePercentage="0.5" >
		    <outsideTrigger triggerPoint="0>3|0|0|22|0|9|4|0" triggerPointSize="0.04" />
	    </animation>
        <animation animationName="RightExtraFF" animationSpeed="1" sharedAnimation="false" soundVolumeIncreasePercentage="0.5" >
		    <outsideTrigger triggerPoint="0>3|0|0|22|0|10|0|0" triggerPointSize="0.04" />
	    </animation>
        <animation animationName="LeftExtraFF" animationSpeed="1" sharedAnimation="false" soundVolumeIncreasePercentage="0.5" >
		    <outsideTrigger triggerPoint="0>3|0|0|22|0|10|1|0" triggerPointSize="0.04" />
	    </animation>
        <animation animationName="LeftExtraBF" animationSpeed="1" sharedAnimation="false" soundVolumeIncreasePercentage="0.5" >
		    <outsideTrigger triggerPoint="0>3|0|0|22|0|10|2|0" triggerPointSize="0.04" />
	    </animation>
        <animation animationName="RightExtraBF" animationSpeed="1" sharedAnimation="false" soundVolumeIncreasePercentage="0.5" >
		    <outsideTrigger triggerPoint="0>3|0|0|22|0|10|4|0" triggerPointSize="0.04" />
	    </animation>
        <animation animationName="ExtraBackB" animationSpeed="1" sharedAnimation="false" soundVolumeIncreasePercentage="0.5" >
		    <outsideTrigger triggerPoint="0>3|0|0|22|0|10|3|0" triggerPointSize="0.04" />
	    </animation>
        <animation animationName="FrontDoor" animationSpeed="1" sharedAnimation="false" soundVolumeIncreasePercentage="0.5" >
		    <outsideTrigger triggerPoint="0>3|0|0|22|0|8|0|0" triggerPointSize="0.04" />
	    </animation>
    </simpleIC>

	<foliageBending>
        <bendingNode minX="-1.0" maxX="1.0" minZ="-2.0" maxZ="2.25" yOffset="0.6" />
        <bendingNode minX="-1.0" maxX="1.0" minZ="-2.0" maxZ="-0.3" yOffset="0.6" />
    </foliageBending>
	
    <wearable wearDuration="480" workMultiplier="5" fieldMultiplier="2"/>
    <washable dirtDuration="90" washDuration="1" workMultiplier="3" fieldMultiplier="2"/>

    <baseMaterial>
	    <material name="Trailer" baseNode="0>3|0|0|22|0|0">
            <shaderParameter name="colorMat0" value="0.494 0.002 0.001 0"/>
        </material>
        <material name="Wheel" baseNode="1>0|0|0">
            <shaderParameter name="colorMat0" value="1 1 1 0"/>
        </material>
        <material name="Decal" baseNode="0>3|0|0|22|0|0|0">
            <shaderParameter name="colorMat0" value="1 1 1 0"/>
        </material>
        <material name="DecalExtra" baseNode="0>3|0|0|22|0|3|0|3">
            <shaderParameter name="colorMat0" value="1 1 1 0"/>
        </material>
        <material name="BrandW" baseNode="0>3|0|0|22|0|3|0|5|0">
            <shaderParameter name="colorMat0" value="1 1 1 0"/>
        </material>
        <material name="DecalExtra1" baseNode="0>3|0|0|22|0|0|0">
            <shaderParameter name="colorMat1" value="0 0.25 0 0"/>
        </material>
        <material name="DecalExtra2" baseNode="0>3|0|0|22|0|3|0|4">
            <shaderParameter name="colorMat1" value="0 0.25 0 0"/>
        </material>
	</baseMaterial>

    <baseMaterialConfigurations title="Trailer" price="200" useDefaultColors="true" defaultColorIndex="0">
        <baseMaterialConfiguration name="Orjinal" color="0.494 0.002 0.001 0"/>
        <material name="Trailer" shaderParameter="colorMat0"/>
    </baseMaterialConfigurations>

    <designMaterialConfigurations title="Wheel" price="200" useDefaultColors="true" defaultColorIndex="0">
        <designMaterialConfiguration name="Orjinal" color="1 1 1 0"/>
        <material name="Wheel" shaderParameter="colorMat0" />
    </designMaterialConfigurations>

    <designMaterial2Configurations title="Decal 1" price="750" useDefaultColors="true" defaultColorIndex="0">
        <designMaterial2Configuration name="Orjinal" color="1 1 1 0"/>
        <material name="Decal" shaderParameter="colorMat0" />
        <material name="DecalExtra" shaderParameter="colorMat0" />
        <material name="BrandW" shaderParameter="colorMat0" />
    </designMaterial2Configurations>
    <designMaterial3Configurations title="Decal 2" price="750" useDefaultColors="true" defaultColorIndex="0">
        <designMaterial3Configuration name="Orjinal" color="0 0.25 0 0"/>
        <material name="DecalExtra1" shaderParameter="colorMat1" />
        <material name="DecalExtra2" shaderParameter="colorMat1" />
    </designMaterial3Configurations>
</vehicle>
