<?xml version="1.0" encoding="utf-8" standalone="no"?>
<modDesc descVersion="61">
    <author>Ramazan</author>
    <version>1.0.0.0</version>
    <title>
        <en>Sayginlar</en>
        <de>Sayginlar</de>
    </title>
	
    <description>
        <en>Sayginlar to transport from chopped silage mixed feed wheat barley maize rape potatoes beet chips</en>
        <de>Sayginlar zum transpotieren von Häckselgut Silage Mischfutter Weizen Gerste Kartoffeln Zuckerrüben Mais Raps Hackschnitzel</de>
    </description>
	
    <iconFilename>store/icon_Dubrava.dds</iconFilename>
    <multiplayer supported="true"/>

    <storeItems>
		<storeItem xmlFilename="Dubrava.xml"/>
    </storeItems>
</modDesc>
