<?xml version="1.0" encoding="utf-8" standalone="no" ?>
<sounds xmlns:xsi="http://www.w3.org/2001/XMLSchema-instance" xsi:noNamespaceSchemaLocation="../../../../../shared/xml/schema/vehicle_sounds.xsd">
    <motorized>
        <sounds>
            <motor template="engineLarge" file="$data/vehicles/newHolland/chSeries/sounds/chSeries_loop.gls" volumeScale="1.6"/>
            <motor template="indoorCabinRumble" />
            <gearbox template="transmissionHarvester" pitchScale="0.9" volumeScale="0.9"/>
            <reverseDrive template="REVERSE_BEEP_01" />
        </sounds>
    </motorized>

    <lights>
        <sounds>
            <toggleLights template="SWITCH_01"  />
            <turnLight template="SWITCH_TURNLIGHT"  />
        </sounds>
    </lights>

    <attacherJoints>
        <sounds>
            <attach template="HEADER_ATTACH_01" linkNode="attacherJoint"/>
            <hydraulic template="defaultHydraulicHarvesters" linkNode="attacherJoint"/>
        </sounds>   
    </attacherJoints>

    <drivable>
        <sounds>
            <waterSplash template="WATER_SPLASH_01" />
        </sounds>
    </drivable>
    
    <combine>
        <sounds>
            <chopperWork template="harvesterChopper" linkNode="chopperPlate"/>
            <chopStraw   template="chopStrawDischarge" linkNode="chopperPlate"/>
            <dropStraw   template="dropStrawDischarge" linkNode="chopperPlate"/>
        </sounds>
    </combine>

    <honk>
        <sound template="HONK_NH_TX32" />
    </honk>
</sounds>
