<?xml version="1.0" encoding="utf-8" standalone="no"?>
<wheel xmlns:xsi="http://www.w3.org/2001/XMLSchema-instance" xsi:noNamespaceSchemaLocation="../../../../../../shared/xml/schema/wheel.xsd">
    <brand>MICHELIN</brand>
    <name>AGRIBIB</name>
    <default>
        <physics radius="0.836" width="0.39" mass="0.256" tireType="mud" frictionScale="1.60" maxLongStiffness="8" maxLatStiffness="100" maxLatStiffnessLoad="2"/>
        <tire filename="$data/shared/wheels/tires/michelin/agriBib/R38_agriBib.i3d" nodeLeft="5|0" nodeRight="5|0" maxDeformation="0.073" sideDeformOffset="0.955" isCareWheel="true" tireTrackAtlasIndex="0"/>
        <outerRim filename="series5M.i3d" node="0|0|11|4|0" widthAndDiam="13 38"/>
        <innerRim filename="series5M.i3d" nodeLeft="0|0|11|4|3|2" nodeRight="0|0|11|4|3|3" scale="1 0.87 0.87"/>
    </default>
    <configurations>
        <configuration id="dual">
            <innerRim filename="-"/>
        </configuration>
        <configuration id="jd">
            <innerRim filename="$data/shared/wheels/rims/rim006.i3d" nodeLeft="0|0" nodeRight="0|1" />
        </configuration>
        <configuration id="weight3">
            <additional filename="$data/shared/wheels/weights/weight003.i3d" nodeLeft="0|0" nodeRight="0|1" offset="0.05" scale="0.25 0.85 0.85" mass="0.6"/>
        </configuration>
    </configurations>
</wheel>
