<?xml version="1.0" encoding="utf-8" standalone="no" ?>
<prefabDesc descVersion="1">
    <author>Nasif_Modding</author>
    <version>1.0.0.0</version>
<title>
<en>Owl Lights</en>
<de>Eulenlichter</de>
<fr>Lumières Hibou</fr>
<br>Corujinhas</br>
<es>Corujinhas</es>
</title>


    <iconFilename>icon_Corujinhas.dds</iconFilename>
	<categories>
        <category>others</category>
    </categories>
	
	<prefabs>
		<prefab name="foguinYellow" i3dFilename="lights/foguinYellow.i3d" />
		<prefab name="foguinRed" i3dFilename="lights/foguinRed.i3d" />
		<prefab name="foguinGreen" i3dFilename="lights/foguinGreen.i3d" />
		<prefab name="foguinBlue" i3dFilename="lights/foguinBlue.i3d" />
	</prefabs>

<description>
<en>
<![CDATA[
These Owl lights are very common in Brazil and can be integrated into the model of your choice with the Giants Editor.
]]>
</en>
<de>
<![CDATA[
Diese Eulenlichter sind in Brasilien sehr verbreitet und können mit dem Giants Editor in das Modell Ihrer Wahl integriert werden.]]>
</de>
<fr>
<![CDATA[
Le modèle Lumières de hibou de décoration s'illumine, très répandu au Brésil et peut être intégré au modèle de votre choix avec Giants Editor.
]]>
</fr>
<br>
<![CDATA[
O modelo Corujinhas acende e são muito comuns no Brasil e podem ser integrados ao modelo que você escolher com o Giants Editor.
.]]>
</br>
<es>
<![CDATA[
El modelo de Corujinhas se ilumina y que son muy comunes en Brasil y se puede integrar en el modelo que elijas con el Giants Editor.
]]>
</es>
</description>
</prefabDesc>