﻿<?xml version="1.0" encoding="utf-8" standalone="no" ?>
<vehicle type="tractor" xmlns:xsi="http://www.w3.org/2001/XMLSchema-instance" xsi:noNamespaceSchemaLocation="../../../../shared/xml/schema/vehicle.xsd">
    <annotation>Copyright (C) GIANTS Software GmbH, All Rights Reserved.</annotation>
    <storeData>
        <name>
            <en>NH TDD PLUS</en></name>
        <specs>
            <power>75</power>
            <maxSpeed>43</maxSpeed>
        </specs>
        <functions>
            <function>$l10n_function_tractor</function>
            <function>$l10n_function_tractorFrontloader</function>
        </functions>
        <image>Huds/store_TDD.dds</image>
        <price>20500</price>
        <lifetime>600</lifetime>
        <rotation>0</rotation>
        <brand>NEWHOLLAND</brand>
        <category>tractorsS</category>
        <shopTranslationOffset>0 -0.047 0</shopTranslationOffset>
        <shopRotationOffset>-0.397 0 0</shopRotationOffset>
        <vertexBufferMemoryUsage>5817088</vertexBufferMemoryUsage>
        <indexBufferMemoryUsage>1481472</indexBufferMemoryUsage>
        <textureMemoryUsage>5963776</textureMemoryUsage>
        <instanceVertexBufferMemoryUsage>0</instanceVertexBufferMemoryUsage>
        <instanceIndexBufferMemoryUsage>0</instanceIndexBufferMemoryUsage>
        <audioMemoryUsage>349743</audioMemoryUsage>
    </storeData>
    <base>
        <typeDesc>$l10n_typeDesc_tractor</typeDesc>
        <filename>TDD.i3d</filename>
        <sounds filename="sounds/tdd.xml"/>
        <size width="3.2" length="5" height="3" lengthOffset="0.1"/>
        <components>
            <component centerOfMass="0 0.95 -0.55" solverIterationCount="20" mass="1600"/>
            <component centerOfMass="0 0 0" solverIterationCount="25" mass="1300"/>
            <joint component1="1" component2="2" node="axisJoint" rotLimit="0 0 10" rotLimitSpring="0 0 0" rotLimitDamping="0 0 0" maxRotDriveForce="0 0 0" rotDriveRotation="0 0 0" rotDriveSpring="0 0 0" rotDriveDamping="0 0 0" breakable="false"/>			
        </components>
        <schemaOverlay attacherJointPosition="0 0" name="VEHICLE"/>
        <mapHotspot type="TRACTOR"/>
    </base>
    <honk>
        <sound file="sounds/korna.ogg" innerRadius="5">
            <volume indoor="2" outdoor="5.00"/>
            <pitch outdoor="1.00"/>
            <lowpassGain indoor="0.95"/>
        </sound>
    </honk>
    <wheels>
        <wheelConfigurations>
            <wheelConfiguration name="BALON" price="0" brand="LIZARD">
                <wheels autoRotateBackSpeed="1.7" differentialIndex="1" ackermannSteeringIndex="1">
                    <wheel filename="wheels/Skayer/Stomil/On.xml" isLeft="true" hasTireTracks="true" hasParticles="true">
                        <physics rotSpeed="1" restLoad="1.1" repr="axisFrontLeft"  driveNode="wheelFrontLeft"  forcePointRatio="0.45" initialCompression="25" suspTravel="0.11" spring="60" damper="50" yOffset="0.03"/>
                        <fender node="fenderLeft" rotMax="15"/>
                        <steering node="" nodeMinTransX="0.11" nodeMaxTransX="-0.11"/>
                    </wheel>
                    <wheel filename="wheels/Skayer/Stomil/On.xml" isLeft="false" hasTireTracks="true" hasParticles="true">
                        <physics rotSpeed="1" restLoad="1.1" repr="axisFrontRight" driveNode="wheelFrontRight" forcePointRatio="0.45" initialCompression="25" suspTravel="0.11" spring="60" damper="50" yOffset="0.03"/>            
                        <fender node="fenderRight" rotMin="-15"/>
                    </wheel>
                    <wheel filename="wheels/Skayer/Stomil/Arka.xml" isLeft="true" hasTireTracks="true" hasParticles="true">
                        <physics rotSpeed="0" restLoad="1.0" repr="wheelBackLeft" forcePointRatio="0.5" initialCompression="20" suspTravel="0.2" spring="60" damper="60"/>
                    </wheel>
                    <wheel filename="wheels/Skayer/Stomil/Arka.xml" isLeft="false" hasTireTracks="true" hasParticles="true">
                        <physics rotSpeed="0" restLoad="1.0" repr="wheelBackRight" forcePointRatio="0.5" initialCompression="20" suspTravel="0.2" spring="60" damper="60"/>
                    </wheel>
                </wheels>
                <objectChange node="1>0|1|0|1|0|2" visibilityActive="true"/>
                <objectChange node="1>0|1|0|1|0|2" scaleActive="0.98 0.98 0.98" />
                <objectChange node="1>0|0|0|1|0|2" visibilityActive="true"/>
                <objectChange node="1>0|0|0|1|0|2" scaleActive="0.98 0.98 0.98" />
            </wheelConfiguration>
            <wheelConfiguration name="R30" price="500" brand="LIZARD">
                <wheels autoRotateBackSpeed="1.7" differentialIndex="1" ackermannSteeringIndex="1">
                    <wheel filename="wheels/Skayer/Stomil/On24.xml" isLeft="true" hasTireTracks="true" hasParticles="true">
                        <physics rotSpeed="1" restLoad="1.1" repr="axisFrontLeft"  driveNode="wheelFrontLeft"  forcePointRatio="0.45" initialCompression="25" suspTravel="0.11" spring="60" damper="50" yOffset="0.03"/>
                        <fender node="fenderLeft" rotMax="15"/>
                        <steering node="" nodeMinTransX="0.11" nodeMaxTransX="-0.11"/>
                    </wheel>
                    <wheel filename="wheels/Skayer/Stomil/On24.xml" isLeft="false" hasTireTracks="true" hasParticles="true">
                        <physics rotSpeed="1" restLoad="1.1" repr="axisFrontRight" driveNode="wheelFrontRight" forcePointRatio="0.45" initialCompression="25" suspTravel="0.11" spring="60" damper="50" yOffset="0.03"/>            
                        <fender node="fenderRight" rotMin="-15"/>
                    </wheel>
                    <wheel filename="wheels/Skayer/Stomil/Arka30.xml" isLeft="true" hasTireTracks="true" hasParticles="true">
                        <physics rotSpeed="0" restLoad="1.0" repr="wheelBackLeft" forcePointRatio="0.5" initialCompression="20" suspTravel="0.2" spring="60" damper="60"/>
                    </wheel>
                    <wheel filename="wheels/Skayer/Stomil/Arka30.xml" isLeft="false" hasTireTracks="true" hasParticles="true">
                        <physics rotSpeed="0" restLoad="1.0" repr="wheelBackRight" forcePointRatio="0.5" initialCompression="20" suspTravel="0.2" spring="60" damper="60"/>
                    </wheel>
                </wheels>
                <objectChange node="1>0|1|0|1|0|3" visibilityActive="true"/>
                <objectChange node="1>0|1|0|1|0|3" scaleActive="1.05 0.95 0.95" />
                <objectChange node="1>0|0|0|1|0|3" visibilityActive="true"/>
                <objectChange node="1>0|0|0|1|0|3" scaleActive="1.05 0.95 0.95" />
            </wheelConfiguration>
            <wheelConfiguration name="KLEBER 34" price="0" brand="KLEBER">
                <wheels autoRotateBackSpeed="1.7" differentialIndex="1" ackermannSteeringIndex="1">
                    <wheel filename="wheels/Skayer/Kleber/On24.xml" isLeft="true" hasTireTracks="true" hasParticles="true">
                        <physics rotSpeed="1" restLoad="1.1" repr="axisFrontLeft"  driveNode="wheelFrontLeft"  forcePointRatio="0.45" initialCompression="25" suspTravel="0.11" spring="60" damper="50" yOffset="0.03"/>
                        <fender node="fenderLeft" rotMax="15"/>
                        <steering node="" nodeMinTransX="0.11" nodeMaxTransX="-0.11"/>
                    </wheel>
                    <wheel filename="wheels/Skayer/Kleber/On24.xml" isLeft="false" hasTireTracks="true" hasParticles="true">
                        <physics rotSpeed="1" restLoad="1.1" repr="axisFrontRight" driveNode="wheelFrontRight" forcePointRatio="0.45" initialCompression="25" suspTravel="0.11" spring="60" damper="50" yOffset="0.03"/>            
                        <fender node="fenderRight" rotMin="-15"/>
                    </wheel>
                    <wheel filename="wheels/Skayer/Kleber/Arka34.xml" isLeft="true" hasTireTracks="true" hasParticles="true">
                        <physics rotSpeed="0" restLoad="1.0" repr="wheelBackLeft" forcePointRatio="0.5" initialCompression="20" suspTravel="0.2" spring="60" damper="60"/>
                    </wheel>
                    <wheel filename="wheels/Skayer/Kleber/Arka34.xml" isLeft="false" hasTireTracks="true" hasParticles="true">
                        <physics rotSpeed="0" restLoad="1.0" repr="wheelBackRight" forcePointRatio="0.5" initialCompression="20" suspTravel="0.2" spring="60" damper="60"/>
                    </wheel>
                </wheels>
                <objectChange node="1>0|1|0|1|0|2" visibilityActive="true"/>
                <objectChange node="1>0|1|0|1|0|2" scaleActive="0.98 0.98 0.98" />
                <objectChange node="1>0|0|0|1|0|2" visibilityActive="true"/>
                <objectChange node="1>0|0|0|1|0|2" scaleActive="0.98 0.98 0.98" />
            </wheelConfiguration>
            <wheelConfiguration name="KLEBER BALON" price="150" brand="KLEBER">
                <wheels autoRotateBackSpeed="1.7" differentialIndex="1" ackermannSteeringIndex="1">
                    <wheel filename="wheels/Skayer/Kleber/On.xml" isLeft="true" hasTireTracks="true" hasParticles="true">
                        <physics rotSpeed="1" restLoad="1.1" repr="axisFrontLeft"  driveNode="wheelFrontLeft"  forcePointRatio="0.45" initialCompression="25" suspTravel="0.11" spring="60" damper="50" yOffset="0.03"/>
                        <fender node="fenderLeft" rotMax="15"/>
                        <steering node="" nodeMinTransX="0.11" nodeMaxTransX="-0.11"/>
                    </wheel>
                    <wheel filename="wheels/Skayer/Kleber/On.xml" isLeft="false" hasTireTracks="true" hasParticles="true">
                        <physics rotSpeed="1" restLoad="1.1" repr="axisFrontRight" driveNode="wheelFrontRight" forcePointRatio="0.45" initialCompression="25" suspTravel="0.11" spring="60" damper="50" yOffset="0.03"/>            
                        <fender node="fenderRight" rotMin="-15"/>
                    </wheel>
                    <wheel filename="wheels/Skayer/Kleber/Arka.xml" isLeft="true" hasTireTracks="true" hasParticles="true">
                        <physics rotSpeed="0" restLoad="1.0" repr="wheelBackLeft" forcePointRatio="0.5" initialCompression="20" suspTravel="0.2" spring="60" damper="60"/>
                    </wheel>
                    <wheel filename="wheels/Skayer/Kleber/Arka.xml" isLeft="false" hasTireTracks="true" hasParticles="true">
                        <physics rotSpeed="0" restLoad="1.0" repr="wheelBackRight" forcePointRatio="0.5" initialCompression="20" suspTravel="0.2" spring="60" damper="60"/>
                    </wheel>
                </wheels>
                <objectChange node="1>0|1|0|1|0|2" visibilityActive="true"/>
                <objectChange node="1>0|0|0|1|0|2" visibilityActive="true"/>
            </wheelConfiguration>

            <wheelConfiguration name="PETLAS BALON" price="150" brand="PETLAS">
                <wheels autoRotateBackSpeed="1.7" differentialIndex="1" ackermannSteeringIndex="1">
                    <wheel filename="wheels/Skayer/Petlas/On.xml" isLeft="true" hasTireTracks="true" hasParticles="true">
                        <physics rotSpeed="1" restLoad="1.1" repr="axisFrontLeft"  driveNode="wheelFrontLeft"  forcePointRatio="0.45" initialCompression="25" suspTravel="0.11" spring="60" damper="50" yOffset="0.03"/>
                        <fender node="fenderLeft" rotMax="15"/>
                        <steering node="" nodeMinTransX="0.11" nodeMaxTransX="-0.11"/>
                    </wheel>
                    <wheel filename="wheels/Skayer/Petlas/On.xml" isLeft="false" hasTireTracks="true" hasParticles="true">
                        <physics rotSpeed="1" restLoad="1.1" repr="axisFrontRight" driveNode="wheelFrontRight" forcePointRatio="0.45" initialCompression="25" suspTravel="0.11" spring="60" damper="50" yOffset="0.03"/>            
                        <fender node="fenderRight" rotMin="-15"/>
                    </wheel>
                    <wheel filename="wheels/Skayer/Petlas/Arka.xml" isLeft="true" hasTireTracks="true" hasParticles="true">
                        <physics rotSpeed="0" restLoad="1.0" repr="wheelBackLeft" forcePointRatio="0.5" initialCompression="20" suspTravel="0.2" spring="60" damper="60"/>
                    </wheel>
                    <wheel filename="wheels/Skayer/Petlas/Arka.xml" isLeft="false" hasTireTracks="true" hasParticles="true">
                        <physics rotSpeed="0" restLoad="1.0" repr="wheelBackRight" forcePointRatio="0.5" initialCompression="20" suspTravel="0.2" spring="60" damper="60"/>
                    </wheel>
                </wheels>
                <objectChange node="1>0|1|0|1|0|2" visibilityActive="true"/>
                <objectChange node="1>0|0|0|1|0|2" visibilityActive="true"/>
            </wheelConfiguration>

            <wheelConfiguration name="TD02 BALON" price="150" brand="MITAS">
                <wheels autoRotateBackSpeed="1.7" differentialIndex="1" ackermannSteeringIndex="1">
                    <wheel filename="wheels/Skayer/Mitas/TD02/14_9__24.xml" isLeft="true" hasTireTracks="true" hasParticles="true">
                        <physics rotSpeed="1" restLoad="1.1" repr="axisFrontLeft"  driveNode="wheelFrontLeft"  forcePointRatio="0.45" initialCompression="25" suspTravel="0.11" spring="60" damper="50" yOffset="0.03"/>
                        <fender node="fenderLeft" rotMax="15"/>
                        <steering node="" nodeMinTransX="0.11" nodeMaxTransX="-0.11"/>
                    </wheel>
                    <wheel filename="wheels/Skayer/Mitas/TD02/14_9__24.xml" isLeft="false" hasTireTracks="true" hasParticles="true">
                        <physics rotSpeed="1" restLoad="1.1" repr="axisFrontRight" driveNode="wheelFrontRight" forcePointRatio="0.45" initialCompression="25" suspTravel="0.11" spring="60" damper="50" yOffset="0.03"/>            
                        <fender node="fenderRight" rotMin="-15"/>
                    </wheel>
                    <wheel filename="wheels/Skayer/Mitas/TD02/18_4__34.xml" isLeft="true" hasTireTracks="true" hasParticles="true">
                        <physics rotSpeed="0" restLoad="1.0" repr="wheelBackLeft" forcePointRatio="0.5" initialCompression="20" suspTravel="0.2" spring="60" damper="60"/>
                    </wheel>
                    <wheel filename="wheels/Skayer/Mitas/TD02/18_4__34.xml" isLeft="false" hasTireTracks="true" hasParticles="true">
                        <physics rotSpeed="0" restLoad="1.0" repr="wheelBackRight" forcePointRatio="0.5" initialCompression="20" suspTravel="0.2" spring="60" damper="60"/>
                    </wheel>
                </wheels>
                <objectChange node="1>0|1|0|1|0|2" visibilityActive="true"/>
                <objectChange node="1>0|0|0|1|0|2" visibilityActive="true"/>
            </wheelConfiguration>
        
            <wheelConfiguration name="R30" price="0"  brand="VREDESTEIN">
                <wheels autoRotateBackSpeed="1.7" differentialIndex="1" ackermannSteeringIndex="1">
                    <wheel filename="wheels/Skayer/Vredestein/280_85R24.xml" isLeft="true" hasTireTracks="true" hasParticles="true">
                        <physics rotSpeed="1" restLoad="1.1" repr="axisFrontLeft"  driveNode="wheelFrontLeft"  forcePointRatio="0.45" initialCompression="25" suspTravel="0.11" spring="60" damper="50" yOffset="0.03"/>
                        <fender node="fenderLeft" rotMax="15"/>
                        <steering node="" nodeMinTransX="0.11" nodeMaxTransX="-0.11"/>
                    </wheel>
                    <wheel filename="wheels/Skayer/Vredestein/280_85R24.xml" isLeft="false" hasTireTracks="true" hasParticles="true">
                        <physics rotSpeed="1" restLoad="1.1" repr="axisFrontRight" driveNode="wheelFrontRight" forcePointRatio="0.45" initialCompression="25" suspTravel="0.11" spring="60" damper="50" yOffset="0.03"/>            
                        <fender node="fenderRight" rotMin="-15"/>
                    </wheel>
                    <wheel filename="wheels/Skayer/Vredestein/420_85R30.xml" isLeft="true" hasTireTracks="true" hasParticles="true">
                        <physics rotSpeed="0" restLoad="1.0" repr="wheelBackLeft" forcePointRatio="0.5" initialCompression="20" suspTravel="0.2" spring="60" damper="60"/>
                    </wheel>
                    <wheel filename="wheels/Skayer/Vredestein/420_85R30.xml" isLeft="false" hasTireTracks="true" hasParticles="true">
                        <physics rotSpeed="0" restLoad="1.0" repr="wheelBackRight" forcePointRatio="0.5" initialCompression="20" suspTravel="0.2" spring="60" damper="60"/>
                    </wheel>
                </wheels>
                <objectChange node="1>0|1|0|1|0|3" visibilityActive="true"/>
                <objectChange node="1>0|1|0|1|0|3" scaleActive="1.05 0.95 0.95" />
                <objectChange node="1>0|0|0|1|0|3" visibilityActive="true"/>
                <objectChange node="1>0|0|0|1|0|3" scaleActive="1.05 0.95 0.95" />
            </wheelConfiguration>

            <wheelConfiguration name="R34Balon" price="500" brand="VREDESTEIN">
                <wheels autoRotateBackSpeed="1.7" differentialIndex="1" ackermannSteeringIndex="1">
                    <wheel filename="wheels/Skayer/Vredestein/340_85R24.xml" isLeft="true" hasTireTracks="true" hasParticles="true">
                        <physics rotSpeed="1" restLoad="1.1" repr="axisFrontLeft"  driveNode="wheelFrontLeft"  forcePointRatio="0.45" initialCompression="25" suspTravel="0.11" spring="60" damper="50" yOffset="0.03"/>
                        <fender node="fenderLeft" rotMax="15"/>
                        <steering node="" nodeMinTransX="0.11" nodeMaxTransX="-0.11"/>
                    </wheel>
                    <wheel filename="wheels/Skayer/Vredestein/340_85R24.xml" isLeft="false" hasTireTracks="true" hasParticles="true">
                        <physics rotSpeed="1" restLoad="1.1" repr="axisFrontRight" driveNode="wheelFrontRight" forcePointRatio="0.45" initialCompression="25" suspTravel="0.11" spring="60" damper="50" yOffset="0.03"/>            
                        <fender node="fenderRight" rotMin="-15"/>
                    </wheel>
                    <wheel filename="wheels/Skayer/Vredestein/460_85R34.xml" isLeft="true" hasTireTracks="true" hasParticles="true">
                        <physics rotSpeed="0" restLoad="1.0" repr="wheelBackLeft" forcePointRatio="0.5" initialCompression="20" suspTravel="0.2" spring="60" damper="60"/>
                    </wheel>
                    <wheel filename="wheels/Skayer/Vredestein/460_85R34.xml" isLeft="false" hasTireTracks="true" hasParticles="true">
                        <physics rotSpeed="0" restLoad="1.0" repr="wheelBackRight" forcePointRatio="0.5" initialCompression="20" suspTravel="0.2" spring="60" damper="60"/>
                    </wheel>
                </wheels>
                <objectChange node="1>0|1|0|1|0|2" visibilityActive="true"/>
                <objectChange node="1>0|1|0|1|0|2" scaleActive="0.98 0.98 0.98" />
                <objectChange node="1>0|0|0|1|0|2" visibilityActive="true"/>
                <objectChange node="1>0|0|0|1|0|2" scaleActive="0.98 0.98 0.98" />
            </wheelConfiguration>

            <wheelConfiguration name="R38" price="500" brand="VREDESTEIN">
                <wheels autoRotateBackSpeed="1.7" differentialIndex="1" ackermannSteeringIndex="1">
                    <wheel filename="wheels/Skayer/Vredestein/340_85R28.xml" isLeft="true" hasTireTracks="true" hasParticles="true">
                        <physics rotSpeed="1" restLoad="1.1" repr="axisFrontLeft"  driveNode="wheelFrontLeft"  forcePointRatio="0.45" initialCompression="25" suspTravel="0.11" spring="60" damper="50" yOffset="0.03"/>
                        <fender node="fenderLeft" rotMax="15"/>
                        <steering node="" nodeMinTransX="0.11" nodeMaxTransX="-0.11"/>
                    </wheel>
                    <wheel filename="wheels/Skayer/Vredestein/340_85R28.xml" isLeft="false" hasTireTracks="true" hasParticles="true">
                        <physics rotSpeed="1" restLoad="1.1" repr="axisFrontRight" driveNode="wheelFrontRight" forcePointRatio="0.45" initialCompression="25" suspTravel="0.11" spring="60" damper="50" yOffset="0.03"/>            
                        <fender node="fenderRight" rotMin="-15"/>
                    </wheel>
                    <wheel filename="wheels/Skayer/Vredestein/420_85R38.xml" isLeft="true" hasTireTracks="true" hasParticles="true">
                        <physics rotSpeed="0" restLoad="1.0" repr="wheelBackLeft" forcePointRatio="0.5" initialCompression="20" suspTravel="0.2" spring="60" damper="60"/>
                    </wheel>
                    <wheel filename="wheels/Skayer/Vredestein/420_85R38.xml" isLeft="false" hasTireTracks="true" hasParticles="true">
                        <physics rotSpeed="0" restLoad="1.0" repr="wheelBackRight" forcePointRatio="0.5" initialCompression="20" suspTravel="0.2" spring="60" damper="60"/>
                    </wheel>
                </wheels>
                <objectChange node="1>0|1|0|1|0|2" visibilityActive="true"/>
                <objectChange node="1>0|0|0|1|0|2" visibilityActive="true"/>
            </wheelConfiguration>

			<wheelConfiguration name="R30" price="0"  brand="TRELLEBORG">
                <wheels autoRotateBackSpeed="1.7" differentialIndex="1" ackermannSteeringIndex="1">
                    <wheel filename="wheels/trelleborg/280_85R24.xml" isLeft="true" hasTireTracks="true" hasParticles="true">
                        <physics rotSpeed="1" restLoad="1.1" repr="axisFrontLeft"  driveNode="wheelFrontLeft"  forcePointRatio="0.45" initialCompression="25" suspTravel="0.11" spring="60" damper="50" yOffset="0.03"/>
                        <fender node="fenderLeft" rotMax="15"/>
                        <steering node="" nodeMinTransX="0.11" nodeMaxTransX="-0.11"/>
                    </wheel>
                    <wheel filename="wheels/trelleborg/280_85R24.xml" isLeft="false" hasTireTracks="true" hasParticles="true">
                        <physics rotSpeed="1" restLoad="1.1" repr="axisFrontRight" driveNode="wheelFrontRight" forcePointRatio="0.45" initialCompression="25" suspTravel="0.11" spring="60" damper="50" yOffset="0.03"/>            
                        <fender node="fenderRight" rotMin="-15"/>
                    </wheel>
                    <wheel filename="wheels/trelleborg/420_85R30.xml" isLeft="true" hasTireTracks="true" hasParticles="true">
                        <physics rotSpeed="0" restLoad="1.0" repr="wheelBackLeft" configId="weight1" forcePointRatio="0.5" initialCompression="20" suspTravel="0.2" spring="60" damper="60"/>
                    </wheel>
                    <wheel filename="wheels/trelleborg/420_85R30.xml" isLeft="false" hasTireTracks="true" hasParticles="true">
                        <physics rotSpeed="0" restLoad="1.0" repr="wheelBackRight" configId="weight1" forcePointRatio="0.5" initialCompression="20" suspTravel="0.2" spring="60" damper="60"/>
                    </wheel>
                </wheels>
				<objectChange node="0>0|0|0|3" visibilityActive="true"/>
				<objectChange node="0>0|0|1|3" visibilityActive="true"/>
				<objectChange node="1>0|0|0|0|0|2" visibilityActive="true"/>
				<objectChange node="1>0|1|0|0|0|2" visibilityActive="true"/>
				<objectChange node="1>0|1|0|1|0|0" visibilityActive="true"/>
				<objectChange node="1>0|1|0|1|0|1" visibilityActive="true"/>
				<objectChange node="1>0|0|0|1|0|0" visibilityActive="true"/>
				<objectChange node="1>0|0|0|1|0|1" visibilityActive="true"/>
            </wheelConfiguration>
			<wheelConfiguration name="R30Lassa" price="0"  brand="TRELLEBORG">
                <wheels autoRotateBackSpeed="1.7" differentialIndex="1" ackermannSteeringIndex="1">
                    <wheel filename="wheels/lassa/280_85R24.xml" isLeft="true" hasTireTracks="true" hasParticles="true">
                        <physics rotSpeed="1" restLoad="1.1" repr="axisFrontLeft"  driveNode="wheelFrontLeft"  forcePointRatio="0.45" initialCompression="25" suspTravel="0.11" spring="60" damper="50" yOffset="0.03"/>
                        <fender node="fenderLeft" rotMax="15"/>
                        <steering node="" nodeMinTransX="0.11" nodeMaxTransX="-0.11"/>
                    </wheel>
                    <wheel filename="wheels/lassa/280_85R24.xml" isLeft="false" hasTireTracks="true" hasParticles="true">
                        <physics rotSpeed="1" restLoad="1.1" repr="axisFrontRight" driveNode="wheelFrontRight" forcePointRatio="0.45" initialCompression="25" suspTravel="0.11" spring="60" damper="50" yOffset="0.03"/>            
                        <fender node="fenderRight" rotMin="-15"/>
                    </wheel>
                    <wheel filename="wheels/lassa/420_85R30.xml" isLeft="true" hasTireTracks="true" hasParticles="true">
                        <physics rotSpeed="0" restLoad="1.0" repr="wheelBackLeft" configId="weight1" forcePointRatio="0.5" initialCompression="20" suspTravel="0.2" spring="60" damper="60"/>
                    </wheel>
                    <wheel filename="wheels/lassa/420_85R30.xml" isLeft="false" hasTireTracks="true" hasParticles="true">
                        <physics rotSpeed="0" restLoad="1.0" repr="wheelBackRight" configId="weight1" forcePointRatio="0.5" initialCompression="20" suspTravel="0.2" spring="60" damper="60"/>
                    </wheel>
                </wheels>
            </wheelConfiguration>
			<wheelConfiguration name="R38_ince" price="0"  brand="TRELLEBORG">
                <wheels autoRotateBackSpeed="1.7" differentialIndex="1" ackermannSteeringIndex="1">
                    <wheel filename="wheels/trelleborg/280_85R28.xml" isLeft="true" hasTireTracks="true" hasParticles="true">
                        <physics rotSpeed="1" restLoad="1.1" repr="axisFrontLeft"  driveNode="1>0|0|0|0|2"  forcePointRatio="0.45" initialCompression="25" suspTravel="0.11" spring="60" damper="50" yOffset="0.03"/>
                        <fender node="fenderLeft" rotMax="15"/>
                        <steering node="" nodeMinTransX="0.11" nodeMaxTransX="-0.11"/>
                    </wheel>
                    <wheel filename="wheels/trelleborg/280_85R28.xml" isLeft="false" hasTireTracks="true" hasParticles="true">
                        <physics rotSpeed="1" restLoad="1.1" repr="axisFrontRight" driveNode="1>0|1|0|0|2" forcePointRatio="0.45" initialCompression="25" suspTravel="0.11" spring="60" damper="50" yOffset="0.03"/>            
                        <fender node="fenderRight" rotMin="-15"/>
                    </wheel>
                    <wheel filename="wheels/trelleborg/380_85R38.xml" isLeft="true" hasTireTracks="true" hasParticles="true">
                        <physics rotSpeed="0" restLoad="1.0" repr="0>0|0|2" configId="weight1" forcePointRatio="0.5" initialCompression="20" suspTravel="0.2" spring="60" damper="60"/>
                    </wheel>
                    <wheel filename="wheels/trelleborg/380_85R38.xml" isLeft="false" hasTireTracks="true" hasParticles="true">
                        <physics rotSpeed="0" restLoad="1.0" repr="0>0|0|3" configId="weight1" forcePointRatio="0.5" initialCompression="20" suspTravel="0.2" spring="60" damper="60"/>
                    </wheel>
                </wheels>
				<objectChange node="0>0|0|2|0" visibilityActive="true"/>
				<objectChange node="0>0|0|3|0" visibilityActive="true"/>
				<objectChange node="1>0|1|0|1|0|3" visibilityActive="true"/>
				<objectChange node="1>0|1|0|0|2|0" visibilityActive="true"/>
				<objectChange node="1>0|0|0|1|0|3" visibilityActive="true"/>
				<objectChange node="1>0|0|0|0|2|0" visibilityActive="true"/>
            </wheelConfiguration>
			
			
			<wheelConfiguration name="R34" price="0"  brand="TRELLEBORG">
                <wheels autoRotateBackSpeed="1.7" differentialIndex="1" ackermannSteeringIndex="1">
                    <wheel filename="wheels/trelleborg/340_85R24.xml" isLeft="true" hasTireTracks="true" hasParticles="true">
                        <physics rotSpeed="1" restLoad="1.1" repr="axisFrontLeft"  driveNode="wheelFrontLeft"  forcePointRatio="0.45" initialCompression="25" suspTravel="0.11" spring="60" damper="50" yOffset="0.03"/>
                        <fender node="fenderLeft" rotMax="15"/>
                        <steering node="" nodeMinTransX="0.11" nodeMaxTransX="-0.11"/>
                    </wheel>
                    <wheel filename="wheels/trelleborg/340_85R24.xml" isLeft="false" hasTireTracks="true" hasParticles="true">
                        <physics rotSpeed="1" restLoad="1.1" repr="axisFrontRight" driveNode="wheelFrontRight" forcePointRatio="0.45" initialCompression="25" suspTravel="0.11" spring="60" damper="50" yOffset="0.03"/>            
                        <fender node="fenderRight" rotMin="-15"/>
                    </wheel>
                    <wheel filename="wheels/trelleborg/420_85R34.xml" isLeft="true" hasTireTracks="true" hasParticles="true">
                        <physics rotSpeed="0" restLoad="1.0" repr="wheelBackLeft" configId="weight1" forcePointRatio="0.5" initialCompression="20" suspTravel="0.2" spring="60" damper="60"/>
                    </wheel>
                    <wheel filename="wheels/trelleborg/420_85R34.xml" isLeft="false" hasTireTracks="true" hasParticles="true">
                        <physics rotSpeed="0" restLoad="1.0" repr="wheelBackRight" configId="weight1" forcePointRatio="0.5" initialCompression="20" suspTravel="0.2" spring="60" damper="60"/>
                    </wheel>
                </wheels>
				<objectChange node="0>0|0|0|2" visibilityActive="true"/>
				<objectChange node="0>0|0|1|2" visibilityActive="true"/>
				<objectChange node="1>0|0|0|0|0|3" visibilityActive="true"/>
				<objectChange node="1>0|1|0|0|0|3" visibilityActive="true"/>
				<objectChange node="1>0|0|0|1|0|2" visibilityActive="true"/>
				<objectChange node="1>0|1|0|1|0|2" visibilityActive="true"/>
            </wheelConfiguration>
            <wheelConfiguration name="24-34" price="0" brand="MICHELIN">
                <wheels autoRotateBackSpeed="1.7" differentialIndex="1" ackermannSteeringIndex="1">
                    <wheel filename="wheels/Skayer/Michelin/AgriBib/14_9R24.xml" isLeft="true" hasTireTracks="true" hasParticles="true">
                        <physics rotSpeed="1" restLoad="1.1" repr="axisFrontLeft"  driveNode="wheelFrontLeft"  forcePointRatio="0.45" initialCompression="25" suspTravel="0.11" spring="60" damper="50" yOffset="0.03"/>
                        <fender node="fenderLeft" rotMax="15"/>
                        <steering node="" nodeMinTransX="0.11" nodeMaxTransX="-0.11"/>
                    </wheel>
                    <wheel filename="wheels/Skayer/Michelin/AgriBib/14_9R24.xml" isLeft="false" hasTireTracks="true" hasParticles="true">
                        <physics rotSpeed="1" restLoad="1.1" repr="axisFrontRight" driveNode="wheelFrontRight" forcePointRatio="0.45" initialCompression="25" suspTravel="0.11" spring="60" damper="50" yOffset="0.03"/>            
                        <fender node="fenderRight" rotMin="-15"/>
                    </wheel>
                    <wheel filename="wheels/Skayer/Michelin/AgriBib/18_4R34.xml" isLeft="true" hasTireTracks="true" hasParticles="true">
                        <physics rotSpeed="0" restLoad="1.0" repr="wheelBackLeft" forcePointRatio="0.5" initialCompression="20" suspTravel="0.2" spring="60" damper="60"/>
                    </wheel>
                    <wheel filename="wheels/Skayer/Michelin/AgriBib/18_4R34.xml" isLeft="false" hasTireTracks="true" hasParticles="true">
                        <physics rotSpeed="0" restLoad="1.0" repr="wheelBackRight" forcePointRatio="0.5" initialCompression="20" suspTravel="0.2" spring="60" damper="60"/>
                    </wheel>
                </wheels>
                <objectChange node="1>0|1|0|1|0|2" visibilityActive="true"/>
                <objectChange node="1>0|1|0|1|0|2" scaleActive="0.98 0.98 0.98" />
                <objectChange node="1>0|0|0|1|0|2" visibilityActive="true"/>
                <objectChange node="1>0|0|0|1|0|2" scaleActive="0.98 0.98 0.98" />
            </wheelConfiguration>
        </wheelConfigurations>
        <ackermannSteeringConfigurations>
            <ackermannSteering rotSpeed="40" rotMax="35" rotCenterWheel1="3" rotCenterWheel2="4"/>
        </ackermannSteeringConfigurations>
    </wheels>

    <baseMaterial>
        <material name="Kaput_mat" baseNode="0>0|10|0|2|0">
            <shaderParameter name="colorMat0" value="0 0.11 0.404"/>
        </material>
        <material name="Camurluk_mat" baseNode="0>0|4|8|1">
            <shaderParameter name="colorMat0" value="0 0.11 0.404"/>
        </material>
        <material name="Kabin_mat" baseNode="0>0|4|8|0">
            <shaderParameter name="colorMat1" value="0 0.11 0.404"/>
        </material>
    </baseMaterial>
    
    <baseMaterialConfigurations useDefaultColors="true"  price="500" defaultColorIndex="0">
        <baseMaterialConfiguration name="STANDARD" color="0 0.11 0.404" price="0"/>
        <baseMaterialConfiguration name="BLACK" color="0.01 0.01 0.01" price="500"/>
        <baseMaterialConfiguration name="GOLD" color="VALTRA_GOLD1" price="500" material="35"/>     
        <material name="Kaput_mat" shaderParameter="colorMat0" />    
        <material name="Camurluk_mat" shaderParameter="colorMat0" />
        <material name="Kabin_mat" shaderParameter="colorMat1" />
    </baseMaterialConfigurations>

    <rimColorConfigurations useDefaultColors="true"  price="150" defaultColorIndex="0">
        <rimColorConfiguration name="BEYAZ" color="0.8 0.8 0.8" material="0" price="0"/>
        <rimColorConfiguration name="BEYAZ1" color="1 1 1" material="0" price="150"/>
        <rimColorConfiguration name="BEYAZ2" color="1 0.95 0.7" material="0" price="150"/>
        <rimColorConfiguration name="OZEL" color="0.7 0.7 0.75" material="27" price="150"/>
        <rimColorConfiguration name="GRI" color="0.33 0.33 0.33" price="150"/> 
        <rimColorConfiguration name="SIYAH" color="0.01 0.01 0.01" price="150"/>
    </rimColorConfigurations>
	
    <lights>
        <states>
            <state lightTypes="0"/>
            <state lightTypes="0 1"/>
            <state lightTypes="0 1 2"/>
        </states>
        <realLights>
            <low>
                <light node="frontLightLow" lightTypes="0" excludedLightTypes="2 3"/>
                <light node="workLightBackLow" lightTypes="1"/>
                <light node="workLightFrontLow" lightTypes="2"/>
                <light node="highBeamLow" lightTypes="3"/>
            </low>
            <high>
                <light node="frontLightHigh" lightTypes="0" excludedLightTypes="2 3"/>
                <light node="workLightBackHigh1" lightTypes="1"/>
                <light node="workLightFrontHigh1" lightTypes="2"/>
                <light node="highBeamHigh" lightTypes="3"/>
                <light node="backLightsHigh1" lightTypes="0"/>
                <brakeLight node="backLightsHigh1"/>
                <turnLightLeft node="turnLightLeftFront"/>
                <turnLightRight node="turnLightRightFront"/>
            </high>
        </realLights>
        <defaultLights>
            <defaultLight shaderNode="0>0|4|3|1" lightTypes="0 3" intensity="10"/>
			<defaultLight shaderNode="0>0|10|0|2|8|0" lightTypes="0" intensity="20"/>
            <defaultLight shaderNode="0>0|4|5|0|0|0" lightTypes="0" intensity="20"/>
            <defaultLight shaderNode="0>0|4|5|0|1|0" lightTypes="0" intensity="20"/>
			<defaultLight shaderNode="0>0|10|0|1|2|4" lightTypes="0" intensity="20"/>			
			<defaultLight shaderNode="0>0|4|7|4|1" lightTypes="1"/>
			<defaultLight shaderNode="0>0|4|7|4|7" lightTypes="2"/>
            <defaultLight shaderNode="0>0|10|0|2|8|1" lightTypes="3"/>  
            <defaultLight shaderNode="0>0|4|5|0|4|1" lightTypes="0"/>
            <defaultLight shaderNode="0>0|4|5|0|5|1" lightTypes="0"/>
			
			<defaultLight shaderNode="0>0|4|5|0|2|0" lightTypes="2"/>
			<defaultLight shaderNode="0>0|4|5|0|8|3|2|0" lightTypes="1"/>
			<defaultLight shaderNode="0>0|4|5|0|8|3|3|0" lightTypes="1"/>
			<defaultLight shaderNode="0>0|4|5|0|8|5" lightTypes="2"/>
            <defaultLight shaderNode="0>0|4|5|0|8|6" lightTypes="2"/>
			<defaultLight shaderNode="0>0|4|5|0|8|2|0" lightTypes="1"/>
			<defaultLight shaderNode="0>0|4|5|0|8|1|0" lightTypes="1"/>
        </defaultLights>
        <turnLights>
            <turnLightLeft shaderNode="0>0|4|5|0|1|2"/>
            <turnLightRight shaderNode="0>0|4|5|0|0|2"/>
			<turnLightLeft shaderNode="0>0|4|5|0|5|0"/>
            <turnLightRight shaderNode="0>0|4|5|0|4|0"/>
        </turnLights>
        <brakeLights>
            <brakeLight shaderNode="0>0|4|5|0|5|1"/>
            <brakeLight shaderNode="0>0|4|5|0|4|1"/>			
        </brakeLights>

        <beaconLights>
            <beaconLight node="beaconLight07_01" filename="$data/shared/assets/beaconLights/lizard/beaconLight01.xml"/>

            <!-- Çakar 1 -->
            <beaconLight node="0>0|4|5|2|0|1" intensity="50" multiBlink="true">
                <realLight node="0>0|4|5|2|0|0|1"/>
                <device mode="DOUBLE_BLINK_TRIPLE_WAIT" rpm="100" numLEDScale="1" brightnessScale="1"/>
            </beaconLight> 
            <beaconLight node="0>0|4|5|2|1|1" intensity="50" multiBlink="true">
                <realLight node="0>0|4|5|2|1|0|1"/>
                <device mode="DOUBLE_BLINK_TRIPLE_WAIT" rpm="100" numLEDScale="1" brightnessScale="1"/>
            </beaconLight> 
            <beaconLight node="0>0|4|5|2|2|1" intensity="50" multiBlink="true">
                <device mode="DOUBLE_BLINK_TRIPLE_WAIT" rpm="100" numLEDScale="1" brightnessScale="1"/>
            </beaconLight>
            <beaconLight node="0>0|4|5|2|3|1" intensity="50" multiBlink="true">
                <device mode="DOUBLE_BLINK_TRIPLE_WAIT" rpm="100" numLEDScale="1" brightnessScale="1"/>
            </beaconLight>
            <beaconLight node="0>0|4|5|2|4|1" intensity="50" multiBlink="true">
                <device mode="DOUBLE_BLINK_TRIPLE_WAIT" rpm="100" numLEDScale="1" brightnessScale="1"/>
            </beaconLight> 
            <beaconLight node="0>0|4|5|2|5|1" intensity="50" multiBlink="true">
                <device mode="DOUBLE_BLINK_TRIPLE_WAIT" rpm="100" numLEDScale="1" brightnessScale="1"/>
            </beaconLight> 
            <beaconLight node="0>0|4|5|2|6|1" intensity="50" multiBlink="true">
                <realLight node="0>0|4|5|2|6|0|1"/>
                <device mode="DOUBLE_BLINK_TRIPLE_WAIT" rpm="100" numLEDScale="1" brightnessScale="1"/>
            </beaconLight> 

            <!-- Çakar 2 -->
            <beaconLight node="0>0|4|5|3|0|1" intensity="50" multiBlink="true">
                <realLight node="0>0|4|5|3|0|0|1"/>
                <device mode="DOUBLE_BLINK_TRIPLE_WAIT" rpm="100" numLEDScale="1" brightnessScale="1"/>
            </beaconLight> 
            <beaconLight node="0>0|4|5|3|1|1" intensity="50" multiBlink="true">
                <device mode="DOUBLE_BLINK_TRIPLE_WAIT" rpm="100" numLEDScale="1" brightnessScale="1"/>
            </beaconLight> 
            <beaconLight node="0>0|4|5|3|2|1" intensity="50" multiBlink="true">
                <device mode="DOUBLE_BLINK_TRIPLE_WAIT" rpm="100" numLEDScale="1" brightnessScale="1"/>
            </beaconLight>
            <beaconLight node="0>0|4|5|3|3|1" intensity="50" multiBlink="true">
                <device mode="DOUBLE_BLINK_TRIPLE_WAIT" rpm="100" numLEDScale="1" brightnessScale="1"/>
            </beaconLight>
            <beaconLight node="0>0|4|5|3|4|1" intensity="50" multiBlink="true">
                <realLight node="0>0|4|5|3|4|0|1"/>
                <device mode="DOUBLE_BLINK_TRIPLE_WAIT" rpm="100" numLEDScale="1" brightnessScale="1"/>
            </beaconLight> 
            <beaconLight node="0>0|4|5|3|5|1" intensity="50" multiBlink="true">
                <device mode="DOUBLE_BLINK_TRIPLE_WAIT" rpm="100" numLEDScale="1" brightnessScale="1"/>
            </beaconLight> 
            <beaconLight node="0>0|4|5|3|6|1" intensity="50" multiBlink="true">
                <device mode="DOUBLE_BLINK_TRIPLE_WAIT" rpm="100" numLEDScale="1" brightnessScale="1"/>
            </beaconLight>
            <beaconLight node="0>0|4|5|3|7|1" intensity="50" multiBlink="true">
                <device mode="DOUBLE_BLINK_TRIPLE_WAIT" rpm="100" numLEDScale="1" brightnessScale="1"/>
            </beaconLight>
            <beaconLight node="0>0|4|5|3|8|1" intensity="50" multiBlink="true">
                <device mode="DOUBLE_BLINK_TRIPLE_WAIT" rpm="100" numLEDScale="1" brightnessScale="1"/>
            </beaconLight>
        </beaconLights>

        <dashboards>
            <dashboard displayType="EMITTER" valueType="turnLightLeft"   node="0>0|4|5|4|0" baseColor="GREY" emitColor="GREEN" intensity="1" groups="MOTOR_ACTIVE"/>
            <dashboard displayType="EMITTER" valueType="turnLightRight"  node="0>0|4|5|4|1" baseColor="GREY" emitColor="GREEN" intensity="1" groups="MOTOR_ACTIVE"/>
        </dashboards>
    </lights>
    <attacherJoints comboDuration="2">
        <attacherJointConfigurations>
            <attacherJointConfiguration/>
            <attacherJointConfiguration>
                <attacherJoint node="trailerAttacherJointFront" jointType="trailer" lowerRotLimit="25 50 50" lowerTransLimit="0 0 0" allowsJointLimitMovement="false" comboTime="0">
                    <schema position="1 0" rotation="0" invertX="true"/>
                </attacherJoint>
            </attacherJointConfiguration>

        </attacherJointConfigurations>
        <attacherJoint node="attacherJointBack" upperRotationOffset="-1.07" lowerRotationOffset="-1.07" moveTime="2.5" comboTime="1">
            <distanceToGround lower="0.32" upper="0.92"/>
            <rotationNode node="attacherJointBackRot" lowerRotation="-8 0 0" upperRotation="27 0 0"/>
            <rotationNode2 node="attacherJointBackRot2"/>
            <bottomArm rotationNode="attacherJointBackArmBottom" translationNode="bottomLink" referenceNode="referencePointBackBottom" zScale="-1" startRotation="0 0 0"/>
            <topArm baseNode="attacherJointBackArmTop" filename="$data/shared/assets/upperLinks/walterscheid03.i3d" zScale="-1" color="AGCO_GREY3"/>
            <schema position="1 0" rotation="0" invertX="false"/>
            <visuals hide="trailerLowNode trailerAttacherNode"/>
        </attacherJoint>
        <attacherJoint node="trailerAttacherJointBack" jointType="trailer" lowerRotLimit="25 60 50" lowerTransLimit="0 0 0" allowsJointLimitMovement="false" comboTime="1">
            <distanceToGround lower="0" upper="0"/>
            <transNode node="trailerAttacherNode" minY="0.915" maxY="0.915" height="0">
                <dependentBottomArm node="attacherJointBackArmBottom" threshold="0.65" rotation="23 0 0"/>
            </transNode>
            <schema position="1 0" rotation="0" invertX="false"/>
        </attacherJoint>
        <attacherJoint node="trailerAttacherJointBackLow" jointType="trailerLow" lowerRotLimit="25 60 50" lowerTransLimit="0 0 0" allowsJointLimitMovement="false" comboTime="1">
            <distanceToGround lower="0" upper="0"/>
            <transNode node="trailerLowNode" minY="0.55" maxY="1.044">
                <dependentBottomArm node="attacherJointBackArmBottom" rotation="23 0 0"/>
            </transNode>
            <schema position="1 0" rotation="0" invertX="false"/>
            <visuals nodes="trailerLowNode" hide="trailerAttacherNode"/>
            <steeringBars leftNode="trailerSteeringLeftRef" rightNode="trailerSteeringRightRef"/>
        </attacherJoint>
       <attacherJoint node="0>0|3|1|2" jointType="trailerLow" lowerRotLimit="25 60 50" lowerTransLimit="0 0 0" allowsJointLimitMovement="false" comboTime="0">
            <schema position="1 0" rotation="0" invertX="false"/>
        </attacherJoint>
		<attacherJoint node="0>0|3|1|2" jointType="trailer" lowerRotLimit="25 60 50" lowerTransLimit="0 0 0" allowsJointLimitMovement="true" comboTime="0">
            <schema position="1 0" rotation="0" invertX="false"/>
        </attacherJoint>

        <attacherJoint node="0>0|3|5" jointType="Agirlik" allowsJointLimitMovement="false" comboTime="0">
            <schema position="1 0" rotation="0" invertX="true"/>
        </attacherJoint>
    </attacherJoints>

    <frontloaderConfigurations>
        <frontloaderConfiguration name="$l10n_ui_no" price="0"/>
        <frontloaderConfiguration name="Quicke" price="1500" displayBrand="QUICKE">
            <objectChange node="quickeFrontloaderConsole" visibilityActive="true" visibilityInactive="false"/>
            <attacherJoint node="attacherJointFrontloaderQuicke" jointType="attachableFrontloader" lowerTransLimit="0 0 0" lowerRotLimit="0 0 0" moveTime="2">
                <schema position="0.8 0" rotation="0" invertX="true"/>
            </attacherJoint>
        </frontloaderConfiguration>
        <frontloaderConfiguration name="Hauer" price="1500" displayBrand="HAUER">
            <objectChange node="hauerFrontloaderConsole" visibilityActive="true" visibilityInactive="false"/>
            <attacherJoint node="attacherJointFrontloaderHauer" jointType="attachableFrontloader" lowerTransLimit="0 0 0" lowerRotLimit="0 0 0" moveTime="2">
                <schema position="0.8 0" rotation="0" invertX="true"/>
            </attacherJoint>
        </frontloaderConfiguration>
    </frontloaderConfigurations>
    <connectionHoses>
        <target attacherJointIndices="1 2 3" type="electric" node="electricBack" socket="electric"/>
        <target attacherJointIndices="1 2 3" type="hydraulicIn" node="hydraulic01_in">
            <objectChange node="hydraulic01_in_cover" rotationActive="90 0 0" rotationInactive="0 0 0"/>
        </target>
        <target attacherJointIndices="1 2 3" type="hydraulicOut" node="hydraulic01_out">
            <objectChange node="hydraulic01_out_cover" rotationActive="-90 0 0" rotationInactive="0 0 0"/>
        </target>
        <target attacherJointIndices="1 2 3" type="hydraulicIn" node="hydraulic02_in">
            <objectChange node="hydraulic02_in_cover" rotationActive="90 0 0" rotationInactive="0 0 0"/>
        </target>
        <target attacherJointIndices="1 2 3" type="hydraulicOut" node="hydraulic02_out">
            <objectChange node="hydraulic02_out_cover" rotationActive="-90 0 0" rotationInactive="0 0 0"/>
        </target>
        <target attacherJointIndices="1 2 3" type="hydraulicIn" node="hydraulic03_in">
            <objectChange node="hydraulic03_in_cover" rotationActive="90 0 0" rotationInactive="0 0 0"/>
        </target>
        <target attacherJointIndices="1 2 3" type="hydraulicOut" node="hydraulic03_out">
            <objectChange node="hydraulic03_out_cover" rotationActive="-90 0 0" rotationInactive="0 0 0"/>
        </target>
    </connectionHoses>
    <powerTakeOffs>
        <output attacherJointIndices="1 2 3" outputNode="ptoBack"/>
    </powerTakeOffs>
    <enterable isTabbable="true">
        <enterReferenceNode node="series4700M_main_component1"/>
        <exitPoint node="exitPoint"/>
        <cameras>
            <camera node="outdoorCamera1" rotatable="true" rotateNode="outdoorCameraTarget" limit="true" useWorldXZRotation="true" rotMinX="-1.4" rotMaxX="1" transMin="3.2" transMax="40" translation="0 0 5.1" rotation="-20 180 0">
                <raycastNode node="cameraRaycastNode1"/>
                <raycastNode node="cameraRaycastNode2"/>
                <raycastNode node="cameraRaycastNode3"/>
            </camera>
            <camera node="0>0|4|1|3" rotatable="true" limit="true" rotMinX="-1.1" rotMaxX="0.4" transMin="0" transMax="0" useMirror="true" isInside="true" shadowFocusBox="shadowFocusBox" suspensionNodeIndex="1"/>
        </cameras>
        <characterNode node="playerSkin" cameraMinDistance="0.5" spineRotation="-90 0 90">
            <target ikChain="rightFoot" targetNode="playerRightFootTarget"/>
            <target ikChain="leftFoot" targetNode="playerLeftFootTarget"/>
            <target ikChain="rightArm" targetNode="playerRightHandTarget" poseId="wideFingers"/>
            <target ikChain="leftArm" targetNode="playerLeftHandTarget"/>
        </characterNode>
        <characterTargetNodeModifier node="playerLeftFootTarget" transitionTime="0.1">
            <state node="playerLeftFootTargetClutch" referenceNode="pedalClutch"/>
        </characterTargetNodeModifier>
        <characterTargetNodeModifier node="playerRightFootTarget" transitionTime="0.1">
            <state node="playerRightFootTargetGas" referenceNode="gasPedal" directionReferenceNode="playerRightFootTargetGasRef"/>
            <state node="playerRightFootTargetBrake" referenceNode="brakePedal"/>
        </characterTargetNodeModifier>
    </enterable>
    <licensePlates>
        <licensePlate node="licensePlateNodeBack" position="BACK" preferedType="SQUARISH" />
    </licensePlates>
    <motorized>
        <consumerConfigurations>
            <consumerConfiguration>
                <consumer fillUnitIndex="1" usage="40" fillType="diesel"/>
                <!-- usage is per hour at max load and max rpm -->
                <consumer fillUnitIndex="3" usage="250" fillType="air" permanentConsumption="false" refillLitersPerSecond="350" refillCapacityPercentage="0.5"/>
                <!-- usage per second at full brake power -->
            </consumerConfiguration>
        </consumerConfigurations>
        <differentialConfigurations>
            <differentialConfiguration>
                <differentials>
                    <differential torqueRatio="0.5" maxSpeedRatio="1.5" wheelIndex1="1" wheelIndex2="2"/>
                    <!-- front left-right -->
                    <differential torqueRatio="0.5" maxSpeedRatio="1.6" wheelIndex1="3" wheelIndex2="4"/>
                    <!-- back left-right -->
                    <differential torqueRatio="0.5" maxSpeedRatio="1.3" differentialIndex1="1" differentialIndex2="2"/>
                    <!-- front-back -->
                </differentials>
            </differentialConfiguration>
        </differentialConfigurations>
        <motorConfigurations>
            <motorConfiguration name="TD75D" price="0" hp="75">
                <motor torqueScale="0.320" minRpm="750" maxRpm="2500" maxForwardSpeed="43" maxBackwardSpeed="34" brakeForce="2.5" lowBrakeForceScale="0.22" dampingRateScale="0.35">
                    <torque normRpm="0.48" torque="0.9"/>
                    <torque normRpm="0.52" torque="0.97"/>
                    <torque normRpm="0.61" torque="1"/>
                    <torque normRpm="0.75" torque="1"/>
                    <torque normRpm="0.89" torque="0.88"/>
                    <torque normRpm="1" torque="0.72"/>
                </motor>
                <transmission autoGearChangeTime="0.2" gearChangeTime="0.2" name="$l10n_info_transmission_manual">
                    <directionChange useGear="true" reverseGearIndex="1" changeTime="0.2"/>
                    <groups type="DEFAULT" changeTime="0.5">
                        <group ratio="0.3658"  name="|" />
                        <group ratio="0.5"  name="||" />
                        <group ratio="1"       name="|||" isDefault="true"/>
                    </groups>
                    <forwardGear maxSpeed="12.2" name="1" />
                    <forwardGear maxSpeed="20.0" name="2" />
                    <forwardGear maxSpeed="32.0" name="3" />
                    <forwardGear maxSpeed="43.0" name="4" />
                    <backwardGear maxSpeed="34.0" name="R" />
                </transmission>
                <transmission minForwardGearRatio="19.2" maxForwardGearRatio="300" minBackwardGearRatio="57" maxBackwardGearRatio="300"/>
				<objectChange node="0>0|10|0|2|7|0" visibilityActive="true"/>
				<objectChange node="0>0|4|9|8|0" visibilityActive="true"/>
            </motorConfiguration>
			<motorConfiguration name="TD90D " price="0" hp="88">
                <motor torqueScale="0.356" minRpm="750" maxRpm="2600" maxForwardSpeed="43" maxBackwardSpeed="34" brakeForce="2.5" lowBrakeForceScale="0.22" dampingRateScale="0.35">
                    <torque normRpm="0.48" torque="0.9"/>
                    <torque normRpm="0.52" torque="0.97"/>
                    <torque normRpm="0.61" torque="1"/>
                    <torque normRpm="0.75" torque="1"/>
                    <torque normRpm="0.89" torque="0.88"/>
                    <torque normRpm="1" torque="0.72"/>
                </motor>
				<objectChange node="0>0|10|0|2|7|1" visibilityActive="true"/>
				<objectChange node="0>0|4|5|0|8|3" visibilityActive="true"/>
				<objectChange node="0>0|4|9|8|1" visibilityActive="true"/>
            </motorConfiguration>
			<motorConfiguration name="TD100D " price="0" hp="98">
                <motor torqueScale="0.400" minRpm="750" maxRpm="2600" maxForwardSpeed="43" maxBackwardSpeed="34" brakeForce="2.5" lowBrakeForceScale="0.22" dampingRateScale="0.35">
                    <torque normRpm="0.48" torque="0.9"/>
                    <torque normRpm="0.52" torque="0.97"/>
                    <torque normRpm="0.61" torque="1"/>
                    <torque normRpm="0.75" torque="1"/>
                    <torque normRpm="0.89" torque="0.88"/>
                    <torque normRpm="1" torque="0.72"/>
                </motor>
				<objectChange node="0>0|10|0|2|7|2" visibilityActive="true"/>
				<objectChange node="0>0|4|5|0|8|3" visibilityActive="true"/>
				<objectChange node="0>0|4|9|8|1" visibilityActive="true"/>
            </motorConfiguration>
            <motorConfiguration name="TD110D " price="0" hp="110">
                <motor torqueScale="0.410" minRpm="750" maxRpm="2600" maxForwardSpeed="43" maxBackwardSpeed="34" brakeForce="2.5" lowBrakeForceScale="0.22" dampingRateScale="0.35">
                    <torque normRpm="0.48" torque="0.9"/>
                    <torque normRpm="0.52" torque="0.97"/>
                    <torque normRpm="0.61" torque="1"/>
                    <torque normRpm="0.75" torque="1"/>
                    <torque normRpm="0.89" torque="0.88"/>
                    <torque normRpm="1" torque="0.72"/>
                </motor>
                <objectChange node="0>0|10|0|2|7|3" visibilityActive="true"/>
				<objectChange node="0>0|4|5|0|8|3" visibilityActive="true"/>
				<objectChange node="0>0|4|9|8|1" visibilityActive="true"/>
            </motorConfiguration>
        </motorConfigurations>
        <gearLevers>
            <gearLever node="0>0|4|4|2|1" centerAxis="3" changeTime="0.4" handsOnDelay="0.25">
			    <state gear="0" xRot="0" zRot="0"/>
                <state gear="1" xRot="4" zRot="-4"/>
                <state gear="2" xRot="-4" zRot="-4"/>
			    <state gear="3" xRot="4" zRot="4"/>
				<state gear="4" xRot="-4" zRot="4"/>
				<state gear="-1" xRot="4" zRot="-4"/>
                <state gear="-2" xRot="-4" zRot="-4"/>
			    <state gear="-3" xRot="4" zRot="4"/>
				<state gear="-4" xRot="-4" zRot="4"/>
            </gearLever>
			<gearLever node="0>0|4|4|4" centerAxis="3" changeTime="0.4" handsOnDelay="0.2">
			    <state group="1" xRot="3" zRot="0" />
				<state group="2" xRot="3" zRot="-4"/>
				<state group="3" xRot="-3" zRot="0"/>
            </gearLever>
        </gearLevers>
        <exhaustEffects>
            <exhaustEffect node="exhaustParticle" filename="$data/effects/exhaust/exhaust.i3d" minRpmColor="0.9 0.9 0.9 0.1" maxRpmColor="0.9 0.9 0.9 0.4" minRpmScale="0.05" maxRpmScale="0.5"/>
        </exhaustEffects>
        <motorStartDuration>3000</motorStartDuration>
        <dashboards>
            <dashboard displayType="ROT" valueType="clutchPedal" node="pedalClutch" minRot="0 0 0" maxRot="-20 0 0" doInterpolation="true" groups="MOTOR_ACTIVE"/>
            <dashboard displayType="ANIMATION" valueType="motorTemperature" animName="loadingBarTemperature" minValueAnim="20" maxValueAnim="130" groups="MOTOR_ACTIVE"/>
            <dashboard displayType="ANIMATION" valueType="rpm" animName="loadingBarRPM" minValueAnim="0" maxValueAnim="2500" groups="MOTOR_ACTIVE"/>
            <dashboard displayType="ROT" valueType="movingDirection" node="leverDirectionSelector" minRot="18 0 0" maxRot="-18 0 0" doInterpolation="true" groups="MOTOR_ACTIVE"/>
            <dashboard name="Kontak" displayType="MULTI_STATE" valueType="ignitionState" node="0>0|4|9|6" doInterpolation="true" groups="MOTOR_ACTIVE">
                <state value="0" rotation="0 0 0"/>
                <state value="1" rotation="0 0 40"/>
                <state value="2" rotation="0 0 20"/>
           </dashboard>
            <dashboard displayType="ROT"         valueType="movingDirection" node="0>0|4|0|3|0" tangentType="spline" minRot="0 0 -12" maxRot="0 0 12" doInterpolation="true" interpolationSpeed="0.01" groups="MOTOR_ACTIVE"/>
        </dashboards>
    </motorized>
    <drivable>
        <steeringWheel node="steeringWheel" indoorRotation="540" outdoorRotation="30"/>
        <dashboards>
            <dashboard displayType="ROT" valueType="accelerationAxis" node="gasPedal" minRot="0 0 0" maxRot="-15 0 0" doInterpolation="true" groups="MOTOR_ACTIVE"/>
            <dashboard displayType="ROT" valueType="decelerationAxis" node="brakePedal" minRot="0 0 0" maxRot="-15 0 0" doInterpolation="true" groups="MOTOR_ACTIVE"/>			
        </dashboards>
    </drivable>



    <animations>
        <animation name="wiperFrontAnimation">
            <part node="0>0|4|7|0|0" startTime="0" endTime="1" tangentType="spline" startRot="0" endRot="0 180 0"/>
            <sound template="wiper1" startTime="0" endTime="1" direction="1" volumeScale="1.0" pitchScale="1.0" fadeOut="0.1" linkNode="wiperFront"/>
            <sound template="wiper2" startTime="0" endTime="1" direction="-1" volumeScale="1.0" pitchScale="1.0" fadeOut="0.1" linkNode="wiperFront"/>
        </animation>
        <animation name="loadingBarTemperature">
            <part node="needleTemp" startTime="0.0" endTime="1.0" startRot="-99.152 43.285 -99.281" endRot="-46.665 -8.855 13.208"/>
        </animation>
        <animation name="loadingBarFuel">
            <part node="0>0|4|3|3|0" startTime="1.0" endTime="3.0" startRot="0 0 0" endRot="0 -105 0"/>
        </animation>
        <animation name="loadingBarRPM">
            <part node="0>0|4|3|2|0" startTime="0.0" endTime="1.0" startRot="0 0 0" endRot="0 -180 0"/>
        </animation>
		<animation name="leftDoor">
            <part node="0>0|4|9|1|0" startTime="0.0" endTime="1.5" tangentType="spline" startRot="0 0 0" endRot="0 45 0" />	

            <sound file="sounds/animationSounds/door_open.ogg"  	startTime="0.01" volumeScale="5.5" pitchScale="0" direction="1"/>
            <sound file="sounds/animationSounds/door_close.ogg"  	startTime="0.01" volumeScale="5.5" pitchScale="0" direction="-1"/>			
		</animation>
		<animation name="RightDoor">
            <part node="0>0|4|9|0|0" startTime="0.0" endTime="1.5" tangentType="spline" startRot="0 0 0" endRot="0 -45 0" />	
			
            <sound file="sounds/animationSounds/door_open.ogg"  	startTime="0.01" volumeScale="5.5" pitchScale="0" direction="1"/>
            <sound file="sounds/animationSounds/door_close.ogg"  	startTime="0.01" volumeScale="5.5" pitchScale="0" direction="-1"/>			
		</animation>
		<animation name="arkaCam">
            <part node="0>0|4|9|5|0" startTime="0.0" endTime="1" tangentType="spline" startRot="0 0 0" endRot="70 0 0" />			
		</animation>
		<animation name="direksiyon">
            <part node="0>0|4|0" startTime="0.2" endTime="1" tangentType="spline" startRot="0 0 0" endRot="-14 0 0" />		
		</animation>
        <animation name="mirrorLeft">
            <part node="0>0|4|9|3|0" startTime="0.0" endTime="1.0" startRot="90 40 0" endRot="90 0 0"/>
            <part node="0>0|4|9|3|0|0|0" startTime="1.0" endTime="2.0" startRot="0 1 40" endRot="0 0 0"/>
        </animation>
        <animation name="mirrorRight">
            <part node="0>0|4|9|4|0" startTime="0.0" endTime="1.0" startRot="90 -40 0" endRot="90 0 0"/>
			<part node="0>0|4|9|4|0|0|0" startTime="1.0" endTime="2.0" startRot="0 -1 -40" endRot="0 0 0"/>
        </animation>	
        <animation name="piston_kolu">
            <part node="0>0|4|9|8|2|0" startTime="0.3" endTime="0.5" tangentType="spline" startRot="0 0 0" endRot="-15 0 0" />
            <part node="0>0|4|9|8|2|0" startTime="4.5" endTime="5.0" tangentType="spline" startRot="-15 0 0" endRot="0 0 0" />			
		</animation>

        <animation name="Kaput">
            <part node="0>0|10|0|2" startTime="0.0" endTime="1.0" startRot="0 0 0" tangentType="spline" endRot="-50 0 0"/>
        <sound template="metalClose"  startTime="0.0" direction="-1" pitchScale="1.5" >
            <volume indoor="2.0" outdoor="2.0" />
        </sound>
        </animation>	

        <animation name="Ceki">
            <part node="0>0|10|0|0|2" startTime="0.0" endTime="1.0" startRot="0 0 0" tangentType="spline" endRot="0 10 0"/>
        </animation>

        <animation name="4x4">
            <part node="0>0|4|9|9|1" startTime="0" endTime="0.3" tangentType="spline" startRot="0 -1.5 0" endRot="10 -1.5 0" /> 
            <part node="0>0|4|9|9|1|2" startTime="0" duration="0.3" shaderParameter="lightControl" shaderStartValues="0 0 0 0" shaderEndValues="10 0 0 0" />  
        <sound template="SWITCH_01"  startTime="0.005" direction="0" pitchScale="1" >
            <volume indoor="1.0"/>
        </sound>  
        </animation>
        <animation name="DifransiyelKilit">
            <part node="0>0|4|9|9|2" startTime="0" endTime="0.3" tangentType="spline" startRot="0 -1.5 0" endRot="10 -1.5 0" /> 
            <part node="0>0|4|9|9|2|2" startTime="0" duration="0.3" shaderParameter="lightControl" shaderStartValues="0 0 0 0" shaderEndValues="10 0 0 0" />  
        <sound template="SWITCH_01"  startTime="0.005" direction="0" pitchScale="1" >
            <volume indoor="1.0"/>
        </sound>      
        </animation>
        <animation name="Dortlu">
            <part node="0>0|4|9|9|3" startTime="0" endTime="0.3" tangentType="spline" startRot="0 -1.5 0" endRot="10 -1.5 0" /> 
            <part node="0>0|4|9|9|3|2" startTime="0" duration="0.3" shaderParameter="lightControl" shaderStartValues="0 0 0 0" shaderEndValues="10 0 0 0" />        
        </animation> 
        <animation name="OnLamba">
            <part node="0>0|4|9|9|4" startTime="0" endTime="0.3" tangentType="spline" startRot="-90 -90 0" endRot="-80 -90 0" />
            <part node="0>0|4|9|9|4|2" startTime="0" duration="0.3" shaderParameter="lightControl" shaderStartValues="0 0 0 0" shaderEndValues="10 0 0 0" />         
        </animation> 
        <animation name="ArkaLamba">
            <part node="0>0|4|9|9|5" startTime="0" endTime="0.3" tangentType="spline" startRot="-90 -90 0" endRot="-80 -90 0" />  
            <part node="0>0|4|9|9|5|2" startTime="0" duration="0.3" shaderParameter="lightControl" shaderStartValues="0 0 0 0" shaderEndValues="10 0 0 0" />       
        </animation> 
        <animation name="Silecek">
            <part node="0>0|4|9|9|6" startTime="0" endTime="0.3" tangentType="spline" startRot="-90 -90 0" endRot="-80 -90 0" />   
            <part node="0>0|4|9|9|6|2" startTime="0" duration="0.3" shaderParameter="lightControl" shaderStartValues="0 0 0 0" shaderEndValues="10 0 0 0" />
        <sound template="SWITCH_01"  startTime="0.005" direction="0" pitchScale="1" >
            <volume indoor="1.0"/>
        </sound>  
        </animation> 
        <animation name="TepeLambasi">
            <part node="0>0|4|9|9|7" startTime="0" endTime="0.3" tangentType="spline" startRot="-90 -90 0" endRot="-80 -90 0" />       
            <part node="0>0|4|9|9|7|2" startTime="0" duration="0.3" shaderParameter="lightControl" shaderStartValues="0 0 0 0" shaderEndValues="10 0 0 0" /> 
        <sound template="SWITCH_01"  startTime="0.005" direction="0" pitchScale="1" >
            <volume indoor="1.0"/>
        </sound>  
        </animation>   
        <animation name="Sis">    
            <part node="0>0|10|0|2|8|2" startTime="0" duration="0.3" shaderParameter="lightControl" shaderStartValues="0 0 0 0" shaderEndValues="20 0 0 0" />
        <sound template="SWITCH_01"  startTime="0.005" direction="0" pitchScale="1" >
            <volume indoor="1.0"/>
        </sound>  
        </animation>   
        <animation name="ElGazi">
            <part node="0>0|4|9|11|0" startTime="0" endTime="1" tangentType="spline" startRot="-15 0 0" endRot="35 0 0"/>
        </animation> 	
    </animations>
	
    <interactiveControl>
        <interactiveControlConfigurations title="$l10n_actionIC_Animation">
            <interactiveControlConfiguration name="$l10n_actionIC_IC">
                <interactiveControls>
                    <outdoorTrigger node="0>0|16" />

                    <interactiveControl posText="$l10n_actionIC_closeWindow" negText="$l10n_actionIC_openWindow">
                        <clickPoint node="0>0|10|0|2|9" size="0.04" type="OUTDOOR" iconType="CROSS"/>
                        <animation name="Kaput" speedScale="1.0" initTime="0.0" />
                    </interactiveControl>

                    <interactiveControl posText="$l10n_actionIC_closeWindow" negText="$l10n_actionIC_openWindow">
                        <clickPoint node="0>0|10|0|0|2|0" size="0.05" type="OUTDOOR" iconType="CROSS"/>
                        <animation name="Ceki" speedScale="1.0" initTime="0.0" />
                    </interactiveControl>

                    <!-- windows -->
                    <interactiveControl posText="$l10n_actionIC_closeWindow" negText="$l10n_actionIC_openWindow">
                        <clickPoint node="0>0|4|9|5|0|2" size="0.04" type="INDOOR" iconType="CROSS"/>
                        <animation name="arkaCam" speedScale="1.0" initTime="0.0" />
                        <soundModifier indoorFactor="1.5" delayedSoundAnimationTime="0.1"/>
                    </interactiveControl>
                    <interactiveControl posText="$l10n_actionIC_closeDoor" negText="$l10n_actionIC_openDoor">
                        <clickPoint node="0>0|4|9|1|0|1" size="0.04" type="INDOOR" iconType="CROSS"/>
                        <clickPoint node="0>0|4|9|1|0|2" size="0.04" type="OUTDOOR" iconType="CROSS"/>
                        <animation name="leftDoor" speedScale="1.0" initTime="0.0" />
                        <animation name="leftDoor" speedScale="1.0" initTime="0.0" />
                        <soundModifier indoorFactor="3" delayedSoundAnimationTime="0.1"/>
                    </interactiveControl>
					<interactiveControl posText="$l10n_actionIC_closeDoor" negText="$l10n_actionIC_openDoor">
                        <clickPoint node="0>0|4|9|0|0|1" size="0.04" type="INDOOR" iconType="CROSS"/>
                        <clickPoint node="0>0|4|9|0|0|2" size="0.04" type="OUTDOOR" iconType="CROSS"/>
                        <animation name="RightDoor" speedScale="1.0" initTime="0.0" />
                        <animation name="RightDoor" speedScale="1.0" initTime="0.0" />
                        <soundModifier indoorFactor="3" delayedSoundAnimationTime="0.1"/>
                    </interactiveControl>
					<interactiveControl posText="$l10n_actionIC_lower_steeringWheel" negText="$l10n_actionIC_raise_steeringWheel">
                        <clickPoint node="0>0|4|0|0|1" size="0.03" type="INDOOR" iconType="CROSS"/>
                        <animation name="direksiyon" speedScale="1.0" initTime="0.0" />
                        <animation name="direksiyon" speedScale="1.0" initTime="0.0" />
                    </interactiveControl>
					<interactiveControl posText="$l10n_actionIC_closeDoor" negText="$l10n_actionIC_openDoor">
                        <clickPoint node="0>0|4|9|4|0|1" size="0.04" type="OUTDOOR" iconType="CROSS"/>
                        <animation name="mirrorRight" speedScale="1.0" initTime="0.0" />
                        <animation name="mirrorRight" speedScale="1.0" initTime="0.0" />
                    </interactiveControl>
					<interactiveControl posText="$l10n_actionIC_closeDoor" negText="$l10n_actionIC_openDoor">
                        <clickPoint node="0>0|4|9|3|0|1" size="0.04" type="OUTDOOR" iconType="CROSS"/>
                        <animation name="mirrorLeft" speedScale="1.0" initTime="0.0" />
                    </interactiveControl>
					<interactiveControl posText="$l10n_actionIC_turnOffImplement" negText="$l10n_actionIC_turnOnImplement" >
                        <clickPoint node="0>0|4|9|8|2|0|0" size="0.03" blinkSpeedScale="0.6" type="INDOOR" iconType="TURN_ON" alignToCamera="false" invertZ="true"/>
						<animation name="piston_kolu" speedScale="1.0" initTime="0.0" />
                        <function name="ATTACHERJOINT_FOLDING_TOGGLE">
                            <attacherJoint index="1" />
                        </function>
                    </interactiveControl>
                    
                    <interactiveControl posText="$l10n_actionIC_stopMotor" negText="$l10n_actionIC_startMotor">
                        <clickPoint node="0>0|4|9|6|0" size="0.03" type="INDOOR" blinkSpeedScale="0.6" alignToCamera="false" iconType="IGNITIONKEY"/>
                        <function name="MOTOR_START_STOPP" />
                    </interactiveControl>
                    <interactiveControl posText="$l10n_actionIC_stopMotor" negText="$l10n_actionIC_startMotor">
                        <clickPoint node="0>0|4|9|6|0" size="0.03" type="OUTDOOR" blinkSpeedScale="0.6" alignToCamera="false" iconType="IGNITIONKEY"/>
                        <function name="MOTOR_START_STOPP" />
                    </interactiveControl>
					
                    <interactiveControl posText="$l10n_actionIC_forward_toggle" negText="$l10n_actionIC_reverse_toggle" >
                        <clickPoint node="0>0|4|0|3|0|2" size="0.03" blinkSpeedScale="0.6" type="INDOOR" iconType="ARROW"  />
                        <function name="DRIVE_DIRECTION_TOGGLE" />
                    </interactiveControl>

                    <interactiveControl posText="$actionIC_allWheelDriveOff" negText="$actionIC_allWheelDriveOn" >
                        <clickPoint node="0>0|4|9|9|1|1" size="0.025" blinkSpeedScale="0.6" type="INDOOR" iconType="CROSS" alignToCamera="false" invertZ="true" />
                        <function name="VCA_TOGGLE_AWD" />
                        <animation name="4x4" speedScale="1.0" initTime="0.0" />
                    </interactiveControl>
                    <interactiveControl posText="$actionIC_diffLockBackOff" negText="$actionIC_diffLockBackOff" >
                        <clickPoint node="0>0|4|9|9|2|1" size="0.025" blinkSpeedScale="0.6" type="INDOOR" iconType="CROSS" alignToCamera="false" invertZ="true" />
                        <function name="VCA_TOGGLE_DIFFLOCK_BACK" />
                        <animation name="DifransiyelKilit" speedScale="1.0" initTime="0.0" />
                    </interactiveControl>
                    <interactiveControl posText="$l10n_actionIC_hazardLightsOff" negText="$l10n_actionIC_hazardLightsOn" >
                        <clickPoint node="0>0|4|9|9|3|1" size="0.025" blinkSpeedScale="0.6" type="INDOOR" iconType="HAZARD" alignToCamera="false" invertZ="true" />
                        <function name="LIGHTS_TURNLIGHT_HAZARD_TOGGLE" />
                        <animation name="Dortlu" speedScale="1.0" initTime="0.0" />
                    </interactiveControl>
                    <interactiveControl posText="$l10n_actionIC_workLightsFrontOff" negText="$l10n_actionIC_workLightsFrontOn" >
                        <clickPoint node="0>0|4|9|9|4|1" size="0.025" blinkSpeedScale="0.6" type="INDOOR" iconType="WORKLIGHTFRONT" alignToCamera="false" invertZ="true" />
                        <function name="LIGHTS_WORKFRONT_TOGGLE" />
                        <animation name="OnLamba" speedScale="1.0" initTime="0.0" />
                    </interactiveControl>
                    <interactiveControl posText="$l10n_actionIC_workLightsBackOff" negText="$l10n_actionIC_workLightsBackOn" >
                        <clickPoint node="0>0|4|9|9|5|1" size="0.025" blinkSpeedScale="0.6" type="INDOOR" iconType="WORKLIGHTBACK" alignToCamera="false" invertZ="true" />
                        <function name="LIGHTS_WORKBACK_TOGGLE" />
                        <animation name="ArkaLamba" speedScale="1.0" initTime="0.0" />
                    </interactiveControl>
                    <interactiveControl posText="Silecek Kapat" negText="Silecek Ac" >
                        <clickPoint node="0>0|4|9|9|6|1" size="0.025" blinkSpeedScale="0.6" type="INDOOR" iconType="CROSS" alignToCamera="false" invertZ="true" />
                        <animation name="wiperFrontAnimation" speedScale="1.0" initTime="0.0" />
                        <animation name="Silecek" speedScale="1.0" initTime="0.0" />
                    </interactiveControl>
                    <interactiveControl posText="$l10n_actionIC_beaconLightsOff" negText="$l10n_actionIC_beaconLightsOn" >
                        <clickPoint node="0>0|4|9|9|7|1" size="0.025" blinkSpeedScale="0.6" type="INDOOR" iconType="BEACONLIGHT" alignToCamera="false" invertZ="true" />
                        <function name="LIGHTS_BEACON_TOGGLE" />
                        <animation name="TepeLambasi" speedScale="1.0" initTime="0.0" />
                    </interactiveControl>
                    <interactiveControl posText="$l10n_actionIC_lightsOff" negText="$l10n_actionIC_lightsOn" >
                        <clickPoint node="0>0|4|9|7|0" size="0.025" blinkSpeedScale="0.6" type="INDOOR" iconType="LIGHT" alignToCamera="false" invertZ="true" />
                        <animation name="Sis" speedScale="1.0" initTime="0.0" />
                    </interactiveControl>

                    <interactiveControl posText="$l10n_actionIC_cruiseControl_toggle" negText="$l10n_actionIC_cruiseControl_toggle" >
                        <clickPoint node="0>0|4|9|11|0|0" size="0.025" blinkSpeedScale="0.6" type="INDOOR" iconType="CRUISE_CONTROL" alignToCamera="false" invertZ="true" />
                        <animation name="ElGazi" speedScale="1.0" initTime="0.0" />
                        <function name="CRUISE_CONTROL_TOGGLE" />
                    </interactiveControl>

                </interactiveControls>
            </interactiveControlConfiguration>
          </interactiveControlConfigurations>
        <registers>
            <clickIcon filename="Texture/shared/ic_clickIcon.i3d" name="HAZARD"         node="1"/>
            <clickIcon filename="Texture/shared/ic_clickIcon.i3d" name="TURNLIGHT"      node="2"/>
            <clickIcon filename="Texture/shared/ic_clickIcon.i3d" name="BEACONLIGHT"    node="3"/>
            <clickIcon filename="Texture/shared/ic_clickIcon.i3d" name="WORKLIGHTFRONT" node="4"/>
            <clickIcon filename="Texture/shared/ic_clickIcon.i3d" name="WORKLIGHTBACK"  node="5"/>
            <clickIcon filename="Texture/shared/ic_clickIcon.i3d" name="HIGHBEAMLIGHT"  node="6"/>
            <clickIcon filename="Texture/shared/ic_clickIcon.i3d" name="OPENDOOR"       node="7"/>
            <clickIcon filename="Texture/shared/ic_clickIcon.i3d" name="PLAYBUTTON"     node="0"/>
            <clickIcon filename="Texture/shared/ic_clickIcon.i3d" name="RADIOPREV"      node="8"/>
            <clickIcon filename="Texture/shared/ic_clickIcon.i3d" name="RADIONEXT"      node="9"/>
            <clickIcon filename="Texture/shared/ic_clickIcon.i3d" name="CROSS"      node="10"/>
        </registers>
    </interactiveControl>	
	
    <cylindered>
        <movingTools>
            <movingTool node="attacherJointBackArmBottom">
                <dependentPart node="mainArm" />
            </movingTool>		
        </movingTools>
        <movingParts>
            <movingPart node="mainArm" localReferencePoint="0>0|7|0|0|0|0" referencePoint="mainArmRef" referenceFrame="mainArmRefFrame">
                <dependentPart node="mainArmPart"/>
                <dependentPart node="mainArmHydraulic"/>
            </movingPart>
            <movingPart node="mainArmPart" referencePoint="mainArmRef" referenceFrame="mainArmRef"/>
            <movingPart node="mainArmHydraulic" referencePoint="mainArmHydraulicRef" referenceFrame="mainArmHydraulicRef">
                <translatingPart node="mainArmHydraulicPunch"/>
            </movingPart>
			<movingPart node="1>0|1|0|2"  referencePoint="1>0|0|1"  referenceFrame="1>0|0|1"  isActiveDirty="true" scaleZ="false" maxUpdateDistance="50"/>
			<movingPart node="1>0|1|0|3"  referencePoint="1>0|2|2"  referenceFrame="1>0|2|2"  isActiveDirty="true" scaleZ="false" maxUpdateDistance="50"/>


            <movingPart node="0>0|4|9|0|0|3" referencePoint="0>0|4|9|10|1" referenceFrame="0>0|4|9|10|1" isActiveDirty="true">
                <translatingPart node="0>0|4|9|0|0|3|0"/>
            </movingPart>
            <movingPart node="0>0|4|9|1|0|3" referencePoint="0>0|4|9|10|0" referenceFrame="0>0|4|9|10|0" isActiveDirty="true">
                <translatingPart node="0>0|4|9|1|0|3|0"/>
            </movingPart>
            <movingPart node="0>0|4|9|5|0|3" referencePoint="0>0|4|9|10|2" referenceFrame="0>0|4|9|10|2" isActiveDirty="true">
                <translatingPart node="0>0|4|9|5|0|3|0"/>
            </movingPart>
            <movingPart node="0>0|4|9|5|0|4" referencePoint="0>0|4|9|10|3" referenceFrame="0>0|4|9|10|3" isActiveDirty="true">
                <translatingPart node="0>0|4|9|5|0|4|0"/>
            </movingPart>


        </movingParts>
    </cylindered>

    <configurationSets title="$l10n_configuration_frontweight">
        <configurationSet name="$l10n_configuration_valueNo" params="0">
            <configuration name="design" index="1"/>
            <configuration name="attacherJoint" index="1"/>
        </configurationSet>
        <configurationSet name="80" params="80">
            <configuration name="design" index="2"/>
            <configuration name="attacherJoint" index="2"/>
        </configurationSet>
         <configurationSet name="160" params="160">
            <configuration name="design" index="3"/>
            <configuration name="attacherJoint" index="3"/>
        </configurationSet>
         <configurationSet name="240" params="240">
            <configuration name="design" index="4"/>
            <configuration name="attacherJoint" index="4"/>
        </configurationSet>
         <configurationSet name="320" params="320">
            <configuration name="design" index="5"/>
            <configuration name="attacherJoint" index="5"/>
        </configurationSet>
         <configurationSet name="400" params="400">
            <configuration name="design" index="6"/>
            <configuration name="attacherJoint" index="6"/>
        </configurationSet>
    </configurationSets>
    <designConfigurations title="0">
        <designConfiguration name="$l10n_configuration_valueNo">
            <objectChange node="baseWeight" visibilityActive="false"/>
            <foliageBendingModifier index="3" minZ="1.8" maxZ="1.9"/>
        </designConfiguration>
         <designConfiguration name="80" price="20">
            <objectChange node="series4700M_main_component1" />
            <objectChange node="series4700M_main_component1" centerOfMassActive="0 0.95 -0.3"/>
            <objectChange node="baseWeight" visibilityActive="true"/>
            <objectChange node="weightCol" compoundChildActive="true" compoundChildInactive="false"/>
        </designConfiguration>
        
        <designConfiguration name="160" price="20">
            <objectChange node="series4700M_main_component1" />
            <objectChange node="series4700M_main_component1" centerOfMassActive="0 0.95 -0.3"/>
            <objectChange node="baseWeight" visibilityActive="true"/>
            <objectChange node="0>0|9|0|0|1" visibilityActive="true"/>
            <objectChange node="weightCol" compoundChildActive="true" compoundChildInactive="false"/>
        </designConfiguration>
        
          <designConfiguration name="240" price="40">
            <objectChange node="series4700M_main_component1" />
            <objectChange node="series4700M_main_component1" centerOfMassActive="0 0.95 -0.3"/>
            <objectChange node="baseWeight" visibilityActive="true"/>
            <objectChange node="0>0|9|0|0|1" visibilityActive="true"/>
            <objectChange node="0>0|9|0|0|2" visibilityActive="true"/>
            <objectChange node="weightCol" compoundChildActive="true" compoundChildInactive="false"/>
        </designConfiguration>
        
          <designConfiguration name="320" price="40">
            <objectChange node="series4700M_main_component1" />
            <objectChange node="series4700M_main_component1" centerOfMassActive="0 0.95 -0.3"/>
            <objectChange node="baseWeight" visibilityActive="true"/>
            <objectChange node="0>0|9|0|0|1" visibilityActive="true"/>
            <objectChange node="0>0|9|0|0|2" visibilityActive="true"/>
            <objectChange node="0>0|9|0|0|3" visibilityActive="true"/>
            <objectChange node="weightCol" compoundChildActive="true" compoundChildInactive="false"/>
        </designConfiguration>  
        
         <designConfiguration name="400" price="40">
            <objectChange node="series4700M_main_component1" />
            <objectChange node="series4700M_main_component1" centerOfMassActive="0 0.95 -0.3"/>
            <objectChange node="baseWeight" visibilityActive="true"/>
            <objectChange node="0>0|9|0|0|1" visibilityActive="true"/>
            <objectChange node="0>0|9|0|0|2" visibilityActive="true"/>
            <objectChange node="0>0|9|0|0|3" visibilityActive="true"/>
            <objectChange node="0>0|9|0|0|4" visibilityActive="true"/>
            <objectChange node="weightCol" compoundChildActive="true" compoundChildInactive="false"/>
        </designConfiguration>  
    </designConfigurations> 

            <!-- Bayi Seçenekleri -->
    <design3Configurations title="Bayi">
        <design3Configuration name="Yok">
            <objectChange node="0>0|4|8|0|1|0" visibilityActive="false"/>
        </design3Configuration>
        <design3Configuration name="Yüksel Ceylan" price="5">
            <objectChange node="0>0|4|8|0|1|0" visibilityActive="true"/>
        </design3Configuration>
    </design3Configurations>

            <!-- Çakar Seçeneği -->
    <design2Configurations title="$l10n_configuration_Cakar">
        <design2Configuration name="$l10n_ui_no">
            <objectChange node="0>0|4|5|2" visibilityActive="false"/>
            <objectChange node="0>0|4|5|3" visibilityActive="false"/>
        </design2Configuration>
        <design2Configuration name="$l10n_alt" price="50">
            <objectChange node="0>0|4|5|2" visibilityActive="true"/>
            <objectChange node="0>0|4|5|3" visibilityActive="false"/>
        </design2Configuration>
        <design2Configuration name="$l10n_ust" price="50">
            <objectChange node="0>0|4|5|2" visibilityActive="false"/>
            <objectChange node="0>0|4|5|3" visibilityActive="true"/>
        </design2Configuration>
    </design2Configurations>

    <wipers>
        <wiper animName="wiperFrontAnimation">
            <state animSpeed="0.9" animPause="1.0"/>
            <state animSpeed="0.9" animPause="0.0"/>
            <state animSpeed="1.3" animPause="0.0"/>
        </wiper>
    </wipers>
    <suspensions>
        <suspension node="seat" weight="150" minTranslation="-0.05 -0.15 0.0" maxTranslation="0.05 0.15 0.0" suspensionParametersX="20 4" suspensionParametersY="5 1" suspensionParametersZ="20 4"/>
        <suspension useCharacterTorso="true" weight="90" minRotation="0 -5 -5" maxRotation="0 5 5" suspensionParametersY="7 1" suspensionParametersZ="7 1"/>
        <suspension node="0>0|4"             weight="400" minRotation="-0.2 0 -0.2" maxRotation="0.2 0 0.2" suspensionParametersX="200 17" suspensionParametersZ="200 17" />
    </suspensions>
    <fillUnit>
        <fillUnitConfigurations>
            <fillUnitConfiguration>
                <fillUnits>
                    <fillUnit unitTextOverride="$l10n_unit_literShort" showOnHud="false" showInShop="false" fillTypes="diesel" capacity="92">
                        <dashboard displayType="ANIMATION" valueType="fillLevel" animName="loadingBarFuel" groups="MOTOR_ACTIVE"/>
                        <dashboard displayType="EMITTER" valueType="fillLevelWarning" node="0>0|4|5|4|7" baseColor="GREY" emitColor="ORANGE" warningThresholdMax="30" groups="MOTOR_ACTIVE"/>
                    </fillUnit>
                    <fillUnit unitTextOverride="$l10n_unit_literShort" showOnHud="false" showInShop="false" showOnInfoHud="false" fillTypes="air" capacity="3000"/>
                </fillUnits>
            </fillUnitConfiguration>
        </fillUnitConfigurations>
    </fillUnit>
    <dashboard>
        <groups>
            <group name="MOTOR_STARTING" isMotorStarting="true"/>
            <group name="MOTOR_ACTIVE" isMotorStarting="true" isMotorRunning="true"/>
        </groups>
        <default>
            <dashboard displayType="EMITTER" node="startingDecals" idleValue="-1" intensity="0.2" groups="MOTOR_STARTING"/>
        </default>
    </dashboard>
    <ai>
        <agent width="2.15" length="4.65" height="2.9" lengthOffset="1.23" frontOffset="2.24"/>
        <collisionTrigger node="aiCollisionNode" width="2.6" height="3.0"/>
    </ai>
    <foliageBending>
        <bendingNode minX="-1.05" maxX="1.05" minZ="-0.3" maxZ="1.8" yOffset="0.5"/>
        <bendingNode minX="-1.05" maxX="1.05" minZ="-1.9" maxZ="-0.3" yOffset="0.5"/>
        <bendingNode minX="-0.30" maxX="0.30" minZ="1.8" maxZ="2.35" yOffset="0.55"/>
    </foliageBending>
	
	
    <wearable wearDuration="480" workMultiplier="5" fieldMultiplier="2"/>
    <washable dirtDuration="90" washDuration="1" workMultiplier="3" fieldMultiplier="2"/>
    <i3dMappings>
        <i3dMapping id="series4700M_main_component1" node="0>"/>
        <i3dMapping id="wheelBackLeft" node="0>0|0|0"/>
        <i3dMapping id="wheelBackRight" node="0>0|0|1"/>
        <i3dMapping id="outdoorCameraTarget" node="0>0|1|0"/>
        <i3dMapping id="outdoorCamera1" node="0>0|1|0|0"/>
        <i3dMapping id="indoorCamera1" node="0>0|4|1|3"/>
        <i3dMapping id="cameraRaycastNode1" node="0>0|1|2"/>
        <i3dMapping id="cameraRaycastNode2" node="0>0|1|3"/>
        <i3dMapping id="cameraRaycastNode3" node="0>0|1|4"/>
        <i3dMapping id="shadowFocusBox" node="0>0|1|5"/>
        <i3dMapping id="frontLightLow" node="0>0|2|1|0"/>
        <i3dMapping id="highBeamLow" node="0>0|2|1|1"/>
        <i3dMapping id="frontLightHigh" node="0>0|2|1|2"/>
        <i3dMapping id="highBeamHigh" node="0>0|2|1|3"/>
        <i3dMapping id="workLightFrontLow" node="0>0|2|2|0"/>
        <i3dMapping id="workLightFrontHigh1" node="0>0|2|2|1"/>
        <i3dMapping id="workLightBackLow" node="0>0|2|2|2"/>
        <i3dMapping id="workLightBackHigh1" node="0>0|2|2|3"/>
        <i3dMapping id="backLightsHigh1" node="0>0|2|3|0"/>
        <i3dMapping id="turnLightLeftFront" node="0>0|2|4|0"/>
        <i3dMapping id="turnLightRightFront" node="0>0|2|4|1"/>
        <i3dMapping id="beaconLight07_01" node="0>0|4|5|1|0"/>
        <i3dMapping id="attacherJointBackRot" node="0>0|3|0|0"/>
        <i3dMapping id="attacherJointBackRot2" node="0>0|3|0|0|0"/>
        <i3dMapping id="attacherJointBack" node="0>0|3|0|0|0|0"/>
        <i3dMapping id="attacherJointBackArmBottom" node="0>0|3|0|1"/>
        <i3dMapping id="bottomLink" node="0>0|3|0|1|0"/>
        <i3dMapping id="referencePointBackBottom" node="0>0|3|0|1|0|0"/>
        <i3dMapping id="mainArmRef" node="0>0|3|0|1|0|1"/>
        <i3dMapping id="attacherJointBackArmTop" node="0>0|3|0|2"/>
        <i3dMapping id="trailerLowNode" node="0>0|10|0|0|2|1"/>
        <i3dMapping id="trailerAttacherJointBackLow" node="0>0|3|1|0|0"/>
        <i3dMapping id="trailerSteeringLeftRef" node="0>0|3|1|0|1"/>
        <i3dMapping id="trailerSteeringRightRef" node="0>0|3|1|0|2"/>
        <i3dMapping id="trailerAttacherNode" node="0>0|3|1|1"/>
        <i3dMapping id="trailerAttacherJointBack" node="0>0|3|1|1|0"/>
        <i3dMapping id="trailerAttacherJointFront" node="0>0|3|1|2"/>
        <i3dMapping id="ptoBack" node="0>0|3|2|0"/>
        <i3dMapping id="electricBack" node="0>0|3|3|0"/>
        <i3dMapping id="hydraulic03_out" node="0>0|3|3|3"/>
        <i3dMapping id="hydraulic03_in" node="0>0|3|3|4"/>
        <i3dMapping id="hydraulic02_out" node="0>0|3|3|5"/>
        <i3dMapping id="hydraulic02_in" node="0>0|3|3|6"/>
        <i3dMapping id="hydraulic01_out" node="0>0|3|3|7"/>
        <i3dMapping id="hydraulic01_in" node="0>0|3|3|8"/>
        <i3dMapping id="hydraulic03_out_cover" node="0>0|3|3|9"/>
        <i3dMapping id="hydraulic02_out_cover" node="0>0|3|3|10"/>
        <i3dMapping id="hydraulic01_out_cover" node="0>0|3|3|11"/>
        <i3dMapping id="hydraulic03_in_cover" node="0>0|3|3|12"/>
        <i3dMapping id="hydraulic02_in_cover" node="0>0|3|3|13"/>
        <i3dMapping id="hydraulic01_in_cover" node="0>0|3|3|14"/>
        <i3dMapping id="hauerFrontloaderConsole" node="0>0|3|4|0"/>
        <i3dMapping id="attacherJointFrontloaderHauer" node="0>0|3|4|0|0"/>
        <i3dMapping id="quickeFrontloaderConsole" node="0>0|3|4|1"/>
        <i3dMapping id="attacherJointFrontloaderQuicke" node="0>0|3|4|1|0"/>
        <i3dMapping id="steeringWheel" node="0>0|4|0|0|0"/>
        <i3dMapping id="playerLeftHandTarget" node="0>0|4|0|0|0|0"/>
        <i3dMapping id="seat" node="0>0|4|1"/>
        <i3dMapping id="playerSkin" node="0>0|4|1|0"/>
        <i3dMapping id="playerRightFootTarget" node="0>0|4|2|0"/>
        <i3dMapping id="playerLeftFootTarget" node="0>0|4|2|1"/>
        <i3dMapping id="playerRightFootTargetGas" node="0>0|4|2|2"/>
        <i3dMapping id="pedalClutch" node="0>0|4|4|0"/>
        <i3dMapping id="playerLeftFootTargetClutch" node="0>0|4|4|0|0"/>
        <i3dMapping id="gasPedal" node="0>0|4|4|1"/>
        <i3dMapping id="playerRightFootTargetGasRef" node="0>0|4|4|1|0"/>
        <i3dMapping id="gearGroupLever" node="0>0|4|4|2"/>
        <i3dMapping id="playerRightHandTarget" node="0>0|4|4|4|1"/>
        <i3dMapping id="brakePedal" node="0>0|4|4|3"/>
        <i3dMapping id="playerRightFootTargetBrake" node="0>0|4|4|3|0"/>
        <i3dMapping id="wiperFront" node="0>0|4|6|0"/>
        <i3dMapping id="wiperBack" node="0>0|4|6|1"/>
        <i3dMapping id="exitPoint" node="0>0|5"/>
        <i3dMapping id="axisJoint" node="0>0|6"/>
        <i3dMapping id="mainArmRefFrame" node="0>0|7|0"/>
        <i3dMapping id="mainArm" node="0>0|7|0|0"/>
        <i3dMapping id="mainArmPart" node="0>0|7|0|0|0"/>
        <i3dMapping id="mainArmHydraulicRef" node="0>0|7|0|0|1"/>
        <i3dMapping id="mainArmHydraulic" node="0>0|7|1"/>
        <i3dMapping id="mainArmHydraulicPunch" node="0>0|7|1|0"/>
        <i3dMapping id="aiCollisionNode" node="0>0|8|0"/>
        <i3dMapping id="baseWeight" node="0>0|9|0|0|0"/>
        <i3dMapping id="series4700M_vis" node="0>0|10|15|0"/>
        <i3dMapping id="exhaustParticle" node="0>0|11"/>
        <i3dMapping id="licensePlateNodeBack" node="0>0|4|8|4"/>
        <i3dMapping id="licensePlateNodeFront" node=""/>
        <i3dMapping id="weightCol" node="0>2|1"/>
        <i3dMapping id="series4700M_axis_component2" node="1>"/>
        <i3dMapping id="axis" node="1>0"/>
        <i3dMapping id="axisFrontLeft" node="1>0|0|0"/>
        <i3dMapping id="wheelFrontLeft" node="1>0|0|0|0|0"/>
        <i3dMapping id="fenderLeft" node="1>0|0|0|1|0"/>
        <i3dMapping id="axisFrontRight" node="1>0|1|0"/>
        <i3dMapping id="wheelFrontRight" node="1>0|1|0|0|0"/>
        <i3dMapping id="fenderRight" node="1>0|1|0|1|0"/>
        <i3dMapping id="steeringBarFrontRight" node="1>0|1|0|2"/>
        <i3dMapping id="steeringBarFrontLeftRef" node="1>0|2|0"/>
        <i3dMapping id="steeringBarFrontRightRef" node="1>0|2|1"/>        
		<i3dMapping id="needleRPM" node="0>0|4|3|2"/>
		<i3dMapping id="needleFuel" node="0>0|4|3|3"/>
		<i3dMapping id="needleTemp" node="0>0|4|3|4"/>
    </i3dMappings>
</vehicle>
