<?xml version="1.0" encoding="utf-8" standalone="no" ?>
<sounds xmlns:xsi="http://www.w3.org/2001/XMLSchema-instance" xsi:noNamespaceSchemaLocation="../../../../../shared/xml/schema/vehicle_sounds.xsd">
    <motorized>
        <sounds>
            <motor template="engineLarge" file="$data/vehicles/caseIH/maxxum145CVX/sounds/maxxum145CVX_loop.gls" />
            <motor template="indoorCabinRumble" />
            <gearbox template="transmissionLarge" file="data/sounds/vehicles/transmission/caseTransmissionLoop.wav" pitchScale="0.6" volumeScale="0.3"/>
            <compressedAir template="compressedAir"/>
            <airCompressorRun template="brakeCompressorLarge" />
            <airCompressorStop template="compressedAir"/>
        </sounds>
    </motorized>

    <lights>
        <sounds>
            <toggleLights template="SWITCH_01"  />
            <turnLight template="SWITCH_TURNLIGHT"  />
        </sounds>
    </lights>

    <attacherJoints>
        <sounds>
            <attach template="ATTACH_01" />
            <hydraulic template="defaultHydraulicSound" />
        </sounds>
    </attacherJoints>

    <drivable>
        <sounds>
            <waterSplash template="WATER_SPLASH_01" />
        </sounds>
    </drivable>

    <honk>
        <sound template="HONK_CASEIH_MAXXUM" />
    </honk>
</sounds>
