<?xml version="1.0" encoding="utf-8" standalone="no" ?>
<sounds xmlns:xsi="http://www.w3.org/2001/XMLSchema-instance" xsi:noNamespaceSchemaLocation="../../../../../shared/xml/schema/vehicle_sounds.xsd">
    <motorized>
        <sounds>
            <motor template="engineSmall" file="$data/vehicles/johnDeere/series6M/sounds/series6M_loop.gls" />
            <motor template="indoorCabinRumble" />
            <gearbox template="transmissionSmall" volumeScale="0.35"/>
            <compressedAir template="compressedAir"/>
            <airCompressorRun template="brakeCompressorSmall" />
            <airCompressorStop template="compressedAir"/>
        </sounds>
    </motorized>

    <lights>
        <sounds>
            <toggleLights template="SWITCH_01"  />
            <turnLight template="SWITCH_TURNLIGHT_JD"  />
        </sounds>
    </lights>

    <attacherJoints>
        <sounds>
            <attach template="ATTACH_01" />
            <hydraulic template="defaultHydraulicSound" />
        </sounds>
    </attacherJoints>

    <drivable>
        <sounds>
            <waterSplash template="WATER_SPLASH_01" />
        </sounds>
    </drivable>

    <honk>
        <sound template="HONK_JD6250R" />
    </honk>
</sounds>
