<?xml version="1.0" encoding="utf-8" standalone="no" ?>
<sounds>
    <motorStart template="SMALL_TRACTOR_MOTOR_START" file="sounds/start.wav" linkNode="0>" >
        <volume indoor="0.6" outdoor="0.85" />
        <lowpassGain indoor="0.65" outdoor="1.0" />

    </motorStart>

    <motorStop template="SMALL_TRACTOR_MOTOR_STOP" file="sounds/stop.wav" linkNode="0>" >
        <volume indoor="0.6" outdoor="0.85" />
        <lowpassGain indoor="0.65" outdoor="1.0" />

    </motorStop>


    <motor template="SMALL_TRACTOR_MOTOR_IDLE" file="sounds/idle.wav" linkNode="0>" >
        <volume indoor="0.6" outdoor="0.85" />
        <lowpassGain indoor="0.65" outdoor="1.0" />

    </motor>

    <motor template="SMALL_TRACTOR_MOTOR_OFFLOAD_RUN" file="sounds/run.wav" linkNode="0>" >
        <volume indoor="0.6" outdoor="0.85" />
        <lowpassGain indoor="0.65" outdoor="1.0" />

    </motor>
    
    <motor template="SMALL_TRACTOR_MOTOR_ONLOAD_RUN" file="sounds/load.wav" linkNode="0>" >
        <volume indoor="0.6" outdoor="0.85" />
        <lowpassGain indoor="0.65" outdoor="1.0" />
    </motor>
    <airCompressorStart template="BRAKE_COMPRESSOR_START" linkNode="0>"/>
    <airCompressorStop template="BRAKE_COMPRESSOR_STOP" linkNode="0>"/>
    <airCompressorRun template="BRAKE_COMPRESSOR_RUN" linkNode="0>"/>
    <compressedAir template="BRAKE_SMALL" linkNode="0>"/>
    <airRelease template="BRAKE_REGULATOR_VALVE" linkNode="0>"/>
</sounds>
