﻿<?xml version="1.0" encoding="utf-8" standalone="no" ?>
<modDesc descVersion="61">
    <author>Ramazan</author>
    <version>1.0.0.0</version>
    <title>
        <en>Spreaders</en>
    </title>
    <description>
        <en>
            <![CDATA[Agromet Brzeg N012
            
Price: 1200€
Working width: 8 m
]]>
        </en>
        <de>
            <![CDATA[Agromet Brzeg N012
            
Preis: 1200€
Arbeitsbreite: 8 m
]]>
        </de>
        <fr>
            <![CDATA[Agromet Brzeg N012
            
Prix: 1200€
Largeur de travail: 8 m
]]>
        </fr>
    </description>
    <iconFilename>store_fmr.dds</iconFilename>
    <multiplayer supported="true" />

    <storeItems>
        <storeItem xmlFilename="N012.xml"/>
    </storeItems>
    <brands>
        <brand name="FMRBRZEG" title="Agromet Brzeg" image="brand_brzeg.dds"/>
    </brands>
</modDesc>
