<?xml version="1.0" encoding="utf-8" standalone="no"?>
<vehicle type="sprayer">
    <annotation>Copyright (C) GIANTS Software GmbH, All Rights Reserved.</annotation>

    <storeData>
        <name>Spreaders</name>
        <specs>
            <workingWidth>15.0</workingWidth>
        </specs>
        <functions>
            <function>$l10n_function_fertilizer</function>
        </functions>
        <image>store_fmr.dds</image>
        <price>1200</price>
        <lifetime>600</lifetime>
        <rotation>0</rotation>
        <brand>PANKOBIRLIK</brand>
        <category>fertilizerSpreaders</category>
    </storeData>

    <base>
        <typeDesc>$l10n_typeDesc_fertilizerSpreader</typeDesc>
        <filename>agrometlej.i3d</filename>
        <size width="2.5" length="3.0"/>
        <speedLimit value="14"/>
        <components>
            <component centerOfMass="0 0.2 0" solverIterationCount="10" mass="125"/>
        </components>
        <schemaOverlay attacherJointPosition="0 0">
            <default name="DEFAULT_IMPLEMENT"/>
            <turnedOn name="DEFAULT_IMPLEMENT_ON"/>
            <selected name="DEFAULT_IMPLEMENT_SELECTED"/>
            <turnedOnSelected name="DEFAULT_IMPLEMENT_SELECTED_ON"/>
        </schemaOverlay>
    </base>

    <attachable>
        <inputAttacherJoints>
            <inputAttacherJoint node="attacherJoint" jointType="implement" topReferenceNode="topReferenceNode" lowerRotLimitScale="0 0 0" upperRotationOffset="2" lowerTransLimitScale="0 0 0" needsLowering="false">
                <distanceToGround lower="0.2" upper="0.75"/>
            </inputAttacherJoint>
        </inputAttacherJoints>
    </attachable>

     <attacherJoints>
        <attacherJoint node="0>11" jointType="trailer" lowerRotLimit="10 62 80" upperRotationOffset="0" allowsJointLimitMovement="false" canTurnOnImplement="false">
            <schema position="1 0" rotation="0" invertX="false"/>
        </attacherJoint>
        <attacherJoint node="0>12" jointType="trailerlow" lowerRotLimit="10 62 80" upperRotationOffset="0" allowsJointLimitMovement="false" canTurnOnImplement="false">
            <schema position="1 0" rotation="0" invertX="false"/>
        </attacherJoint>
        <sounds>
            <attach template="ATTACH_01"/>
        </sounds>
    </attacherJoints>

    <powerTakeOffs>
        <input inputAttacherJointIndices="1" detachNode="ptoDetachNode" inputNode="ptoInputNode" aboveAttacher="true"/>
    </powerTakeOffs>

    <powerConsumer ptoRpm="450" neededMaxPtoPower="20"/>



    <workAreas>
        <workArea type="sprayer" functionName="processSprayerArea" disableBackwards="false" requiresGroundContact="false">
            <area startNode="areaStart" widthNode="areaWidth" heightNode="areaHeight"/>
        </workArea>
    </workAreas>

    <sprayer>
        <usageScales workingWidth="6"/>
        <effects>
            <effectNode effectClass="FertilizerMotionPathEffect" effectType="FERTILIZER" linkNode="0>10">
				<motionPathEffect textureFilename="$data/effects/fertilizer/arrays/sharedArray.dds" numRows="16" rowLength="32" minFade="0.09" />
			</effectNode>
        </effects>
        <animationNodes>
            <animationNode node="rotor1"  rotSpeed="-1500" turnOnFadeTime="0.5" turnOffFadeTime="1" />
        </animationNodes>
    </sprayer>



    <fillUnit>
        <fillUnitConfigurations>
            <fillUnitConfiguration>
                <fillUnits>
                    <unloading width="11" offset="0 0 0" />
                    <fillUnit unit="$l10n_unit_literShort" fillTypeCategories="spreader" capacity="2000">
                        <exactFillRootNode node="exactFillRootNode"/>
                    </fillUnit>
                </fillUnits>
            </fillUnitConfiguration>
        </fillUnitConfigurations>
    </fillUnit>

    <fillVolume>
        <fillVolumeConfigurations>
            <fillVolumeConfiguration>
                <volumes>
                    <volume node="fillVolume" maxDelta="0.0" fillUnitIndex="1"/>
                </volumes>
            </fillVolumeConfiguration>
        </fillVolumeConfigurations>
    </fillVolume>



    <turnOnVehicle>
        <sounds>
            <work template="DEFAULT_SPREADER" linkNode="agromet_main_component1" />
        </sounds>
    </turnOnVehicle>

    <foliageBending>
        <bendingNode minX="-0.8" maxX="0.8" minZ="-0.4" maxZ="0.6" yOffset="0.1" />
        <bendingNode minX="-0.8" maxX="0.8" minZ="-0.8" maxZ="-0.35" yOffset="0.3" />
    </foliageBending>

    <wearable wearDuration="480" workMultiplier="5" fieldMultiplier="2"/>
    <washable dirtDuration="90" washDuration="1" workMultiplier="4" fieldMultiplier="2"/>

    <ai>
        <needsLowering value="false"/>
        <areaMarkers leftNode="aiMarkerLeft" rightNode="aiMarkerRight" backNode="aiMarkerBack"/>
        <sizeMarkers leftNode="sizeLeft" rightNode="sizeRight" backNode="sizeBack"/>
    </ai>

	<baseMaterial>
		<material name="Gubre" baseNode="0>10|2|0">
            <shaderParameter name="colorMat0" value="0 0.1 0 0"/>
        </material>
        <material name="Ck" baseNode="0>10|2|1">
            <shaderParameter name="colorMat0" value="0 0.1 0 0"/>
        </material>
    </baseMaterial>
    <baseMaterialConfigurations title="Body" price="750" useDefaultColors="true" defaultColorIndex="0">
        <baseMaterialConfiguration name="Orjinal" color="0 0.1 0 0"/>
        <material name="Gubre" shaderParameter="colorMat0"/>
        <material name="Ck" shaderParameter="colorMat0"/>
    </baseMaterialConfigurations>

    <i3dMappings>
        <i3dMapping id="agromet_main_component1" node="0>" />
        <i3dMapping id="lej_vis" node="0>0" />
        <i3dMapping id="attacherJoint" node="0>1" />
        <i3dMapping id="topReferenceNode" node="0>3" />
        <i3dMapping id="ptoInputNode" node="0>2" />
        <i3dMapping id="ptoDetachNode" node="0>2|0" />
        <i3dMapping id="fillVolume" node="0>5|1" />
        <i3dMapping id="rotor1" node="0>4" />
        <i3dMapping id="exactFillRootNode" node="0>5|0" />
        <i3dMapping id="effectNode" node="0>8|0" />
        <i3dMapping id="areaStart" node="0>7|0" />
        <i3dMapping id="areaWidth" node="0>7|1" />
        <i3dMapping id="areaHeight" node="0>7|2" />
        <i3dMapping id="aiMarkerLeft" node="0>6|0|0" />
        <i3dMapping id="aiMarkerRight" node="0>6|0|1" />
        <i3dMapping id="aiMarkerBack" node="0>6|0|2" />
        <i3dMapping id="sizeLeft" node="0>6|1|0" />
        <i3dMapping id="sizeRight" node="0>6|1|1" />
        <i3dMapping id="sizeBack" node="0>6|1|2" />

    </i3dMappings>
</vehicle>
