﻿<?xml version="1.0" encoding="utf-8" standalone="no" ?>
<modDesc descVersion="73">
    <author>DoxoMatixo</author>
    <version>1.0.0.0</version>
    <title>
       <en>Lizard Scorpion Backloader-System</en>
       <de>Lizard Skorpion Hecklade-System</de>
       <fr>Chargeur Assistant Lizard Scorpion</fr>
       <tr>Lizard Akrep Asistan Kepçe</tr>
       <pl>Lizard Scorpion Asystent Ładowarka</pl>
    </title>
    <description>
<en><![CDATA[
- Lizard Scorpion Assistant Loader
- Price: $9,750
- Capacity: 1,200 liters
- Fill Types: Bulk, Windrow, Pallets and Bales
- Unloading height: 2.0 Meter
- Color configuration
- Bale, pallet and shovel equipment in a single package
]]></en>
<de><![CDATA[
- Lizard Skorpion Assistentenlader
- Preis: 9.750 €
- Kapazität: 1.200 Liter
- Fülltypen: Bulk, Windrow, Pallets and Bales
- Entladehöhe: 2.0 Meter
- Farbkonfiguration
- Ballen, paletten und eimerausrüstung in einem einzigen paket
]]></de>
<fr><![CDATA[
- Chargeur Assistant Lizard Scorpion
- Prix: 9.750 €
- Capacité: 1.200 litres
- Types de remplissage : Vrac, Andain, Palettes et Balles.
- Hauteur de déchargement: 2.0 mètre
- Configuration de couleur
- Équipement de balles, de palettes et de seaux dans un seul emballage
]]></fr>
<tr><![CDATA[
- Lizard Akrep Asistan Kepçe
- Fiyat: 9750$
- Kapasite: 1200 Litre
- Ürün Türleri: Ekin, palet ve balya
- Boşaltma Yüksekliği: 2.0 Metre
- Renk Seçeneği
- Tek pakette balya, palet ve kova ekipmanları
]]></tr>
<pl><![CDATA[
- Ładowacz pomocniczy Lizard Scorpion
- Cena: 9750$
- Pojemność: 1200 litrów
- Typy wypełnienia: Luźne, Wałki, Palety i Baloty.
- Wysokość wyładunku: 2.0 metra
- Konfiguracja kolorów
- Wyposażenie do bel, palet i wiader w jednym opakowaniu.
]]></pl>
    </description>
    <iconFilename>icon_lizardScorpion.dds</iconFilename>
    <multiplayer supported="true"/>
    <storeItems>
        <storeItem xmlFilename="xml/lizardScorpion.xml"/>
        <storeItem xmlFilename="xml/frontLoader.xml"/>
        <storeItem xmlFilename="xml/palletFork.xml"/>
        <storeItem xmlFilename="xml/baleSpike.xml"/>
    </storeItems>
    <l10n>
        <text name="typeDesc_backloader"><en>Backloader-System</en><de>Hecklade-System</de><fr>Chargeur Assistant</fr><tr>Asistan Kepçe</tr><pl>Asystent Ładowarka</pl></text>
        <text name="function_backloader"><en>Backloader-System</en><de>Hecklade-System</de><fr>Chargeur Assistant</fr><tr>Asistan Kepçe</tr><pl>Asystent Ładowarka</pl></text>
    </l10n>
</modDesc>
