﻿<?xml version="1.0" encoding="utf-8" standalone="no" ?>
<prefabDesc descVersion="1">
    <author>Sander B. Modding</author>
    <version>1.0.0.0</version>
<title>
<en>Chrome Exhaust Pack</en>
<de>Chrom Auspuff-Pack</de>
</title>
	<iconFilename>icon_rakror.dds</iconFilename>
<description>
<en><![CDATA[This is a straight exhaust pipe set. You can put this on your vehicle instead of the original exhaust.]]></en>
<de><![CDATA[Dies ist ein Pack mit geraden Auspuffrohren. Sie können diese, anstelle des Originalauspuffs, auf Ihr Fahrzeug setzen.]]></de>
</description>
	<categories>
        <category>others</category>
    </categories>

	<prefabs>
		<prefab name="angel35" i3dFilename="35_angel/rakror35.i3d" />
		<prefab name="angel65" i3dFilename="65_angel/rakror65.i3d" />
		<prefab name="angel75" i3dFilename="75_angel/rakror75.i3d" />
		<prefab name="angel90" i3dFilename="90_angel/rakror90.i3d" />
		<prefab name="Straight" i3dFilename="Straight/rakror.i3d" />
    </prefabs>
</prefabDesc>
