
<?xml version="1.0" encoding="utf-8" standalone="no" ?>
<sounds xmlns:xsi="http://www.w3.org/2001/XMLSchema-instance" xsi:noNamespaceSchemaLocation="../../../../../shared/xml/schema/vehicle_sounds.xsd">
    <motorized>
        <sounds>
            <motorStart template="CAR_MOTOR_START"  file="Sounds/Start.wav"  				   volumeScale="2.2"/>
            <motorStop template="CAR_MOTOR_STOP"    file="Sounds/Stop.wav"   				   volumeScale="2.2"/>
            <motor template="CAR_MOTOR_IDLE"        file="Sounds/Idle.wav"   				   volumeScale="2.2"/>
            <motor template="CAR_MOTOR_OFFLOAD_RUN" file="Sounds/Run.wav"  volumeScale="2.2"/>
            <motor template="CAR_MOTOR_ONLOAD_RUN"  file="Sounds/Load.wav" 					   volumeScale="2.2"/>
            <gearbox template="transmissionMedium"  file="Sounds/Transmission.ogg"            volumeScale="0.1"      pitchScale="0.8"   />
            <gearLeverStart template="gearDisengaged"/>
            <gearLeverEnd template="gearEngaged"/>
            <motor template="indoorCabinRumble" volumeScale="15" pitchScale="1.3"/>
        </sounds>
    </motorized>

    <lights>
        <sounds>
            <toggleLights template="SWITCH_01"  />
            <turnLight template="SWITCH_TURNLIGHT"  />
        </sounds>
    </lights>

    <attacherJoints>
        <sounds>
            <attach template="ATTACH_01" />
            <hydraulic template="defaultHydraulicSound" />
        </sounds>
    </attacherJoints>

    <drivable>
        <sounds>
            <waterSplash template="WATER_SPLASH_01" />
        </sounds>
    </drivable>

    <honk>
        <sound template="HONK_MF_SMALL_TRACTOR" />
    </honk>
</sounds>