﻿<?xml version="1.0" encoding="utf-8" standalone="no" ?>
<modDesc descVersion="75">
    <author>Tiny 3D Graphic</author>
    <version>1.0.0.0</version>
    <iconFilename>Huds/icon_Ucyol.dds</iconFilename>
    <title>
        <tr>Üçyol Römork</tr>
        <en>Ucyol Trailer</en>
		<de>Ucyol Anhänger</de>
    </title>
<description>
<en><![CDATA[UcyolTrailer
Price: 8830 £

Animations:
Left side door
Right side door
Rear door

Main Color Options

Capacity:
- 3700 l
- 4200 l
- 5500 l
]]></en>
<de><![CDATA[UcyolAnhänger
Preis: 8830 €

Animationen:
Linke Seitentür
Rechte Seitentür
Hintertür

Farbkonfiguration

- 3700 l
- 4200 l
- 5500 l
]]></de>
</description>
    <storeItems>
        <storeItem xmlFilename="Ucyol.xml"/>
    </storeItems>
    <multiplayer supported="true"/>
	<brands>
	    <brand name="UCYOL" title="Ucyol" image="brand_Ucyol.dds"/>
    </brands>
    <vehicleTypes>
        <type name="flieglAutoload" parent="baseTipper" filename="$dataS/scripts/vehicles/Vehicle.lua">
            <specialization name="baleLoader"/>
        </type>
    </vehicleTypes>
</modDesc>
