﻿<?xml version="1.0" encoding="utf-8" standalone="no" ?>
<vehicle type="flieglAutoload" xmlns:xsi="http://www.w3.org/2001/XMLSchema-instance" xsi:noNamespaceSchemaLocation="https://validation.gdn.giants-software.com/xml/fs22/vehicle.xsd">
    <annotation>Copyright (C) Tiny 3D Graphic, All Rights Reserved.</annotation>

    <storeData>
        <name>
            <tr>Römork</tr>
            <en>Trailer</en>
        </name>
        <functions>
            <function>$l10n_function_tipper</function>
        </functions>
        <image>Huds/store_Ucyol.dds</image>
        <price>4100</price>
        <lifetime>600</lifetime>
        <rotation>0</rotation>
        <brand>UCYOL</brand>
        <category>trailers</category>
        <shopTranslationOffset>0 0.05 0</shopTranslationOffset>
        <shopRotationOffset>0 0 0</shopRotationOffset>
        <vertexBufferMemoryUsage>3489280</vertexBufferMemoryUsage>
        <indexBufferMemoryUsage>648960</indexBufferMemoryUsage>
        <textureMemoryUsage>3473408</textureMemoryUsage>
        <audioMemoryUsage>0</audioMemoryUsage>
        <instanceVertexBufferMemoryUsage>0</instanceVertexBufferMemoryUsage>
        <instanceIndexBufferMemoryUsage>0</instanceIndexBufferMemoryUsage>
    </storeData>

    <base>
        <typeDesc>$l10n_typeDesc_tipper</typeDesc>
        <filename>Data/Ucyol.i3d</filename>
        <size width="2.5" length="7.1" height="3.2" lengthOffset="0.74" />
        <components maxMass="8000">
            <component centerOfMass="0 0.6 -0.25"  solverIterationCount="30" mass="800"/>
            <component centerOfMass="0 0 -0.4" solverIterationCount="20" mass="500"/>
            <component centerOfMass="0 0 -0.4" solverIterationCount="10" mass="100"/>
            <joint component1="1" component2="2" node="componentJointFront"     rotLimit="0 90 0" transLimit="0 0 0" />
            <joint component1="2" component2="3" node="componentJointDrawbar"  rotLimit="40 0 0" transLimit="0 0 0" />
            <collisionPair component1="1" component2="3" enabled="false"/>
        </components>
        <schemaOverlay attacherJointPosition="0 0" name="IMPLEMENT" />
        <mapHotspot type="TRAILER" />
        <sounds volumeFactor="1.7" />  
    </base>

    <designConfigurations title="Yan Krom"><!--Reflector-->
        <designConfiguration name="Standard">
            <objectChange node="Krom" visibilityActive="false"/>
            <objectChange node="Krom2" visibilityActive="false"/>
            <objectChange node="Krom3" visibilityActive="false"/>
        </designConfiguration>
        <designConfiguration name="Yan Krom" price="50">
            <objectChange node="Krom" visibilityActive="true"/>
            <objectChange node="Krom2" visibilityActive="true"/>
            <objectChange node="Krom3" visibilityActive="true"/>
        </designConfiguration>
    </designConfigurations>

    <design2Configurations title="Yazı Led"><!--RearBumpers-->
        <design2Configuration name="Standard">
            <objectChange node="Body_Light" visibilityActive="false"/>
            <objectChange node="Ucyol_Light" visibilityActive="false"/>
        </design2Configuration>
        <design2Configuration name="Yazı Led" price="50">
            <objectChange node="Body_Light" visibilityActive="true"/>
            <objectChange node="Ucyol_Light" visibilityActive="true"/>

        </design2Configuration>
    </design2Configurations>

    <attachable>
        <inputAttacherJoints>
            <inputAttacherJoint node="attacherJoint" jointType="trailer" rootNode="Ucyol_dolly_component3" attacherHeight="0.75" />
        </inputAttacherJoints>
        <brakeForce force="0.5" maxForce="1.5" maxForceMass="23900"/>
    </attachable>

    <attacherJoints>
        <attacherJoint node="trailerAttacherJoint" jointType="trailerLow" lowerRotLimit="10 62 80" upperRotationOffset="0" allowsJointLimitMovement="false" canTurnOnImplement="false">
            <schema position="1 0" rotation="0" invertX="false"/>
        </attacherJoint>
        <attacherJoint node="trailerAttacherJoint2" jointType="trailer" lowerRotLimit="10 62 80" upperRotationOffset="0" allowsJointLimitMovement="false" canTurnOnImplement="false">
            <schema position="1 0" rotation="0" invertX="false"/>
        </attacherJoint>
        <sounds>
            <attach template="ATTACH_01"/>
        </sounds>
    </attacherJoints>

    <connectionHoses>
        <hose inputAttacherJointIndices="1" type="hydraulicIn" node="hydraulicIn01" length="1" diameter="0.02">
            <objectChange node="Gidici" visibilityActive="false" visibilityInactive="true"/>
        </hose>
        <hose inputAttacherJointIndices="1" type="electric" node="electricnode" length="1.82" diameter="0.01" straighteningFactor="1.5">  
            <objectChange node="electricCab"          rotationActive="0 0 0" rotationInactive="-90 0 0"/>
            <objectChange node="electricFront" visibilityActive="true" visibilityInactive="false"/>
        </hose>
    </connectionHoses>

    <lights>
        <sharedLight linkNode="rearLight15left" filename="$data/shared/assets/lights/lizard/rearLight11_left.xml"/>
        <sharedLight linkNode="rearLight15right" filename="$data/shared/assets/lights/lizard/rearLight11_right.xml"/>
        <states>
            <state lightTypes="0"/>
        </states>
        <realLights>
            <high>
                <light node="backLightsHigh" lightTypes="0"/>
                <turnLightLeft node="turnLightLeftBack"/>
                <turnLightRight node="turnLightRightBack"/>
            </high>
        </realLights>
        <defaultLights>
            <defaultLight shaderNode="Body_Light" lightTypes="0 3" intensity="5"/>
            <defaultLight shaderNode="Ucyol_Light" lightTypes="0 3" intensity="5"/>
        </defaultLights>
    </lights>
    
    <wheels>
        <wheelConfigurations>
            <wheelConfiguration name="$l10n_configuration_valueDefault" price="0" brand="BKT">
                <wheels>
                    <wheel filename="shared/wheels/bkt/12_5_80_18.xml" isLeft="true" hasTireTracks="true" hasParticles="true" >
                        <physics tipOcclusionAreaGroupId="1" restLoad="1" repr="wheelBackLeft" radius="0.45"  forcePointRatio="0.4" initialCompression="19" suspTravel="0.12" spring="67" damper="30"/>
                    </wheel>
                    <wheel filename="shared/wheels/bkt/12_5_80_18.xml" isLeft="false" hasTireTracks="true" hasParticles="true" >
                        <physics tipOcclusionAreaGroupId="1" restLoad="1" repr="wheelBackRight" radius="0.45" forcePointRatio="0.4" initialCompression="19" suspTravel="0.12" spring="67" damper="30"/>
                    </wheel>
                    <wheel filename="shared/wheels/bkt/12_5_80_18.xml" isLeft="true" hasTireTracks="true" hasParticles="true" >
                        <physics tipOcclusionAreaGroupId="1" restLoad="1" repr="wheelFrontLeft" radius="0.45"  forcePointRatio="0.4" initialCompression="19" suspTravel="0.12" spring="67" damper="30"/>
                    </wheel>
                    <wheel filename="shared/wheels/bkt/12_5_80_18.xml" isLeft="false" hasTireTracks="true" hasParticles="true" >
                        <physics tipOcclusionAreaGroupId="1" restLoad="1" repr="wheelFrontRight" radius="0.45" forcePointRatio="0.4" initialCompression="19" suspTravel="0.12" spring="67" damper="30"/>
                    </wheel>
                </wheels>
            </wheelConfiguration>
            <wheelConfiguration name="$l10n_configuration_valueDefault" price="50" brand="TRELLEBORG">
                <wheels>
                    <wheel filename="shared/wheels/bkt/400_60R15_5.xml" isLeft="true" hasTireTracks="true" hasParticles="true" >
                        <physics tipOcclusionAreaGroupId="1" restLoad="1" repr="wheelBackLeft" radius="0.45"  forcePointRatio="0.4" initialCompression="19" suspTravel="0.12" spring="67" damper="30"/>
                    </wheel>
                    <wheel filename="shared/wheels/bkt/400_60R15_5.xml" isLeft="false" hasTireTracks="true" hasParticles="true" >
                        <physics tipOcclusionAreaGroupId="1" restLoad="1" repr="wheelBackRight" radius="0.45" forcePointRatio="0.4" initialCompression="19" suspTravel="0.12" spring="67" damper="30"/>
                    </wheel>
                    <wheel filename="shared/wheels/bkt/400_60R15_5.xml" isLeft="true" hasTireTracks="true" hasParticles="true" >
                        <physics tipOcclusionAreaGroupId="1" restLoad="1" repr="wheelFrontLeft" radius="0.45"  forcePointRatio="0.4" initialCompression="19" suspTravel="0.12" spring="67" damper="30"/>
                    </wheel>
                    <wheel filename="shared/wheels/bkt/400_60R15_5.xml" isLeft="false" hasTireTracks="true" hasParticles="true" >
                        <physics tipOcclusionAreaGroupId="1" restLoad="1" repr="wheelFrontRight" radius="0.45" forcePointRatio="0.4" initialCompression="19" suspTravel="0.12" spring="67" damper="30"/>
                    </wheel>
                </wheels>
                <objectChange node="wheelBackLeft" scaleActive="0.8 1.05 1.05" />
                <objectChange node="wheelBackRight" scaleActive="0.8 1.05 1.05" />
                <objectChange node="wheelFrontLeft" scaleActive="0.8 1.05 1.05" />
                <objectChange node="wheelFrontRight" scaleActive="0.8 1.05 1.05" />
            </wheelConfiguration>
            <wheelConfiguration name="$l10n_configuration_valueDefault" price="100" brand="MITAS">
                <wheels>
                    <wheel filename="shared/wheels/bkt/125_60R18.xml" isLeft="true" hasTireTracks="true" hasParticles="true" >
                        <physics tipOcclusionAreaGroupId="1" restLoad="1" repr="wheelBackLeft" radius="0.45"  forcePointRatio="0.4" initialCompression="19" suspTravel="0.12" spring="67" damper="30"/>
                    </wheel>
                    <wheel filename="shared/wheels/bkt/125_60R18.xml" isLeft="false" hasTireTracks="true" hasParticles="true" >
                        <physics tipOcclusionAreaGroupId="1" restLoad="1" repr="wheelBackRight" radius="0.45" forcePointRatio="0.4" initialCompression="19" suspTravel="0.12" spring="67" damper="30"/>
                    </wheel>
                    <wheel filename="shared/wheels/bkt/125_60R18.xml" isLeft="true" hasTireTracks="true" hasParticles="true" >
                        <physics tipOcclusionAreaGroupId="1" restLoad="1" repr="wheelFrontLeft" radius="0.45"  forcePointRatio="0.4" initialCompression="19" suspTravel="0.12" spring="67" damper="30"/>
                    </wheel>
                    <wheel filename="shared/wheels/bkt/125_60R18.xml" isLeft="false" hasTireTracks="true" hasParticles="true" >
                        <physics tipOcclusionAreaGroupId="1" restLoad="1" repr="wheelFrontRight" radius="0.45" forcePointRatio="0.4" initialCompression="19" suspTravel="0.12" spring="67" damper="30"/>
                    </wheel>
                </wheels>
                <objectChange node="wheelBackLeft" scaleActive="1 1.05 1.05" />
                <objectChange node="wheelBackRight" scaleActive="1 1.05 1.05" />
                <objectChange node="wheelFrontLeft" scaleActive="1 1.05 1.05" />
                <objectChange node="wheelFrontRight" scaleActive="1 1.05 1.05" />
            </wheelConfiguration>
        </wheelConfigurations>
        <hubs>
            <color0>SHARED_BLACK2</color0>
            <color1>SHARED_BLACK2</color1>
            <hub linkNode="wheelFrontLeft" filename="shared/wheels/hubs/hub.xml" isLeft="true" scale="1 1 1"/>
            <hub linkNode="wheelFrontRight" filename="shared/wheels/hubs/hub.xml" isLeft="false" scale="1 1 1"/>
            <hub linkNode="wheelBackLeft" filename="shared/wheels/hubs/hub.xml" isLeft="true" scale="1 1 1"/>
            <hub linkNode="wheelBackRight" filename="shared/wheels/hubs/hub.xml" isLeft="false" scale="1 1 1"/>
        </hubs>
    </wheels>

	<animations>
		<animation name="tippingAnimation_back">
			<part node="Body"  startTime="0.8" endTime="12.8" startRot="0 0 0" endRot="-33 0 0" />
            <part node="Back_Lid"  startTime="0" endTime="1" startRot="0 0 0" endRot="-148 0 0" />
        </animation>


        <!--Door-->
        <animation name="BackLid">
            <part node="Back_Lid"  startTime="0" endTime="1" startRot="0 0 0" endRot="-180 0 0" />

            <sound template="metalOpen" startTime="0.01" direction="1" volumeScale="2.2" />
            <sound template="metalClose" startTime="0" direction="-1" volumeScale="2.2" />
        </animation>

        <animation name="BackLid2">
            <part node="Back_Lid"  startTime="0" endTime="1" startRot="0 0 0" endRot="-83.173 0 0" />

            <sound template="metalOpen" startTime="0.01" direction="1" volumeScale="2.2" />
            <sound template="metalClose" startTime="0" direction="-1" volumeScale="2.2" />
        </animation>

        <animation name="LeftLid">
            <part node="Left_Lid"  startTime="0" endTime="1" startRot="0 0 0" endRot="0 0 -180" />

            <sound template="metalOpen" startTime="0.01" direction="1" volumeScale="2.2" />
            <sound template="metalClose" startTime="0" direction="-1" volumeScale="2.2" />
        </animation>

        <animation name="LeftLidOne">
            <part node="Left_Lid_One"  startTime="0" endTime="1" startRot="0 0 0" endRot="0 0 -180" />

            <sound template="metalOpen" startTime="0.01" direction="1" volumeScale="2.2" />
            <sound template="metalClose" startTime="0" direction="-1" volumeScale="2.2" />
        </animation>

        <animation name="RightLid">
            <part node="Right_Lid"  startTime="0" endTime="1" startRot="0 0 0" endRot="0 0 180" />

            <sound template="metalOpen" startTime="0.01" direction="1" volumeScale="2.2" />
            <sound template="metalClose" startTime="0" direction="-1" volumeScale="2.2" />
        </animation>

        <animation name="RightLidOne">
            <part node="Right_Lid_One"  startTime="0" endTime="1" startRot="0 0 0" endRot="0 0 180" />

            <sound template="metalOpen" startTime="0.01" direction="1" volumeScale="2.2" />
            <sound template="metalClose" startTime="0" direction="-1" volumeScale="2.2" />
        </animation>

        <!--Additional One-->
        <animation name="LeftAppendix">
            <part node="Left_Appendix" startTime="0.01" endTime="0.02" visibility="false" />
            <part node="Left_Appendix" startTime="0" endTime="0.01" visibility="true" />

            <sound template="metalOpen" startTime="0.01" direction="1" volumeScale="2.2" />
            <sound template="metalClose" startTime="0" direction="-1" volumeScale="2.2" />
        </animation>

        <animation name="LeftAppendixOne">
            <part node="Left_Appendix_One" startTime="0.01" endTime="0.02" visibility="false" />
            <part node="Left_Appendix_One" startTime="0" endTime="0.01" visibility="true" />

            <sound template="metalOpen" startTime="0.01" direction="1" volumeScale="2.2" />
            <sound template="metalClose" startTime="0" direction="-1" volumeScale="2.2" />
        </animation>

        <animation name="RightAppendix">
            <part node="Right_Appendix" startTime="0.01" endTime="0.02" visibility="false" />
            <part node="Right_Appendix" startTime="0" endTime="0.01" visibility="true" />

            <sound template="metalOpen" startTime="0.01" direction="1" volumeScale="2.2" />
            <sound template="metalClose" startTime="0" direction="-1" volumeScale="2.2" />
        </animation>

        <animation name="RightAppendixOne">
            <part node="Right_Appendix_One" startTime="0.01" endTime="0.02" visibility="false" />
            <part node="Right_Appendix_One" startTime="0" endTime="0.01" visibility="true" />

            <sound template="metalOpen" startTime="0.01" direction="1" volumeScale="2.2" />
            <sound template="metalClose" startTime="0" direction="-1" volumeScale="2.2" />
        </animation>

        <animation name="BackAppendix">
            <part node="Back_Appendix" startTime="0.01" endTime="0.02" visibility="false" />
            <part node="Back_Appendix" startTime="0" endTime="0.01" visibility="true" />

            <sound template="metalOpen" startTime="0.01" direction="1" volumeScale="2.2" />
            <sound template="metalClose" startTime="0" direction="-1" volumeScale="2.2" />
        </animation>

        <!--Additional Two-->
        <animation name="LeftAppendixTwo">
            <part node="Left_Appendix_Two" startTime="0.01" endTime="0.02" visibility="false" />
            <part node="Left_Appendix_Two" startTime="0" endTime="0.01" visibility="true" />

            <sound template="metalOpen" startTime="0.01" direction="1" volumeScale="2.2" />
            <sound template="metalClose" startTime="0" direction="-1" volumeScale="2.2" />
        </animation>

        <animation name="LeftAppendixThree">
            <part node="Left_Appendix_Three" startTime="0.01" endTime="0.02" visibility="false" />
            <part node="Left_Appendix_Three" startTime="0" endTime="0.01" visibility="true" />

            <sound template="metalOpen" startTime="0.01" direction="1" volumeScale="2.2" />
            <sound template="metalClose" startTime="0" direction="-1" volumeScale="2.2" />
        </animation>

        <animation name="RightAppendixTwo">
            <part node="Right_Appendix_Two" startTime="0.01" endTime="0.02" visibility="false" />
            <part node="Right_Appendix_Two" startTime="0" endTime="0.01" visibility="true" />

            <sound template="metalOpen" startTime="0.01" direction="1" volumeScale="2.2" />
            <sound template="metalClose" startTime="0" direction="-1" volumeScale="2.2" />
        </animation>

        <animation name="RightAppendixThree">
            <part node="Right_Appendix_Three" startTime="0.01" endTime="0.02" visibility="false" />
            <part node="Right_Appendix_Three" startTime="0" endTime="0.01" visibility="true" />

            <sound template="metalOpen" startTime="0.01" direction="1" volumeScale="2.2" />
            <sound template="metalClose" startTime="0" direction="-1" volumeScale="2.2" />
        </animation>

        <animation name="BackAppendixTwo">
            <part node="Back_Appendix_Two" startTime="0.01" endTime="0.02" visibility="false" />
            <part node="Back_Appendix_Two" startTime="0" endTime="0.01" visibility="true" />

            <sound template="metalOpen" startTime="0.01" direction="1" volumeScale="2.2" />
            <sound template="metalClose" startTime="0" direction="-1" volumeScale="2.2" />
        </animation>

        <animation name="moveBalePlacesToEmpty">
            <part node="unloadPosZ" startTime="0" endTime="0.2" startTrans="0 0 0" endTrans="0 0 0"/>
            <part node="unloadPosY" startTime="0" endTime="0.2" startTrans="0.9 1.4 2" endTrans="0.9 1.4 2"/>
        </animation>

        <animation name="baleGrabberTransportToWork">
            <part node="unloadPosZ" startTime="0" duration="0.1" startTrans="0 0 0" endTrans="0 0 0"/>
            <part node="unloadPosY" startTime="0" duration="0.1" startTrans="0.9 1.4 2" endTrans="0.9 1.4 2"/>
        </animation>
	</animations>

    <interactiveControl>
        <interactiveControlConfigurations title="$l10n_actionIC_Animation">
            <interactiveControlConfiguration name="$l10n_actionIC_IC">
                <interactiveControls>

                    <outdoorTrigger node="playerTrigger" />

                    <interactiveControl posText="$l10n_actionIC_closeWindow" negText="$l10n_actionIC_openWindow" >
                        <clickPoint node="Back_Lid_Point" size="0.05" type="OUTDOOR" />
                        <animation name="BackLid" speedScale="1.0" initTime="0.0" />
                    </interactiveControl>

                    <interactiveControl posText="$l10n_actionIC_closeWindow" negText="$l10n_actionIC_openWindow" >
                        <clickPoint node="Back_Lid_Point_Two" size="0.05" type="OUTDOOR" />
                        <animation name="BackLid2" speedScale="1.0" initTime="0.0" />
                    </interactiveControl>

                    <interactiveControl posText="$l10n_actionIC_closeWindow" negText="$l10n_actionIC_openWindow" >
                        <clickPoint node="Left_Lid_Point" size="0.05" type="OUTDOOR" />
                        <animation name="LeftLid" speedScale="1.0" initTime="0.0" />
                    </interactiveControl>

                    <interactiveControl posText="$l10n_actionIC_closeWindow" negText="$l10n_actionIC_openWindow" >
                        <clickPoint node="Left_Lid_One_Point" size="0.05" type="OUTDOOR" />
                        <animation name="LeftLidOne" speedScale="1.0" initTime="0.0" />
                    </interactiveControl>

                    <interactiveControl posText="$l10n_actionIC_closeWindow" negText="$l10n_actionIC_openWindow" >
                        <clickPoint node="Right_Lid_Point" size="0.05" type="OUTDOOR" />
                        <animation name="RightLid" speedScale="1.0" initTime="0.0" />
                    </interactiveControl>

                    <interactiveControl posText="$l10n_actionIC_closeWindow" negText="$l10n_actionIC_openWindow" >
                        <clickPoint node="Right_Lid_One_Point" size="0.05" type="OUTDOOR" />
                        <animation name="RightLidOne" speedScale="1.0" initTime="0.0" />
                    </interactiveControl>

                    <!--Additional One-->
                    <interactiveControl posText="$l10n_actionIC_closeWindow" negText="$l10n_actionIC_openWindow" >
                        <clickPoint node="Left_Appendix_Point" size="0.05" type="OUTDOOR" />
                        <animation name="LeftAppendix" speedScale="1.0" initTime="0.0" />
                    </interactiveControl>

                    <interactiveControl posText="$l10n_actionIC_closeWindow" negText="$l10n_actionIC_openWindow" >
                        <clickPoint node="Left_Appendix_One_Point" size="0.05" type="OUTDOOR" />
                        <animation name="LeftAppendixOne" speedScale="1.0" initTime="0.0" />
                    </interactiveControl>

                    <interactiveControl posText="$l10n_actionIC_closeWindow" negText="$l10n_actionIC_openWindow" >
                        <clickPoint node="Right_Appendix_Point" size="0.05" type="OUTDOOR" />
                        <animation name="RightAppendix" speedScale="1.0" initTime="0.0" />
                    </interactiveControl>

                    <interactiveControl posText="$l10n_actionIC_closeWindow" negText="$l10n_actionIC_openWindow" >
                        <clickPoint node="Right_Appendix_One_Point" size="0.05" type="OUTDOOR" />
                        <animation name="RightAppendixOne" speedScale="1.0" initTime="0.0" />
                    </interactiveControl>

                    <interactiveControl posText="$l10n_actionIC_closeWindow" negText="$l10n_actionIC_openWindow" >
                        <clickPoint node="Back_Appendix_Point" size="0.05" type="OUTDOOR" />
                        <animation name="BackAppendix" speedScale="1.0" initTime="0.0" />
                    </interactiveControl>

                    <!--Additional Two-->
                    <interactiveControl posText="$l10n_actionIC_closeWindow" negText="$l10n_actionIC_openWindow" >
                        <clickPoint node="Left_Appendix_Two_Point" size="0.05" type="OUTDOOR" />
                        <animation name="LeftAppendixTwo" speedScale="1.0" initTime="0.0" />
                    </interactiveControl>

                    <interactiveControl posText="$l10n_actionIC_closeWindow" negText="$l10n_actionIC_openWindow" >
                        <clickPoint node="Left_Appendix_Three_Point" size="0.05" type="OUTDOOR" />
                        <animation name="LeftAppendixThree" speedScale="1.0" initTime="0.0" />
                    </interactiveControl>

                    <interactiveControl posText="$l10n_actionIC_closeWindow" negText="$l10n_actionIC_openWindow" >
                        <clickPoint node="Right_Appendix_Two_Point" size="0.05" type="OUTDOOR" />
                        <animation name="RightAppendixTwo" speedScale="1.0" initTime="0.0" />
                    </interactiveControl>

                    <interactiveControl posText="$l10n_actionIC_closeWindow" negText="$l10n_actionIC_openWindow" >
                        <clickPoint node="Right_Appendix_Three_Point" size="0.05" type="OUTDOOR" />
                        <animation name="RightAppendixThree" speedScale="1.0" initTime="0.0" />
                    </interactiveControl>

                    <interactiveControl posText="$l10n_actionIC_closeWindow" negText="$l10n_actionIC_openWindow" >
                        <clickPoint node="Back_Appendix_Two_Point" size="0.05" type="OUTDOOR" />
                        <animation name="BackAppendixTwo" speedScale="1.0" initTime="0.0" />
                    </interactiveControl>

                </interactiveControls>
            </interactiveControlConfiguration>
          </interactiveControlConfigurations>
    </interactiveControl>

    <cylindered>
        <movingTools>
            <movingTool node="Body" playSound="true">
                <dependentPart node="hydraulicPart"/>
            </movingTool>
            <movingTool node="unloadPosZ" playSound="false">
                <controls axis="AXIS_CRANE_ARM" invertAxis="true" mouseSpeedFactor="1" iconName="CRANE_EC_TRANSLATE_Z"/>
                <translation transSpeed="4" transAcceleration="4" transMax="4" transMin="-4" translationAxis="1"/>
            </movingTool>
            <movingTool node="unloadPosY" playSound="false">
                <controls axis="AXIS_CRANE_ARM2" invertAxis="true" mouseSpeedFactor="1" iconName="CRANE_EC_TRANSLATE_Y"/>
                <translation transSpeed="4" transAcceleration="4" transMax="4" transMin="0.2" translationAxis="2"/>
            </movingTool>
        </movingTools>
        <movingParts>
            <movingPart node="hydraulicPart" referencePoint="hydraulicPartRef" referenceFrame="hydraulicPartRef" lockAxis="1">
                <translatingPart node="hydraulicPart1" />
                <translatingPart node="hydraulicPart2" />
                <translatingPart node="hydraulicPart3" />
            </movingPart>
        </movingParts>
        <sounds>
            <actionSound template="hydraulicLayerTone" pitchScale="0.6" volumeScale="0.8" linkNode="hydraulic_Part01_refFrame" actionNames="TRANSLATING_POS" nodes="hydraulicPart2" />
            <actionSound template="defaultHydraulicSound" pitchScale="0.5" volumeScale="0.4" linkNode="hydraulic_Part01_refFrame" actionNames="TRANSLATING_NEG" nodes="hydraulicPart2"/>

            <actionSound template="cylinderPunch" pitchScale="0.7" linkNode="hydraulicPartRef" actionNames="TRANSLATING_END_NEG" nodes="hydraulicPart1"/>
            <actionSound template="cylinderPunch" pitchScale="0.7" linkNode="hydraulicPartRef" actionNames="TRANSLATING_END_NEG" nodes="hydraulicPart2"/>
        </sounds>
    </cylindered>

	<fillUnit>
        <fillUnitConfigurations>
            <fillUnitConfiguration name="Normal" price="0">
                <fillUnits>
                    <fillUnit shopDisplayUnit="CUBICMETER" fillTypeCategories="BULK" capacity="12000" allowAILoading="true">
                        <exactFillRootNode node="exactFillRootNode_extension1" />
                        <autoAimTargetNode node="fillAutoAimTarget1" startZ="4.3" endZ="0" invert="true" startPercentage="5"/>
                    </fillUnit>
                </fillUnits>
                <objectChange node="Silage" visibilityActive="false" visibilityInactive="true"/>
                <objectChange node="fillVolume_extension1" visibilityActive="true" visibilityInactive="false"/>
                <objectChange node="fillVolume_extension2" visibilityActive="false" visibilityInactive="true"/>
            </fillUnitConfiguration>
            <fillUnitConfiguration name="Silaj İlavesi" price="200">
                <fillUnits>
                    <fillUnit shopDisplayUnit="CUBICMETER" fillTypeCategories="SILAGETRAILER" capacity="13000" allowAILoading="true">
                        <exactFillRootNode node="exactFillRootNode_extension1" />
                        <autoAimTargetNode node="fillAutoAimTarget1" startZ="4.3" endZ="0" invert="true" startPercentage="5"/>
                    </fillUnit>
                </fillUnits>
                <objectChange node="Silage" visibilityActive="true" visibilityInactive="false"/>
                <objectChange node="fillVolume_extension1" visibilityActive="false" visibilityInactive="true"/>
                <objectChange node="fillVolume_extension2" visibilityActive="false" visibilityInactive="true"/>>
            </fillUnitConfiguration>
            <fillUnitConfiguration name="Oto Balya" price="300">
                <fillUnits>
                    <fillUnit unit="$l10n_unit_bale" capacity="184" fillTypes="squareBale" updateMass="false" />
                </fillUnits>
                <objectChange node="Silage" visibilityActive="false" visibilityInactive="true"/>
                <objectChange node="fillVolume_extension1" visibilityActive="false" visibilityInactive="true"/>
                <objectChange node="fillVolume_extension2" visibilityActive="false" visibilityInactive="true"/>
                <objectChange node="Two_Appendix" visibilityActive="false" visibilityInactive="true"/>
                <objectChange node="buffaloes_Two" visibilityActive="false" visibilityInactive="true"/>
           </fillUnitConfiguration>
        </fillUnitConfigurations>
    </fillUnit>

	<fillVolume>
        <fillVolumeConfigurations>
            <fillVolumeConfiguration>
                <volumes>
                    <volume node="fillVolume_extension1" maxDelta="20" maxAllowedHeapAngle="60" fillUnitIndex="1" />
                    <volume node="fillVolume_extension2" maxDelta="20" maxAllowedHeapAngle="60" fillUnitIndex="1" />
                </volumes>
            </fillVolumeConfiguration>
        </fillVolumeConfigurations>

        <unloadInfos>
            <unloadInfo>
                <node node="unloadInfo" width="1.0" length="2.1" />
            </unloadInfo>
        </unloadInfos>
    </fillVolume>

	<trailer>
        <trailerConfigurations>
            <trailerConfiguration>
                <trailer>
                  <tipSide name="$l10n_info_tipSideBack" dischargeNodeIndex="1">
                      <animation name="tippingAnimation_back" speedScale="1" startTipTime="0.4"/>
                  </tipSide>
                </trailer>
            </trailerConfiguration>
        </trailerConfigurations>
    </trailer>

	<dischargeable>
        <dischargeableConfigurations>
            <dischargeableConfiguration>
                <dischargeNode node="dischargeNodeBack" emptySpeed="571" fillUnitIndex="1" unloadInfoIndex="1" allowAIDischarge="true">
                    <info width="2" length="1.5" />
                    <effects>
                        <effectNode effectClass="TipEffect">
                            <effectNode effectNode="emitterShape_back" effectClass="ParticleEffect" materialType="unloadingParticle" emitCountScale="2"/>
                            <effectNode effectNode="grainEffect_back" materialType="unloading" fadeTime="0.5" extraDistanceNode="dischargeNodeBack" alignXAxisToWorldY="true" extraDistance="0.6"/>
                        </effectNode>
                        <effectNode effectNode="smokeEffect_back" materialType="unloadingSmoke" fadeTime="0.5" />
                    </effects>
                </dischargeNode>
            </dischargeableConfiguration>
        </dischargeableConfigurations>
    </dischargeable>

    <baleLoader>
        <texts lowerPlattform="action_baleloaderTransportPosition"/>
        <grabber grabNode="baleGrabber" triggerNode="baleTrigger" pickupRange="10" transportPositionAfterUnloading="true">
            <grabParticleSystem disableDuration="0" position="0 0.5 0" rotation="0 0 0" file="$data/particleSystems/shared/threshingStrawParticles.i3d"/>
        </grabber>
        <balePlaces startBalePlace="baleStartPlace">
            <balePlace node="baleUnloading"/>
        </balePlaces>
        <baleTypes>
            <baleType width="0.45" height="0.35" length="1.2" mixedFillTypes="false"/>
        </baleTypes>
    </baleLoader>

    <tensionBelts>
        <tensionBeltsConfigurations>
            <tensionBeltsConfiguration>
                <tensionBelts linkNode="beltActivationTrigger" jointNode="Ucyol_main_component" width="0.075" maxEdgeLength="0.1" geometryBias="0.01" ratchetPosition="0.2" defaultOffset="0.1" defaultOffsetSide="0.1" defaultHeight="4" activationTrigger="0>0|6|4" >
                    <tensionBelt startNode="tensionBeltStart1" endNode="tensionBeltEnd1"/>
                    <tensionBelt startNode="tensionBeltStart2" endNode="tensionBeltEnd2"/>
                    <tensionBelt startNode="tensionBeltStart3" endNode="tensionBeltEnd3"/>
                    <tensionBelt startNode="tensionBeltStart4" endNode="tensionBeltEnd4" />
                    <tensionBelt startNode="tensionBeltStart5" endNode="tensionBeltEnd5" />
                    <tensionBelt startNode="tensionBeltStart6" endNode="tensionBeltEnd6" />
                    <tensionBelt startNode="tensionBeltStart7" endNode="tensionBeltEnd7" />
                    <tensionBelt startNode="tensionBeltStart8" endNode="tensionBeltEnd8" />
                    <sounds>
                        <addBelt template="beltOpen" />
                        <removeBelt template="beltClose" />
                    </sounds>
                </tensionBelts>
            </tensionBeltsConfiguration>
        </tensionBeltsConfigurations>
    </tensionBelts>

    <baseMaterial>
        <material name="Ucyol_Mat" baseNode="Ucyol_vis">
            <shaderParameter name="colorMat1" value="0.1 0.1 0.1 6"/>
        </material>
        <material name="Ucyol_Mats" baseNode="Ucyol_vis">
            <shaderParameter name="colorMat0" value="0 0.116 0.9 0"/>
        </material>
        <material name="Ucyol_Mats1" baseNode="Ucyol_vis">
            <shaderParameter name="colorMat4" value="0.7 0.7 0 0"/>
        </material>
        <material name="Ucyol_Mats2" baseNode="Ucyol_vis">
            <shaderParameter name="colorMat5" value="0.7 0.7 0.7 0"/>
        </material>
    </baseMaterial>

    <baseMaterialConfigurations title="Şase Renk" price="100" defaultColorIndex="0">
        <baseMaterialConfiguration name="Grey" color="0.1 0.1 0.1 6"/>
        <baseMaterialConfiguration name="Black" color="0.05 0.05 0.05 6"/>
        <material name="Ucyol_Mat" shaderParameter="colorMat1"/>
    </baseMaterialConfigurations>

    <designMaterialConfigurations title="Gövde Renk" price="100" useDefaultColors="true" defaultColorIndex="0">
        <designMaterialConfiguration name="Original" color="0 0.116 0.9 0"/>
        <designMaterialConfiguration name="Turquoise" color="0 0.3 0.3 0"/>
        <material name="Ucyol_Mats" shaderParameter="colorMat0" />
    </designMaterialConfigurations>

    <designMaterial2Configurations title="Şerit Renk" price="100" useDefaultColors="true" defaultColorIndex="0" >
        <designMaterial2Configuration name="Original" color="0.7 0.7 0 0"/>   
        <material name="Ucyol_Mats1" shaderParameter="colorMat4"/>
    </designMaterial2Configurations>

    <designMaterial3Configurations title="Şerit 2 Renk" price="100" useDefaultColors="true" defaultColorIndex="0" >
        <designMaterial3Configuration name="Original" color="0.7 0.7 0.7 0"/>   
        <material name="Ucyol_Mats2" shaderParameter="colorMat5"/>
    </designMaterial3Configurations>

    <rimColorConfigurations defaultColorIndex="0">
        <rimColorConfiguration name="Standart" color="0.3 0.3 0.3"/>
        <rimColorConfiguration name="Standard Mat" color="0.21201 0.21201 0.21201" price="300" material="27"/>
        <rimColorConfiguration name="Black" color="0.01 0.01 0.01" price="300"/>
        <rimColorConfiguration name="Black Mat" color="0.01 0.01 0.0101" material="27" price="300"/>
        <rimColorConfiguration name="Cream" color="VICON_CREAM" price="300"/>
        <rimColorConfiguration name="White" color="SHARED_WHITE2" price="300"/>
        <rimColorConfiguration name="Orange" color="1 0.238 0.013" price="300"/>
    </rimColorConfigurations>

    <ai>
        <allowTurnBackward value="false"/>
        <turningRadiusLimitation radius="8"/>
    </ai>

    <foliageBending>
        <bendingNode minX="-1.05" maxX="1.05" minZ="-2.0" maxZ="2.4" yOffset="0.6" />
    </foliageBending>

	<wearable wearDuration="960" workMultiplier="5" fieldMultiplier="2"/>
    <washable dirtDuration="270" washDuration="1" workMultiplier="3" fieldMultiplier="2"/>

  <i3dMappings>
    <i3dMapping id="Ucyol_main_component" node="0>"/>
    <i3dMapping id="Ucyol_vis" node="0>0"/>
    <i3dMapping id="componentJointFront" node="1>2"/>
    <i3dMapping id="componentJointDrawbar" node="2>0"/>
    <i3dMapping id="Ucyol_dolly_component3" node="2>"/>
    <i3dMapping id="attacherJoint" node="2>1"/>
    <i3dMapping id="wheelBackLeft" node="0>0|1|0"/>
    <i3dMapping id="wheelBackRight" node="0>0|1|1"/>
    <i3dMapping id="wheelFrontLeft" node="1>0"/>
    <i3dMapping id="wheelFrontRight" node="1>1"/>
    <i3dMapping id="Body" node="0>0|3|0"/>
    <i3dMapping id="trailerAttacherJoint" node="0>0|0|0"/>
    <i3dMapping id="trailerAttacherJoint2" node="0>0|0|1"/>
    <i3dMapping id="hydraulicIn01" node="0>0|0|2"/>
    <i3dMapping id="Gidici" node="0>0|0|2|0"/>
    <i3dMapping id="electricnode" node="0>0|0|3|1|0"/>
    <i3dMapping id="electricCab" node="0>0|0|3|0|0"/>
    <i3dMapping id="electricFront" node="0>0|0|3|1"/>
    <i3dMapping id="rearLight15left" node="0>0|2|0"/>
    <i3dMapping id="rearLight15right" node="0>0|2|1"/>
    <i3dMapping id="backLightsHigh" node="0>0|2|2"/>
    <i3dMapping id="turnLightLeftBack" node="0>0|2|3"/>
    <i3dMapping id="turnLightRightBack" node="0>0|2|4"/>
    <i3dMapping id="hydraulicPart" node="0>0|4|0"/>
    <i3dMapping id="hydraulicPart1" node="0>0|4|0|0"/>
    <i3dMapping id="hydraulicPart2" node="0>0|4|0|0|0"/>
    <i3dMapping id="hydraulicPart3" node="0>0|4|0|0|0|0"/>
    <i3dMapping id="hydraulicPartRef" node="0>0|3|0|3"/>
    <i3dMapping id="Silage" node="0>0|3|0|2|7"/>
    <i3dMapping id="fillVolume_extension1" node="0>0|3|0|0|2"/>
    <i3dMapping id="fillVolume_extension2" node="0>0|3|0|2|7|1"/>
    <i3dMapping id="unloadInfo" node="0>0|3|0|0|3"/>
    <i3dMapping id="dischargeNodeBack" node="0>0|6|0"/>
    <i3dMapping id="emitterShape_back" node="0>0|3|0|1|0|0"/>
    <i3dMapping id="grainEffect_back" node="0>0|3|0|1|0|1"/>
    <i3dMapping id="smokeEffect_back" node="0>0|3|0|1|0|2"/>
    <i3dMapping id="exactFillRootNode_extension1" node="0>0|3|0|0|0"/>
    <i3dMapping id="fillAutoAimTarget1" node="0>0|3|0|0|1"/>
    <i3dMapping id="playerTrigger" node="0>0|7|0"/>
    <i3dMapping id="Body_Light" node="0>0|3|0|5|3"/>
    <i3dMapping id="Ucyol_Light" node="0>0|5|1"/>
    <i3dMapping id="Krom" node="0>0|3|0|5|0"/>
    <i3dMapping id="Krom2" node="0>0|3|0|5|1|0"/>
    <i3dMapping id="Krom3" node="0>0|3|0|5|2|0"/>
    <i3dMapping id="Two_Appendix" node="0>0|3|0|2|6"/>
    <i3dMapping id="buffaloes_Two" node="0>0|3|0|5|2"/>
    <!--Lid-->
    <i3dMapping id="Back_Lid" node="0>0|3|0|2|4|0"/>
    <i3dMapping id="Left_Lid" node="0>0|3|0|2|0|0"/>
    <i3dMapping id="Left_Lid_One" node="0>0|3|0|2|1|0"/>
    <i3dMapping id="Right_Lid" node="0>0|3|0|2|2|0"/>
    <i3dMapping id="Right_Lid_One" node="0>0|3|0|2|3|0"/>
    <!--Appendix One-->
    <i3dMapping id="Left_Appendix" node="0>0|3|0|2|5|0"/>
    <i3dMapping id="Left_Appendix_One" node="0>0|3|0|2|5|1"/>
    <i3dMapping id="Right_Appendix" node="0>0|3|0|2|5|2"/>
    <i3dMapping id="Right_Appendix_One" node="0>0|3|0|2|5|3"/>
    <i3dMapping id="Back_Appendix" node="0>0|3|0|2|5|4"/>
    <!--Appendix Two-->
    <i3dMapping id="Left_Appendix_Two" node="0>0|3|0|2|6|0"/>
    <i3dMapping id="Left_Appendix_Three" node="0>0|3|0|2|6|1"/>
    <i3dMapping id="Right_Appendix_Two" node="0>0|3|0|2|6|2"/>
    <i3dMapping id="Right_Appendix_Three" node="0>0|3|0|2|6|3"/>
    <i3dMapping id="Back_Appendix_Two" node="0>0|3|0|2|6|4"/>
    <!--Lid Point-->
    <i3dMapping id="Back_Lid_Point" node="0>0|3|0|2|4|0|0"/>
    <i3dMapping id="Back_Lid_Point_Two" node="0>0|3|0|4|10"/>
    <i3dMapping id="Left_Lid_Point" node="0>0|3|0|2|0|0|0"/>
    <i3dMapping id="Left_Lid_One_Point" node="0>0|3|0|2|1|0|0"/>
    <i3dMapping id="Right_Lid_Point" node="0>0|3|0|2|2|0|0"/>
    <i3dMapping id="Right_Lid_One_Point" node="0>0|3|0|2|3|0|0"/>
    <!--Appendix One Point-->
    <i3dMapping id="Left_Appendix_Point" node="0>0|3|0|4|0"/>
    <i3dMapping id="Left_Appendix_One_Point" node="0>0|3|0|4|1"/>
    <i3dMapping id="Right_Appendix_Point" node="0>0|3|0|4|2"/>
    <i3dMapping id="Right_Appendix_One_Point" node="0>0|3|0|4|3"/>
    <i3dMapping id="Back_Appendix_Point" node="0>0|3|0|4|4"/>
    <!--Appendix Two Point-->
    <i3dMapping id="Left_Appendix_Two_Point" node="0>0|3|0|4|5"/>
    <i3dMapping id="Left_Appendix_Three_Point" node="0>0|3|0|4|6"/>
    <i3dMapping id="Right_Appendix_Two_Point" node="0>0|3|0|4|7"/>
    <i3dMapping id="Right_Appendix_Three_Point" node="0>0|3|0|4|8"/>
    <i3dMapping id="Back_Appendix_Two_Point" node="0>0|3|0|4|9"/>
    <!--Bale-->
    <i3dMapping id="baleGrabber" node="0>0|3|0|8|0"/>
    <i3dMapping id="baleTrigger" node="0>0|3|0|8|1"/>
    <i3dMapping id="baleStartPlace" node="0>0|3|0|8|8"/>
    <i3dMapping id="baleUnloading" node="0>0|3|0|8|9|0|0"/>
    <i3dMapping id="unloadPosZ" node="0>0|3|0|8|9"/>
    <i3dMapping id="unloadPosY" node="0>0|3|0|8|9|0"/>
    <!--tensionBelts-->
    <i3dMapping id="beltActivationTrigger" node="0>0|5|2|8"/>
    <i3dMapping id="tensionBeltStart1" node="0>0|5|2|0"/>
    <i3dMapping id="tensionBeltStart2" node="0>0|5|2|1"/>
    <i3dMapping id="tensionBeltStart3" node="0>0|5|2|2"/>
    <i3dMapping id="tensionBeltStart4" node="0>0|5|2|3"/>
    <i3dMapping id="tensionBeltStart5" node="0>0|5|2|4"/>
    <i3dMapping id="tensionBeltStart6" node="0>0|5|2|5"/>
    <i3dMapping id="tensionBeltStart7" node="0>0|5|2|6"/>
    <i3dMapping id="tensionBeltStart8" node="0>0|5|2|7"/>
    <i3dMapping id="tensionBeltEnd1" node="0>0|5|2|0|0"/>
    <i3dMapping id="tensionBeltEnd2" node="0>0|5|2|1|0"/>
    <i3dMapping id="tensionBeltEnd3" node="0>0|5|2|2|0"/>
    <i3dMapping id="tensionBeltEnd4" node="0>0|5|2|3|0"/>
    <i3dMapping id="tensionBeltEnd5" node="0>0|5|2|4|0"/>
    <i3dMapping id="tensionBeltEnd6" node="0>0|5|2|5|0"/>
    <i3dMapping id="tensionBeltEnd7" node="0>0|5|2|6|0"/>
    <i3dMapping id="tensionBeltEnd8" node="0>0|5|2|7|0"/>
  </i3dMappings>
</vehicle>