﻿<?xml version="1.0" encoding="utf-8" standalone="no"?>
<easyDevControls>
    <permissions admin="1" farmManager="2" standard="3" none="4">
        <general>
            <cheatMoney>1</cheatMoney>
            <teleport>1</teleport>
        </general>

        <player>
            <superStrength>1</superStrength>
            <jumpHeight>4</jumpHeight>
            <runningSpeed>4</runningSpeed>
            <setFarm>1</setFarm>
        </player>

        <objects>
            <addBale>1</addBale>
            <addPallet>1</addPallet>
            <addLog>1</addLog>
        </objects>

        <vehicles>
            <vehicleFillLevel>1</vehicleFillLevel>
            <vehicleCondition>1</vehicleCondition>
            <vehicleFuel>1</vehicleFuel>
            <vehicleMotorTemp>1</vehicleMotorTemp>
            <vehicleOperatingTime>1</vehicleOperatingTime>
        </vehicles>

        <placeables>
            <productionPoints>1</productionPoints>
        </placeables>

        <fields>
            <fieldSetFruit>1</fieldSetFruit>
            <fieldSetGround>1</fieldSetGround>
            <vineSetState>1</vineSetState>
            <addRemoveWeedsStones>1</addRemoveWeedsStones>
            <updateGrowthSystem>1</updateGrowthSystem>
        </fields>

        <environment>
            <setTime>1</setTime>
            <updateSnow>1</updateSnow>
            <addSalt>1</addSalt>
        </environment>
    </permissions>
</easyDevControls>
