<?xml version="1.0" encoding="utf-8" standalone="no" ?>
<wheel xmlns:xsi="http://www.w3.org/2001/XMLSchema-instance" xsi:noNamespaceSchemaLocation="../../../../../../shared/xml/schema/wheel.xsd">
    <brand>MITAS</brand>
    <name>AC 65</name>
    <default>
        <physics radius="0.625" width="0.48" mass="0.152" tireType="mud" frictionScale="1.60" maxLongStiffness="8" maxLatStiffness="100" maxLatStiffnessLoad="2" />
        <tire filename="$data/shared/wheels/tires/mitas/AC65/R24_AC65.i3d" nodeLeft="1|0" nodeRight="1|0" maxDeformation="0.062" isCareWheel="false" tireTrackAtlasIndex="0" />
        <outerRim filename="series5M.i3d" node="0|0|11|4|0" widthAndDiam="15 24"/>
        <innerRim filename="series5M.i3d" nodeLeft="0|0|11|4|3|0" nodeRight="0|0|11|4|3|1" scale="1 0.58 0.58" offset="0.065"/>
    </default>
    <configurations>
        <configuration id="dual" >
            <innerRim filename="-" />
        </configuration>
    </configurations>
</wheel>
