<?xml version="1.0" encoding="utf-8" standalone="no" ?>
<wheel xmlns:xsi="http://www.w3.org/2001/XMLSchema-instance" xsi:noNamespaceSchemaLocation="../../../../../../shared/xml/schema/wheel.xsd">
    <brand>MITAS</brand>
    <name>AC 65</name>
    <default>
        <physics radius="0.834" width="0.54" mass="0.222" tireType="mud" frictionScale="1.60" maxLongStiffness="9" maxLatStiffness="110" maxLatStiffnessLoad="2" />
        <tire filename="$data/shared/wheels/tires/mitas/AC65/R38_AC65.i3d" nodeLeft="0|0" nodeRight="0|0" maxDeformation="0.07" isCareWheel="false" tireTrackAtlasIndex="0" />
        <outerRim filename="series5M.i3d" node="0|0|11|4|0" widthAndDiam="16 38"/>
        <innerRim filename="series5M.i3d" nodeLeft="0|0|11|4|3|2" nodeRight="0|0|11|4|3|3" scale="1 0.87 0.87"/>
    </default>
    <configurations>
        <configuration id="dual" >
            <innerRim filename="-" />
        </configuration>
        <configuration id="weight3" >
            <additional filename="series5M.i3d" nodeLeft="0|0|11|4|4|0" nodeRight="0|0|11|4|4|1" offset="0.05" scale="0.35 0.87 0.87" mass="0.6" />
        </configuration>
    </configurations>
</wheel>
