<?xml version="1.0" encoding="utf-8" standalone="no" ?>
<wheel xmlns:xsi="http://www.w3.org/2001/XMLSchema-instance" xsi:noNamespaceSchemaLocation="../../../../../../shared/xml/schema/wheel.xsd">
    <brand>VREDESTEIN</brand>
    <name>Traxion 70</name>
    <default>
        <physics radius="0.87" width="0.52" mass="0.307" tireType="mud" frictionScale="1.60" maxLongStiffness="9" maxLatStiffness="110" maxLatStiffnessLoad="2"/>
        <tire filename="$data/shared/wheels/tires/vredestein/traxion70/R38_traxion70.i3d" nodeLeft="1|0" nodeRight="1|0" maxDeformation="0.077" sideDeformOffset="0.976" isCareWheel="false" tireTrackAtlasIndex="0"/>
        <outerRim filename="$data/shared/wheels/rims/rim001.i3d" node="1|0" widthAndDiam="16 38"/>
        <innerRim filename="wheels/rims/rim000.i3d" nodeLeft="0|2" nodeRight="0|3" offset="0.06" scale="1 0.89 0.89"/>
    </default>
    <configurations>        
		<configuration id="weights" >
            <additional filename="wheels/weights/weight002Bolts.i3d" nodeLeft="0|0" nodeRight="0|1" offset="0.025" scale="0.8 0.8 0.8" mass="0.5" />
        </configuration>
    </configurations>
</wheel>
