﻿<?xml version="1.0" encoding="utf-8" standalone="no" ?>
<vehicle type="baler">
    <annotation>Copyright (C) GIANTS Software GmbH, All Rights Reserved.</annotation>

    <storeData>
        <name>Apn</name>
        <specs>
            <neededPower>15</neededPower>
            <workingWidth>1.5</workingWidth>
            <combination xmlFilename="trailerShort.xml"/>
        </specs>
        <functions>
            <function>$l10n_function_baler</function>
        </functions>
        <image>store_fahrApn.png</image>
        <price>8000</price>
        <lifetime>600</lifetime>
        <rotation>0</rotation>
        <brand>FAHR</brand>
        <category>balers</category>
        <vertexBufferMemoryUsage>697600</vertexBufferMemoryUsage>
        <indexBufferMemoryUsage>114944</indexBufferMemoryUsage>
        <textureMemoryUsage>786432</textureMemoryUsage>
        <audioMemoryUsage>0</audioMemoryUsage>
        <instanceVertexBufferMemoryUsage>0</instanceVertexBufferMemoryUsage>
        <instanceIndexBufferMemoryUsage>0</instanceIndexBufferMemoryUsage>
    </storeData>

    <base>
        <typeDesc>$l10n_typeDesc_baler</typeDesc>
        <filename>fahrApn.i3d</filename>
        <size width="3.8" length="4" lengthOffset="0.6" />
        <speedLimit value="10" />
        <components>
            <component centerOfMass="0 0.75 0" solverIterationCount="10" mass="1710" />
        </components>
        <schemaOverlay attacherJointPosition="0 0" name="IMPLEMENT" />
        <sounds volumeFactor="1"/>
    </base>

    <wheels>
        <wheelConfigurations>
            <wheelConfiguration name="$l10n_configuration_valueDefault" price="0">
                <wheels>
                    <wheel filename="wheels/wheel.xml" isLeft="true" >
                        <physics tipOcclusionAreaGroupId="1" restLoad="0.77" repr="0>0|0|0"      forcePointRatio="0.5" initialCompression="40" suspTravel="0.18" spring="25" damper="30" yOffset="0.04"/>
                    </wheel>
                    <wheel filename="wheels/wheel.xml" isLeft="false" >
                        <physics tipOcclusionAreaGroupId="2" restLoad="0.92" repr="0>0|0|1"      forcePointRatio="0.5" initialCompression="40" suspTravel="0.18" spring="25" damper="30" yOffset="0.04"/>
                    </wheel>
                </wheels>
            </wheelConfiguration>
        </wheelConfigurations>
    </wheels>

    <attachable>
        <inputAttacherJoints>
            <inputAttacherJoint node="0>0|1|1|0" jointType="trailerLow" attacherHeight="0.5"/>
        </inputAttacherJoints>
        <support animationName="moveSupport" />
        <brakeForce force="0.3"/>
    </attachable>

    <attacherJoints>
        <attacherJoint node="0>0|6" jointType="trailer" lowerRotLimit="10 55 55" upperRotationOffset="0" allowsJointLimitMovement="false" canTurnOnImplement="false">
            <schema position="1 0" rotation="0" invertX="false" />
	    <objectChange node="0>0|8" scaleActive="0 0 0" scaleInactive="1 1 1"/>
	    <objectChange node="0>0|9" scaleActive="1 1 1" scaleInactive="0 0 0"/>
        </attacherJoint>
        <sounds>
            <attach template="ATTACH_01" linkNode="0>" />
        </sounds>
    </attacherJoints>

    <powerTakeOffs>
        <input inputAttacherJointIndices="1" inputNode="0>0|1|1|1" aboveAttacher="true" detachNode="0>0|1|1|2"/>
    </powerTakeOffs>

    <powerConsumer ptoRpm="350" neededMaxPtoPower="4"/>

    <groundReferenceNodes>
        <groundReferenceNode node="0>0|1|4|0" threshold="0.3" />
    </groundReferenceNodes>

    <workAreas>
        <workArea type="baler" functionName="processBalerArea" disableBackwards="false" >
            <area startNode="0>0|3|0" widthNode="0>0|3|1" heightNode="0>0|3|2" />
            <groundReferenceNode index="1" />
        </workArea>
    </workAreas>

    <foldable>
        <foldingConfigurations>
            <foldingConfiguration>
        	<foldingParts startMoveDirection="1" turnOnFoldMinLimit="0.0" turnOnFoldMaxLimit="0.02" >
            		<foldingPart animationName="folding" speedScale="1" />
        	</foldingParts>
            </foldingConfiguration>
        </foldingConfigurations>
    </foldable>

    <animations>
        <!-- move support wheel down/up -->
        <animation name="moveSupport">
            <part node="0>0|1|1|4"             startTime="0"    endTime="0.5" startRot="0 0 0" endRot="0 720 0" />
            <part node="0>0|1|1|5"            startTime="0"  endTime="0.5" startTrans="-0.064 0.086 1.706" endTrans="-0.064 -0.277 1.706" />
        </animation>

        <!-- rotate pickup down/up -->
        <animation name="rotatePickup">
            <part node="0>0|1|4"            startTime="0"  endTime="1" startRot="0 0 0" endRot="20 0 0" />
        </animation>

        <animation name="knoting">
            <part node="0>0|1|2" startTime="0" endTime="0.5" startRot="0 0 0" endRot="-55 0 0" />
            <part node="0>0|1|2" startTime="0.5" endTime="1" startRot="-55 0 0" endRot="0 0 0" />
        </animation>

        <animation name="balingAnimation" looping="true">
		<part node="0>0|1|3" startTime="0"   endTime="0.5" startRot="0 0 0" endRot="40 0 0"/>
		<part node="0>0|1|0" startTime="0"   endTime="1"   startRot="0 0 0" endRot="359.9 0 0"/>
		<part node="0>0|1|3" startTime="0.5" endTime="1"   startRot="0 0 0" endRot="0 0 0"/>
        </animation>
        <animation name="folding">
            <part node="0>0|1|1" startTime="0" endTime="1" startRot="0 10 0" endRot="0 -10 0" />
        </animation>
    </animations>

    <cylindered>
        <movingTools>
            <movingTool node="0>0|1|1" >
                <inputAttacherJoint value="true"/>
            </movingTool>
        </movingTools>

        <movingParts>
            <movingPart node="0>0|1|0|0" referencePoint="0>0|1|3|0" referenceFrame="0>0|1|3|0" isActiveDirty="true" scaleZ="true" maxUpdateDistance="40"/>
            <movingPart node="0>0|1|2|0" referencePoint="0>0|1|8" referenceFrame="0>0|1|8" isActiveDirty="true" scaleZ="true" maxUpdateDistance="40"/>
        </movingParts>

        <sounds>
            <hydraulic template="defaultHydraulicSound" linkNode="0>"/>
        </sounds>
    </cylindered>

    <pickup>
        <animation name="rotatePickup" lowerSpeed="2" liftSpeed="-1" />
    </pickup>

    <fillUnit>
        <fillUnitConfigurations>
            <fillUnitConfiguration>
                <fillUnits>
                    <fillUnit unitTextOverride="$l10n_unit_literShort" fillTypeCategories="windrow" capacity="300" showInShop="false"/>
                </fillUnits>
            </fillUnitConfiguration>
        </fillUnitConfigurations>
    </fillUnit>

    <baler fillScale="1" maxPickupLitersPerSecond="100">
        <baleAnimation spacing="0">
        	<key pos="0 0 0" rot="0 0 0"/>
        	<key pos="0 0 -0.5" rot="0 0 0"/>
        	<key pos="0 0 -1.0" rot="0 0 0"/>
        	<key pos="0 0 -1.5" rot="0 0 0"/>
        	<key pos="0 0 -2.0" rot="-35 0 0"/>
        </baleAnimation>
        <baleTypes>
            <baleType isRoundBale="false" width="0.69" height="0.35" length="0.49">
                <nodes baleRootNode="0>0|4|1" baleNode="0>0|4|0|0" scaleNode="0>0|4|0"/>
            </baleType>
        </baleTypes>

        <sounds>
            <work template="BALE_WRAPPING_02" />
            <knotCleaning template="BALER_KNOT_CLEANING" />
        </sounds>
        <baleUnloading time="4" allowed="true" foldThreshold="0.1" />
        <knotingAnimation name="knoting" speed="1" />
        <fillEffect>
            <effectNode effectClass="TypedMotionPathEffect" effectType="PICKUPIN" linkNode="0>0|1|4|4">
                <motionPathEffect textureFilename="$data/vehicles/masseyFerguson/baler1840/pickupArray.dds" numRows="10" rowLength="10" minFade="0.15"/>
            </effectNode>

            <effectNode effectClass="MorphPositionEffect" effectNode="0>0|1|4|3"           materialType="belt" delay="0" fadeTime="0.5" speed="0.1" scrollLength="1.1" scrollSpeed="0.7"/>
            <effectNode effectClass="ParticleEffect"      effectNode="0>0|1|4|2|1" particleType="SMOKE" emitCountScale="0.8" worldSpace="true"/>
        </fillEffect>
        <animationNodes>
            <animationNode node="0>0|1|7"         rotSpeed="347"  rotAxis="1" turnOnFadeTime="1" turnOffFadeTime="3" />
            <animationNode node="0>0|1|6"         rotSpeed="694"  rotAxis="1" turnOnFadeTime="1" turnOffFadeTime="3" />
            <animationNode node="0>0|1|4|1"         rotSpeed="-250"  rotAxis="1" turnOnFadeTime="1" turnOffFadeTime="3" />
            <animationNode node="0>0|1|5"    rotSpeed="600" rotAxis="3" turnOnFadeTime="1" turnOffFadeTime="3" />
            <animationNode node="0>0|1|1|3"   rotSpeed="600"  rotAxis="3" turnOnFadeTime="1" turnOffFadeTime="3" />
        </animationNodes>
    </baler>

    <turnOnVehicle>
        <turnedOnAnimation name="balingAnimation" speedScale="0.75" />
    </turnOnVehicle>

    <ai>
        <allowTurnBackward value="false"/>
        <agentAttachment jointNode="0>0|1|1|0" rotCenterWheelIndices="1 2" width="3.3" height="3.5" length="5" lengthOffset="0"/>
    </ai>

    <foliageBending>
        <bendingNode minX="-1.5" maxX="1.5" minZ="-1.4" maxZ="1.6 " yOffset="0.05" />
    </foliageBending>

    <wearable wearDuration="480" workMultiplier="5" fieldMultiplier="2"/>
    <washable dirtDuration="90" washDuration="1" workMultiplier="4" fieldMultiplier="2"/>
</vehicle>
