﻿<?xml version="1.0" encoding="utf-8" standalone="no"?>
<modDesc descVersion="63">
    <author>EY Modding</author>
    <version>1.0.0.0</version>
    <iconFilename>modIcon.dds</iconFilename>
    <title>
        <en>Fahr Apn Baler And Autoload Bale Trailer</en>
        <de>Fahr Apn Ballenpresse Und Autoload Ballenanhänger</de>
    </title>
    <description>
	<en><![CDATA[Fahr Apn Baler:
- Price: 8000 $
- Needed Power: 15 hp
- Bale capacity: 300 liters
- Working Width: 1.5 Meter
- Category: Balers

AutoLoad Bale Trailer:
- Price: 5000 $
- Bale Capacity: 105 Small Square Bale
- Category: Bale Loaders

]]></en>
	<de><![CDATA[Fahr Apn Ballenpresse:
- Preis: 8000 €
- Benötigte Leistung: 15 PS
- Ballenkapazität: 300 Liter
- Arbeitsbreite: 1.5 Meter
- Kategorie: Ballenpressen

Autoload Ballenanhänger:
- Preis: 5000 €
- Ballenkapazität: 105 HD Ballen
- Kategorie: Ballensammelwagen
]]></de>
    </description>
    <multiplayer supported="true"/>
    <storeItems>
        <storeItem xmlFilename="fahrApn.xml"/>
        <storeItem xmlFilename="trailerShort.xml"/>
    </storeItems>

    <bales>
        <bale filename="squarebales/strawbaleBalerSmall.xml"/>
    </bales>
    <vehicleTypes>
        <type name="autoloadTrailer" parent="baseTipper" filename="$dataS/scripts/vehicles/Vehicle.lua">
            <specialization name="baleLoader"/>
        </type>
    </vehicleTypes>
 
    <brands>
        <brand name="FAHR" title="Fahr" image="brand_fahr.png"/>
    </brands>
</modDesc>
