﻿<?xml version="1.0" encoding="utf-8" standalone="no" ?>
<vehicle type="autoloadTrailer">
    <annotation>Copyright (C) GIANTS Software GmbH, All Rights Reserved.</annotation>

    <storeData>
        <name>
		<en>Autoload Bale Trailer</en>
		<de>Autoload Ballenanhänger</de>
	</name>
        <specs>
            <combination xmlFilename="fahrApn.xml"/>
        </specs>
        <functions>
            <function>$l10n_function_baleStacker</function>
        </functions>
        <image>store_short.png</image>
        <price>5000</price>
        <lifetime>600</lifetime>
        <rotation>0</rotation>
        <brand>LIZARD</brand>
        <category>baleLoaders</category>
        <vertexBufferMemoryUsage>1310976</vertexBufferMemoryUsage>
        <indexBufferMemoryUsage>237312</indexBufferMemoryUsage>
        <textureMemoryUsage>589824</textureMemoryUsage>
        <audioMemoryUsage>0</audioMemoryUsage>
        <instanceVertexBufferMemoryUsage>0</instanceVertexBufferMemoryUsage>
        <instanceIndexBufferMemoryUsage>0</instanceIndexBufferMemoryUsage>
    </storeData>

    <base>
        <typeDesc>$l10n_typeDesc_baleLoader</typeDesc>
        <filename>trailerShort.i3d</filename>
        <size width="3" length="7.5" lengthOffset="1.1" />
        <components>
            <component centerOfMass="0 0.6 -0.2"  solverIterationCount="35" mass="830"/>
            <component centerOfMass="0 -0.2 0" solverIterationCount="25" mass="400"/>
            <component centerOfMass="0 0 0.1" solverIterationCount="10" mass="100"/>
            <joint component1="1" component2="2" node="0>0|0|2" rotLimit="0 170 0" transLimit="0 0 0" />
            <joint component1="2" component2="3" node="1>0|2" rotLimit="35 0 0" transLimit="0 0 0" />
        </components>
        <schemaOverlay attacherJointPosition="0 0" name="IMPLEMENT" />
        <mapHotspot type="TRAILER" />
    </base>

    <wheels>
        <wheelConfigurations>
            <wheelConfiguration name="$l10n_configuration_valueDefault" price="0">
                <wheels>
                    <wheel filename="wheels/wheels.xml" isLeft="true" hasTireTracks="true" hasParticles="true" >
                        <physics tipOcclusionAreaGroupId="1" restLoad="0.5" repr="1>0|0"  forcePointRatio="0.2" initialCompression="8" suspTravel="0.1" spring="180" damper="40" />
                    </wheel>
                    <wheel filename="wheels/wheels.xml" isLeft="false" hasTireTracks="true" hasParticles="true" >
                        <physics tipOcclusionAreaGroupId="1" restLoad="0.51" repr="1>0|1" forcePointRatio="0.2" initialCompression="8" suspTravel="0.1" spring="180" damper="40" />
                    </wheel>
                    <wheel filename="wheels/wheels.xml" isLeft="true" hasTireTracks="true" hasParticles="true" >
                        <physics tipOcclusionAreaGroupId="1" restLoad="0.33" repr="0>0|0|0"   forcePointRatio="0.2" initialCompression="8" suspTravel="0.1" spring="180" damper="40" />
                        <wheelChock />
                        <wheelChock isInverted="true" />
                    </wheel>
                    <wheel filename="wheels/wheels.xml" isLeft="false" hasTireTracks="true" hasParticles="true" >
                        <physics tipOcclusionAreaGroupId="1" restLoad="0.31" repr="0>0|0|1"  forcePointRatio="0.2" initialCompression="8" suspTravel="0.1" spring="180" damper="40" />
                    </wheel>
                </wheels>
            </wheelConfiguration>
        </wheelConfigurations>

        <hubs>
            <color0>FORTSCHRITT_BLACK</color0>
            <color1>FORTSCHRITT_BLACK</color1>
            <hub linkNode="1>0|0"  filename="$data/shared/wheels/hubs/hub_n10_5.xml" isLeft="true"  scale="0.3 0.3 0.3" />
            <hub linkNode="1>0|1" filename="$data/shared/wheels/hubs/hub_n10_5.xml" isLeft="false" scale="0.3 0.3 0.3" />
            <hub linkNode="0>0|0|0"   filename="$data/shared/wheels/hubs/hub_n10_5.xml" isLeft="true"  scale="0.3 0.3 0.3" />
            <hub linkNode="0>0|0|1"  filename="$data/shared/wheels/hubs/hub_n10_5.xml" isLeft="false" scale="0.3 0.3 0.3" />
        </hubs>
    </wheels>

    <rimColorConfigurations useDefaultColors="true" price="300"/>

    <attachable>
        <inputAttacherJoints>
            <inputAttacherJoint node="2>0|0" jointType="trailer" rootNode="2>" attacherHeight="0.75" />
        </inputAttacherJoints>
        <brakeForce force="0.2"/>
        <support animationName="moveSupport" />
    </attachable>

    <attacherJoints>
        <attacherJoint node="0>0|1" jointType="trailer" lowerRotLimit="10 55 55" upperRotationOffset="0" allowsJointLimitMovement="false" canTurnOnImplement="false" >
            <schema position="1 0" rotation="0" invertX="false" />
        </attacherJoint>
        <sounds>
            <attach template="ATTACH_01" linkNode="0>" />
        </sounds>
    </attacherJoints>

    <connectionHoses>
        <hose inputAttacherJointIndices="1" type="electric" node="0>0|10" length="1.6" diameter="0.01" adapterNode="0>0|8">
		<objectChange node="0>0|8" visibilityActive="true" visibilityInactive="false"/>
		<objectChange node="0>0|9|1" rotationActive="0 0 0" rotationInactive="-90 0 0"/>
	</hose>
    </connectionHoses>

    <licensePlates>
        <licensePlate node="0>0|11"  position="BACK" preferedType="SQUARISH" placementArea="0.1 0.26 0.1 0.26"/>
    </licensePlates>

    <lights>
        <sharedLight linkNode="0>0|2|0"  filename="$data/shared/assets/lights/lizard/rearLight13_left.xml" />
        <sharedLight linkNode="0>0|2|1" filename="$data/shared/assets/lights/lizard/rearLight13_right.xml" />

        <realLights>
            <high>
                <light node="0>0|2|2" lightTypes="0" />
                <turnLightLeft node="0>0|2|3" />
                <turnLightRight node="0>0|2|4" />
                <brakeLight node="0>0|2|2" />
            </high>
        </realLights>
    </lights>


	<fillUnit>
		<fillUnitConfigurations>
			<fillUnitConfiguration>
				<fillUnits>
					<fillUnit unitTextOverride="$l10n_unit_bale" capacity="105" fillTypes="SQUAREBALE"/>
				</fillUnits>
			</fillUnitConfiguration>
		</fillUnitConfigurations>
	</fillUnit>

	<baleLoader>
        	<grabber grabNode="0>0|4" triggerNode="0>0|3" pickupRange="15"/>

		<balePlaces startBalePlace="0>0|5">
			 <balePlace node="0>0|6"/>
		</balePlaces>

		<baleTypes>
            		<baleType width="0.69" height="0.35" minLength="0.49" maxLength="1.2"/>
		</baleTypes>

	        <animations>
            		<platform rotateBack="rotatePlatformBack" rotateEmpty="rotatePlatformEmpty"/>
            		<baleGrabber dropToWork="baleGrabberDropToWork"/>
        	</animations>
	</baleLoader>

	<animations>
        	<animation name="frontBalePusher"/>
        	<animation name="moveBalePlaces"/>
		<animation name="moveBalePlacesToEmpty"/>
		<animation name="baleGrabberTransportToWork"/>

        	<animation name="emptyRotate">
            		<part node="0>0|6" startTime="0" endTime="2"  startTrans="0.49 1.206 2.067" endTrans="2.599 1.206 2.067" />
        	</animation>
	</animations>

    <ai>
        <allowTurnBackward value="false"/>
        <turningRadiusLimitation radius="7"/>
    </ai>

    <foliageBending>
        <bendingNode minX="-1.2" maxX="1.2" minZ="-2.3" maxZ="2.8" yOffset="0.6" />
    </foliageBending>

    <baseMaterial>
        <material name="trailer_mat" baseNode="0>0">
            <shaderParameter name="colorMat0" value="0.05 0.1 0.8 0"/>
        </material>
    </baseMaterial>

    <baseMaterialConfigurations useDefaultColors="true" defaultColorIndex="0">
        <baseMaterialConfiguration color="0.05 0.1 0.8 0" name="Standard"/>
        <material name="trailer_mat" shaderParameter="colorMat0" />
    </baseMaterialConfigurations>

    <wearable wearDuration="480" workMultiplier="5" fieldMultiplier="2"/>
    <washable dirtDuration="90" washDuration="1" workMultiplier="3" fieldMultiplier="2"/>
</vehicle>
