<?xml version="1.0" encoding="utf-8" standalone="no" ?>
<wheel>
    <default>
        <physics radius="0.7" width="0.23" mass="0.086" tireType="mud" frictionScale="1.60" maxLongStiffness="8" maxLatStiffness="100" maxLatStiffnessLoad="2" />
        <tire filename="$data/shared/wheels/trelleborg/TM100/R32_TM100.i3d" nodeLeft="0|0" nodeRight="0|0" maxDeformation="0.045" isCareWheel="true" tireTrackAtlasIndex="0" />
        <outerRim filename="$data/shared/wheels/rims/rim001.i3d" node="0|0" widthAndDiam="7 32" />
        <innerRim filename="$data/shared/wheels/rims/rim003.i3d" nodeLeft="0|0" nodeRight="0|1" widthAndDiam="7 32" scale="0.5 1 1" />
    </default>
    <configurations>
        <configuration id="rim4" >
            <innerRim filename="$data/shared/wheels/rims/rim004.i3d" nodeLeft="0|1" nodeRight="0|0" />
        </configuration>
    </configurations>
</wheel>
