<?xml version="1.0" encoding="utf-8" standalone="no" ?>
<wheel>
    <default>
        <physics radius="0.84" width="0.42" mass="0.17" tireType="mud" frictionScale="1.60" maxLongStiffness="8" maxLatStiffness="100" maxLatStiffnessLoad="2" />
        <tire filename="$data/shared/wheels/trelleborg/TM600/R34_TM600.i3d" nodeLeft="1|0" nodeRight="1|0" maxDeformation="0.071" isCareWheel="true" tireTrackAtlasIndex="0" />
        <outerRim filename="$data/shared/wheels/rims/rim001.i3d" node="0|0" widthAndDiam="15 34" />
        <innerRim filename="$data/shared/wheels/rims/rim003.i3d" nodeLeft="1|1" nodeRight="1|0" scale="1 0.8 0.8" widthAndDiam="15 43" />
    </default>
    <configurations>
        <configuration id="rim3" >
            <outerRim node="1|0" />
            <innerRim filename="$data/shared/wheels/rims/rim003.i3d" nodeLeft="1|1" nodeRight="1|0" />
        </configuration>
        <configuration id="dual" >
            <outerRim node="1|0" />
            <innerRim filename="-" nodeLeft="-" nodeRight="-" widthAndDiam="-" />
        </configuration>
        <configuration id="weight3" >
            <additional filename="wheels/MFrims.i3d" nodeLeft="0|0" nodeRight="0|1" offset="0.3" scale="0.5 0.75 0.75" mass="0.6" />
        </configuration>
    </configurations>
</wheel>
