﻿<?xml version="1.0" encoding="utf-8" standalone="no" ?>
<sounds xmlns:xsi="http://www.w3.org/2001/XMLSchema-instance" xsi:noNamespaceSchemaLocation="../../../../../shared/xml/schema/vehicle_sounds.xsd">
    <motorized>
        <sounds>
            <motor template="engineLarge" file="sounds/jx_loop.gls"   volumeScale="1.15" linkNodeOffset="0 2 4.5"      loopSynthesisRPMRatio="0.80" />
			<motor template="engineLarge" file="sounds/Turbo_Fendt600_2_loop.gls"   volumeScale="1.35" linkNodeOffset="0 2 4.5" loopSynthesisRPMRatio="0.80" pitchScale="0.8" fadeIn="1"/>
			<motor template="engineLarge" file="sounds/Turbo_Ihc_onload_05_loop.gls"   volumeScale="1.85" linkNodeOffset="0 2 4.5" loopSynthesisRPMRatio="0.80" pitchScale="0.8" fadeIn="1"/>
            
			<motor file="sounds/blowOffVentil.OGG" innerRadius="15.0" outerRadius="100.0" >
               <volume indoor="0.6" outdoor="4.3">
                    <modifier type="BLOW_OFF_VALVE_STATE" value="0.0" modifiedValue="0.0" />
                    <modifier type="BLOW_OFF_VALVE_STATE" value="0.2" modifiedValue="0.5" />
                    <modifier type="BLOW_OFF_VALVE_STATE" value="1.0" modifiedValue="1.0" />
                </volume>
                <pitch indoor="1.0" outdoor="1.0" >
                    <modifier type="MOTOR_RPM" value="1.0" modifiedValue="1.4" />
                    <modifier type="MOTOR_RPM" value="1.0" modifiedValue="0.6" />
                </pitch>
               <lowpassGain indoor="0.5" outdoor="1.0" />
            </motor>
            <motor template="indoorCabinOldVehicle"/>
            <gearbox file="$data/sounds/vehicles/transmission/transmissionLoop.wav" pitchScale="0.8" volumeScale="0.35" innerRadius="5.0" outerRadius="180.0" >
                <volume indoor="0.7" outdoor="1.0" >
                    <modifier type="DIFFERENTIAL_SPEED" value="4.0" modifiedValue="0.0" />
                    <modifier type="DIFFERENTIAL_SPEED" value="30.0" modifiedValue="1.0" />
                    <modifier type="DIFFERENTIAL_SPEED" value="60.0" modifiedValue="1.0" />
                    <modifier type="DIFFERENTIAL_SPEED" value="120.0" modifiedValue="1.4" />

                    <modifier type="MOTOR_LOAD" value="-1.00" modifiedValue="1.0" />
                    <modifier type="MOTOR_LOAD" value="0.00" modifiedValue="1.0" />
                    <modifier type="MOTOR_LOAD" value="0.20" modifiedValue="1.0" />
                    <modifier type="MOTOR_LOAD" value="0.45" modifiedValue="2.0" />
                    <modifier type="MOTOR_LOAD" value="0.80" modifiedValue="1.0" />
                    <modifier type="MOTOR_LOAD" value="1.00" modifiedValue="0.7" />

                    <modifier type="DRIVING_DIRECTION" value="-1.0" modifiedValue="1.5" />
                    <modifier type="DRIVING_DIRECTION" value="0.00" modifiedValue="0.0" />
                    <modifier type="DRIVING_DIRECTION" value="1.00" modifiedValue="1.0" />
                </volume>
                <pitch indoor="1.80" outdoor="1.77">
                    <modifier type="DIFFERENTIAL_SPEED" value="0.0" modifiedValue="0.3"/>
                    <modifier type="DIFFERENTIAL_SPEED" value="60.0" modifiedValue="0.8"/>
                    <modifier type="DIFFERENTIAL_SPEED" value="120.0" modifiedValue="1.3"/>

                    <modifier type="SUSPENSION" value="-1.0" modifiedValue="0.9" />
                    <modifier type="SUSPENSION" value="-0.5" modifiedValue="0.95" />
                    <modifier type="SUSPENSION" value="0.0" modifiedValue="1.0" />
                    <modifier type="SUSPENSION" value="0.5" modifiedValue="1.05" />
                    <modifier type="SUSPENSION" value="1.0" modifiedValue="1.1" />

                    <modifier type="DRIVING_DIRECTION" value="-1.0" modifiedValue="1.8" />
                    <modifier type="DRIVING_DIRECTION" value="0.00" modifiedValue="1.0" />
                    <modifier type="DRIVING_DIRECTION" value="1.00" modifiedValue="1.0" />
                </pitch>

                <lowpassGain indoor="0.3" outdoor="1.0" />
                <lowpassCutoffFrequency indoor="700" outdoor="20000.0" />
                <lowpassResonance indoor="1.0" outdoor="1.0"/>
            </gearbox>
            <compressedAir template="BRAKE_BIG" volumeScale="2.0"/>
            <airCompressorRun file="$data/sounds/vehicles/compressor/compressorLoop.wav" >
				<volume indoor="0.55" outdoor="0.75" >
					<modifier type="MOTOR_RPM" value="0.0" modifiedValue="1.0" />
					<modifier type="MOTOR_RPM" value="0.2" modifiedValue="1.0" />
					<modifier type="MOTOR_RPM" value="0.4" modifiedValue="0.9" />
					<modifier type="MOTOR_RPM" value="0.5" modifiedValue="0.75" />
					<modifier type="MOTOR_RPM" value="1.0" modifiedValue="0.6" />
				</volume>	
				<pitch indoor="1.2" outdoor="1.2" >
					<modifier type="MOTOR_RPM" value="0.0" modifiedValue="0.85" />
					<modifier type="MOTOR_RPM" value="1.0" modifiedValue="1.3" />
				</pitch>
			</airCompressorRun>	
            <airCompressorStop file="$data/sounds/vehicles/compressor/compressor_stop.wav" volumeScale="2.5" >
				<volume indoor="0.75" outdoor="0.9" />
			</airCompressorStop>
			<airRelease template="TRUCK_BRAKE"  volumeScale="2.0"/>
            <gearLeverStart template="gearDisengaged" volumeScale="2.0"/>	
            <gearLeverEnd template="gearEngaged" volumeScale="2.0"/>
            <gearGroupLeverStart template="gearDisengaged" volumeScale="2.0"/>
            <gearGroupLeverEnd template="gearEngaged" volumeScale="2.0"/>
        </sounds>
    </motorized>

    <lights>
        <sounds>
            <toggleLights template="SWITCH_01"  />
            <turnLight template="SWITCH_TURNLIGHT"  />
        </sounds>
    </lights>

    <attacherJoints>
        <sounds>
            <attach template="ATTACH_01" />
            <hydraulic template="defaultHydraulicSound" />
        </sounds>
    </attacherJoints>

    <drivable>
        <sounds>
            <waterSplash template="WATER_SPLASH_01" />
        </sounds>
    </drivable>

    <honk>
        <sound template="HONK_VALTRA" />
    </honk>
</sounds>
