<?xml version="1.0" encoding="utf-8" standalone="no" ?>
<wheel xmlns:xsi="http://www.w3.org/2001/XMLSchema-instance" xsi:noNamespaceSchemaLocation="../../../../../../shared/xml/schema/wheel.xsd">
    <brand>BKT</brand>
    <name>AGRIMAX V-FLECTO</name>
    <default>
        <physics radius="0.706" width="0.539" mass="0.5" tireType="mud" frictionScale="1.64" maxLongStiffness="21" maxLatStiffness="800" maxLatStiffnessLoad="15" />
        <tire filename="$data/shared/wheels/tires/bkt/agrimaxVFlecto/R28_agrimaxVFlecto.i3d" nodeLeft="2|0" nodeRight="2|0" maxDeformation="0.07" sideDeformOffset="0.998" isCareWheel="false" tireTrackAtlasIndex="0" />
        <outerRim filename="$data/shared/wheels/rims/rim001.i3d" node="1|0" widthAndDiam="19.5 28" />
        <innerRim filename="wheels/28jant.i3d" nodeLeft="0|0" nodeRight="0|1" scale="1 1.85 1.85" offset="-0.075" />
    </default>
	<configurations>
        <configuration id="weight3" >
            <additional filename="wheels/weight.i3d" nodeLeft="0|0" nodeRight="0|1" offset="-0.045" scale="1 1 1" mass="0.8" />
        </configuration>
    </configurations>
</wheel>
