<?xml version="1.0" encoding="utf-8" standalone="no" ?>
<sounds xmlns:xsi="http://www.w3.org/2001/XMLSchema-instance" xsi:noNamespaceSchemaLocation="../../../../../shared/xml/schema/vehicle_sounds.xsd">
    <motorized>
        <sounds>
            <motorStart template="CAR_MOTOR_START"       file="sounds/TR6Start.wav"     volumeScale="4.1"/>
            <motorStop  template="CAR_MOTOR_STOP"        file="sounds/1455XL_Stop.ogg"      volumeScale="4"/>
            <motor      template="CAR_MOTOR_IDLE"        file="sounds/1455XL_Idle.ogg" volumeScale="4"/>
            <motor      template="CAR_MOTOR_OFFLOAD_RUN" file="sounds/1455XL_Run.ogg"  volumeScale="4.6"/>
            <motor      template="CAR_MOTOR_ONLOAD_RUN"  file="sounds/1455XL_Load.ogg" volumeScale="4.5"/>
            <gearGroupLeverStart template="gearDisengaged"/>
            <gearGroupLeverEnd template="gearEngaged"/>
            <gearLeverStart template="gearDisengaged"/>
            <gearLeverEnd template="gearEngaged"/>
        </sounds>
    </motorized>

    <lights>
        <sounds>
            <toggleLights template="SWITCH_01"  />
            <turnLight template="SWITCH_TURNLIGHT"  />
        </sounds>
    </lights>

    <attacherJoints>
        <sounds>
            <attach template="ATTACH_01" />
            <hydraulic template="defaultHydraulicSound" />
        </sounds>
    </attacherJoints>

    <drivable>
        <sounds>
            <waterSplash template="WATER_SPLASH_01" />
        </sounds>
    </drivable>

    <honk>
           <sound file="sounds/honk.wav" innerRadius="10">
            <volume indoor="30.00" outdoor="55.00"/>
            <pitch outdoor="1.00"/>
            <lowpassGain indoor="0.95"/>
        </sound>
    </honk>
</sounds>
